type	confidence	from	to	why
post	exact	/rise-above-the-waters-charting-a-course-to-resilience/	/stories/rise-above-the-waters	republished verbatim as an essay; exact content match
post	exact	/cyclone-biparjoy-learning-from-the-past-to-strengthen-disaster-management/	/stories/cyclone-biparjoy	republished verbatim as an essay; exact content match
post	exact	/climate-migration/	/stories/increasing-climate-migration-assam-floods	republished verbatim as an essay; exact content match
post	exact	/young-people-climate-action/	/stories/young-people-accelerate-climate-action	republished verbatim as an essay; exact content match
post	exact	/naturescapes-sirmaur-camp-the-shriram-millennium-school-noida/	/work/journeys/naturescapes	a dated NatureScapes camp
post	exact	/naturescapes-mukteshwar-camp-the-shriram-millennium-school-noida/	/work/journeys/naturescapes	a dated NatureScapes camp
post	exact	/naturescapes-sariska-camp-the-shriram-millennium-school-noida/	/work/journeys/naturescapes	a dated NatureScapes camp
post	parent	/2-week-training-on-solid-waste-management-in-kanpur-with-purpose-india/	/work	a programme activity with no specific new page
post	parent	/open-mic-night-at-remakery/	/work/projects	Remakery has no page yet despite being referenced
post	none	/a-fight-to-save-yamuna-swechha-in-the-news/	(none — 404)	empty shell: zero characters of body text, nothing anywhere to send a reader to
post	none	/swechhas-influence-fellowship-featured-on-cnn/	(none — 404)	empty shell: zero characters of body text, nothing anywhere to send a reader to
post	parent	/cnn-news18s-the-breakfast-club-interview-with-vimlendu-jha-on-heatwaves-in-india-2025/	/stories	zero-body press shell, but the broadcast it names is in the 148-video index (owner, 2026-08-23)
post	parent	/uttarkashi-flash-floods-what-is-happening/	/stories	zero-body press shell, but the broadcast it names is in the 148-video index (owner, 2026-08-23)
post	parent	/swechhas-airshed-park-in-the-news/	/stories	zero-body press shell, but the broadcast it names is in the 148-video index (owner, 2026-08-23)
post	parent	/monsoon-wooding-20016-in-the-news/	/stories	zero-body press shell, but the broadcast it names is in the 148-video index (owner, 2026-08-23)
post	parent	/swechha-on-ndtv-prime/	/stories	zero-body press shell, but the broadcast it names is in the 148-video index (owner, 2026-08-23)
post	parent	/whats-choking-delhi-vimlendu-jha-in-conversation-with-rahul-gandhi/	/stories	zero-body press shell, but the broadcast it names is in the 148-video index (owner, 2026-08-23)
post	parent	/dharali-floods-whos-responsible-in-conversation-with-times-now/	/stories	zero-body press shell, but the broadcast it names is in the 148-video index (owner, 2026-08-23)
post	parent	/what-is-the-government-doing-for-air-pollution-in-delhi/	/stories	zero-body press shell, but the broadcast it names is in the 148-video index (owner, 2026-08-23)
post	parent	/learning-to-grow-with-swechha/	/act	a recruitment piece aimed at 18-25s joining social enterprises (owner, 2026-08-23)
post	exact	/climate-crisis-in-the-uk-and-europe/	/stories/climate-crisis-uk-and-europe	republished verbatim as an essay; exact content match
post	exact	/yamuna-yatra-2025/	/work/journeys/yamuna-yatra	a dated Yamuna Yatra
post	parent	/hawa-light-kar-challenge-air-pollution-campaign-with-chintan/	/work/campaigns	an air-pollution campaign activity
post	parent	/global-recycling-day-with-acuity-knowledge-partners-workshop-on-urban-gardening-and-upcycling/	/farm	a growing or composting workshop; the farm is the true parent
post	parent	/she-leads-change-community-events/	/work/projects	She Leads Change has no detail page yet
post	parent	/she-leads-change-showcases-in-schools/	/work/projects	She Leads Change has no detail page yet
post	exact	/farm-school-educational-visit/	/work/projects/farm-school	a dated Farm School activity
post	parent	/low-carbon-future-participatory-workshop/	/work/projects	a carbon-footprint workshop with 39 participants; no matching new item
post	parent	/contribute-to-indias-first-community-native-nursery/	/farm	the community native nursery is farm work
post	parent	/diy-masterclass-3-upcycling-with-meenakshi-sharma-founder-at-use-me-works/	/stories	a talk or film event; the video index carries these
post	parent	/air-pollution-in-india-santosh-harish-in-conversation-with-vimlendu-jha/	/work/campaigns	an air-pollution campaign activity
post	parent	/diy-masterclass-2-vermicomposting-managing-kitchen-waste/	/stories	a talk or film event; the video index carries these
post	parent	/green-the-map-podcast-series-2-indias-law-governance-on-environment-in-conversation-with-kanchi-kohli/	/stories	the Green The Map podcast is in the video index
post	parent	/diy-masterclass-1-how-to-grow-your-own-food-for-beginners/	/stories	a talk or film event; the video index carries these
post	parent	/green-the-map-podcast-series-1-clean-yamuna-a-roadmap-in-conversation-with-mr-manoj-mishra/	/stories	the Green The Map podcast is in the video index
post	parent	/virtual-panel-discussion-lgbtqia-leadership-in-times-of-covid-19/	/stories	a talk or film event; the video index carries these
post	parent	/webinar-serious-sustainability-practices-praxis-awareness-level-1/	/stories	a talk or film event; the video index carries these
post	parent	/in-conversation-with-mrs-susan-thomas-senior-educator-and-environment-enthusiast/	/stories	a talk or film event; the video index carries these
post	parent	/webinar-on-butterfly-gardening-with-vivekanad-school/	/stories	a talk or film event; the video index carries these
post	parent	/cinegreen-virtual-grand-finale/	/stories	a talk or film event; the video index carries these
post	parent	/in-conversation-with-pragati-chaswal-founder-sowgood/	/stories	a talk or film event; the video index carries these
post	parent	/adolescent-girls-learning-community-year-2-journey-film-digital-premier/	/work/projects	Learning Communities has no page of its own
post	parent	/post-covid-environment-mirage-or-hope/	/stories	written commentary on India's environment during Covid, not an event
post	parent	/make-your-own-wind-chime-with-bamboo-mystics/	/farm	a growing or composting workshop; the farm is the true parent
post	parent	/urban-gardening-with-gpi-employees/	/farm	a growing or composting workshop; the farm is the true parent
post	exact	/greening-schools-program-with-amazon-india/	/work/projects/eco-action	the airshed park and schools greening are Eco Action
post	exact	/me-to-we-job-exposure-camp-2/	/work/projects/me-to-we	a dated Me to We activity
post	exact	/me-to-we-job-exposure-camp/	/work/projects/me-to-we	a dated Me to We activity
post	exact	/me-to-we-educational-trip-to-bal-bhawan/	/work/projects/me-to-we	a dated Me to We activity
post	exact	/me-to-we-job-exposure-camp-3/	/work/projects/me-to-we	a dated Me to We activity
post	exact	/me-to-we-expousre-trip-visit-to-goonj/	/work/projects/me-to-we	a dated Me to We activity
post	exact	/gram-anubhav-2019/	/work/journeys/gram-anubhav	a dated instance of the Gram Anubhav journey
post	parent	/school-programs-2019/	/work	a programme activity with no specific new page
post	exact	/monsoon-wooding-2019/	/work/campaigns/monsoon-wooding	a dated instance of the Monsoon Wooding campaign
post	parent	/learning-community-final-event-2019/	/work/projects	Learning Communities has no page of its own
post	parent	/azaadi-unlimited-2019/	/work	a programme activity with no specific new page
post	none	/quote/	(none — 404)	empty shell: zero characters of body text, nothing anywhere to send a reader to
post	none	/lorax-gets-stage-debut/	(none — 404)	empty shell: zero characters of body text, nothing anywhere to send a reader to
post	none	/ngo-strives-at-planting-10k-trees/	(none — 404)	empty shell: zero characters of body text, nothing anywhere to send a reader to
post	none	/retail-therapy-going-green/	(none — 404)	empty shell: zero characters of body text, nothing anywhere to send a reader to
post	none	/planting-in-the-rains-2/	(none — 404)	empty shell: zero characters of body text, nothing anywhere to send a reader to
post	none	/students-initiative-to-raise-green-cover/	(none — 404)	empty shell: zero characters of body text, nothing anywhere to send a reader to
post	none	/mini-forest-in-backyard-2/	(none — 404)	empty shell: zero characters of body text, nothing anywhere to send a reader to
post	none	/and-a-forest-is-born-2/	(none — 404)	empty shell: zero characters of body text, nothing anywhere to send a reader to
post	none	/beloved-lifelines/	(none — 404)	empty shell: zero characters of body text, nothing anywhere to send a reader to
post	none	/for-environs-sake/	(none — 404)	empty shell: zero characters of body text, nothing anywhere to send a reader to
post	none	/now-eco-friendly-raincoat/	(none — 404)	empty shell: zero characters of body text, nothing anywhere to send a reader to
post	none	/youth-power/	(none — 404)	empty shell: zero characters of body text, nothing anywhere to send a reader to
post	none	/engaging-children-through-different-activities-is-a-great-way-for-them-to-learn-beyond-the-classroom/	(none — 404)	empty shell: zero characters of body text, nothing anywhere to send a reader to
post	none	/yamuna-talking-2/	(none — 404)	empty shell: zero characters of body text, nothing anywhere to send a reader to
post	none	/the-lorax-2/	(none — 404)	empty shell: zero characters of body text, nothing anywhere to send a reader to
post	none	/mending-the-gap-2/	(none — 404)	empty shell: zero characters of body text, nothing anywhere to send a reader to
post	none	/yamuna-talking/	(none — 404)	empty shell: zero characters of body text, nothing anywhere to send a reader to
post	none	/lunchbox17-building-a-better-life-one-tiffin-at-a-time/	(none — 404)	empty shell: zero characters of body text, nothing anywhere to send a reader to
post	none	/take-a-tiffin-treat-2/	(none — 404)	empty shell: zero characters of body text, nothing anywhere to send a reader to
post	parent	/urban-gardening-grow-your-own-food-workshops/	/farm	a growing or composting workshop; the farm is the true parent
post	parent	/monthly-mixer-vol-5/	/work/projects	Remakery has no page yet despite being referenced
post	parent	/upcycled-air-detox-planter-workshops-and-installations-with-national-geographic/	/work/projects/eco-action	air-detox installations in schools — the Eco Action schools strand
post	parent	/cinegreen-launch-event-at-pvr-plaza/	/stories	a talk or film event; the video index carries these
post	parent	/flash-mob-with-angels-network/	/work	a programme activity with no specific new page
post	parent	/yamuna-a-river-or-a-drain-walk-with-american-centre/	/work/journeys	a 42-person Yamuna walk — a journey, but not specifically Yamuna Yatra
post	parent	/yamuna-shramdaan-with-beam-suntory/	/work/events	a dated Shramdaan; the event has no detail page
post	parent	/eco-walks-2019/	/work	a programme activity with no specific new page
post	parent	/learning-community-2019-survey-mapping/	/work/projects	Learning Communities has no page of its own
post	parent	/winter-camp-and-showcase-2018/	/work	a programme activity with no specific new page
post	exact	/gram-anubhav-2018-december-21st-24th/	/work/journeys/gram-anubhav	a dated instance of the Gram Anubhav journey
post	parent	/country-with-a-mask-a-townhall-on-air-pollution/	/work/campaigns	an air-pollution campaign activity
post	parent	/community-impact-project-with-sp-global-gurgaon/	/work	a programme activity with no specific new page
post	parent	/monthly-mixer-vol-4-green-entrepreneurs/	/work/projects	Remakery has no page yet despite being referenced
post	exact	/monsoon-wooding-plantations-2018/	/work/campaigns/monsoon-wooding	a dated instance of the Monsoon Wooding campaign
post	parent	/monthly-mixer-vol-3-stories-of-trees/	/work/projects	Remakery has no page yet despite being referenced
post	parent	/monthly-mixer-vol-2-featuring-mohit-mukherjee-samar-tarang-singh-and-poojan-sahil/	/work/projects	Remakery has no page yet despite being referenced
post	parent	/community-impact-2018-with-sp-global/	/work	a programme activity with no specific new page
post	exact	/lets-build-an-insect-hotel/	/work/projects/eco-action	the airshed park and schools greening are Eco Action
post	parent	/7782/	/work/projects	Remakery has no page yet despite being referenced
post	exact	/nature-club/	/work/projects/eco-action	the airshed park and schools greening are Eco Action
post	exact	/volunteers-day-at-airshed/	/work/projects/eco-action	the airshed park and schools greening are Eco Action
post	exact	/birdwatching-at-airshed/	/work/projects/eco-action	the airshed park and schools greening are Eco Action
post	exact	/pagdandi-utsav-2017-humara-manch/	/work/projects/me-to-we	Pagdandi is Me to We (audit 1.5)
post	parent	/yamuna-shramdaan-2017-with-ivolunteer-and-synopsis/	/work/events	a dated Shramdaan; the event has no detail page
post	exact	/gram-anubhavs-2017/	/work/journeys/gram-anubhav	a dated instance of the Gram Anubhav journey
post	exact	/pagdandi-summer-school-2017/	/work/projects/me-to-we	Pagdandi is Me to We (audit 1.5)
post	exact	/monsoon-wooding-plantations-2017/	/work/campaigns/monsoon-wooding	a dated instance of the Monsoon Wooding campaign
post	parent	/yamuna-shramdaan-2016/	/work/events	a dated Shramdaan; the event has no detail page
post	parent	/yamunotsav/	/work/events	the Yamunotsav event, no detail page
post	parent	/azaad-pinjrey/	/work	a programme activity with no specific new page
post	exact	/pagdandi-annual-festival-2016/	/work/projects/me-to-we	Pagdandi is Me to We (audit 1.5)
post	parent	/yamuna-shramdaan-2014/	/work/events	a dated Shramdaan; the event has no detail page
post	none	/tell-a-tale-of-mangoes/	(none — 404)	empty shell: zero characters of body text, nothing anywhere to send a reader to
post	exact	/monsoon-wooding/	/work/campaigns/monsoon-wooding	a dated instance of the Monsoon Wooding campaign
post	exact	/pagdandi/	/work/projects/me-to-we	Pagdandi is Me to We (audit 1.5)
post	exact	/gram-anubhav-2016/	/work/journeys/gram-anubhav	a dated instance of the Gram Anubhav journey
post	exact	/cyon/	/work/projects/influence	Influence/CYON
post	none	/lb17/	(none — 404)	empty shell: zero characters of body text, nothing anywhere to send a reader to
post	none	/broken-flower/	(none — 404)	empty shell: zero characters of body text, nothing anywhere to send a reader to
post	none	/care-about-educators/	(none — 404)	empty shell: zero characters of body text, nothing anywhere to send a reader to
post	none	/glasses-rally/	(none — 404)	empty shell: zero characters of body text, nothing anywhere to send a reader to
post	none	/if-tomorrow-starts-without-me/	(none — 404)	empty shell: zero characters of body text, nothing anywhere to send a reader to
post	none	/home-food-away-from-home-food-lunchbox-17/	(none — 404)	empty shell: zero characters of body text, nothing anywhere to send a reader to
post	none	/hello-world/	(none — 404)	empty shell: zero characters of body text, nothing anywhere to send a reader to
post	none	/monsoon-wooding-2014/	(none — 404)	empty shell: zero characters of body text, nothing anywhere to send a reader to
post	none	/take-a-tiffin-treat/	(none — 404)	empty shell: zero characters of body text, nothing anywhere to send a reader to
post	none	/and-a-forest-is-born/	(none — 404)	empty shell: zero characters of body text, nothing anywhere to send a reader to
post	none	/upcycle-and-upscale/	(none — 404)	empty shell: zero characters of body text, nothing anywhere to send a reader to
post	parent	/cyclothon-2012/	/work/events	the Cyclothon event, no detail page
post	parent	/spotted-stop-it/	/work	a programme activity with no specific new page
post	none	/planting-in-the-rains/	(none — 404)	empty shell: zero characters of body text, nothing anywhere to send a reader to
post	none	/pedal-for-yamuna-river/	(none — 404)	empty shell: zero characters of body text, nothing anywhere to send a reader to
post	none	/a-rather-ridiculous-gap/	(none — 404)	empty shell: zero characters of body text, nothing anywhere to send a reader to
post	none	/mini-forest-in-backyard/	(none — 404)	empty shell: zero characters of body text, nothing anywhere to send a reader to
post	none	/the-lorax/	(none — 404)	empty shell: zero characters of body text, nothing anywhere to send a reader to
post	none	/cnn-ibn-influence-fellowship/	(none — 404)	empty shell: zero characters of body text, nothing anywhere to send a reader to
post	none	/making-yamuna-trash-free/	(none — 404)	empty shell: zero characters of body text, nothing anywhere to send a reader to
post	none	/fall-of-the-yamuna/	(none — 404)	empty shell: zero characters of body text, nothing anywhere to send a reader to
post	none	/on-earth-day-young-blood-to-the-rescue/	(none — 404)	empty shell: zero characters of body text, nothing anywhere to send a reader to
post	none	/mending-the-gap/	(none — 404)	empty shell: zero characters of body text, nothing anywhere to send a reader to
post	none	/he-has-a-cause-and-yamuna-gets-a-lifeline/	(none — 404)	empty shell: zero characters of body text, nothing anywhere to send a reader to
post	none	/month-long-campaign-to-clean-up-yamuna/	(none — 404)	empty shell: zero characters of body text, nothing anywhere to send a reader to
post	none	/youth-leadership-training-prog/	(none — 404)	empty shell: zero characters of body text, nothing anywhere to send a reader to
post	none	/rebels-causes/	(none — 404)	empty shell: zero characters of body text, nothing anywhere to send a reader to
post	none	/green-mile/	(none — 404)	empty shell: zero characters of body text, nothing anywhere to send a reader to
post	none	/before-the-river-runs-dry/	(none — 404)	empty shell: zero characters of body text, nothing anywhere to send a reader to
post	none	/we-for-yamuna-and-you/	(none — 404)	empty shell: zero characters of body text, nothing anywhere to send a reader to
post	none	/youngsters-for-yamuna/	(none — 404)	empty shell: zero characters of body text, nothing anywhere to send a reader to
post	none	/14-year-old-clicks-to-save-the-yamuna/	(none — 404)	empty shell: zero characters of body text, nothing anywhere to send a reader to
post	none	/50-young-hands-to-clean-our-neglected-river/	(none — 404)	empty shell: zero characters of body text, nothing anywhere to send a reader to
page	none	/	(none — 404)	home is home; a redirect to itself is a loop, not a mapping
page	exact	/programs/	/work	the programmes index is now WORK
page	exact	/resources-mainpage/	/publications	resources resolve to publications
page	parent	/building-narratives-for-sustainability/	/stories	the narrative theme is the stories section
page	exact	/swechha-farm-school-sustainability-non-traditional-educatio/	/farm	the farm-school page is /farm
page	parent	/sustainable-agriculture-and-integrated-development/	/farm	this theme is the farm
page	parent	/resilient-and-equitable-communities/	/work	theme page, collapses onto WORK
page	parent	/sustainable-cities-and-ecology/	/now	the direct ancestor of the situations (audit §2)
page	parent	/sustainable-lifestyles-and-education/	/work	theme page, collapses onto WORK
page	none	/contact-us/	(none — 404)	a title and a breadcrumb; the real details are in the footer
page	parent	/green-economy-and-enterprise/	/work	theme page, collapses onto WORK
page	exact	/swechha-blog-stories/	/stories	the blog is /stories
page	parent	/in-the-news/	/stories	four dated entries, no content; press/films live in /stories
page	exact	/about-us-environment-ngo/	/about	the About page
page	exact	/get-involved/	/act	/act is the get-involved page
page	parent	/donate-mainpage/	/act	giving lives under /act; the G-1 bank-details question is about /act content, not this redirect
page	exact	/events-mainpage/	/work/events	events are a WORK kind now
page	none	/privacy-draft/	(none — 404)	an unlinked boilerplate draft
page	none	/6220-2/	(none — 404)	an orphan test page containing the word "Button"
attachment	none	/profile/chhavi-agarwal/profile_pic/	(none — 404)	a WordPress attachment page, never reader-facing content
attachment	none	/open-mic-night-at-remakery/20250829_203443/	(none — 404)	a WordPress attachment page, never reader-facing content
attachment	none	/open-mic-night-at-remakery/20250829_183239/	(none — 404)	a WordPress attachment page, never reader-facing content
attachment	none	/open-mic-night-at-remakery/img_8792/	(none — 404)	a WordPress attachment page, never reader-facing content
attachment	none	/open-mic-night-at-remakery/20250829_183659/	(none — 404)	a WordPress attachment page, never reader-facing content
attachment	none	/open-mic-night-at-remakery/img_8810/	(none — 404)	a WordPress attachment page, never reader-facing content
attachment	none	/open-mic-night-at-remakery/img_8791/	(none — 404)	a WordPress attachment page, never reader-facing content
attachment	none	/open-mic-night-at-remakery/img_8819/	(none — 404)	a WordPress attachment page, never reader-facing content
attachment	none	/open-mic-night-at-remakery/20250829_200031/	(none — 404)	a WordPress attachment page, never reader-facing content
attachment	none	/open-mic-night-at-remakery/20250829_184104/	(none — 404)	a WordPress attachment page, never reader-facing content
attachment	none	/open-mic-night-at-remakery/20250829_200026/	(none — 404)	a WordPress attachment page, never reader-facing content
attachment	none	/open-mic-night-at-remakery/20250829_203535/	(none — 404)	a WordPress attachment page, never reader-facing content
attachment	none	/open-mic-night-at-remakery/img_8817/	(none — 404)	a WordPress attachment page, never reader-facing content
attachment	none	/open-mic-night-at-remakery/20250829_191110/	(none — 404)	a WordPress attachment page, never reader-facing content
attachment	none	/open-mic-night-at-remakery/img_8824/	(none — 404)	a WordPress attachment page, never reader-facing content
attachment	none	/open-mic-night-at-remakery/img_8797/	(none — 404)	a WordPress attachment page, never reader-facing content
attachment	none	/profile/ashim-bery/img20230618153312/	(none — 404)	a WordPress attachment page, never reader-facing content
attachment	none	/profile/srija-bandyopadhyaya/20250710_120816-1/	(none — 404)	a WordPress attachment page, never reader-facing content
attachment	none	/profile/nikhil/img_9352-3-1-2/	(none — 404)	a WordPress attachment page, never reader-facing content
attachment	none	/profile/nikhil/img_9352-3-1/	(none — 404)	a WordPress attachment page, never reader-facing content
attachment	none	/profile/anushka-sree/img_7537-1/	(none — 404)	a WordPress attachment page, never reader-facing content
attachment	none	/untitled-design-1-1/	(none — 404)	a WordPress attachment page, never reader-facing content
attachment	none	/a-non-traditional/	(none — 404)	a WordPress attachment page, never reader-facing content
attachment	none	/a-non-traditional-1-2/	(none — 404)	a WordPress attachment page, never reader-facing content
attachment	none	/a-non-traditional-2/	(none — 404)	a WordPress attachment page, never reader-facing content
attachment	none	/a-non-traditional-3/	(none — 404)	a WordPress attachment page, never reader-facing content
attachment	none	/a-non-traditional-4/	(none — 404)	a WordPress attachment page, never reader-facing content
attachment	none	/slider3/	(none — 404)	a WordPress attachment page, never reader-facing content
attachment	none	/slider4/	(none — 404)	a WordPress attachment page, never reader-facing content
attachment	none	/slider-landfill/	(none — 404)	a WordPress attachment page, never reader-facing content
attachment	none	/yamuna-yatra-slide/	(none — 404)	a WordPress attachment page, never reader-facing content
attachment	none	/slider-2/	(none — 404)	a WordPress attachment page, never reader-facing content
attachment	none	/5-5/	(none — 404)	a WordPress attachment page, never reader-facing content
attachment	none	/4-6/	(none — 404)	a WordPress attachment page, never reader-facing content
attachment	none	/3-5/	(none — 404)	a WordPress attachment page, never reader-facing content
attachment	none	/2-4/	(none — 404)	a WordPress attachment page, never reader-facing content
attachment	none	/1-8/	(none — 404)	a WordPress attachment page, never reader-facing content
attachment	none	/a-non-traditional-1/	(none — 404)	a WordPress attachment page, never reader-facing content
attachment	none	/new-delhi-brochure-cover_page-0001/	(none — 404)	a WordPress attachment page, never reader-facing content
attachment	none	/cover-image_page-0001-2/	(none — 404)	a WordPress attachment page, never reader-facing content
attachment	none	/cover-image_page-0001/	(none — 404)	a WordPress attachment page, never reader-facing content
attachment	none	/a-fight-to-save-yamuna-swechha-in-the-news/wn7ofwlefls-hq/	(none — 404)	a WordPress attachment page, never reader-facing content
attachment	none	/swechhas-influence-fellowship-featured-on-cnn/5wnm0sp57hq-sd/	(none — 404)	a WordPress attachment page, never reader-facing content
attachment	none	/cnn-news18s-the-breakfast-club-interview-with-vimlendu-jha-on-heatwaves-in-india-2025/kw_2obxe2c8-sd/	(none — 404)	a WordPress attachment page, never reader-facing content
attachment	none	/uttarkashi-flash-floods-what-is-happening/to1o4cev2-e-hd/	(none — 404)	a WordPress attachment page, never reader-facing content
attachment	none	/swechhas-airshed-park-in-the-news/dgmvheoucl8-hq/	(none — 404)	a WordPress attachment page, never reader-facing content
attachment	none	/monsoon-wooding-20016-in-the-news/cfflm6h2gmw-sd/	(none — 404)	a WordPress attachment page, never reader-facing content
attachment	none	/swechha-on-ndtv-prime/yrvsh-pwags-hq-1/	(none — 404)	a WordPress attachment page, never reader-facing content
attachment	none	/whats-choking-delhi-vimlendu-jha-in-conversation-with-rahul-gandhi/img_6434/	(none — 404)	a WordPress attachment page, never reader-facing content
attachment	none	/dharali-floods-whos-responsible-in-conversation-with-times-now/screenshot-120/	(none — 404)	a WordPress attachment page, never reader-facing content
attachment	none	/what-is-the-government-doing-for-air-pollution-in-delhi/screenshot-119/	(none — 404)	a WordPress attachment page, never reader-facing content
attachment	none	/1-7/	(none — 404)	a WordPress attachment page, never reader-facing content
attachment	none	/468596579_10161063241132896_3564947245687694276_n/	(none — 404)	a WordPress attachment page, never reader-facing content
attachment	none	/468500724_10161063241122896_4923268982530592534_n/	(none — 404)	a WordPress attachment page, never reader-facing content
attachment	none	/468499869_10161063241162896_1976753122161489140_n/	(none — 404)	a WordPress attachment page, never reader-facing content
attachment	none	/468499649_10161063239402896_25981713040198641_n/	(none — 404)	a WordPress attachment page, never reader-facing content
attachment	none	/468447892_10161125711277896_7849643420630830080_n/	(none — 404)	a WordPress attachment page, never reader-facing content
attachment	none	/468433447_10161063239397896_4544173827776856193_n/	(none — 404)	a WordPress attachment page, never reader-facing content
attachment	none	/468427902_10161063241137896_3254619756255702049_n/	(none — 404)	a WordPress attachment page, never reader-facing content
attachment	none	/468406915_10161063239422896_7400140520976748188_n/	(none — 404)	a WordPress attachment page, never reader-facing content
attachment	none	/468398805_10161063239407896_1232403979815059644_n/	(none — 404)	a WordPress attachment page, never reader-facing content
attachment	none	/468190809_10161063241127896_5100069530545653505_n/	(none — 404)	a WordPress attachment page, never reader-facing content
attachment	none	/468159309_10161063239382896_8541971051518322101_n/	(none — 404)	a WordPress attachment page, never reader-facing content
attachment	none	/468145871_10161063239392896_5339843126232620369_n/	(none — 404)	a WordPress attachment page, never reader-facing content
attachment	none	/468100226_10161063241152896_3099153199474081196_n/	(none — 404)	a WordPress attachment page, never reader-facing content
attachment	none	/img-20190918-wa0079/	(none — 404)	a WordPress attachment page, never reader-facing content
attachment	none	/img-20190918-wa0076-2/	(none — 404)	a WordPress attachment page, never reader-facing content
attachment	none	/img-20190918-wa0085-2/	(none — 404)	a WordPress attachment page, never reader-facing content
attachment	none	/img-20190918-wa0078/	(none — 404)	a WordPress attachment page, never reader-facing content
attachment	none	/img-20190918-wa0081/	(none — 404)	a WordPress attachment page, never reader-facing content
attachment	none	/img-20190923-wa0010/	(none — 404)	a WordPress attachment page, never reader-facing content
attachment	none	/img-20190923-wa0005/	(none — 404)	a WordPress attachment page, never reader-facing content
attachment	none	/untitled-1080-x-500-px-1024x474/	(none — 404)	a WordPress attachment page, never reader-facing content
attachment	none	/images-2/	(none — 404)	a WordPress attachment page, never reader-facing content
attachment	none	/images-1/	(none — 404)	a WordPress attachment page, never reader-facing content
attachment	none	/images/	(none — 404)	a WordPress attachment page, never reader-facing content
attachment	none	/amazon-official-logo-7017516947919651epoyhkqor/	(none — 404)	a WordPress attachment page, never reader-facing content
attachment	none	/adobe-logo-png-02611/	(none — 404)	a WordPress attachment page, never reader-facing content
attachment	none	/img_5212-5/	(none — 404)	a WordPress attachment page, never reader-facing content
attachment	none	/img_20250214_104350/	(none — 404)	a WordPress attachment page, never reader-facing content
attachment	none	/img_20250214_104336/	(none — 404)	a WordPress attachment page, never reader-facing content
attachment	none	/fd4662fb-db26-4b63-9a69-f2e09387e1e5/	(none — 404)	a WordPress attachment page, never reader-facing content
attachment	none	/img_20250214_104328/	(none — 404)	a WordPress attachment page, never reader-facing content
attachment	none	/img_5212-4/	(none — 404)	a WordPress attachment page, never reader-facing content
attachment	none	/naturescapes-sirmaur-camp-the-shriram-millennium-school-noida/20250725_135827/	(none — 404)	a WordPress attachment page, never reader-facing content
attachment	none	/naturescapes-sirmaur-camp-the-shriram-millennium-school-noida/20250725_135114/	(none — 404)	a WordPress attachment page, never reader-facing content
attachment	none	/naturescapes-sirmaur-camp-the-shriram-millennium-school-noida/20250725_125103/	(none — 404)	a WordPress attachment page, never reader-facing content
attachment	none	/naturescapes-sirmaur-camp-the-shriram-millennium-school-noida/20250725_125058/	(none — 404)	a WordPress attachment page, never reader-facing content
attachment	none	/naturescapes-sirmaur-camp-the-shriram-millennium-school-noida/20250725_124507/	(none — 404)	a WordPress attachment page, never reader-facing content
attachment	none	/naturescapes-sirmaur-camp-the-shriram-millennium-school-noida/20250725_123158/	(none — 404)	a WordPress attachment page, never reader-facing content
attachment	none	/naturescapes-sirmaur-camp-the-shriram-millennium-school-noida/20250725_122550/	(none — 404)	a WordPress attachment page, never reader-facing content
attachment	none	/naturescapes-sirmaur-camp-the-shriram-millennium-school-noida/20250725_121638/	(none — 404)	a WordPress attachment page, never reader-facing content
attachment	none	/naturescapes-sirmaur-camp-the-shriram-millennium-school-noida/20250725_121328/	(none — 404)	a WordPress attachment page, never reader-facing content
attachment	none	/naturescapes-sirmaur-camp-the-shriram-millennium-school-noida/20250725_115327/	(none — 404)	a WordPress attachment page, never reader-facing content
attachment	none	/naturescapes-sirmaur-camp-the-shriram-millennium-school-noida/20250725_114211/	(none — 404)	a WordPress attachment page, never reader-facing content
attachment	none	/naturescapes-sirmaur-camp-the-shriram-millennium-school-noida/20250725_113936/	(none — 404)	a WordPress attachment page, never reader-facing content
attachment	none	/naturescapes-sirmaur-camp-the-shriram-millennium-school-noida/20250725_091007/	(none — 404)	a WordPress attachment page, never reader-facing content
attachment	none	/naturescapes-sirmaur-camp-the-shriram-millennium-school-noida/20250724_174946/	(none — 404)	a WordPress attachment page, never reader-facing content
attachment	none	/naturescapes-sirmaur-camp-the-shriram-millennium-school-noida/20250724_174742/	(none — 404)	a WordPress attachment page, never reader-facing content
attachment	none	/naturescapes-sirmaur-camp-the-shriram-millennium-school-noida/20250724_134759-1/	(none — 404)	a WordPress attachment page, never reader-facing content
attachment	none	/yamuna-yatra-2025/0a822456-6168-43d5-bd28-9844e5d6e664/	(none — 404)	a WordPress attachment page, never reader-facing content
attachment	none	/yamuna-yatra-2025/0e9eaf09-51d7-4f38-aced-008135f9d885/	(none — 404)	a WordPress attachment page, never reader-facing content
attachment	none	/yamuna-yatra-2025/3c331ee5-0901-4b0b-bff0-fae8d41203d7/	(none — 404)	a WordPress attachment page, never reader-facing content
attachment	none	/yamuna-yatra-2025/076ec040-4298-4a54-ad87-c5028bc4ecc3/	(none — 404)	a WordPress attachment page, never reader-facing content
attachment	none	/yamuna-yatra-2025/954b93d1-7f31-4a37-805a-5876b1de325f/	(none — 404)	a WordPress attachment page, never reader-facing content
attachment	none	/yamuna-yatra-2025/6804bc3a-132c-4f9e-b8a7-a4efbaae5619/	(none — 404)	a WordPress attachment page, never reader-facing content
attachment	none	/yamuna-yatra-2025/9676cf5f-0dcc-46a2-94d2-f1690dffbd58/	(none — 404)	a WordPress attachment page, never reader-facing content
attachment	none	/yamuna-yatra-2025/fe1fa400-9a13-4d16-b1e6-f4e720927314/	(none — 404)	a WordPress attachment page, never reader-facing content
attachment	none	/yamuna-yatra-2025/ff4d137f-9a33-4037-bb15-0095bda4017d/	(none — 404)	a WordPress attachment page, never reader-facing content
attachment	none	/yamuna-yatra-2025/dd4d9418-835a-4886-9ea8-bfc2753a1ff0/	(none — 404)	a WordPress attachment page, never reader-facing content
attachment	none	/yamuna-yatra-2025/img_4149/	(none — 404)	a WordPress attachment page, never reader-facing content
attachment	none	/yamuna-yatra-2025/img_4353/	(none — 404)	a WordPress attachment page, never reader-facing content
attachment	none	/yamuna-yatra-2025/img_4349/	(none — 404)	a WordPress attachment page, never reader-facing content
attachment	none	/yamuna-yatra-2025/img_4408/	(none — 404)	a WordPress attachment page, never reader-facing content
attachment	none	/yamuna-yatra-2025/img_4415/	(none — 404)	a WordPress attachment page, never reader-facing content
attachment	none	/yamuna-yatra-2025/img_4797/	(none — 404)	a WordPress attachment page, never reader-facing content
attachment	none	/yamuna-yatra-2025/img_4800/	(none — 404)	a WordPress attachment page, never reader-facing content
attachment	none	/yamuna-yatra-2025/img_5152/	(none — 404)	a WordPress attachment page, never reader-facing content
attachment	none	/yamuna-yatra-2025/img_5039/	(none — 404)	a WordPress attachment page, never reader-facing content
attachment	none	/yamuna-yatra-2025/img_5085/	(none — 404)	a WordPress attachment page, never reader-facing content
attachment	none	/2-week-training-on-solid-waste-management-in-kanpur-with-purpose-india/485728724_1075424274615218_7508104055607218002_n-1/	(none — 404)	a WordPress attachment page, never reader-facing content
attachment	none	/2-week-training-on-solid-waste-management-in-kanpur-with-purpose-india/485727068_1075424284615217_9097989859354641264_n-1/	(none — 404)	a WordPress attachment page, never reader-facing content
attachment	none	/2-week-training-on-solid-waste-management-in-kanpur-with-purpose-india/485696876_1075424024615243_5543817935787885304_n-1/	(none — 404)	a WordPress attachment page, never reader-facing content
attachment	none	/2-week-training-on-solid-waste-management-in-kanpur-with-purpose-india/485696694_1075424154615230_1830955580052410278_n-1/	(none — 404)	a WordPress attachment page, never reader-facing content
attachment	none	/2-week-training-on-solid-waste-management-in-kanpur-with-purpose-india/485694410_1075424081281904_4949926243622636545_n-1/	(none — 404)	a WordPress attachment page, never reader-facing content
attachment	none	/2-week-training-on-solid-waste-management-in-kanpur-with-purpose-india/485636413_1075424144615231_592100965089783914_n-1/	(none — 404)	a WordPress attachment page, never reader-facing content
attachment	none	/2-week-training-on-solid-waste-management-in-kanpur-with-purpose-india/485728724_1075424274615218_7508104055607218002_n/	(none — 404)	a WordPress attachment page, never reader-facing content
attachment	none	/2-week-training-on-solid-waste-management-in-kanpur-with-purpose-india/485727068_1075424284615217_9097989859354641264_n/	(none — 404)	a WordPress attachment page, never reader-facing content
attachment	none	/2-week-training-on-solid-waste-management-in-kanpur-with-purpose-india/485386106_1075424127948566_6372956726343684401_n-1/	(none — 404)	a WordPress attachment page, never reader-facing content
attachment	none	/2-week-training-on-solid-waste-management-in-kanpur-with-purpose-india/485696876_1075424024615243_5543817935787885304_n/	(none — 404)	a WordPress attachment page, never reader-facing content
attachment	none	/2-week-training-on-solid-waste-management-in-kanpur-with-purpose-india/485696694_1075424154615230_1830955580052410278_n/	(none — 404)	a WordPress attachment page, never reader-facing content
attachment	none	/2-week-training-on-solid-waste-management-in-kanpur-with-purpose-india/485694410_1075424081281904_4949926243622636545_n/	(none — 404)	a WordPress attachment page, never reader-facing content
attachment	none	/2-week-training-on-solid-waste-management-in-kanpur-with-purpose-india/485636413_1075424144615231_592100965089783914_n/	(none — 404)	a WordPress attachment page, never reader-facing content
attachment	none	/2-week-training-on-solid-waste-management-in-kanpur-with-purpose-india/485386106_1075424127948566_6372956726343684401_n/	(none — 404)	a WordPress attachment page, never reader-facing content
attachment	none	/2-week-training-on-solid-waste-management-in-kanpur-with-purpose-india/485380216_1075424371281875_6640186296591582551_n-1/	(none — 404)	a WordPress attachment page, never reader-facing content
attachment	none	/2-week-training-on-solid-waste-management-in-kanpur-with-purpose-india/485380216_1075424371281875_6640186296591582551_n/	(none — 404)	a WordPress attachment page, never reader-facing content
attachment	none	/2-week-training-on-solid-waste-management-in-kanpur-with-purpose-india/485356409_1075424167948562_97701679920480360_n-2/	(none — 404)	a WordPress attachment page, never reader-facing content
attachment	none	/2-week-training-on-solid-waste-management-in-kanpur-with-purpose-india/485356409_1075424167948562_97701679920480360_n/	(none — 404)	a WordPress attachment page, never reader-facing content
attachment	none	/	(none — 404)	a WordPress attachment page, never reader-facing content
attachment	none	/	(none — 404)	a WordPress attachment page, never reader-facing content
attachment	none	/	(none — 404)	a WordPress attachment page, never reader-facing content
attachment	none	/	(none — 404)	a WordPress attachment page, never reader-facing content
attachment	none	/	(none — 404)	a WordPress attachment page, never reader-facing content
attachment	none	/	(none — 404)	a WordPress attachment page, never reader-facing content
attachment	none	/	(none — 404)	a WordPress attachment page, never reader-facing content
attachment	none	/	(none — 404)	a WordPress attachment page, never reader-facing content
attachment	none	/	(none — 404)	a WordPress attachment page, never reader-facing content
attachment	none	/	(none — 404)	a WordPress attachment page, never reader-facing content
attachment	none	/	(none — 404)	a WordPress attachment page, never reader-facing content
attachment	none	/	(none — 404)	a WordPress attachment page, never reader-facing content
attachment	none	/	(none — 404)	a WordPress attachment page, never reader-facing content
attachment	none	/	(none — 404)	a WordPress attachment page, never reader-facing content
attachment	none	/	(none — 404)	a WordPress attachment page, never reader-facing content
attachment	none	/	(none — 404)	a WordPress attachment page, never reader-facing content
attachment	none	/	(none — 404)	a WordPress attachment page, never reader-facing content
attachment	none	/	(none — 404)	a WordPress attachment page, never reader-facing content
attachment	none	/	(none — 404)	a WordPress attachment page, never reader-facing content
attachment	none	/project/city-scapes/img_20250131_101131-2/	(none — 404)	a WordPress attachment page, never reader-facing content
attachment	none	/naturescapes-manual-sariska-tiger-reserve-final-3/	(none — 404)	a WordPress attachment page, never reader-facing content
attachment	none	/naturescapes-manual-sariska-tiger-reserve-final-2/	(none — 404)	a WordPress attachment page, never reader-facing content
attachment	none	/naturescapes-manual-sariska-tiger-reserve-final-1/	(none — 404)	a WordPress attachment page, never reader-facing content
attachment	none	/naturescapes-manual-sariska-tiger-reserve-final/	(none — 404)	a WordPress attachment page, never reader-facing content
attachment	none	/naturescapes-manual-sirmaur-final/	(none — 404)	a WordPress attachment page, never reader-facing content
attachment	none	/project/green-creeps/13416994_888435204617340_6228478821504591638_o/	(none — 404)	a WordPress attachment page, never reader-facing content
attachment	none	/project/monsoon-wooding/20933807_10154959604107896_1723023516950511575_o/	(none — 404)	a WordPress attachment page, never reader-facing content
attachment	none	/23000318_10155147809807896_2681637881313496888_o/	(none — 404)	a WordPress attachment page, never reader-facing content
attachment	none	/21016151_10154959605927896_1744485226566891409_o/	(none — 404)	a WordPress attachment page, never reader-facing content
attachment	none	/project/farm-school-community-development/485302748_1075415781282734_2395404161532225065_n/	(none — 404)	a WordPress attachment page, never reader-facing content
attachment	none	/how-to-grow-azola-grass/	(none — 404)	a WordPress attachment page, never reader-facing content
attachment	none	/20230319_151624/	(none — 404)	a WordPress attachment page, never reader-facing content
attachment	none	/20230319_150658/	(none — 404)	a WordPress attachment page, never reader-facing content
attachment	none	/20230319_150658-1/	(none — 404)	a WordPress attachment page, never reader-facing content
attachment	none	/20230319_143607/	(none — 404)	a WordPress attachment page, never reader-facing content
attachment	none	/img_20230607_100143-1/	(none — 404)	a WordPress attachment page, never reader-facing content
attachment	none	/img_20230607_100139-1/	(none — 404)	a WordPress attachment page, never reader-facing content
attachment	none	/img-20240712-wa0060/	(none — 404)	a WordPress attachment page, never reader-facing content
attachment	none	/img-20240712-wa0054/	(none — 404)	a WordPress attachment page, never reader-facing content
attachment	none	/img_20250131_101131/	(none — 404)	a WordPress attachment page, never reader-facing content
attachment	none	/img-20240311-wa0024/	(none — 404)	a WordPress attachment page, never reader-facing content
attachment	none	/69327397_10156744384082896_1213881543102038016_n/	(none — 404)	a WordPress attachment page, never reader-facing content
attachment	none	/2c3a6c3d-8299-4bd8-835a-a46e58f855bb/	(none — 404)	a WordPress attachment page, never reader-facing content
attachment	none	/img-20221119-wa0067-1/	(none — 404)	a WordPress attachment page, never reader-facing content
attachment	none	/69795543_10156744383472896_6199642501293277184_n/	(none — 404)	a WordPress attachment page, never reader-facing content
attachment	none	/463955250_18442446346069638_9170909146394810264_n/	(none — 404)	a WordPress attachment page, never reader-facing content
attachment	none	/508940604_18485337970069638_3445417818874655045_n/	(none — 404)	a WordPress attachment page, never reader-facing content
attachment	none	/464183681_18442446325069638_5338277514414485235_n/	(none — 404)	a WordPress attachment page, never reader-facing content
attachment	none	/img-20200129-wa0016-2/	(none — 404)	a WordPress attachment page, never reader-facing content
attachment	none	/69317240_10156744383937896_1492715316789116928_n/	(none — 404)	a WordPress attachment page, never reader-facing content
attachment	none	/screenshot_20240913-131106/	(none — 404)	a WordPress attachment page, never reader-facing content
attachment	none	/img-20240310-wa0019-1/	(none — 404)	a WordPress attachment page, never reader-facing content
attachment	none	/img_20230214_083311-2/	(none — 404)	a WordPress attachment page, never reader-facing content
attachment	none	/d03-img-girl-white-jpg/	(none — 404)	a WordPress attachment page, never reader-facing content
attachment	none	/d03-img-watch-minimal-jpg/	(none — 404)	a WordPress attachment page, never reader-facing content
attachment	none	/d03-img-blue-rose-jpg/	(none — 404)	a WordPress attachment page, never reader-facing content
attachment	none	/project/farm-school/img_5212-3/	(none — 404)	a WordPress attachment page, never reader-facing content
attachment	none	/20250725_122418/	(none — 404)	a WordPress attachment page, never reader-facing content
attachment	none	/20250725_091253/	(none — 404)	a WordPress attachment page, never reader-facing content
attachment	none	/20250724_134759/	(none — 404)	a WordPress attachment page, never reader-facing content
attachment	none	/468192637_10161040911302896_6394571144795549642_n/	(none — 404)	a WordPress attachment page, never reader-facing content
attachment	none	/fb_img_1707982341416/	(none — 404)	a WordPress attachment page, never reader-facing content
attachment	none	/img_3769/	(none — 404)	a WordPress attachment page, never reader-facing content
attachment	none	/img_5212-2/	(none — 404)	a WordPress attachment page, never reader-facing content
attachment	none	/img_5212/	(none — 404)	a WordPress attachment page, never reader-facing content
attachment	none	/img-20191118-wa0020-2/	(none — 404)	a WordPress attachment page, never reader-facing content
attachment	none	/462d4337df5785f9445c67e6c2257ee9-jpg/	(none — 404)	a WordPress attachment page, never reader-facing content
attachment	none	/0908f8d1fc1e3ea05f58fb769fd04251-jpg/	(none — 404)	a WordPress attachment page, never reader-facing content
attachment	none	/4b6db53b7b17a4ddb7022184916aab72-jpg/	(none — 404)	a WordPress attachment page, never reader-facing content
attachment	none	/da2d81ba085e70004a736e5e1c12892f-jpg/	(none — 404)	a WordPress attachment page, never reader-facing content
attachment	none	/326472cd5229699b0c2ba49eab33ef1e-jpg/	(none — 404)	a WordPress attachment page, never reader-facing content
attachment	none	/3be8c58084e22b14f30af9208b761347-jpg/	(none — 404)	a WordPress attachment page, never reader-facing content
attachment	none	/naturescapes-mukteshwar-camp-the-shriram-millennium-school-noida/img_20240523_103253-3/	(none — 404)	a WordPress attachment page, never reader-facing content
attachment	none	/naturescapes-mukteshwar-camp-the-shriram-millennium-school-noida/img_20240523_090201-2/	(none — 404)	a WordPress attachment page, never reader-facing content
attachment	none	/naturescapes-mukteshwar-camp-the-shriram-millennium-school-noida/img_20240523_115052-2/	(none — 404)	a WordPress attachment page, never reader-facing content
attachment	none	/naturescapes-mukteshwar-camp-the-shriram-millennium-school-noida/img_20240523_115616/	(none — 404)	a WordPress attachment page, never reader-facing content
attachment	none	/naturescapes-mukteshwar-camp-the-shriram-millennium-school-noida/img_20240523_142832-2/	(none — 404)	a WordPress attachment page, never reader-facing content
attachment	none	/naturescapes-mukteshwar-camp-the-shriram-millennium-school-noida/img_20240524_104556-2/	(none — 404)	a WordPress attachment page, never reader-facing content
attachment	none	/naturescapes-mukteshwar-camp-the-shriram-millennium-school-noida/img_20240523_103253-2/	(none — 404)	a WordPress attachment page, never reader-facing content
attachment	none	/naturescapes-mukteshwar-camp-the-shriram-millennium-school-noida/img_20240523_110946-1/	(none — 404)	a WordPress attachment page, never reader-facing content
attachment	none	/naturescapes-mukteshwar-camp-the-shriram-millennium-school-noida/img_20240524_104556/	(none — 404)	a WordPress attachment page, never reader-facing content
attachment	none	/naturescapes-mukteshwar-camp-the-shriram-millennium-school-noida/img_20240523_103253/	(none — 404)	a WordPress attachment page, never reader-facing content
attachment	none	/naturescapes-mukteshwar-camp-the-shriram-millennium-school-noida/img_20240524_104633-1/	(none — 404)	a WordPress attachment page, never reader-facing content
attachment	none	/naturescapes-mukteshwar-camp-the-shriram-millennium-school-noida/img_20240524_172512-1/	(none — 404)	a WordPress attachment page, never reader-facing content
attachment	none	/naturescapes-mukteshwar-camp-the-shriram-millennium-school-noida/img_20240523_115052/	(none — 404)	a WordPress attachment page, never reader-facing content
attachment	none	/naturescapes-mukteshwar-camp-the-shriram-millennium-school-noida/img_20240523_090201/	(none — 404)	a WordPress attachment page, never reader-facing content
attachment	none	/naturescapes-mukteshwar-camp-the-shriram-millennium-school-noida/img_20240523_110946/	(none — 404)	a WordPress attachment page, never reader-facing content
attachment	none	/naturescapes-mukteshwar-camp-the-shriram-millennium-school-noida/img_20240523_142832/	(none — 404)	a WordPress attachment page, never reader-facing content
attachment	none	/naturescapes-mukteshwar-camp-the-shriram-millennium-school-noida/img_20240524_104633/	(none — 404)	a WordPress attachment page, never reader-facing content
attachment	none	/naturescapes-mukteshwar-camp-the-shriram-millennium-school-noida/img_20240524_172512/	(none — 404)	a WordPress attachment page, never reader-facing content
attachment	none	/project/city-scapes/whatsapp-image-2024-03-19-at-13-41-38/	(none — 404)	a WordPress attachment page, never reader-facing content
attachment	none	/project/green-action-in-schools/img-20240229-wa0047/	(none — 404)	a WordPress attachment page, never reader-facing content
attachment	none	/project/bridge-the-gap/img-20240311-wa0021/	(none — 404)	a WordPress attachment page, never reader-facing content
attachment	none	/img_20231222_104319/	(none — 404)	a WordPress attachment page, never reader-facing content
attachment	none	/profile/anushka-sree/sanya-swechha-website-1/	(none — 404)	a WordPress attachment page, never reader-facing content
attachment	none	/profile/nikhil/ashita-swechha-website-2/	(none — 404)	a WordPress attachment page, never reader-facing content
attachment	none	/profile/nikhil/img-20240315-wa0011/	(none — 404)	a WordPress attachment page, never reader-facing content
attachment	none	/profile/nikhil/img-20240315-wa0012/	(none — 404)	a WordPress attachment page, never reader-facing content
attachment	none	/profile/nikhil/img-20240315-wa0008/	(none — 404)	a WordPress attachment page, never reader-facing content
attachment	none	/img-20231221-wa0022/	(none — 404)	a WordPress attachment page, never reader-facing content
attachment	none	/profile/ashim-bery/img-20240313-wa0018-3/	(none — 404)	a WordPress attachment page, never reader-facing content
attachment	none	/profile/neeraj/img-20240311-wa0003/	(none — 404)	a WordPress attachment page, never reader-facing content
attachment	none	/cyclone-biparjoy/	(none — 404)	a WordPress attachment page, never reader-facing content
attachment	none	/download/	(none — 404)	a WordPress attachment page, never reader-facing content
attachment	none	/biparjoy-swechha-blog-1080-x-1080-px/	(none — 404)	a WordPress attachment page, never reader-facing content
attachment	none	/swechha-blog-template-1080-x-1080-px/	(none — 404)	a WordPress attachment page, never reader-facing content
attachment	none	/179409-odrtxnledp-1662353007/	(none — 404)	a WordPress attachment page, never reader-facing content
attachment	none	/members-of-a-rescue-team-row-their-boat-past-submerged-vehicles-following-torrential-rains-in-bengaluru/	(none — 404)	a WordPress attachment page, never reader-facing content
attachment	none	/hawa-light-kar-challenge-air-pollution-campaign-with-chintan/hawa-light-kar-english-announcement/	(none — 404)	a WordPress attachment page, never reader-facing content
attachment	none	/hawa-light-kar-challenge-air-pollution-campaign-with-chintan/img_20230317_154352-1/	(none — 404)	a WordPress attachment page, never reader-facing content
attachment	none	/hawa-light-kar-challenge-air-pollution-campaign-with-chintan/img_20230317_154421-1/	(none — 404)	a WordPress attachment page, never reader-facing content
attachment	none	/hawa-light-kar-challenge-air-pollution-campaign-with-chintan/img-20230320-wa0016-1/	(none — 404)	a WordPress attachment page, never reader-facing content
attachment	none	/photo-2-s_deshpande-sarma/	(none — 404)	a WordPress attachment page, never reader-facing content
attachment	none	/s_deshpande-sarma-photo/	(none — 404)	a WordPress attachment page, never reader-facing content
attachment	none	/global-recycling-day-with-acuity-knowledge-partners-workshop-on-urban-gardening-and-upcycling/image_50740481/	(none — 404)	a WordPress attachment page, never reader-facing content
attachment	none	/global-recycling-day-with-acuity-knowledge-partners-workshop-on-urban-gardening-and-upcycling/image_50739457/	(none — 404)	a WordPress attachment page, never reader-facing content
attachment	none	/global-recycling-day-with-acuity-knowledge-partners-workshop-on-urban-gardening-and-upcycling/image_50414849/	(none — 404)	a WordPress attachment page, never reader-facing content
attachment	none	/global-recycling-day-with-acuity-knowledge-partners-workshop-on-urban-gardening-and-upcycling/image_50437633/	(none — 404)	a WordPress attachment page, never reader-facing content
attachment	none	/global-recycling-day-with-acuity-knowledge-partners-workshop-on-urban-gardening-and-upcycling/image_50753793/	(none — 404)	a WordPress attachment page, never reader-facing content
attachment	none	/global-recycling-day-with-acuity-knowledge-partners-workshop-on-urban-gardening-and-upcycling/image_50724865/	(none — 404)	a WordPress attachment page, never reader-facing content
attachment	none	/global-recycling-day-with-acuity-knowledge-partners-workshop-on-urban-gardening-and-upcycling/image_50404353/	(none — 404)	a WordPress attachment page, never reader-facing content
attachment	none	/global-recycling-day-with-acuity-knowledge-partners-workshop-on-urban-gardening-and-upcycling/image_50732289-1/	(none — 404)	a WordPress attachment page, never reader-facing content
attachment	none	/global-recycling-day-with-acuity-knowledge-partners-workshop-on-urban-gardening-and-upcycling/image_50732289/	(none — 404)	a WordPress attachment page, never reader-facing content
attachment	none	/she-leads-change-community-events/20230318_161945-2/	(none — 404)	a WordPress attachment page, never reader-facing content
attachment	none	/she-leads-change-community-events/20230318_161756/	(none — 404)	a WordPress attachment page, never reader-facing content
attachment	none	/she-leads-change-community-events/20230112_142533/	(none — 404)	a WordPress attachment page, never reader-facing content
attachment	none	/she-leads-change-community-events/20230112_131740/	(none — 404)	a WordPress attachment page, never reader-facing content
attachment	none	/she-leads-change-community-events/20230112_141348/	(none — 404)	a WordPress attachment page, never reader-facing content
attachment	none	/she-leads-change-community-events/20230126_193400/	(none — 404)	a WordPress attachment page, never reader-facing content
attachment	none	/she-leads-change-community-events/20230126_161156/	(none — 404)	a WordPress attachment page, never reader-facing content
attachment	none	/she-leads-change-community-events/20230126_153646/	(none — 404)	a WordPress attachment page, never reader-facing content
attachment	none	/she-leads-change-community-events/20230318_161945/	(none — 404)	a WordPress attachment page, never reader-facing content
attachment	none	/she-leads-change-showcases-in-schools/20230304_114732/	(none — 404)	a WordPress attachment page, never reader-facing content
attachment	none	/she-leads-change-showcases-in-schools/20230304_122455/	(none — 404)	a WordPress attachment page, never reader-facing content
attachment	none	/she-leads-change-showcases-in-schools/20230304_115333/	(none — 404)	a WordPress attachment page, never reader-facing content
attachment	none	/she-leads-change-showcases-in-schools/20230304_111322/	(none — 404)	a WordPress attachment page, never reader-facing content
attachment	none	/she-leads-change-showcases-in-schools/20230304_110241-1/	(none — 404)	a WordPress attachment page, never reader-facing content
attachment	none	/she-leads-change-showcases-in-schools/20230304_111509/	(none — 404)	a WordPress attachment page, never reader-facing content
attachment	none	/she-leads-change-showcases-in-schools/20230304_112132/	(none — 404)	a WordPress attachment page, never reader-facing content
attachment	none	/she-leads-change-showcases-in-schools/20230304_120616/	(none — 404)	a WordPress attachment page, never reader-facing content
attachment	none	/she-leads-change-showcases-in-schools/20230304_105304-1/	(none — 404)	a WordPress attachment page, never reader-facing content
attachment	none	/she-leads-change-showcases-in-schools/20230304_111548/	(none — 404)	a WordPress attachment page, never reader-facing content
attachment	none	/she-leads-change-showcases-in-schools/20230304_110241/	(none — 404)	a WordPress attachment page, never reader-facing content
attachment	none	/she-leads-change-showcases-in-schools/20230304_105304/	(none — 404)	a WordPress attachment page, never reader-facing content
attachment	none	/profile/ashim-bery/img_20230124_213849_2/	(none — 404)	a WordPress attachment page, never reader-facing content
attachment	none	/profile/ashim-bery/ashim-10/	(none — 404)	a WordPress attachment page, never reader-facing content
attachment	none	/185253066_10158361591267896_4475564035390484253_n-1/	(none — 404)	a WordPress attachment page, never reader-facing content
attachment	none	/185141832_10158361591507896_6812092676902849499_n-2/	(none — 404)	a WordPress attachment page, never reader-facing content
attachment	none	/184874815_10158361591467896_6674904758165369796_n-1/	(none — 404)	a WordPress attachment page, never reader-facing content
attachment	none	/img-20221228-wa0091/	(none — 404)	a WordPress attachment page, never reader-facing content
attachment	none	/img-20221228-wa0072/	(none — 404)	a WordPress attachment page, never reader-facing content
attachment	none	/img-20221228-wa0068/	(none — 404)	a WordPress attachment page, never reader-facing content
attachment	none	/img-20221228-wa0062/	(none — 404)	a WordPress attachment page, never reader-facing content
attachment	none	/img-20221228-wa0062-1/	(none — 404)	a WordPress attachment page, never reader-facing content
attachment	none	/img-20221228-wa0039/	(none — 404)	a WordPress attachment page, never reader-facing content
attachment	none	/img-20221228-wa0034/	(none — 404)	a WordPress attachment page, never reader-facing content
attachment	none	/img_20221228_153831/	(none — 404)	a WordPress attachment page, never reader-facing content
attachment	none	/img-20221022-wa0015/	(none — 404)	a WordPress attachment page, never reader-facing content
attachment	none	/img-20221022-wa0028/	(none — 404)	a WordPress attachment page, never reader-facing content
attachment	none	/img_20221228_135713-1/	(none — 404)	a WordPress attachment page, never reader-facing content
attachment	none	/img_20221228_135713-3/	(none — 404)	a WordPress attachment page, never reader-facing content
attachment	none	/img_20221228_135713-2/	(none — 404)	a WordPress attachment page, never reader-facing content
attachment	none	/img_20221228_135713/	(none — 404)	a WordPress attachment page, never reader-facing content
attachment	none	/img-20190918-wa0076/	(none — 404)	a WordPress attachment page, never reader-facing content
attachment	none	/17e0d2fa-cad1-40cd-9e79-2a405c8ee2ea/	(none — 404)	a WordPress attachment page, never reader-facing content
attachment	none	/7d9a4f19cb2b48e4437c848ef2cd0833-2/	(none — 404)	a WordPress attachment page, never reader-facing content
attachment	none	/7d9a4f19cb2b48e4437c848ef2cd0833/	(none — 404)	a WordPress attachment page, never reader-facing content
attachment	none	/asa-akmelia-u15zuwxjxyc-unsplash-5/	(none — 404)	a WordPress attachment page, never reader-facing content
attachment	none	/pexels-roman-odintsov-8038563-2/	(none — 404)	a WordPress attachment page, never reader-facing content
attachment	none	/pexels-roman-odintsov-8038563/	(none — 404)	a WordPress attachment page, never reader-facing content
attachment	none	/asa-akmelia-u15zuwxjxyc-unsplash-4/	(none — 404)	a WordPress attachment page, never reader-facing content
attachment	none	/matt-palmer-whj1vaqppsg-unsplash-2/	(none — 404)	a WordPress attachment page, never reader-facing content
attachment	none	/asa-akmelia-u15zuwxjxyc-unsplash-3/	(none — 404)	a WordPress attachment page, never reader-facing content
attachment	none	/matt-palmer-whj1vaqppsg-unsplash/	(none — 404)	a WordPress attachment page, never reader-facing content
attachment	none	/asa-akmelia-u15zuwxjxyc-unsplash-2/	(none — 404)	a WordPress attachment page, never reader-facing content
attachment	none	/asa-akmelia-u15zuwxjxyc-unsplash/	(none — 404)	a WordPress attachment page, never reader-facing content
attachment	none	/637249832927900000/	(none — 404)	a WordPress attachment page, never reader-facing content
attachment	none	/summer-wallpaper-iphone-idownloadblog-thunderstorm-lightning-1536x1536/	(none — 404)	a WordPress attachment page, never reader-facing content
attachment	none	/dlpng_com_ocean_waves_wave_png_image_with_transparent_background___toppng_4648603-ocean-waves-wave-png-image-with-transparent-background-toppng-wave-png-no-background-851_566/	(none — 404)	a WordPress attachment page, never reader-facing content
attachment	none	/56e26e66-02e8-4718-bd27-f461bd127ea6/	(none — 404)	a WordPress attachment page, never reader-facing content
attachment	none	/61aca8f5-8252-4c8d-bc30-fe96f9aa30f7/	(none — 404)	a WordPress attachment page, never reader-facing content
attachment	none	/img_1660/	(none — 404)	a WordPress attachment page, never reader-facing content
attachment	none	/img_1659/	(none — 404)	a WordPress attachment page, never reader-facing content
attachment	none	/img_1658/	(none — 404)	a WordPress attachment page, never reader-facing content
attachment	none	/0d3c5e68fe37910554a0ee7b748b78b1ae03dcd0-jpeg/	(none — 404)	a WordPress attachment page, never reader-facing content
attachment	none	/4dd7993c9db3bba2c82e2a8decadfb567b54cc1c-jpeg/	(none — 404)	a WordPress attachment page, never reader-facing content
attachment	none	/whatsapp-image-2022-08-15-at-10-00-07-pm/	(none — 404)	a WordPress attachment page, never reader-facing content
attachment	none	/whatsapp-image-2022-08-15-at-10-00-07-pm1/	(none — 404)	a WordPress attachment page, never reader-facing content
attachment	none	/climate-crisis-in-the-uk-and-europe/whatsapp-image-2022-08-15-at-10-00-06-pm/	(none — 404)	a WordPress attachment page, never reader-facing content
attachment	none	/whatsapp-image-2022-08-14-at-9-39-38-am/	(none — 404)	a WordPress attachment page, never reader-facing content
attachment	none	/d03-img-tents-jpg/	(none — 404)	a WordPress attachment page, never reader-facing content
attachment	none	/slide-9/	(none — 404)	a WordPress attachment page, never reader-facing content
attachment	none	/slide/	(none — 404)	a WordPress attachment page, never reader-facing content
attachment	none	/whatsapp-image-2022-08-04-at-11-04-51-am-1/	(none — 404)	a WordPress attachment page, never reader-facing content
attachment	none	/whatsapp-image-2022-07-28-at-12/	(none — 404)	a WordPress attachment page, never reader-facing content
attachment	none	/img-3489-1-2/	(none — 404)	a WordPress attachment page, never reader-facing content
attachment	none	/profile/naveen/whatsapp-image-2022-07-27-at-1-25-45-pm/	(none — 404)	a WordPress attachment page, never reader-facing content
attachment	none	/survey/	(none — 404)	a WordPress attachment page, never reader-facing content
attachment	none	/mpmpmpmpp/	(none — 404)	a WordPress attachment page, never reader-facing content
attachment	none	/docu/	(none — 404)	a WordPress attachment page, never reader-facing content
attachment	none	/podies/	(none — 404)	a WordPress attachment page, never reader-facing content
attachment	none	/assesss/	(none — 404)	a WordPress attachment page, never reader-facing content
attachment	none	/proj/	(none — 404)	a WordPress attachment page, never reader-facing content
attachment	none	/app/	(none — 404)	a WordPress attachment page, never reader-facing content
attachment	none	/use/	(none — 404)	a WordPress attachment page, never reader-facing content
attachment	none	/7-3/	(none — 404)	a WordPress attachment page, never reader-facing content
attachment	none	/8-2/	(none — 404)	a WordPress attachment page, never reader-facing content
attachment	none	/9-3/	(none — 404)	a WordPress attachment page, never reader-facing content
attachment	none	/2-3/	(none — 404)	a WordPress attachment page, never reader-facing content
attachment	none	/10-2/	(none — 404)	a WordPress attachment page, never reader-facing content
attachment	none	/6-3/	(none — 404)	a WordPress attachment page, never reader-facing content
attachment	none	/5-4/	(none — 404)	a WordPress attachment page, never reader-facing content
attachment	none	/4-4/	(none — 404)	a WordPress attachment page, never reader-facing content
attachment	none	/3-4/	(none — 404)	a WordPress attachment page, never reader-facing content
attachment	none	/1-6/	(none — 404)	a WordPress attachment page, never reader-facing content
attachment	none	/today-3/	(none — 404)	a WordPress attachment page, never reader-facing content
attachment	none	/today-2/	(none — 404)	a WordPress attachment page, never reader-facing content
attachment	none	/today/	(none — 404)	a WordPress attachment page, never reader-facing content
attachment	none	/e/	(none — 404)	a WordPress attachment page, never reader-facing content
attachment	none	/c/	(none — 404)	a WordPress attachment page, never reader-facing content
attachment	none	/b/	(none — 404)	a WordPress attachment page, never reader-facing content
attachment	none	/a/	(none — 404)	a WordPress attachment page, never reader-facing content
attachment	none	/d/	(none — 404)	a WordPress attachment page, never reader-facing content
attachment	none	/f/	(none — 404)	a WordPress attachment page, never reader-facing content
attachment	none	/vc-10/	(none — 404)	a WordPress attachment page, never reader-facing content
attachment	none	/vc-9/	(none — 404)	a WordPress attachment page, never reader-facing content
attachment	none	/vc8/	(none — 404)	a WordPress attachment page, never reader-facing content
attachment	none	/vc-7/	(none — 404)	a WordPress attachment page, never reader-facing content
attachment	none	/vc-6/	(none — 404)	a WordPress attachment page, never reader-facing content
attachment	none	/vc-5/	(none — 404)	a WordPress attachment page, never reader-facing content
attachment	none	/vc-4/	(none — 404)	a WordPress attachment page, never reader-facing content
attachment	none	/vc-3/	(none — 404)	a WordPress attachment page, never reader-facing content
attachment	none	/vc-2/	(none — 404)	a WordPress attachment page, never reader-facing content
attachment	none	/vc1/	(none — 404)	a WordPress attachment page, never reader-facing content
attachment	none	/10/	(none — 404)	a WordPress attachment page, never reader-facing content
attachment	none	/9-2/	(none — 404)	a WordPress attachment page, never reader-facing content
attachment	none	/8/	(none — 404)	a WordPress attachment page, never reader-facing content
attachment	none	/7-2/	(none — 404)	a WordPress attachment page, never reader-facing content
attachment	none	/6-2/	(none — 404)	a WordPress attachment page, never reader-facing content
attachment	none	/5-3/	(none — 404)	a WordPress attachment page, never reader-facing content
attachment	none	/4-5/	(none — 404)	a WordPress attachment page, never reader-facing content
attachment	none	/3-3/	(none — 404)	a WordPress attachment page, never reader-facing content
attachment	none	/2-2/	(none — 404)	a WordPress attachment page, never reader-facing content
attachment	none	/1-5/	(none — 404)	a WordPress attachment page, never reader-facing content
attachment	none	/curr/	(none — 404)	a WordPress attachment page, never reader-facing content
attachment	none	/copy-7/	(none — 404)	a WordPress attachment page, never reader-facing content
attachment	none	/copy-6/	(none — 404)	a WordPress attachment page, never reader-facing content
attachment	none	/copy-5/	(none — 404)	a WordPress attachment page, never reader-facing content
attachment	none	/copy-4/	(none — 404)	a WordPress attachment page, never reader-facing content
attachment	none	/copy-3/	(none — 404)	a WordPress attachment page, never reader-facing content
attachment	none	/copy-2/	(none — 404)	a WordPress attachment page, never reader-facing content
attachment	none	/copy-1/	(none — 404)	a WordPress attachment page, never reader-facing content
attachment	none	/wfc-5/	(none — 404)	a WordPress attachment page, never reader-facing content
attachment	none	/wfc-4/	(none — 404)	a WordPress attachment page, never reader-facing content
attachment	none	/wfc-2/	(none — 404)	a WordPress attachment page, never reader-facing content
attachment	none	/wfc-1/	(none — 404)	a WordPress attachment page, never reader-facing content
attachment	none	/int-and-podcast/	(none — 404)	a WordPress attachment page, never reader-facing content
attachment	none	/innii-2/	(none — 404)	a WordPress attachment page, never reader-facing content
attachment	none	/iniiatives/	(none — 404)	a WordPress attachment page, never reader-facing content
attachment	none	/kids-rekry/	(none — 404)	a WordPress attachment page, never reader-facing content
attachment	none	/gtm-3/	(none — 404)	a WordPress attachment page, never reader-facing content
attachment	none	/gtm-2/	(none — 404)	a WordPress attachment page, never reader-facing content
attachment	none	/gtm-1/	(none — 404)	a WordPress attachment page, never reader-facing content
attachment	none	/q-and-q/	(none — 404)	a WordPress attachment page, never reader-facing content
attachment	none	/report/	(none — 404)	a WordPress attachment page, never reader-facing content
attachment	none	/2-zzz/	(none — 404)	a WordPress attachment page, never reader-facing content
attachment	none	/1-a/	(none — 404)	a WordPress attachment page, never reader-facing content
attachment	none	/1-4/	(none — 404)	a WordPress attachment page, never reader-facing content
attachment	none	/13217611_871907919603402_6068976479554840189_o/	(none — 404)	a WordPress attachment page, never reader-facing content
attachment	none	/13131163_863846663742861_4371463288656372917_o/	(none — 404)	a WordPress attachment page, never reader-facing content
attachment	none	/13458522_893147897479404_2582847804899515236_o/	(none — 404)	a WordPress attachment page, never reader-facing content
attachment	none	/13458583_894295927364601_6188794285108035696_o/	(none — 404)	a WordPress attachment page, never reader-facing content
attachment	none	/69740636_714805715608770_6330706585131679744_n-1-3/	(none — 404)	a WordPress attachment page, never reader-facing content
attachment	none	/70665299_10156779860232896_9167431122911494144_n-2/	(none — 404)	a WordPress attachment page, never reader-facing content
attachment	none	/69740636_714805715608770_6330706585131679744_n-1-2/	(none — 404)	a WordPress attachment page, never reader-facing content
attachment	none	/70665299_10156779860232896_9167431122911494144_n/	(none — 404)	a WordPress attachment page, never reader-facing content
attachment	none	/69740636_714805715608770_6330706585131679744_n-1/	(none — 404)	a WordPress attachment page, never reader-facing content
attachment	none	/84637555_10157168500937896_4265393852006793216_n-2/	(none — 404)	a WordPress attachment page, never reader-facing content
attachment	none	/vermicompost/	(none — 404)	a WordPress attachment page, never reader-facing content
attachment	none	/dreamstime_l_185052273-1024x678/	(none — 404)	a WordPress attachment page, never reader-facing content
attachment	none	/sustainable-irrigation/	(none — 404)	a WordPress attachment page, never reader-facing content
attachment	none	/birds-on-gd/	(none — 404)	a WordPress attachment page, never reader-facing content
attachment	none	/gd/	(none — 404)	a WordPress attachment page, never reader-facing content
attachment	none	/wasted/	(none — 404)	a WordPress attachment page, never reader-facing content
attachment	none	/jj-3/	(none — 404)	a WordPress attachment page, never reader-facing content
attachment	none	/jjivisha-2/	(none — 404)	a WordPress attachment page, never reader-facing content
attachment	none	/jjivisha/	(none — 404)	a WordPress attachment page, never reader-facing content
attachment	none	/sakhi-4/	(none — 404)	a WordPress attachment page, never reader-facing content
attachment	none	/sakhi-3/	(none — 404)	a WordPress attachment page, never reader-facing content
attachment	none	/sakhi-2/	(none — 404)	a WordPress attachment page, never reader-facing content
attachment	none	/sakhi/	(none — 404)	a WordPress attachment page, never reader-facing content
attachment	none	/screen-shot-2022-06-28-at-5-04-21-pm/	(none — 404)	a WordPress attachment page, never reader-facing content
attachment	none	/farmer-hand-giving-plant-organic-humus-fertilizer-to-plant/	(none — 404)	a WordPress attachment page, never reader-facing content
attachment	none	/mewat-election-watch_34a9ade0-58af-11e9-8bc0-bee180be535f/	(none — 404)	a WordPress attachment page, never reader-facing content
attachment	none	/woodchips/	(none — 404)	a WordPress attachment page, never reader-facing content
attachment	none	/enriched-topsoil-hand/	(none — 404)	a WordPress attachment page, never reader-facing content
attachment	none	/what-is-topsoil-5121325-05-47a63c245ab54f9bbe1c83a7c0767c81-2/	(none — 404)	a WordPress attachment page, never reader-facing content
attachment	none	/what-is-topsoil-5121325-05-47a63c245ab54f9bbe1c83a7c0767c81/	(none — 404)	a WordPress attachment page, never reader-facing content
attachment	none	/potato-839469_1280/	(none — 404)	a WordPress attachment page, never reader-facing content
attachment	none	/microplastics-over-ocean/	(none — 404)	a WordPress attachment page, never reader-facing content
attachment	none	/singleuseplastics/	(none — 404)	a WordPress attachment page, never reader-facing content
attachment	none	/screen-shot-2022-06-28-at-12-51-39-pm-2/	(none — 404)	a WordPress attachment page, never reader-facing content
attachment	none	/diy-3-a/	(none — 404)	a WordPress attachment page, never reader-facing content
attachment	none	/master-class-3-b/	(none — 404)	a WordPress attachment page, never reader-facing content
attachment	none	/master-classs-2/	(none — 404)	a WordPress attachment page, never reader-facing content
attachment	none	/masterclass-vc/	(none — 404)	a WordPress attachment page, never reader-facing content
attachment	none	/mc-update-farm/	(none — 404)	a WordPress attachment page, never reader-facing content
attachment	none	/podcasts-e-rick/	(none — 404)	a WordPress attachment page, never reader-facing content
attachment	none	/diy-3-2/	(none — 404)	a WordPress attachment page, never reader-facing content
attachment	none	/diy-3/	(none — 404)	a WordPress attachment page, never reader-facing content
attachment	none	/diy-masterclass-2/	(none — 404)	a WordPress attachment page, never reader-facing content
attachment	none	/woman-speak/	(none — 404)	a WordPress attachment page, never reader-facing content
attachment	none	/diy-masterclass-1/	(none — 404)	a WordPress attachment page, never reader-facing content
attachment	none	/new-delhi-gate/	(none — 404)	a WordPress attachment page, never reader-facing content
attachment	none	/lrm_export_66945871808419_20190610_131322492_grande-2/	(none — 404)	a WordPress attachment page, never reader-facing content
attachment	none	/img_e3464_grande-2/	(none — 404)	a WordPress attachment page, never reader-facing content
attachment	none	/img_4918-scaled/	(none — 404)	a WordPress attachment page, never reader-facing content
attachment	none	/img_3046-scaled/	(none — 404)	a WordPress attachment page, never reader-facing content
attachment	none	/img_2469-scaled-2/	(none — 404)	a WordPress attachment page, never reader-facing content
attachment	none	/yokohama-1920x1273/	(none — 404)	a WordPress attachment page, never reader-facing content
attachment	none	/img_2469-scaled/	(none — 404)	a WordPress attachment page, never reader-facing content
attachment	none	/diversity-hands-fist-bump-for-support-and-team-building-2/	(none — 404)	a WordPress attachment page, never reader-facing content
attachment	none	/diversity-hands-fist-bump-for-support-and-team-building/	(none — 404)	a WordPress attachment page, never reader-facing content
attachment	none	/media/	(none — 404)	a WordPress attachment page, never reader-facing content
attachment	none	/campaigns/	(none — 404)	a WordPress attachment page, never reader-facing content
attachment	none	/84637555_10157168500937896_4265393852006793216_n/	(none — 404)	a WordPress attachment page, never reader-facing content
attachment	none	/71056818_10156779862132896_96272237400686592_n/	(none — 404)	a WordPress attachment page, never reader-facing content
attachment	none	/71004245_727000534389288_7863970731112005632_n/	(none — 404)	a WordPress attachment page, never reader-facing content
attachment	none	/70754622_728007224288619_4818558143350964224_n/	(none — 404)	a WordPress attachment page, never reader-facing content
attachment	none	/69740636_714805715608770_6330706585131679744_n/	(none — 404)	a WordPress attachment page, never reader-facing content
attachment	none	/69492229_712392999183375_251911832049025024_n/	(none — 404)	a WordPress attachment page, never reader-facing content
attachment	none	/69163296_708433419579333_2111184332465897472_n/	(none — 404)	a WordPress attachment page, never reader-facing content
attachment	none	/22135514_10159330226965433_3654075228071282984_o/	(none — 404)	a WordPress attachment page, never reader-facing content
attachment	none	/19055287_10158759412815433_2007692365077852495_o/	(none — 404)	a WordPress attachment page, never reader-facing content
attachment	none	/untitled-1/	(none — 404)	a WordPress attachment page, never reader-facing content
attachment	none	/lrm_export_66945871808419_20190610_131322492_grande/	(none — 404)	a WordPress attachment page, never reader-facing content
attachment	none	/img_e3464_grande/	(none — 404)	a WordPress attachment page, never reader-facing content
attachment	none	/img_0653/	(none — 404)	a WordPress attachment page, never reader-facing content
attachment	none	/gtm-uk-banners-155-2/	(none — 404)	a WordPress attachment page, never reader-facing content
attachment	none	/gtm-uk-banners-148-2/	(none — 404)	a WordPress attachment page, never reader-facing content
attachment	none	/gtm-uk-banners-139-1/	(none — 404)	a WordPress attachment page, never reader-facing content
attachment	none	/gtm-uk-banners-138-2/	(none — 404)	a WordPress attachment page, never reader-facing content
attachment	none	/gtm-uk-banners-31-1/	(none — 404)	a WordPress attachment page, never reader-facing content
attachment	none	/12095141_10153256165367896_2593380024430135163_o/	(none — 404)	a WordPress attachment page, never reader-facing content
attachment	none	/12185420_10153256160422896_6658802437211852438_o/	(none — 404)	a WordPress attachment page, never reader-facing content
attachment	none	/12240987_10153256159962896_4848364597937312502_o/	(none — 404)	a WordPress attachment page, never reader-facing content
attachment	none	/12095132_10153256162907896_2051693449494173785_o/	(none — 404)	a WordPress attachment page, never reader-facing content
attachment	none	/12241013_10153256166032896_3538196008672388670_o/	(none — 404)	a WordPress attachment page, never reader-facing content
attachment	none	/12240313_10153256159947896_4425397202012184041_o/	(none — 404)	a WordPress attachment page, never reader-facing content
attachment	none	/11231814_10153256165907896_7610987578855962882_o/	(none — 404)	a WordPress attachment page, never reader-facing content
attachment	none	/f0a4f0e7-36b2-47f2-b360-105e361b6892/	(none — 404)	a WordPress attachment page, never reader-facing content
attachment	none	/ecc787dc-c15c-4398-9bbd-258df22af89f/	(none — 404)	a WordPress attachment page, never reader-facing content
attachment	none	/4628790c-03bd-4cba-af06-b8944fb4a17d/	(none — 404)	a WordPress attachment page, never reader-facing content
attachment	none	/751146fe-da6c-456e-9aff-30973df3f1a5/	(none — 404)	a WordPress attachment page, never reader-facing content
attachment	none	/93aef755-924e-4831-8101-dd1a3d4d81e3/	(none — 404)	a WordPress attachment page, never reader-facing content
attachment	none	/21ee750b-9563-48bc-a3b2-c7ea245ead1e/	(none — 404)	a WordPress attachment page, never reader-facing content
attachment	none	/9bc2a6c4-aee5-4bee-a720-49e0c3899b30/	(none — 404)	a WordPress attachment page, never reader-facing content
attachment	none	/6cb4d27e-2b80-4ea5-812a-8cb7c3baabdc/	(none — 404)	a WordPress attachment page, never reader-facing content
attachment	none	/0c2d87ec-d411-4a12-b4c5-e1dbb3b40efe/	(none — 404)	a WordPress attachment page, never reader-facing content
attachment	none	/0a30a93f-5845-4755-a01c-e9243a0ec888/	(none — 404)	a WordPress attachment page, never reader-facing content
attachment	none	/screen-shot-2022-06-28-at-12-52-01-pm/	(none — 404)	a WordPress attachment page, never reader-facing content
attachment	none	/screen-shot-2022-06-28-at-12-51-39-pm/	(none — 404)	a WordPress attachment page, never reader-facing content
attachment	none	/screen-shot-2022-06-28-at-12-51-28-pm/	(none — 404)	a WordPress attachment page, never reader-facing content
attachment	none	/screen-shot-2022-06-28-at-12-48-47-pm/	(none — 404)	a WordPress attachment page, never reader-facing content
attachment	none	/screen-shot-2022-06-28-at-12-39-42-pm/	(none — 404)	a WordPress attachment page, never reader-facing content
attachment	none	/screen-shot-2022-06-28-at-12-39-07-pm/	(none — 404)	a WordPress attachment page, never reader-facing content
attachment	none	/screen-shot-2022-06-28-at-12-35-12-pm/	(none — 404)	a WordPress attachment page, never reader-facing content
attachment	none	/screen-shot-2022-06-28-at-12-34-52-pm/	(none — 404)	a WordPress attachment page, never reader-facing content
attachment	none	/screen-shot-2022-06-28-at-12-34-40-pm/	(none — 404)	a WordPress attachment page, never reader-facing content
attachment	none	/screen-shot-2022-06-28-at-12-34-12-pm/	(none — 404)	a WordPress attachment page, never reader-facing content
attachment	none	/acbd240d4f2f0190243dfca5a948cdfd52bcdc9b-jpeg/	(none — 404)	a WordPress attachment page, never reader-facing content
attachment	none	/80e3efa8e818001685a55159671d3ba28f650a05-jpeg/	(none — 404)	a WordPress attachment page, never reader-facing content
attachment	none	/08072c482179b1ae0430ab72c51bcd052b457146-jpeg/	(none — 404)	a WordPress attachment page, never reader-facing content
attachment	none	/878b5de8cc9e07e1672817f2c3971493e9577f88-jpeg/	(none — 404)	a WordPress attachment page, never reader-facing content
attachment	none	/gc-6/	(none — 404)	a WordPress attachment page, never reader-facing content
attachment	none	/gc-5/	(none — 404)	a WordPress attachment page, never reader-facing content
attachment	none	/whatsapp-image-2016-09-01-at-9-05-48-pm/	(none — 404)	a WordPress attachment page, never reader-facing content
attachment	none	/img_2912/	(none — 404)	a WordPress attachment page, never reader-facing content
attachment	none	/12307527_10153282633592896_226533065769166338_o/	(none — 404)	a WordPress attachment page, never reader-facing content
attachment	none	/cfac4991-aeaa-45fe-8da3-37a95bd62b57/	(none — 404)	a WordPress attachment page, never reader-facing content
attachment	none	/copy-of-13433248_888432924617568_6795398130544880625_o/	(none — 404)	a WordPress attachment page, never reader-facing content
attachment	none	/air-detox-nursery-workshop-with-google-employees-2016/	(none — 404)	a WordPress attachment page, never reader-facing content
attachment	none	/copy-of-12493549_10153369847282896_1254150541029699681_o/	(none — 404)	a WordPress attachment page, never reader-facing content
attachment	none	/copy-of-12615618_10153369849172896_4012002066800651017_o/	(none — 404)	a WordPress attachment page, never reader-facing content
attachment	none	/learning-community-3/	(none — 404)	a WordPress attachment page, never reader-facing content
attachment	none	/lc-3-4/	(none — 404)	a WordPress attachment page, never reader-facing content
attachment	none	/copy-of-328495_140900709351052_772584207_o/	(none — 404)	a WordPress attachment page, never reader-facing content
attachment	none	/cyon-2/	(none — 404)	a WordPress attachment page, never reader-facing content
attachment	none	/copy-of-290178_132612840179839_154605044_o/	(none — 404)	a WordPress attachment page, never reader-facing content
attachment	none	/copy-of-378921_145143015593488_1497727071_n/	(none — 404)	a WordPress attachment page, never reader-facing content
attachment	none	/copy-of-545427_10150950230687896_1648225225_n/	(none — 404)	a WordPress attachment page, never reader-facing content
attachment	none	/copy-of-562752_10151009731477896_392258271_n/	(none — 404)	a WordPress attachment page, never reader-facing content
attachment	none	/copy-of-30754_10151097043927896_1360849946_n-2/	(none — 404)	a WordPress attachment page, never reader-facing content
attachment	none	/youth-2/	(none — 404)	a WordPress attachment page, never reader-facing content
attachment	none	/cyon-1-3/	(none — 404)	a WordPress attachment page, never reader-facing content
attachment	none	/copy-of-65270_10151247233832896_2006387360_n/	(none — 404)	a WordPress attachment page, never reader-facing content
attachment	none	/copy-of-img-20190830-wa0085/	(none — 404)	a WordPress attachment page, never reader-facing content
attachment	none	/copy-of-11902398_10153107642732896_1886230251729948050_n/	(none — 404)	a WordPress attachment page, never reader-facing content
attachment	none	/13320747_10153672384687896_7416155747590711160_o/	(none — 404)	a WordPress attachment page, never reader-facing content
attachment	none	/copy-of-20046398_10154841440662896_1666475332074937536_n/	(none — 404)	a WordPress attachment page, never reader-facing content
attachment	none	/copy-of-12240313_10153256159947896_4425397202012184041_o-2/	(none — 404)	a WordPress attachment page, never reader-facing content
attachment	none	/pagdandi-1-1-2/	(none — 404)	a WordPress attachment page, never reader-facing content
attachment	none	/pagdandi-7/	(none — 404)	a WordPress attachment page, never reader-facing content
attachment	none	/img_20190726_083927-2/	(none — 404)	a WordPress attachment page, never reader-facing content
attachment	none	/workshop4-3/	(none — 404)	a WordPress attachment page, never reader-facing content
attachment	none	/workshop2-3/	(none — 404)	a WordPress attachment page, never reader-facing content
attachment	none	/img_20190726_083927/	(none — 404)	a WordPress attachment page, never reader-facing content
attachment	none	/img-20190724-wa0018-2/	(none — 404)	a WordPress attachment page, never reader-facing content
attachment	none	/road-to-leadership/	(none — 404)	a WordPress attachment page, never reader-facing content
attachment	none	/btg-4-2/	(none — 404)	a WordPress attachment page, never reader-facing content
attachment	none	/brake-even-2-2/	(none — 404)	a WordPress attachment page, never reader-facing content
attachment	none	/brake-even-3/	(none — 404)	a WordPress attachment page, never reader-facing content
attachment	none	/brake-even-1-3/	(none — 404)	a WordPress attachment page, never reader-facing content
attachment	none	/workshop5/	(none — 404)	a WordPress attachment page, never reader-facing content
attachment	none	/women-ntl-4/	(none — 404)	a WordPress attachment page, never reader-facing content
attachment	none	/forest-walk-3/	(none — 404)	a WordPress attachment page, never reader-facing content
attachment	none	/development-walk-waste-cloth-shop/	(none — 404)	a WordPress attachment page, never reader-facing content
attachment	none	/img-20190803-wa0107/	(none — 404)	a WordPress attachment page, never reader-facing content
attachment	none	/walks-1/	(none — 404)	a WordPress attachment page, never reader-facing content
attachment	none	/landfill-walk-4/	(none — 404)	a WordPress attachment page, never reader-facing content
attachment	none	/learning-community-2/	(none — 404)	a WordPress attachment page, never reader-facing content
attachment	none	/lc-3-3/	(none — 404)	a WordPress attachment page, never reader-facing content
attachment	none	/lc-1-2/	(none — 404)	a WordPress attachment page, never reader-facing content
attachment	none	/gram-anubhav-5/	(none — 404)	a WordPress attachment page, never reader-facing content
attachment	none	/gram-anubhav-4-1/	(none — 404)	a WordPress attachment page, never reader-facing content
attachment	none	/gram-anubhav-2-2/	(none — 404)	a WordPress attachment page, never reader-facing content
attachment	none	/copy-of-15168730_10154141881082896_8228984717241032716_o/	(none — 404)	a WordPress attachment page, never reader-facing content
attachment	none	/gram-anubhav-4/	(none — 404)	a WordPress attachment page, never reader-facing content
attachment	none	/gram-anubhav-7/	(none — 404)	a WordPress attachment page, never reader-facing content
attachment	none	/copy-of-15250884_10154141880797896_8122384496420366277_o/	(none — 404)	a WordPress attachment page, never reader-facing content
attachment	none	/copy-of-14633617_10154008243467896_7380290431965722950_o/	(none — 404)	a WordPress attachment page, never reader-facing content
attachment	none	/copy-of-30167281_10155619070022896_4682418376515637379_o/	(none — 404)	a WordPress attachment page, never reader-facing content
attachment	none	/copy-of-13055105_10153578994402896_5942055308601573132_o/	(none — 404)	a WordPress attachment page, never reader-facing content
attachment	none	/yamuna-yatra-3/	(none — 404)	a WordPress attachment page, never reader-facing content
attachment	none	/yamuna-yatra-4-2/	(none — 404)	a WordPress attachment page, never reader-facing content
attachment	none	/yamuna-yatra-5-2/	(none — 404)	a WordPress attachment page, never reader-facing content
attachment	none	/copy-of-30171849_10155619147507896_4935384738106598123_o/	(none — 404)	a WordPress attachment page, never reader-facing content
attachment	none	/copy-of-13063110_10153578986612896_3529329250337873296_o-2/	(none — 404)	a WordPress attachment page, never reader-facing content
attachment	none	/copy-of-12998183_10153578983132896_6854586804979534681_o/	(none — 404)	a WordPress attachment page, never reader-facing content
attachment	none	/copy-of-13047775_10153578996277896_8772151005784642408_o/	(none — 404)	a WordPress attachment page, never reader-facing content
attachment	none	/copy-of-13063103_10153578995897896_8823779307313733471_o/	(none — 404)	a WordPress attachment page, never reader-facing content
attachment	none	/workshop6-2/	(none — 404)	a WordPress attachment page, never reader-facing content
attachment	none	/s9-2/	(none — 404)	a WordPress attachment page, never reader-facing content
attachment	none	/s8-2/	(none — 404)	a WordPress attachment page, never reader-facing content
attachment	none	/s7-2/	(none — 404)	a WordPress attachment page, never reader-facing content
attachment	none	/s6-2/	(none — 404)	a WordPress attachment page, never reader-facing content
attachment	none	/s5-2/	(none — 404)	a WordPress attachment page, never reader-facing content
attachment	none	/pagdandi-6/	(none — 404)	a WordPress attachment page, never reader-facing content
attachment	none	/pagdandi-5/	(none — 404)	a WordPress attachment page, never reader-facing content
attachment	none	/pagdandi-4/	(none — 404)	a WordPress attachment page, never reader-facing content
attachment	none	/pagdandi-3-2/	(none — 404)	a WordPress attachment page, never reader-facing content
attachment	none	/pagdandi-2-2/	(none — 404)	a WordPress attachment page, never reader-facing content
attachment	none	/pagdandi-2-1/	(none — 404)	a WordPress attachment page, never reader-facing content
attachment	none	/pagdandi-1/	(none — 404)	a WordPress attachment page, never reader-facing content
attachment	none	/pagdandi-1-1/	(none — 404)	a WordPress attachment page, never reader-facing content
attachment	none	/pagdandi-3/	(none — 404)	a WordPress attachment page, never reader-facing content
attachment	none	/nukkad-natak-metowe/	(none — 404)	a WordPress attachment page, never reader-facing content
attachment	none	/m7-2/	(none — 404)	a WordPress attachment page, never reader-facing content
attachment	none	/m4-2/	(none — 404)	a WordPress attachment page, never reader-facing content
attachment	none	/j3/	(none — 404)	a WordPress attachment page, never reader-facing content
attachment	none	/j2-2/	(none — 404)	a WordPress attachment page, never reader-facing content
attachment	none	/j1-3/	(none — 404)	a WordPress attachment page, never reader-facing content
attachment	none	/sony-dsc-126/	(none — 404)	a WordPress attachment page, never reader-facing content
attachment	none	/copy-of-nukkad-natak-metowe/	(none — 404)	a WordPress attachment page, never reader-facing content
attachment	none	/copy-of-26904744_10155374167102896_8011868922241406380_n/	(none — 404)	a WordPress attachment page, never reader-facing content
attachment	none	/copy-of-22496145_10155109285837896_9015502098863639525_o/	(none — 404)	a WordPress attachment page, never reader-facing content
attachment	none	/copy-of-22406073_10155109396532896_8161389494610887589_n/	(none — 404)	a WordPress attachment page, never reader-facing content
attachment	none	/copy-of-22366678_10155109396137896_759647392536060607_n-2/	(none — 404)	a WordPress attachment page, never reader-facing content
attachment	none	/copy-of-18558719_10154665489087896_4888085897732436664_o/	(none — 404)	a WordPress attachment page, never reader-facing content
attachment	none	/copy-of-17157580_10154452306042896_4579532626740550684_o/	(none — 404)	a WordPress attachment page, never reader-facing content
attachment	none	/copy-of-15972777_10154283940292896_4173467060838828217_o/	(none — 404)	a WordPress attachment page, never reader-facing content
attachment	none	/copy-of-13520_10152823490182896_2959488754398963904_n/	(none — 404)	a WordPress attachment page, never reader-facing content
attachment	none	/copy-of-13415562_10153680527757896_5148254275775238902_o/	(none — 404)	a WordPress attachment page, never reader-facing content
attachment	none	/copy-of-12493980_10153351993182896_6372641139411673661_o/	(none — 404)	a WordPress attachment page, never reader-facing content
attachment	none	/copy-of-12484765_10153351992707896_6965751388618646486_o-2/	(none — 404)	a WordPress attachment page, never reader-facing content
attachment	none	/copy-of-12241013_10153256166032896_3538196008672388670_o/	(none — 404)	a WordPress attachment page, never reader-facing content
attachment	none	/copy-of-12240313_10153256159947896_4425397202012184041_o/	(none — 404)	a WordPress attachment page, never reader-facing content
attachment	none	/copy-of-12189295_10153216379072896_7749393333768822013_o/	(none — 404)	a WordPress attachment page, never reader-facing content
attachment	none	/copy-of-12183849_10153216379402896_465116544882103679_o/	(none — 404)	a WordPress attachment page, never reader-facing content
attachment	none	/copy-of-11140350_10152823489227896_3754166713593041876_n/	(none — 404)	a WordPress attachment page, never reader-facing content
attachment	none	/copy-of-11066779_10152823489582896_900029017021189038_n/	(none — 404)	a WordPress attachment page, never reader-facing content
attachment	none	/copy-of-11057770_10152823490992896_5788731130951984852_n/	(none — 404)	a WordPress attachment page, never reader-facing content
attachment	none	/copy-of-10917316_10152617322812896_4245135270625109278_n/	(none — 404)	a WordPress attachment page, never reader-facing content
attachment	none	/img-20200219-wa0071-2/	(none — 404)	a WordPress attachment page, never reader-facing content
attachment	none	/img-20200219-wa0056/	(none — 404)	a WordPress attachment page, never reader-facing content
attachment	none	/img-20191126-wa0017-3/	(none — 404)	a WordPress attachment page, never reader-facing content
attachment	none	/img-20191119-wa0024-2/	(none — 404)	a WordPress attachment page, never reader-facing content
attachment	none	/butterfy-garden-3-2/	(none — 404)	a WordPress attachment page, never reader-facing content
attachment	none	/butterfly-garden/	(none — 404)	a WordPress attachment page, never reader-facing content
attachment	none	/btg-5-2/	(none — 404)	a WordPress attachment page, never reader-facing content
attachment	none	/butterfly-garden-3/	(none — 404)	a WordPress attachment page, never reader-facing content
attachment	none	/butterfly-garden-21/	(none — 404)	a WordPress attachment page, never reader-facing content
attachment	none	/butterfly-garden-2/	(none — 404)	a WordPress attachment page, never reader-facing content
attachment	none	/butterfly-garden-1/	(none — 404)	a WordPress attachment page, never reader-facing content
attachment	none	/copy-of-14608760_10154008243227896_3204472241812488741_o-2/	(none — 404)	a WordPress attachment page, never reader-facing content
attachment	none	/butterfky-garden-1/	(none — 404)	a WordPress attachment page, never reader-facing content
attachment	none	/airshed-park-2-3/	(none — 404)	a WordPress attachment page, never reader-facing content
attachment	none	/airshed-park-1/	(none — 404)	a WordPress attachment page, never reader-facing content
attachment	none	/btg-4/	(none — 404)	a WordPress attachment page, never reader-facing content
attachment	none	/btg-5/	(none — 404)	a WordPress attachment page, never reader-facing content
attachment	none	/btg-2-2/	(none — 404)	a WordPress attachment page, never reader-facing content
attachment	none	/btg-2/	(none — 404)	a WordPress attachment page, never reader-facing content
attachment	none	/btg-7/	(none — 404)	a WordPress attachment page, never reader-facing content
attachment	none	/women-ntl-5/	(none — 404)	a WordPress attachment page, never reader-facing content
attachment	none	/women-ntl-2-2/	(none — 404)	a WordPress attachment page, never reader-facing content
attachment	none	/women-ntl-6/	(none — 404)	a WordPress attachment page, never reader-facing content
attachment	none	/women-ntl-7/	(none — 404)	a WordPress attachment page, never reader-facing content
attachment	none	/women-ntl-9/	(none — 404)	a WordPress attachment page, never reader-facing content
attachment	none	/women-ntl-11/	(none — 404)	a WordPress attachment page, never reader-facing content
attachment	none	/women-ntl1/	(none — 404)	a WordPress attachment page, never reader-facing content
attachment	none	/women-ntl-10/	(none — 404)	a WordPress attachment page, never reader-facing content
attachment	none	/women-ntl-8/	(none — 404)	a WordPress attachment page, never reader-facing content
attachment	none	/women-ntl-2/	(none — 404)	a WordPress attachment page, never reader-facing content
attachment	none	/lc-3-2/	(none — 404)	a WordPress attachment page, never reader-facing content
attachment	none	/lc-3/	(none — 404)	a WordPress attachment page, never reader-facing content
attachment	none	/lc-2/	(none — 404)	a WordPress attachment page, never reader-facing content
attachment	none	/lc-1/	(none — 404)	a WordPress attachment page, never reader-facing content
attachment	none	/learning-community/	(none — 404)	a WordPress attachment page, never reader-facing content
attachment	none	/j1-2/	(none — 404)	a WordPress attachment page, never reader-facing content
attachment	none	/copy-of-12484765_10153351992707896_6965751388618646486_o/	(none — 404)	a WordPress attachment page, never reader-facing content
attachment	none	/copy-of-22366678_10155109396137896_759647392536060607_n/	(none — 404)	a WordPress attachment page, never reader-facing content
attachment	none	/mw-1/	(none — 404)	a WordPress attachment page, never reader-facing content
attachment	none	/monsoon-banner/	(none — 404)	a WordPress attachment page, never reader-facing content
attachment	none	/copy-of-38085816_10155848759592896_2379635641190187008_n/	(none — 404)	a WordPress attachment page, never reader-facing content
attachment	none	/khori-3/	(none — 404)	a WordPress attachment page, never reader-facing content
attachment	none	/img-20191003-wa0018/	(none — 404)	a WordPress attachment page, never reader-facing content
attachment	none	/airshed-park-2-2/	(none — 404)	a WordPress attachment page, never reader-facing content
attachment	none	/airshed-park-2/	(none — 404)	a WordPress attachment page, never reader-facing content
attachment	none	/butterfy-garden-3/	(none — 404)	a WordPress attachment page, never reader-facing content
attachment	none	/img-20191126-wa0017-2/	(none — 404)	a WordPress attachment page, never reader-facing content
attachment	none	/youth-1/	(none — 404)	a WordPress attachment page, never reader-facing content
attachment	none	/cyon-1-2/	(none — 404)	a WordPress attachment page, never reader-facing content
attachment	none	/cyon-1/	(none — 404)	a WordPress attachment page, never reader-facing content
attachment	none	/copy-of-30754_10151097043927896_1360849946_n/	(none — 404)	a WordPress attachment page, never reader-facing content
attachment	none	/562141_357881020984311_1839231327_n/	(none — 404)	a WordPress attachment page, never reader-facing content
attachment	none	/yamuna-yatra-5/	(none — 404)	a WordPress attachment page, never reader-facing content
attachment	none	/copy-of-13063110_10153578986612896_3529329250337873296_o/	(none — 404)	a WordPress attachment page, never reader-facing content
attachment	none	/copy-of-14608760_10154008243227896_3204472241812488741_o/	(none — 404)	a WordPress attachment page, never reader-facing content
attachment	none	/yamuna-yatra-4/	(none — 404)	a WordPress attachment page, never reader-facing content
attachment	none	/copy-of-14700813_10154008246232896_709205719226385389_o-1/	(none — 404)	a WordPress attachment page, never reader-facing content
attachment	none	/copy-of-14753272_10154008233307896_7036068599262922032_o/	(none — 404)	a WordPress attachment page, never reader-facing content
attachment	none	/copy-of-14713002_10154008253212896_5012493781318326662_o/	(none — 404)	a WordPress attachment page, never reader-facing content
attachment	none	/landfill-walk-1-2/	(none — 404)	a WordPress attachment page, never reader-facing content
attachment	none	/yamuna-walk-1-2/	(none — 404)	a WordPress attachment page, never reader-facing content
attachment	none	/forest-walk-2/	(none — 404)	a WordPress attachment page, never reader-facing content
attachment	none	/btg-6-2/	(none — 404)	a WordPress attachment page, never reader-facing content
attachment	none	/btg-6/	(none — 404)	a WordPress attachment page, never reader-facing content
attachment	none	/btg/	(none — 404)	a WordPress attachment page, never reader-facing content
attachment	none	/brake-even-1-1/	(none — 404)	a WordPress attachment page, never reader-facing content
attachment	none	/brake-even-1-2/	(none — 404)	a WordPress attachment page, never reader-facing content
attachment	none	/btg-cinegreen/	(none — 404)	a WordPress attachment page, never reader-facing content
attachment	none	/brake-even-1/	(none — 404)	a WordPress attachment page, never reader-facing content
attachment	none	/img_20190726_083927-1-2/	(none — 404)	a WordPress attachment page, never reader-facing content
attachment	none	/btg-3/	(none — 404)	a WordPress attachment page, never reader-facing content
attachment	none	/img_20190726_083927-1/	(none — 404)	a WordPress attachment page, never reader-facing content
attachment	none	/school-progs-1/	(none — 404)	a WordPress attachment page, never reader-facing content
attachment	none	/school-progs/	(none — 404)	a WordPress attachment page, never reader-facing content
attachment	none	/45fc8316bf524157f27db1d26f6eec98a43dd212-jpeg/	(none — 404)	a WordPress attachment page, never reader-facing content
attachment	none	/182511c469294bad878d06871b2fcd8505457b9d-jpeg/	(none — 404)	a WordPress attachment page, never reader-facing content
attachment	none	/271d1f6f75d39b619be9e317fa3823fa9dae0b4f-jpeg/	(none — 404)	a WordPress attachment page, never reader-facing content
attachment	none	/13b4294bbc3d79a44913ecdd72bb317b1a03ee5e-jpeg/	(none — 404)	a WordPress attachment page, never reader-facing content
attachment	none	/img-20190724-wa0018/	(none — 404)	a WordPress attachment page, never reader-facing content
attachment	none	/heart-brand/	(none — 404)	a WordPress attachment page, never reader-facing content
attachment	none	/info03/	(none — 404)	a WordPress attachment page, never reader-facing content
attachment	none	/enfo11-2/	(none — 404)	a WordPress attachment page, never reader-facing content
attachment	none	/enfo11/	(none — 404)	a WordPress attachment page, never reader-facing content
attachment	none	/35/	(none — 404)	a WordPress attachment page, never reader-facing content
attachment	none	/185141832_10158361591507896_6812092676902849499_n/	(none — 404)	a WordPress attachment page, never reader-facing content
attachment	none	/contribute-to-indias-first-community-native-nursery/nursery2/	(none — 404)	a WordPress attachment page, never reader-facing content
attachment	none	/pvr-nest-final-logo/	(none — 404)	a WordPress attachment page, never reader-facing content
attachment	none	/samhita/	(none — 404)	a WordPress attachment page, never reader-facing content
attachment	none	/virtual-panel-discussion-lgbtqia-leadership-in-times-of-covid-19/94886126_10157424826272896_8224339923428179968_o/	(none — 404)	a WordPress attachment page, never reader-facing content
attachment	none	/profile/vimlendu/profilephotovim/	(none — 404)	a WordPress attachment page, never reader-facing content
attachment	none	/img-20200818-wa0017/	(none — 404)	a WordPress attachment page, never reader-facing content
attachment	none	/118180896_10157770641517896_4392279750283281717_n/	(none — 404)	a WordPress attachment page, never reader-facing content
attachment	none	/118363694_10157770642082896_3706187928926679229_n/	(none — 404)	a WordPress attachment page, never reader-facing content
attachment	none	/118402365_10157770641777896_4925041266605718820_n/	(none — 404)	a WordPress attachment page, never reader-facing content
attachment	none	/118272965_10157770641857896_8459514337986983754_n/	(none — 404)	a WordPress attachment page, never reader-facing content
attachment	none	/118214765_10157770112137896_1667326957892554212_n/	(none — 404)	a WordPress attachment page, never reader-facing content
attachment	none	/118502848_10157770111927896_8496629332750786229_n/	(none — 404)	a WordPress attachment page, never reader-facing content
attachment	none	/118517318_10157770641597896_771006557421187580_n/	(none — 404)	a WordPress attachment page, never reader-facing content
attachment	none	/118581204_10157770111852896_3566307359497567600_n/	(none — 404)	a WordPress attachment page, never reader-facing content
attachment	none	/img-20200824-wa0009/	(none — 404)	a WordPress attachment page, never reader-facing content
attachment	none	/71086306_10156798426877896_5720520882036670464_n/	(none — 404)	a WordPress attachment page, never reader-facing content
attachment	none	/untitled-design-6/	(none — 404)	a WordPress attachment page, never reader-facing content
attachment	none	/106374471_10157624212277896_8454067751179550695_n/	(none — 404)	a WordPress attachment page, never reader-facing content
attachment	none	/106455906_10157624212507896_4632514827345907491_n/	(none — 404)	a WordPress attachment page, never reader-facing content
attachment	none	/107084347_10157636582462896_47227383571128202_o/	(none — 404)	a WordPress attachment page, never reader-facing content
attachment	none	/106290369_10157624212352896_2577023729538521889_n/	(none — 404)	a WordPress attachment page, never reader-facing content
attachment	none	/img_20191003_145511-3/	(none — 404)	a WordPress attachment page, never reader-facing content
attachment	none	/img_20200227_131643/	(none — 404)	a WordPress attachment page, never reader-facing content
attachment	none	/img_20191003_145511-4/	(none — 404)	a WordPress attachment page, never reader-facing content
attachment	none	/untitled-design-1-3/	(none — 404)	a WordPress attachment page, never reader-facing content
attachment	none	/109364759_10157673723967896_6919786015126657959_o/	(none — 404)	a WordPress attachment page, never reader-facing content
attachment	none	/img-20201204-wa0025/	(none — 404)	a WordPress attachment page, never reader-facing content
attachment	none	/img-20201119-wa0008/	(none — 404)	a WordPress attachment page, never reader-facing content
attachment	none	/img-20201123-wa0031/	(none — 404)	a WordPress attachment page, never reader-facing content
attachment	none	/img-20201130-wa0015/	(none — 404)	a WordPress attachment page, never reader-facing content
attachment	none	/img-20201204-wa0025-2/	(none — 404)	a WordPress attachment page, never reader-facing content
attachment	none	/img-20201206-wa0006/	(none — 404)	a WordPress attachment page, never reader-facing content
attachment	none	/img-20201207-wa0005/	(none — 404)	a WordPress attachment page, never reader-facing content
attachment	none	/img-20201208-wa0015/	(none — 404)	a WordPress attachment page, never reader-facing content
attachment	none	/img-20201208-wa0017/	(none — 404)	a WordPress attachment page, never reader-facing content
attachment	none	/img-20201209-wa0016/	(none — 404)	a WordPress attachment page, never reader-facing content
attachment	none	/img-20201211-wa0023/	(none — 404)	a WordPress attachment page, never reader-facing content
attachment	none	/img-20201211-wa0024/	(none — 404)	a WordPress attachment page, never reader-facing content
attachment	none	/img-20201211-wa0028/	(none — 404)	a WordPress attachment page, never reader-facing content
attachment	none	/img-20201211-wa0031/	(none — 404)	a WordPress attachment page, never reader-facing content
attachment	none	/img-20201214-wa0012/	(none — 404)	a WordPress attachment page, never reader-facing content
attachment	none	/img-20201214-wa0021/	(none — 404)	a WordPress attachment page, never reader-facing content
attachment	none	/img-20201214-wa0024/	(none — 404)	a WordPress attachment page, never reader-facing content
attachment	none	/img-20201214-wa0025/	(none — 404)	a WordPress attachment page, never reader-facing content
attachment	none	/img-20201214-wa0029/	(none — 404)	a WordPress attachment page, never reader-facing content
attachment	none	/img-20201215-wa0028/	(none — 404)	a WordPress attachment page, never reader-facing content
attachment	none	/img-20201215-wa0031/	(none — 404)	a WordPress attachment page, never reader-facing content
attachment	none	/insect-hotel/	(none — 404)	a WordPress attachment page, never reader-facing content
attachment	none	/img_20201227_173308_510/	(none — 404)	a WordPress attachment page, never reader-facing content
attachment	none	/img-20201227-wa0002/	(none — 404)	a WordPress attachment page, never reader-facing content
attachment	none	/img_20210103_172732/	(none — 404)	a WordPress attachment page, never reader-facing content
attachment	none	/utility-book/	(none — 404)	a WordPress attachment page, never reader-facing content
attachment	none	/128056350_10164270949260433_141568410085654712_o/	(none — 404)	a WordPress attachment page, never reader-facing content
attachment	none	/132172627_10158030362462896_939901017357954926_o/	(none — 404)	a WordPress attachment page, never reader-facing content
attachment	none	/118496877_10157770641692896_5624172270613003813_o/	(none — 404)	a WordPress attachment page, never reader-facing content
attachment	none	/184516912_10158360306357896_8260211444630010999_n/	(none — 404)	a WordPress attachment page, never reader-facing content
attachment	none	/img_20201227_173308_510-2/	(none — 404)	a WordPress attachment page, never reader-facing content
attachment	none	/img_20201227_173308_512/	(none — 404)	a WordPress attachment page, never reader-facing content
attachment	none	/img_20201227_211501_442/	(none — 404)	a WordPress attachment page, never reader-facing content
attachment	none	/img_20201227_211501_444/	(none — 404)	a WordPress attachment page, never reader-facing content
attachment	none	/img_20201227_212205_304-2/	(none — 404)	a WordPress attachment page, never reader-facing content
attachment	none	/img_20201227_212205_327/	(none — 404)	a WordPress attachment page, never reader-facing content
attachment	none	/img_20201231_180758_041/	(none — 404)	a WordPress attachment page, never reader-facing content
attachment	none	/img-20201227-wa0004/	(none — 404)	a WordPress attachment page, never reader-facing content
attachment	none	/img-20201227-wa0005/	(none — 404)	a WordPress attachment page, never reader-facing content
attachment	none	/img-20201227-wa0006/	(none — 404)	a WordPress attachment page, never reader-facing content
attachment	none	/img-20201230-wa0005/	(none — 404)	a WordPress attachment page, never reader-facing content
attachment	none	/img-20201231-wa0013/	(none — 404)	a WordPress attachment page, never reader-facing content
attachment	none	/img-20210104-wa0001-2/	(none — 404)	a WordPress attachment page, never reader-facing content
attachment	none	/img_20210103_172610-3/	(none — 404)	a WordPress attachment page, never reader-facing content
attachment	none	/55640005_10156380936657896_1829481159847837696_n/	(none — 404)	a WordPress attachment page, never reader-facing content
attachment	none	/green-the-map-podcast-series-2-indias-law-governance-on-environment-in-conversation-with-kanchi-kohli/screen-shot-2021-02-08-at-3-23-36-pm/	(none — 404)	a WordPress attachment page, never reader-facing content
attachment	none	/diy-masterclass-2-vermicomposting-managing-kitchen-waste/screen-shot-2021-01-28-at-3-00-32-pm/	(none — 404)	a WordPress attachment page, never reader-facing content
attachment	none	/air-pollution-in-india-santosh-harish-in-conversation-with-vimlendu-jha/screen-shot-2021-02-15-at-1-12-40-pm/	(none — 404)	a WordPress attachment page, never reader-facing content
attachment	none	/diy-masterclass-3-upcycling-with-meenakshi-sharma-founder-at-use-me-works/screen-shot-2021-03-18-at-3-49-23-pm/	(none — 404)	a WordPress attachment page, never reader-facing content
attachment	none	/low-carbon-future-participatory-workshop/img-20210312-wa0033-1/	(none — 404)	a WordPress attachment page, never reader-facing content
attachment	none	/img-20180420-wa0004/	(none — 404)	a WordPress attachment page, never reader-facing content
attachment	none	/print-3/	(none — 404)	a WordPress attachment page, never reader-facing content
attachment	none	/1621836389622/	(none — 404)	a WordPress attachment page, never reader-facing content
attachment	none	/1621836387984/	(none — 404)	a WordPress attachment page, never reader-facing content
attachment	none	/1621836387984-2/	(none — 404)	a WordPress attachment page, never reader-facing content
attachment	none	/1621836388033/	(none — 404)	a WordPress attachment page, never reader-facing content
attachment	none	/1621836388555/	(none — 404)	a WordPress attachment page, never reader-facing content
attachment	none	/1621836389013/	(none — 404)	a WordPress attachment page, never reader-facing content
attachment	none	/farm_scool_banner5/	(none — 404)	a WordPress attachment page, never reader-facing content
attachment	none	/farm_school_banner4-3/	(none — 404)	a WordPress attachment page, never reader-facing content
attachment	none	/swechha_farm_school/	(none — 404)	a WordPress attachment page, never reader-facing content
attachment	none	/farm_school_banner4-2/	(none — 404)	a WordPress attachment page, never reader-facing content
attachment	none	/farm_school_banner4/	(none — 404)	a WordPress attachment page, never reader-facing content
attachment	none	/74907680_10157386440265269_901828666986594304_o/	(none — 404)	a WordPress attachment page, never reader-facing content
attachment	none	/img_20210103_172610-2/	(none — 404)	a WordPress attachment page, never reader-facing content
attachment	none	/img_20210103_172610/	(none — 404)	a WordPress attachment page, never reader-facing content
attachment	none	/img_20201227_212205_304/	(none — 404)	a WordPress attachment page, never reader-facing content
attachment	none	/img-20210104-wa0001/	(none — 404)	a WordPress attachment page, never reader-facing content
attachment	none	/pexels-photo-971355/	(none — 404)	a WordPress attachment page, never reader-facing content
attachment	none	/935025_10151400038507896_2083498255_n/	(none — 404)	a WordPress attachment page, never reader-facing content
attachment	none	/img-20201215-wa0033/	(none — 404)	a WordPress attachment page, never reader-facing content
attachment	none	/img_20191003_145511-2/	(none — 404)	a WordPress attachment page, never reader-facing content
attachment	none	/img_20191003_145511/	(none — 404)	a WordPress attachment page, never reader-facing content
attachment	none	/106171111_10157616860397896_2997286264153687312_o/	(none — 404)	a WordPress attachment page, never reader-facing content
attachment	none	/106274950_10157624212432896_9093653336979694282_n/	(none — 404)	a WordPress attachment page, never reader-facing content
attachment	none	/83428102_10157616861522896_3698518929526838533_o-2/	(none — 404)	a WordPress attachment page, never reader-facing content
attachment	none	/106444766_10157636582987896_1986010779270303748_o/	(none — 404)	a WordPress attachment page, never reader-facing content
attachment	none	/83428102_10157616861522896_3698518929526838533_o/	(none — 404)	a WordPress attachment page, never reader-facing content
attachment	none	/107419209_10157636579212896_3811274850305745151_o/	(none — 404)	a WordPress attachment page, never reader-facing content
attachment	none	/106170350_10157616861017896_8469819428353223163_o/	(none — 404)	a WordPress attachment page, never reader-facing content
attachment	none	/profile/vimlendu/img_20190629_083528-2/	(none — 404)	a WordPress attachment page, never reader-facing content
attachment	none	/profile/vimlendu/img_20190629_083528/	(none — 404)	a WordPress attachment page, never reader-facing content
attachment	none	/profile/vimlendu/img_20200707_225316_228/	(none — 404)	a WordPress attachment page, never reader-facing content
attachment	none	/webinar-serious-sustainability-practices-praxis-awareness-level-1/101729663_10157553907217896_8452065574783334852_n/	(none — 404)	a WordPress attachment page, never reader-facing content
attachment	none	/amex-logo/	(none — 404)	a WordPress attachment page, never reader-facing content
attachment	none	/in-conversation-with-mrs-susan-thomas-senior-educator-and-environment-enthusiast/100759589_10157527809407896_7089442734410301440_o/	(none — 404)	a WordPress attachment page, never reader-facing content
attachment	none	/webinar-on-butterfly-gardening-with-vivekanad-school/104352114_10157596925097896_5786750943231202774_o/	(none — 404)	a WordPress attachment page, never reader-facing content
attachment	none	/social-media-post/	(none — 404)	a WordPress attachment page, never reader-facing content
attachment	none	/14th-august/	(none — 404)	a WordPress attachment page, never reader-facing content
attachment	none	/95500627_10157448611267896_7807381418840948736_o/	(none — 404)	a WordPress attachment page, never reader-facing content
attachment	none	/screen-shot-2020-05-26-at-4-01-05-pm/	(none — 404)	a WordPress attachment page, never reader-facing content
attachment	none	/adolescent-girls-learning-community-year-2-journey-film-digital-premier/65393764_358953084804480_8010909353378840576_o/	(none — 404)	a WordPress attachment page, never reader-facing content
attachment	none	/post-covid-environment-mirage-or-hope/97010770_2909952955718662_1189134306614706176_n/	(none — 404)	a WordPress attachment page, never reader-facing content
attachment	none	/greening-schools-program-with-amazon-india/img-20191009-wa0036/	(none — 404)	a WordPress attachment page, never reader-facing content
attachment	none	/greening-schools-program-with-amazon-india/img-20191118-wa0005/	(none — 404)	a WordPress attachment page, never reader-facing content
attachment	none	/greening-schools-program-with-amazon-india/img-20191119-wa0024/	(none — 404)	a WordPress attachment page, never reader-facing content
attachment	none	/img-20200219-wa0065/	(none — 404)	a WordPress attachment page, never reader-facing content
attachment	none	/16904875_10154431768142896_3698220223998960971_o/	(none — 404)	a WordPress attachment page, never reader-facing content
attachment	none	/img-20200219-wa0071/	(none — 404)	a WordPress attachment page, never reader-facing content
attachment	none	/img-20200219-wa0103/	(none — 404)	a WordPress attachment page, never reader-facing content
attachment	none	/13139241_10153619766722896_1876691086300923441_n/	(none — 404)	a WordPress attachment page, never reader-facing content
attachment	none	/monsoon-wooding-2-2/	(none — 404)	a WordPress attachment page, never reader-facing content
attachment	none	/img_20190718_110849/	(none — 404)	a WordPress attachment page, never reader-facing content
attachment	none	/img-20190730-wa0084/	(none — 404)	a WordPress attachment page, never reader-facing content
attachment	none	/img-20190726-wa0017/	(none — 404)	a WordPress attachment page, never reader-facing content
attachment	none	/img-20190804-wa0025/	(none — 404)	a WordPress attachment page, never reader-facing content
attachment	none	/sony-dsc-118/	(none — 404)	a WordPress attachment page, never reader-facing content
attachment	none	/sony-dsc-119/	(none — 404)	a WordPress attachment page, never reader-facing content
attachment	none	/sony-dsc-120/	(none — 404)	a WordPress attachment page, never reader-facing content
attachment	none	/dscn0854/	(none — 404)	a WordPress attachment page, never reader-facing content
attachment	none	/sony-dsc-121/	(none — 404)	a WordPress attachment page, never reader-facing content
attachment	none	/sony-dsc-122/	(none — 404)	a WordPress attachment page, never reader-facing content
attachment	none	/sony-dsc-123/	(none — 404)	a WordPress attachment page, never reader-facing content
attachment	none	/sony-dsc-124/	(none — 404)	a WordPress attachment page, never reader-facing content
attachment	none	/sony-dsc-125/	(none — 404)	a WordPress attachment page, never reader-facing content
attachment	none	/c0007t01/	(none — 404)	a WordPress attachment page, never reader-facing content
attachment	none	/c0005t01/	(none — 404)	a WordPress attachment page, never reader-facing content
attachment	none	/img_20190707_072917/	(none — 404)	a WordPress attachment page, never reader-facing content
attachment	none	/52188130_10161316079690433_7526773282494742528_n/	(none — 404)	a WordPress attachment page, never reader-facing content
attachment	none	/c0041t01/	(none — 404)	a WordPress attachment page, never reader-facing content
attachment	none	/img_4237/	(none — 404)	a WordPress attachment page, never reader-facing content
attachment	none	/img_20190707_070935/	(none — 404)	a WordPress attachment page, never reader-facing content
attachment	none	/36885788_10160496944065433_7007031739453276160_o-1/	(none — 404)	a WordPress attachment page, never reader-facing content
attachment	none	/22904568_1684861024857880_1840784104727521475_o/	(none — 404)	a WordPress attachment page, never reader-facing content
attachment	none	/17854998_10158453190340433_4352207895689754244_o/	(none — 404)	a WordPress attachment page, never reader-facing content
attachment	none	/17904108_10158458572320433_6401340681811956428_n/	(none — 404)	a WordPress attachment page, never reader-facing content
attachment	none	/22829336_1684861164857866_4352352535558668033_o/	(none — 404)	a WordPress attachment page, never reader-facing content
attachment	none	/22829677_1684860841524565_1722127543421399879_o/	(none — 404)	a WordPress attachment page, never reader-facing content
attachment	none	/14125648_1378687735494161_5093686326451168388_o/	(none — 404)	a WordPress attachment page, never reader-facing content
attachment	none	/15392897_1489842087712058_8056418255644284443_o/	(none — 404)	a WordPress attachment page, never reader-facing content
attachment	none	/15403788_1492561787440088_1834557628116400560_o-1/	(none — 404)	a WordPress attachment page, never reader-facing content
attachment	none	/15403788_1492561787440088_1834557628116400560_o/	(none — 404)	a WordPress attachment page, never reader-facing content
attachment	none	/16422798_1564652283564371_8466290500854866595_o-2/	(none — 404)	a WordPress attachment page, never reader-facing content
attachment	none	/16463741_1572818999414366_2642957444293497662_o/	(none — 404)	a WordPress attachment page, never reader-facing content
attachment	none	/20728967_1797918956904368_6453873485900272302_o/	(none — 404)	a WordPress attachment page, never reader-facing content
attachment	none	/36063006_2173023452727248_8374135807048417280_o/	(none — 404)	a WordPress attachment page, never reader-facing content
attachment	none	/36177316_2174849605877966_8905228338767855616_o/	(none — 404)	a WordPress attachment page, never reader-facing content
attachment	none	/37308796_2210268935669366_2787066903292542976_n/	(none — 404)	a WordPress attachment page, never reader-facing content
attachment	none	/38732736_2248824571813802_6336880978576801792_o-1/	(none — 404)	a WordPress attachment page, never reader-facing content
attachment	none	/10250159_1101711413191796_2399729302027633332_n/	(none — 404)	a WordPress attachment page, never reader-facing content
attachment	none	/69492229_712392999183375_251911832049025024_n-1/	(none — 404)	a WordPress attachment page, never reader-facing content
attachment	none	/70208623_725637164525625_4230066955723210752_n/	(none — 404)	a WordPress attachment page, never reader-facing content
attachment	none	/70443362_725846687838006_1895409247143854080_o/	(none — 404)	a WordPress attachment page, never reader-facing content
attachment	none	/d09-3-phones-mock-png/	(none — 404)	a WordPress attachment page, never reader-facing content
attachment	none	/cycle2/	(none — 404)	a WordPress attachment page, never reader-facing content
attachment	none	/fbfesvejgog-emanuel-hahn-jpg/	(none — 404)	a WordPress attachment page, never reader-facing content
attachment	none	/lhtqjazuprq-breather-jpg/	(none — 404)	a WordPress attachment page, never reader-facing content
attachment	none	/groomsman3-jpg/	(none — 404)	a WordPress attachment page, never reader-facing content
attachment	none	/15-2/	(none — 404)	a WordPress attachment page, never reader-facing content
attachment	none	/60159438_2685499281479660_7343759086720122880_o/	(none — 404)	a WordPress attachment page, never reader-facing content
attachment	none	/16422798_1564652283564371_8466290500854866595_o/	(none — 404)	a WordPress attachment page, never reader-facing content
attachment	none	/22861374_1684861848191131_3028845390338580654_o/	(none — 404)	a WordPress attachment page, never reader-facing content
attachment	none	/airshed-google-image/	(none — 404)	a WordPress attachment page, never reader-facing content
attachment	none	/sony-dsc-117/	(none — 404)	a WordPress attachment page, never reader-facing content
attachment	none	/sony-dsc-116/	(none — 404)	a WordPress attachment page, never reader-facing content
attachment	none	/dscn0862/	(none — 404)	a WordPress attachment page, never reader-facing content
attachment	none	/sony-dsc-115/	(none — 404)	a WordPress attachment page, never reader-facing content
attachment	none	/sony-dsc-114/	(none — 404)	a WordPress attachment page, never reader-facing content
attachment	none	/sony-dsc-113/	(none — 404)	a WordPress attachment page, never reader-facing content
attachment	none	/img_20190718_110849-2/	(none — 404)	a WordPress attachment page, never reader-facing content
attachment	none	/img-20190805-wa0021/	(none — 404)	a WordPress attachment page, never reader-facing content
attachment	none	/img-20190805-wa0017/	(none — 404)	a WordPress attachment page, never reader-facing content
attachment	none	/img-20190802-wa0010/	(none — 404)	a WordPress attachment page, never reader-facing content
attachment	none	/img-20190726-wa0018/	(none — 404)	a WordPress attachment page, never reader-facing content
attachment	none	/img-20190726-wa0016/	(none — 404)	a WordPress attachment page, never reader-facing content
attachment	none	/img-20190726-wa0014/	(none — 404)	a WordPress attachment page, never reader-facing content
attachment	none	/fb_img_1565168426091/	(none — 404)	a WordPress attachment page, never reader-facing content
attachment	none	/fb_img_1565168374058/	(none — 404)	a WordPress attachment page, never reader-facing content
attachment	none	/fb_img_1565168364912/	(none — 404)	a WordPress attachment page, never reader-facing content
attachment	none	/13393974_10153672386252896_5941687999332151039_n/	(none — 404)	a WordPress attachment page, never reader-facing content
attachment	none	/13164174_10153619765897896_8050967829394452837_n/	(none — 404)	a WordPress attachment page, never reader-facing content
attachment	none	/83369782_10157116821977896_2194284540824911872_n/	(none — 404)	a WordPress attachment page, never reader-facing content
attachment	none	/13710418_10153777005967896_232382048206930284_o/	(none — 404)	a WordPress attachment page, never reader-facing content
attachment	none	/20046398_10154841440662896_1666475332074937536_n-3/	(none — 404)	a WordPress attachment page, never reader-facing content
attachment	none	/img-20200213-wa0051/	(none — 404)	a WordPress attachment page, never reader-facing content
attachment	none	/11114251_10152841756042896_75031661622197325_n/	(none — 404)	a WordPress attachment page, never reader-facing content
attachment	none	/eco-walks-thumb-2/	(none — 404)	a WordPress attachment page, never reader-facing content
attachment	none	/sony-dsc-112/	(none — 404)	a WordPress attachment page, never reader-facing content
attachment	none	/bg-graphics-2-jpg-2/	(none — 404)	a WordPress attachment page, never reader-facing content
attachment	none	/bg-graphics-2-jpg/	(none — 404)	a WordPress attachment page, never reader-facing content
attachment	none	/gray-elephant-jpg/	(none — 404)	a WordPress attachment page, never reader-facing content
attachment	none	/divider-svg/	(none — 404)	a WordPress attachment page, never reader-facing content
attachment	none	/funds-svg/	(none — 404)	a WordPress attachment page, never reader-facing content
attachment	none	/volunteers-svg/	(none — 404)	a WordPress attachment page, never reader-facing content
attachment	none	/forest-svg/	(none — 404)	a WordPress attachment page, never reader-facing content
attachment	none	/lion-svg/	(none — 404)	a WordPress attachment page, never reader-facing content
attachment	none	/breeding-jpg/	(none — 404)	a WordPress attachment page, never reader-facing content
attachment	none	/fresh-water-jpg/	(none — 404)	a WordPress attachment page, never reader-facing content
attachment	none	/clean-ocean-jpg/	(none — 404)	a WordPress attachment page, never reader-facing content
attachment	none	/food-jpg/	(none — 404)	a WordPress attachment page, never reader-facing content
attachment	none	/forest-jpg/	(none — 404)	a WordPress attachment page, never reader-facing content
attachment	none	/volunteer-jpg/	(none — 404)	a WordPress attachment page, never reader-facing content
attachment	none	/founder-jpg/	(none — 404)	a WordPress attachment page, never reader-facing content
attachment	none	/home-bg-4-jpg/	(none — 404)	a WordPress attachment page, never reader-facing content
attachment	none	/home-bg-3-jpg/	(none — 404)	a WordPress attachment page, never reader-facing content
attachment	none	/home-bg-2-jpg/	(none — 404)	a WordPress attachment page, never reader-facing content
attachment	none	/home-bg-1-jpg/	(none — 404)	a WordPress attachment page, never reader-facing content
attachment	none	/home-bg-5-jpg/	(none — 404)	a WordPress attachment page, never reader-facing content
attachment	none	/u5-jpg/	(none — 404)	a WordPress attachment page, never reader-facing content
attachment	none	/u6-jpg/	(none — 404)	a WordPress attachment page, never reader-facing content
attachment	none	/city-scape-jpg/	(none — 404)	a WordPress attachment page, never reader-facing content
attachment	none	/signature-white-png/	(none — 404)	a WordPress attachment page, never reader-facing content
attachment	none	/video-bg-free-img-jpg/	(none — 404)	a WordPress attachment page, never reader-facing content
attachment	none	/food-free-img-png/	(none — 404)	a WordPress attachment page, never reader-facing content
attachment	none	/collar-free-img-png/	(none — 404)	a WordPress attachment page, never reader-facing content
attachment	none	/heart-free-img-png/	(none — 404)	a WordPress attachment page, never reader-facing content
attachment	none	/ball-free-img-png/	(none — 404)	a WordPress attachment page, never reader-facing content
attachment	none	/food-pot-free-img-png/	(none — 404)	a WordPress attachment page, never reader-facing content
attachment	none	/70277980_726984071057601_4713238132139491328_o/	(none — 404)	a WordPress attachment page, never reader-facing content
attachment	none	/70248883_726983791057629_8990566336757235712_o/	(none — 404)	a WordPress attachment page, never reader-facing content
attachment	none	/69510603_716107445478597_1822281785342427136_o/	(none — 404)	a WordPress attachment page, never reader-facing content
attachment	none	/69227728_714334915655850_2415083406443413504_o/	(none — 404)	a WordPress attachment page, never reader-facing content
attachment	none	/69562173_709934026095939_5016570184534589440_o/	(none — 404)	a WordPress attachment page, never reader-facing content
attachment	none	/68849220_709556339467041_4691693674239623168_o/	(none — 404)	a WordPress attachment page, never reader-facing content
attachment	none	/70754622_728007224288619_4818558143350964224_o/	(none — 404)	a WordPress attachment page, never reader-facing content
attachment	none	/swechha-annual-report-2016-17/	(none — 404)	a WordPress attachment page, never reader-facing content
attachment	none	/tax-residency-certificate-80g/	(none — 404)	a WordPress attachment page, never reader-facing content
attachment	none	/greening-schools-program-with-amazon-india/img-20191129-wa0031-2/	(none — 404)	a WordPress attachment page, never reader-facing content
attachment	none	/greening-schools-program-with-amazon-india/img-20200129-wa0019/	(none — 404)	a WordPress attachment page, never reader-facing content
attachment	none	/greening-schools-program-with-amazon-india/img-20200129-wa0016/	(none — 404)	a WordPress attachment page, never reader-facing content
attachment	none	/greening-schools-program-with-amazon-india/img-20200129-wa0008/	(none — 404)	a WordPress attachment page, never reader-facing content
attachment	none	/greening-schools-program-with-amazon-india/img-20200129-wa0007/	(none — 404)	a WordPress attachment page, never reader-facing content
attachment	none	/greening-schools-program-with-amazon-india/img-20200129-wa0004/	(none — 404)	a WordPress attachment page, never reader-facing content
attachment	none	/greening-schools-program-with-amazon-india/img-20191129-wa0031/	(none — 404)	a WordPress attachment page, never reader-facing content
attachment	none	/greening-schools-program-with-amazon-india/img-20191126-wa0017/	(none — 404)	a WordPress attachment page, never reader-facing content
attachment	none	/greening-schools-program-with-amazon-india/img-20191126-wa0016/	(none — 404)	a WordPress attachment page, never reader-facing content
attachment	none	/greening-schools-program-with-amazon-india/img-20191126-wa0014/	(none — 404)	a WordPress attachment page, never reader-facing content
attachment	none	/greening-schools-program-with-amazon-india/img-20191118-wa0020/	(none — 404)	a WordPress attachment page, never reader-facing content
attachment	none	/greening-schools-program-with-amazon-india/img-20191118-wa0011/	(none — 404)	a WordPress attachment page, never reader-facing content
attachment	none	/greening-schools-program-with-amazon-india/img-20191113-wa0023/	(none — 404)	a WordPress attachment page, never reader-facing content
attachment	none	/greening-schools-program-with-amazon-india/img-20191009-wa0042/	(none — 404)	a WordPress attachment page, never reader-facing content
attachment	none	/greening-schools-program-with-amazon-india/img-20191009-wa0023/	(none — 404)	a WordPress attachment page, never reader-facing content
attachment	none	/greening-schools-program-with-amazon-india/img-20191009-wa0020/	(none — 404)	a WordPress attachment page, never reader-facing content
attachment	none	/greening-schools-program-with-amazon-india/img-20191009-wa0006/	(none — 404)	a WordPress attachment page, never reader-facing content
attachment	none	/greening-schools-program-with-amazon-india/img-20191009-wa0003-2/	(none — 404)	a WordPress attachment page, never reader-facing content
attachment	none	/greening-schools-program-with-amazon-india/img-20190909-wa0034/	(none — 404)	a WordPress attachment page, never reader-facing content
attachment	none	/greening-schools-program-with-amazon-india/img-20190909-wa0022/	(none — 404)	a WordPress attachment page, never reader-facing content
attachment	none	/greening-schools-program-with-amazon-india/img-20190909-wa0014/	(none — 404)	a WordPress attachment page, never reader-facing content
attachment	none	/urban-gardening-with-gpi-employees/img-20200220-wa0060/	(none — 404)	a WordPress attachment page, never reader-facing content
attachment	none	/urban-gardening-with-gpi-employees/img-20200220-wa0059/	(none — 404)	a WordPress attachment page, never reader-facing content
attachment	none	/urban-gardening-with-gpi-employees/img-20200220-wa0056/	(none — 404)	a WordPress attachment page, never reader-facing content
attachment	none	/urban-gardening-with-gpi-employees/img-20200220-wa0052/	(none — 404)	a WordPress attachment page, never reader-facing content
attachment	none	/urban-gardening-with-gpi-employees/img-20200220-wa0050/	(none — 404)	a WordPress attachment page, never reader-facing content
attachment	none	/urban-gardening-with-gpi-employees/img-20200220-wa0049/	(none — 404)	a WordPress attachment page, never reader-facing content
attachment	none	/urban-gardening-with-gpi-employees/img-20200220-wa0048/	(none — 404)	a WordPress attachment page, never reader-facing content
attachment	none	/urban-gardening-with-gpi-employees/img-20200220-wa0047/	(none — 404)	a WordPress attachment page, never reader-facing content
attachment	none	/urban-gardening-with-gpi-employees/img-20200220-wa0046/	(none — 404)	a WordPress attachment page, never reader-facing content
attachment	none	/urban-gardening-with-gpi-employees/img-20200220-wa0045/	(none — 404)	a WordPress attachment page, never reader-facing content
attachment	none	/urban-gardening-with-gpi-employees/img-20200220-wa0044/	(none — 404)	a WordPress attachment page, never reader-facing content
attachment	none	/urban-gardening-with-gpi-employees/img-20200220-wa0043/	(none — 404)	a WordPress attachment page, never reader-facing content
attachment	none	/urban-gardening-with-gpi-employees/img-20200220-wa0039/	(none — 404)	a WordPress attachment page, never reader-facing content
attachment	none	/82849793_10157126994917896_5963762231677026304_o/	(none — 404)	a WordPress attachment page, never reader-facing content
attachment	none	/make-your-own-wind-chime-with-bamboo-mystics/img-20200127-wa0041/	(none — 404)	a WordPress attachment page, never reader-facing content
attachment	none	/make-your-own-wind-chime-with-bamboo-mystics/img-20200127-wa0040/	(none — 404)	a WordPress attachment page, never reader-facing content
attachment	none	/620546_10151022988327896_1366566099_o/	(none — 404)	a WordPress attachment page, never reader-facing content
attachment	none	/562752_10151009731477896_392258271_n/	(none — 404)	a WordPress attachment page, never reader-facing content
attachment	none	/553305_282590668515388_59444681_n/	(none — 404)	a WordPress attachment page, never reader-facing content
attachment	none	/545427_10150950230687896_1648225225_n/	(none — 404)	a WordPress attachment page, never reader-facing content
attachment	none	/378921_145143015593488_1497727071_n/	(none — 404)	a WordPress attachment page, never reader-facing content
attachment	none	/335559_141342975973492_1039565135_o/	(none — 404)	a WordPress attachment page, never reader-facing content
attachment	none	/332558_140881636019626_1008299914_o/	(none — 404)	a WordPress attachment page, never reader-facing content
attachment	none	/328495_140900709351052_772584207_o/	(none — 404)	a WordPress attachment page, never reader-facing content
attachment	none	/326304_141878382586618_1651522760_o/	(none — 404)	a WordPress attachment page, never reader-facing content
attachment	none	/326304_141878379253285_578106993_o/	(none — 404)	a WordPress attachment page, never reader-facing content
soliloquy	none	/	(none — 404)	a slider object, never a page
soliloquy	none	/	(none — 404)	a slider object, never a page
soliloquy	none	/	(none — 404)	a slider object, never a page
project	folded	/project/women-and-non-traditional-livelihood-2/	/work/projects	duplicate of the unsuffixed slug
project	parent	/project/water-harvesting-training/	/farm	farm training, water
project	parent	/project/future-lifestyles-project/	/work/projects	no page yet
project	parent	/project/solar-energy-training/	/farm	farm training, energy
project	parent	/project/u-s-dept-of-state-swechha-green-the-map-podcast-and-masterclass-series-on-environment-and-resilience/	/stories	the podcast and masterclass series are indexed videos
project	folded	/project/women-farmers-collective-2/	/farm	duplicate of women-farmers-collective
project	parent	/project/micro-grants/	/work/projects	no page yet
project	exact	/project/eco-action/	/work/projects/eco-action	same programme, detail page exists
project	parent	/project/cycles-for-sustainability/	/work/events	survives as the Cyclothon event
project	exact	/project/pagdandi/	/work/projects/me-to-we	Pagdandi is Me to We before the rename (audit 1.5)
project	none	/project/2022-project-sample/	(none — 404)	a WordPress sample placeholder, never real content
project	parent	/project/green-exposures-eco-walks/	/work/journeys	eco-walks are journeys in the new taxonomy
project	parent	/project/soil-regeneration-training/	/farm	farm training suite (audit 1.5)
project	parent	/project/composting-and-micro-enterprises/	/farm	farm training suite (audit 1.5)
project	parent	/project/u-s-embassy-micro-grants-competition/	/work/projects	same programme; only in the video index
project	parent	/project/circular-economy-marine-litter-and-epr/	/work/projects	GIZ+MoEFCC work, confirmed absent
project	folded	/project/futures-lifestyles-project/	/work/projects	typo twin of future-lifestyles-project
project	exact	/project/me-to-we-pagdandi/	/work/projects/me-to-we	Me to We, with Pagdandi as its origin
project	folded	/project/cycles-for-sustainability-2/	/work/events	duplicate of cycles-for-sustainability
project	parent	/project/green-creeps/	/work/projects	confirmed absent (audit 1.5)
project	exact	/project/influence-cyon/	/work/projects/influence	Influence/CYON is the new Influence item
project	parent	/project/road-to-leadership/	/work/projects	confirmed absent (audit 1.5)
project	parent	/project/women-farmers-collective/	/farm	farm training suite (audit 1.5)
project	parent	/project/films-and-documentaries/	/stories	the films section indexes all 148 videos
project	parent	/project/teacher-training/	/work/projects	700+ educators; no page yet
project	exact	/project/monsoon-wooding/	/work/campaigns/monsoon-wooding	same campaign, detail page exists
project	exact	/project/gram-anubhav/	/work/journeys/gram-anubhav	same journey, detail page exists
project	exact	/project/green-action-in-schools/	/work/projects/eco-action	the schools strand of Eco Action (audit 1.5)
project	exact	/project/city-scapes/	/work/journeys/cityscapes	same journey, de-hyphenated slug
project	parent	/project/bee-keepers-collective-training/	/farm	farm training suite (audit 1.5)
project	parent	/project/sustainable-agriculture-training-camps/	/farm	farm training suite (audit 1.5)
project	parent	/project/learning-communities/	/work/projects	named on /impact, no page of its own
project	parent	/project/women-and-non-traditional-livelihood/	/work/projects	Udaan/MOM/Lunchbox 17; entirely missing
project	parent	/project/green-the-map/	/stories	survives as the podcast series
project	exact	/project/yamuna-yatra/	/work/journeys/yamuna-yatra	same journey, detail page exists
project	folded	/project/green-the-map-2/	/stories	duplicate of green-the-map
project	exact	/project/farm-school/	/work/projects/farm-school	same programme, detail page exists
project	parent	/project/remakery/	/work/projects	no page yet despite /home and /about referencing it
project	parent	/project/green-finance/	/publications	the IGES 93-enterprise study is published there
project	exact	/project/nature-scapes/	/work/journeys/naturescapes	same journey, de-hyphenated slug
project	folded	/project/remakery-india/	/work/projects	duplicate of remakery
project	parent	/project/brake-even-2/	/work/campaigns	one ticker mention; a campaign by form
project	folded	/project/farm-school-community-development/	/work/projects/farm-school	variant slug of the farm-school page
project	exact	/project/bridge-the-gap/	/work/projects/bridge-the-gap	same programme, detail page exists
project	parent	/project/air-pollution-campaigns/	/work/campaigns	the air campaigns live under campaigns
profile	exact	/profile/chhavi-agarwal/	/about	staff bio; /about carries the team section
profile	exact	/profile/ashim-bery/	/about	staff bio; /about carries the team section
profile	exact	/profile/srija-bandyopadhyaya/	/about	staff bio; /about carries the team section
profile	exact	/profile/nikhil/	/about	staff bio; /about carries the team section
profile	exact	/profile/anushka-sree/	/about	staff bio; /about carries the team section
profile	exact	/profile/neeraj/	/about	staff bio; /about carries the team section
profile	exact	/profile/naveen/	/about	staff bio; /about carries the team section
profile	exact	/profile/vimlendu/	/about	staff bio; /about carries the team section
profile	exact	/profile/ashim-bery-2/	/about	governing body bio; /about carries the board section
profile	exact	/profile/rajeev-singh/	/about	governing body bio; /about carries the board section
profile	exact	/profile/farhad-vania/	/about	governing body bio; /about carries the board section
profile	exact	/profile/aruna-pandey/	/about	governing body bio; /about carries the board section
profile	exact	/profile/lopamudra-sanyal/	/about	governing body bio; /about carries the board section
profile	none	/profile/kamlika-chandla/	(none — 404)	has left the organisation (owner, 2026-08-23); not on /about, so nothing to point at
profile	exact	/profile/vimlendu-jha-2/	/about	governing body bio; /about carries the board section
profile	exact	/profile/kuriakose-varghese/	/about	governing body bio; /about carries the board section
post_tag	none	/tag/education/	(none — 404)	a tag archive; the new site has no tag taxonomy
post_tag	none	/tag/experiential-learning/	(none — 404)	a tag archive; the new site has no tag taxonomy
post_tag	none	/tag/exploration/	(none — 404)	a tag archive; the new site has no tag taxonomy
post_tag	none	/tag/reflection/	(none — 404)	a tag archive; the new site has no tag taxonomy
post_tag	none	/tag/action/	(none — 404)	a tag archive; the new site has no tag taxonomy
post_tag	none	/tag/rural-india/	(none — 404)	a tag archive; the new site has no tag taxonomy
pj-categs	none	/pj-categs/featured/	(none — 404)	a project-category archive; WORK classifies by form instead
pj-categs	none	/pj-categs/sustainable-lifestyles-and-education/	(none — 404)	a project-category archive; WORK classifies by form instead
pj-categs	none	/pj-categs/sustainable-agriculture-and-integrated-development/	(none — 404)	a project-category archive; WORK classifies by form instead
pj-categs	none	/pj-categs/sustainable-cities-and-ecology/	(none — 404)	a project-category archive; WORK classifies by form instead
pj-categs	none	/pj-categs/resilient-and-equitable-communities/	(none — 404)	a project-category archive; WORK classifies by form instead
pj-categs	none	/pj-categs/green-economy-and-enterprise/	(none — 404)	a project-category archive; WORK classifies by form instead
pj-categs	none	/pj-categs/special-projects/	(none — 404)	a project-category archive; WORK classifies by form instead
pl-categs	none	/pl-categs/team-profiles/	(none — 404)	a playlist-category archive; superseded by the video index
pl-categs	none	/pl-categs/governingbody/	(none — 404)	a playlist-category archive; superseded by the video index
