post	https://swechha.in/rise-above-the-waters-charting-a-course-to-resilience/	2026-01-15T22:27:31+00:00
post	https://swechha.in/cyclone-biparjoy-learning-from-the-past-to-strengthen-disaster-management/	2026-01-15T22:27:16+00:00
post	https://swechha.in/climate-migration/	2026-01-09T12:12:57+00:00
post	https://swechha.in/young-people-climate-action/	2026-01-09T10:21:11+00:00
post	https://swechha.in/naturescapes-sirmaur-camp-the-shriram-millennium-school-noida/	2025-09-03T09:24:48+00:00
post	https://swechha.in/naturescapes-mukteshwar-camp-the-shriram-millennium-school-noida/	2025-09-03T09:24:34+00:00
post	https://swechha.in/naturescapes-sariska-camp-the-shriram-millennium-school-noida/	2025-09-03T09:24:24+00:00
post	https://swechha.in/2-week-training-on-solid-waste-management-in-kanpur-with-purpose-india/	2025-09-03T09:23:47+00:00
post	https://swechha.in/open-mic-night-at-remakery/	2025-09-03T09:22:04+00:00
post	https://swechha.in/a-fight-to-save-yamuna-swechha-in-the-news/	2025-08-21T09:18:35+00:00
post	https://swechha.in/swechhas-influence-fellowship-featured-on-cnn/	2025-08-21T09:15:48+00:00
post	https://swechha.in/cnn-news18s-the-breakfast-club-interview-with-vimlendu-jha-on-heatwaves-in-india-2025/	2025-08-21T09:12:31+00:00
post	https://swechha.in/uttarkashi-flash-floods-what-is-happening/	2025-08-21T09:07:55+00:00
post	https://swechha.in/swechhas-airshed-park-in-the-news/	2025-08-21T09:05:28+00:00
post	https://swechha.in/monsoon-wooding-20016-in-the-news/	2025-08-21T09:03:24+00:00
post	https://swechha.in/swechha-on-ndtv-prime/	2025-08-21T09:00:32+00:00
post	https://swechha.in/whats-choking-delhi-vimlendu-jha-in-conversation-with-rahul-gandhi/	2025-08-21T08:54:08+00:00
post	https://swechha.in/dharali-floods-whos-responsible-in-conversation-with-times-now/	2025-08-21T08:47:19+00:00
post	https://swechha.in/what-is-the-government-doing-for-air-pollution-in-delhi/	2025-08-21T08:41:53+00:00
post	https://swechha.in/learning-to-grow-with-swechha/	2025-08-21T07:59:36+00:00
post	https://swechha.in/climate-crisis-in-the-uk-and-europe/	2025-08-21T07:58:11+00:00
post	https://swechha.in/yamuna-yatra-2025/	2025-08-11T11:14:13+00:00
post	https://swechha.in/hawa-light-kar-challenge-air-pollution-campaign-with-chintan/	2023-04-05T11:41:49+00:00
post	https://swechha.in/global-recycling-day-with-acuity-knowledge-partners-workshop-on-urban-gardening-and-upcycling/	2023-04-04T06:18:15+00:00
post	https://swechha.in/she-leads-change-community-events/	2023-04-04T06:00:51+00:00
post	https://swechha.in/she-leads-change-showcases-in-schools/	2023-04-04T05:09:26+00:00
post	https://swechha.in/farm-school-educational-visit/	2023-04-03T10:12:00+00:00
post	https://swechha.in/low-carbon-future-participatory-workshop/	2021-06-14T13:12:48+00:00
post	https://swechha.in/contribute-to-indias-first-community-native-nursery/	2021-06-14T12:38:53+00:00
post	https://swechha.in/diy-masterclass-3-upcycling-with-meenakshi-sharma-founder-at-use-me-works/	2021-03-30T10:11:38+00:00
post	https://swechha.in/air-pollution-in-india-santosh-harish-in-conversation-with-vimlendu-jha/	2021-02-15T08:25:52+00:00
post	https://swechha.in/diy-masterclass-2-vermicomposting-managing-kitchen-waste/	2021-02-08T09:58:12+00:00
post	https://swechha.in/green-the-map-podcast-series-2-indias-law-governance-on-environment-in-conversation-with-kanchi-kohli/	2021-02-08T09:55:34+00:00
post	https://swechha.in/diy-masterclass-1-how-to-grow-your-own-food-for-beginners/	2021-02-08T09:49:55+00:00
post	https://swechha.in/green-the-map-podcast-series-1-clean-yamuna-a-roadmap-in-conversation-with-mr-manoj-mishra/	2021-02-08T09:46:56+00:00
post	https://swechha.in/virtual-panel-discussion-lgbtqia-leadership-in-times-of-covid-19/	2020-08-17T08:05:12+00:00
post	https://swechha.in/webinar-serious-sustainability-practices-praxis-awareness-level-1/	2020-08-17T07:58:46+00:00
post	https://swechha.in/in-conversation-with-mrs-susan-thomas-senior-educator-and-environment-enthusiast/	2020-08-14T08:40:14+00:00
post	https://swechha.in/webinar-on-butterfly-gardening-with-vivekanad-school/	2020-08-14T08:29:41+00:00
post	https://swechha.in/cinegreen-virtual-grand-finale/	2020-08-14T07:46:59+00:00
post	https://swechha.in/in-conversation-with-pragati-chaswal-founder-sowgood/	2020-08-14T07:46:41+00:00
post	https://swechha.in/adolescent-girls-learning-community-year-2-journey-film-digital-premier/	2020-05-28T08:41:22+00:00
post	https://swechha.in/post-covid-environment-mirage-or-hope/	2020-05-18T09:04:47+00:00
post	https://swechha.in/make-your-own-wind-chime-with-bamboo-mystics/	2020-04-16T14:33:53+00:00
post	https://swechha.in/urban-gardening-with-gpi-employees/	2020-04-16T14:31:26+00:00
post	https://swechha.in/greening-schools-program-with-amazon-india/	2020-04-16T14:29:26+00:00
post	https://swechha.in/me-to-we-job-exposure-camp-2/	2020-04-09T23:52:36+00:00
post	https://swechha.in/me-to-we-job-exposure-camp/	2020-04-09T23:52:07+00:00
post	https://swechha.in/me-to-we-educational-trip-to-bal-bhawan/	2020-01-17T12:13:58+00:00
post	https://swechha.in/me-to-we-job-exposure-camp-3/	2020-01-10T10:52:13+00:00
post	https://swechha.in/me-to-we-expousre-trip-visit-to-goonj/	2020-01-10T10:37:35+00:00
post	https://swechha.in/gram-anubhav-2019/	2020-01-09T10:12:29+00:00
post	https://swechha.in/school-programs-2019/	2020-01-07T08:53:58+00:00
post	https://swechha.in/monsoon-wooding-2019/	2019-11-05T12:28:18+00:00
post	https://swechha.in/learning-community-final-event-2019/	2019-11-05T08:57:34+00:00
post	https://swechha.in/azaadi-unlimited-2019/	2019-08-01T09:38:24+00:00
post	https://swechha.in/quote/	2019-07-30T05:24:49+00:00
post	https://swechha.in/lorax-gets-stage-debut/	2019-07-29T10:02:19+00:00
post	https://swechha.in/ngo-strives-at-planting-10k-trees/	2019-07-29T10:01:32+00:00
post	https://swechha.in/retail-therapy-going-green/	2019-07-29T10:00:37+00:00
post	https://swechha.in/planting-in-the-rains-2/	2019-07-29T09:59:37+00:00
post	https://swechha.in/students-initiative-to-raise-green-cover/	2019-07-29T09:58:53+00:00
post	https://swechha.in/mini-forest-in-backyard-2/	2019-07-29T09:57:50+00:00
post	https://swechha.in/and-a-forest-is-born-2/	2019-07-29T09:56:55+00:00
post	https://swechha.in/beloved-lifelines/	2019-07-29T09:56:04+00:00
post	https://swechha.in/for-environs-sake/	2019-07-29T09:55:15+00:00
post	https://swechha.in/now-eco-friendly-raincoat/	2019-07-29T09:54:26+00:00
post	https://swechha.in/youth-power/	2019-07-29T09:53:20+00:00
post	https://swechha.in/engaging-children-through-different-activities-is-a-great-way-for-them-to-learn-beyond-the-classroom/	2019-07-29T09:52:27+00:00
post	https://swechha.in/yamuna-talking-2/	2019-07-29T09:52:04+00:00
post	https://swechha.in/the-lorax-2/	2019-07-29T09:51:08+00:00
post	https://swechha.in/mending-the-gap-2/	2019-07-29T09:50:39+00:00
post	https://swechha.in/yamuna-talking/	2019-07-29T09:49:14+00:00
post	https://swechha.in/lunchbox17-building-a-better-life-one-tiffin-at-a-time/	2019-07-29T09:40:45+00:00
post	https://swechha.in/take-a-tiffin-treat-2/	2019-07-29T09:37:31+00:00
post	https://swechha.in/urban-gardening-grow-your-own-food-workshops/	2019-07-29T08:08:46+00:00
post	https://swechha.in/monthly-mixer-vol-5/	2019-07-29T07:44:52+00:00
post	https://swechha.in/upcycled-air-detox-planter-workshops-and-installations-with-national-geographic/	2019-07-29T07:22:57+00:00
post	https://swechha.in/cinegreen-launch-event-at-pvr-plaza/	2019-05-08T09:58:11+00:00
post	https://swechha.in/flash-mob-with-angels-network/	2019-05-07T12:50:58+00:00
post	https://swechha.in/yamuna-a-river-or-a-drain-walk-with-american-centre/	2019-05-07T12:41:05+00:00
post	https://swechha.in/yamuna-shramdaan-with-beam-suntory/	2019-05-07T12:40:27+00:00
post	https://swechha.in/eco-walks-2019/	2019-02-12T09:11:29+00:00
post	https://swechha.in/learning-community-2019-survey-mapping/	2019-01-24T09:05:52+00:00
post	https://swechha.in/winter-camp-and-showcase-2018/	2019-01-18T08:56:18+00:00
post	https://swechha.in/gram-anubhav-2018-december-21st-24th/	2019-01-03T07:09:40+00:00
post	https://swechha.in/country-with-a-mask-a-townhall-on-air-pollution/	2018-12-14T09:17:35+00:00
post	https://swechha.in/community-impact-project-with-sp-global-gurgaon/	2018-11-02T09:21:38+00:00
post	https://swechha.in/monthly-mixer-vol-4-green-entrepreneurs/	2018-11-02T07:45:37+00:00
post	https://swechha.in/monsoon-wooding-plantations-2018/	2018-10-23T07:28:04+00:00
post	https://swechha.in/monthly-mixer-vol-3-stories-of-trees/	2018-08-20T06:05:53+00:00
post	https://swechha.in/monthly-mixer-vol-2-featuring-mohit-mukherjee-samar-tarang-singh-and-poojan-sahil/	2018-07-30T11:06:18+00:00
post	https://swechha.in/community-impact-2018-with-sp-global/	2018-05-15T07:14:48+00:00
post	https://swechha.in/lets-build-an-insect-hotel/	2018-05-15T06:31:12+00:00
post	https://swechha.in/7782/	2018-05-15T06:30:42+00:00
post	https://swechha.in/nature-club/	2018-05-15T05:22:58+00:00
post	https://swechha.in/volunteers-day-at-airshed/	2018-05-14T07:35:16+00:00
post	https://swechha.in/birdwatching-at-airshed/	2018-02-28T09:36:50+00:00
post	https://swechha.in/pagdandi-utsav-2017-humara-manch/	2018-01-18T07:35:52+00:00
post	https://swechha.in/yamuna-shramdaan-2017-with-ivolunteer-and-synopsis/	2017-10-12T13:11:27+00:00
post	https://swechha.in/gram-anubhavs-2017/	2017-10-12T09:55:54+00:00
post	https://swechha.in/pagdandi-summer-school-2017/	2017-07-27T07:59:42+00:00
post	https://swechha.in/monsoon-wooding-plantations-2017/	2017-07-27T07:58:43+00:00
post	https://swechha.in/yamuna-shramdaan-2016/	2017-01-13T10:18:15+00:00
post	https://swechha.in/yamunotsav/	2017-01-13T08:18:50+00:00
post	https://swechha.in/azaad-pinjrey/	2017-01-13T08:06:59+00:00
post	https://swechha.in/pagdandi-annual-festival-2016/	2017-01-13T05:03:20+00:00
post	https://swechha.in/yamuna-shramdaan-2014/	2017-01-13T05:02:03+00:00
post	https://swechha.in/tell-a-tale-of-mangoes/	2016-12-28T12:24:30+00:00
post	https://swechha.in/monsoon-wooding/	2016-10-14T09:13:37+00:00
post	https://swechha.in/pagdandi/	2016-10-14T07:20:32+00:00
post	https://swechha.in/gram-anubhav-2016/	2016-10-13T12:58:45+00:00
post	https://swechha.in/cyon/	2015-07-28T06:21:18+00:00
post	https://swechha.in/lb17/	2015-07-26T14:10:17+00:00
post	https://swechha.in/broken-flower/	2015-07-26T14:10:16+00:00
post	https://swechha.in/care-about-educators/	2015-07-26T14:10:16+00:00
post	https://swechha.in/glasses-rally/	2015-07-26T14:10:16+00:00
post	https://swechha.in/if-tomorrow-starts-without-me/	2015-07-26T14:10:16+00:00
post	https://swechha.in/home-food-away-from-home-food-lunchbox-17/	2015-07-26T14:10:16+00:00
post	https://swechha.in/hello-world/	2015-07-26T14:10:16+00:00
post	https://swechha.in/monsoon-wooding-2014/	2015-07-26T14:10:15+00:00
post	https://swechha.in/take-a-tiffin-treat/	2015-07-26T14:10:15+00:00
post	https://swechha.in/and-a-forest-is-born/	2015-07-26T14:10:15+00:00
post	https://swechha.in/upcycle-and-upscale/	2015-07-26T14:10:15+00:00
post	https://swechha.in/cyclothon-2012/	2015-07-26T14:10:15+00:00
post	https://swechha.in/spotted-stop-it/	2015-07-26T14:10:15+00:00
post	https://swechha.in/planting-in-the-rains/	2015-07-26T14:09:52+00:00
post	https://swechha.in/pedal-for-yamuna-river/	2015-07-26T14:09:52+00:00
post	https://swechha.in/a-rather-ridiculous-gap/	2015-07-26T14:09:52+00:00
post	https://swechha.in/mini-forest-in-backyard/	2015-07-26T14:09:52+00:00
post	https://swechha.in/the-lorax/	2015-07-26T14:09:52+00:00
post	https://swechha.in/cnn-ibn-influence-fellowship/	2015-07-26T14:09:52+00:00
post	https://swechha.in/making-yamuna-trash-free/	2015-07-26T14:09:52+00:00
post	https://swechha.in/fall-of-the-yamuna/	2015-07-26T14:09:52+00:00
post	https://swechha.in/on-earth-day-young-blood-to-the-rescue/	2015-07-26T14:09:51+00:00
post	https://swechha.in/mending-the-gap/	2015-07-26T14:09:51+00:00
post	https://swechha.in/he-has-a-cause-and-yamuna-gets-a-lifeline/	2015-07-26T14:09:51+00:00
post	https://swechha.in/month-long-campaign-to-clean-up-yamuna/	2015-07-26T14:09:51+00:00
post	https://swechha.in/youth-leadership-training-prog/	2015-07-26T14:09:51+00:00
post	https://swechha.in/rebels-causes/	2015-07-26T14:09:51+00:00
post	https://swechha.in/green-mile/	2015-07-26T14:09:51+00:00
post	https://swechha.in/before-the-river-runs-dry/	2015-07-26T14:09:51+00:00
post	https://swechha.in/we-for-yamuna-and-you/	2015-07-26T14:09:50+00:00
post	https://swechha.in/youngsters-for-yamuna/	2015-07-26T14:09:50+00:00
post	https://swechha.in/14-year-old-clicks-to-save-the-yamuna/	2015-07-26T14:09:50+00:00
post	https://swechha.in/50-young-hands-to-clean-our-neglected-river/	2015-07-26T14:09:50+00:00
page	https://swechha.in/	2026-01-09T10:00:56+00:00
page	https://swechha.in/programs/	2026-01-20T10:00:13+00:00
page	https://swechha.in/resources-mainpage/	2026-01-15T12:34:59+00:00
page	https://swechha.in/building-narratives-for-sustainability/	2026-01-15T09:58:25+00:00
page	https://swechha.in/swechha-farm-school-sustainability-non-traditional-educatio/	2026-01-15T09:26:45+00:00
page	https://swechha.in/sustainable-agriculture-and-integrated-development/	2026-01-09T12:30:57+00:00
page	https://swechha.in/resilient-and-equitable-communities/	2026-01-09T12:01:09+00:00
page	https://swechha.in/sustainable-cities-and-ecology/	2026-01-09T11:49:49+00:00
page	https://swechha.in/sustainable-lifestyles-and-education/	2026-01-09T11:34:05+00:00
page	https://swechha.in/contact-us/	2026-01-09T10:14:29+00:00
page	https://swechha.in/green-economy-and-enterprise/	2026-01-09T10:01:08+00:00
page	https://swechha.in/swechha-blog-stories/	2025-08-21T07:55:46+00:00
page	https://swechha.in/in-the-news/	2025-08-21T07:40:06+00:00
page	https://swechha.in/about-us-environment-ngo/	2025-08-12T09:24:48+00:00
page	https://swechha.in/get-involved/	2025-06-18T06:48:14+00:00
page	https://swechha.in/donate-mainpage/	2022-04-08T12:21:38+00:00
page	https://swechha.in/events-mainpage/	2020-08-19T07:25:26+00:00
page	https://swechha.in/privacy-draft/	2019-07-29T13:34:53+00:00
page	https://swechha.in/6220-2/	2015-07-25T07:21:47+00:00
attachment	https://swechha.in/profile/chhavi-agarwal/profile_pic/	2025-09-03T12:37:47+00:00
attachment	https://swechha.in/open-mic-night-at-remakery/20250829_203443/	2025-09-03T09:19:57+00:00
attachment	https://swechha.in/open-mic-night-at-remakery/20250829_183239/	2025-09-03T09:19:52+00:00
attachment	https://swechha.in/open-mic-night-at-remakery/img_8792/	2025-09-03T09:19:46+00:00
attachment	https://swechha.in/open-mic-night-at-remakery/20250829_183659/	2025-09-03T09:19:46+00:00
attachment	https://swechha.in/open-mic-night-at-remakery/img_8810/	2025-09-03T09:19:45+00:00
attachment	https://swechha.in/open-mic-night-at-remakery/img_8791/	2025-09-03T09:19:45+00:00
attachment	https://swechha.in/open-mic-night-at-remakery/img_8819/	2025-09-03T09:19:45+00:00
attachment	https://swechha.in/open-mic-night-at-remakery/20250829_200031/	2025-09-03T09:19:42+00:00
attachment	https://swechha.in/open-mic-night-at-remakery/20250829_184104/	2025-09-03T09:19:42+00:00
attachment	https://swechha.in/open-mic-night-at-remakery/20250829_200026/	2025-09-03T09:19:34+00:00
attachment	https://swechha.in/open-mic-night-at-remakery/20250829_203535/	2025-09-03T09:19:34+00:00
attachment	https://swechha.in/open-mic-night-at-remakery/img_8817/	2025-09-03T09:19:33+00:00
attachment	https://swechha.in/open-mic-night-at-remakery/20250829_191110/	2025-09-03T09:19:32+00:00
attachment	https://swechha.in/open-mic-night-at-remakery/img_8824/	2025-09-03T09:19:32+00:00
attachment	https://swechha.in/open-mic-night-at-remakery/img_8797/	2025-09-03T09:19:31+00:00
attachment	https://swechha.in/profile/ashim-bery/img20230618153312/	2025-08-29T09:23:50+00:00
attachment	https://swechha.in/profile/srija-bandyopadhyaya/20250710_120816-1/	2025-08-29T09:08:52+00:00
attachment	https://swechha.in/profile/nikhil/img_9352-3-1-2/	2025-08-29T08:59:59+00:00
attachment	https://swechha.in/profile/nikhil/img_9352-3-1/	2025-08-29T08:56:59+00:00
attachment	https://swechha.in/profile/anushka-sree/img_7537-1/	2025-08-29T08:51:31+00:00
attachment	https://swechha.in/untitled-design-1-1/	2025-08-29T07:58:02+00:00
attachment	https://swechha.in/a-non-traditional/	2025-08-29T07:33:58+00:00
attachment	https://swechha.in/a-non-traditional-1-2/	2025-08-29T07:33:28+00:00
attachment	https://swechha.in/a-non-traditional-2/	2025-08-29T07:33:06+00:00
attachment	https://swechha.in/a-non-traditional-3/	2025-08-29T07:32:48+00:00
attachment	https://swechha.in/a-non-traditional-4/	2025-08-29T07:32:25+00:00
attachment	https://swechha.in/slider3/	2025-08-21T10:05:15+00:00
attachment	https://swechha.in/slider4/	2025-08-21T10:05:15+00:00
attachment	https://swechha.in/slider-landfill/	2025-08-21T10:05:15+00:00
attachment	https://swechha.in/yamuna-yatra-slide/	2025-08-21T10:05:15+00:00
attachment	https://swechha.in/slider-2/	2025-08-21T10:05:15+00:00
attachment	https://swechha.in/5-5/	2025-08-21T10:03:01+00:00
attachment	https://swechha.in/4-6/	2025-08-21T10:02:42+00:00
attachment	https://swechha.in/3-5/	2025-08-21T10:02:21+00:00
attachment	https://swechha.in/2-4/	2025-08-21T10:01:57+00:00
attachment	https://swechha.in/1-8/	2025-08-21T10:01:41+00:00
attachment	https://swechha.in/a-non-traditional-1/	2025-08-21T10:01:29+00:00
attachment	https://swechha.in/new-delhi-brochure-cover_page-0001/	2025-08-21T09:33:02+00:00
attachment	https://swechha.in/cover-image_page-0001-2/	2025-08-21T09:26:22+00:00
attachment	https://swechha.in/cover-image_page-0001/	2025-08-21T09:25:48+00:00
attachment	https://swechha.in/a-fight-to-save-yamuna-swechha-in-the-news/wn7ofwlefls-hq/	2025-08-21T09:18:15+00:00
attachment	https://swechha.in/swechhas-influence-fellowship-featured-on-cnn/5wnm0sp57hq-sd/	2025-08-21T09:15:17+00:00
attachment	https://swechha.in/cnn-news18s-the-breakfast-club-interview-with-vimlendu-jha-on-heatwaves-in-india-2025/kw_2obxe2c8-sd/	2025-08-21T09:09:56+00:00
attachment	https://swechha.in/uttarkashi-flash-floods-what-is-happening/to1o4cev2-e-hd/	2025-08-21T09:07:36+00:00
attachment	https://swechha.in/swechhas-airshed-park-in-the-news/dgmvheoucl8-hq/	2025-08-21T09:05:03+00:00
attachment	https://swechha.in/monsoon-wooding-20016-in-the-news/cfflm6h2gmw-sd/	2025-08-21T09:02:51+00:00
attachment	https://swechha.in/swechha-on-ndtv-prime/yrvsh-pwags-hq-1/	2025-08-21T08:59:33+00:00
attachment	https://swechha.in/whats-choking-delhi-vimlendu-jha-in-conversation-with-rahul-gandhi/img_6434/	2025-08-21T08:53:29+00:00
attachment	https://swechha.in/dharali-floods-whos-responsible-in-conversation-with-times-now/screenshot-120/	2025-08-21T08:45:23+00:00
attachment	https://swechha.in/what-is-the-government-doing-for-air-pollution-in-delhi/screenshot-119/	2025-08-21T08:40:43+00:00
attachment	https://swechha.in/1-7/	2025-08-21T06:08:00+00:00
attachment	https://swechha.in/468596579_10161063241132896_3564947245687694276_n/	2025-08-13T12:14:08+00:00
attachment	https://swechha.in/468500724_10161063241122896_4923268982530592534_n/	2025-08-13T12:14:04+00:00
attachment	https://swechha.in/468499869_10161063241162896_1976753122161489140_n/	2025-08-13T12:14:01+00:00
attachment	https://swechha.in/468499649_10161063239402896_25981713040198641_n/	2025-08-13T12:13:57+00:00
attachment	https://swechha.in/468447892_10161125711277896_7849643420630830080_n/	2025-08-13T12:13:53+00:00
attachment	https://swechha.in/468433447_10161063239397896_4544173827776856193_n/	2025-08-13T12:13:49+00:00
attachment	https://swechha.in/468427902_10161063241137896_3254619756255702049_n/	2025-08-13T12:13:46+00:00
attachment	https://swechha.in/468406915_10161063239422896_7400140520976748188_n/	2025-08-13T12:13:44+00:00
attachment	https://swechha.in/468398805_10161063239407896_1232403979815059644_n/	2025-08-13T12:13:41+00:00
attachment	https://swechha.in/468190809_10161063241127896_5100069530545653505_n/	2025-08-13T12:13:28+00:00
attachment	https://swechha.in/468159309_10161063239382896_8541971051518322101_n/	2025-08-13T12:13:24+00:00
attachment	https://swechha.in/468145871_10161063239392896_5339843126232620369_n/	2025-08-13T12:13:21+00:00
attachment	https://swechha.in/468100226_10161063241152896_3099153199474081196_n/	2025-08-13T12:13:17+00:00
attachment	https://swechha.in/img-20190918-wa0079/	2025-08-13T12:12:10+00:00
attachment	https://swechha.in/img-20190918-wa0076-2/	2025-08-13T12:12:02+00:00
attachment	https://swechha.in/img-20190918-wa0085-2/	2025-08-13T12:11:53+00:00
attachment	https://swechha.in/img-20190918-wa0078/	2025-08-13T12:11:44+00:00
attachment	https://swechha.in/img-20190918-wa0081/	2025-08-13T12:11:36+00:00
attachment	https://swechha.in/img-20190923-wa0010/	2025-08-13T12:11:27+00:00
attachment	https://swechha.in/img-20190923-wa0005/	2025-08-13T12:11:20+00:00
attachment	https://swechha.in/untitled-1080-x-500-px-1024x474/	2025-08-12T11:14:05+00:00
attachment	https://swechha.in/images-2/	2025-08-12T11:14:03+00:00
attachment	https://swechha.in/images-1/	2025-08-12T11:14:00+00:00
attachment	https://swechha.in/images/	2025-08-12T11:13:56+00:00
attachment	https://swechha.in/amazon-official-logo-7017516947919651epoyhkqor/	2025-08-12T11:13:49+00:00
attachment	https://swechha.in/adobe-logo-png-02611/	2025-08-12T11:13:43+00:00
attachment	https://swechha.in/img_5212-5/	2025-08-12T10:45:52+00:00
attachment	https://swechha.in/img_20250214_104350/	2025-08-12T10:45:29+00:00
attachment	https://swechha.in/img_20250214_104336/	2025-08-12T10:45:20+00:00
attachment	https://swechha.in/fd4662fb-db26-4b63-9a69-f2e09387e1e5/	2025-08-12T10:45:12+00:00
attachment	https://swechha.in/img_20250214_104328/	2025-08-12T10:45:05+00:00
attachment	https://swechha.in/img_5212-4/	2025-08-12T10:44:56+00:00
attachment	https://swechha.in/naturescapes-sirmaur-camp-the-shriram-millennium-school-noida/20250725_135827/	2025-08-11T11:27:17+00:00
attachment	https://swechha.in/naturescapes-sirmaur-camp-the-shriram-millennium-school-noida/20250725_135114/	2025-08-11T11:27:02+00:00
attachment	https://swechha.in/naturescapes-sirmaur-camp-the-shriram-millennium-school-noida/20250725_125103/	2025-08-11T11:26:36+00:00
attachment	https://swechha.in/naturescapes-sirmaur-camp-the-shriram-millennium-school-noida/20250725_125058/	2025-08-11T11:26:31+00:00
attachment	https://swechha.in/naturescapes-sirmaur-camp-the-shriram-millennium-school-noida/20250725_124507/	2025-08-11T11:26:04+00:00
attachment	https://swechha.in/naturescapes-sirmaur-camp-the-shriram-millennium-school-noida/20250725_123158/	2025-08-11T11:25:49+00:00
attachment	https://swechha.in/naturescapes-sirmaur-camp-the-shriram-millennium-school-noida/20250725_122550/	2025-08-11T11:25:32+00:00
attachment	https://swechha.in/naturescapes-sirmaur-camp-the-shriram-millennium-school-noida/20250725_121638/	2025-08-11T11:25:10+00:00
attachment	https://swechha.in/naturescapes-sirmaur-camp-the-shriram-millennium-school-noida/20250725_121328/	2025-08-11T11:24:49+00:00
attachment	https://swechha.in/naturescapes-sirmaur-camp-the-shriram-millennium-school-noida/20250725_115327/	2025-08-11T11:24:28+00:00
attachment	https://swechha.in/naturescapes-sirmaur-camp-the-shriram-millennium-school-noida/20250725_114211/	2025-08-11T11:24:13+00:00
attachment	https://swechha.in/naturescapes-sirmaur-camp-the-shriram-millennium-school-noida/20250725_113936/	2025-08-11T11:23:58+00:00
attachment	https://swechha.in/naturescapes-sirmaur-camp-the-shriram-millennium-school-noida/20250725_091007/	2025-08-11T11:23:35+00:00
attachment	https://swechha.in/naturescapes-sirmaur-camp-the-shriram-millennium-school-noida/20250724_174946/	2025-08-11T11:23:25+00:00
attachment	https://swechha.in/naturescapes-sirmaur-camp-the-shriram-millennium-school-noida/20250724_174742/	2025-08-11T11:23:14+00:00
attachment	https://swechha.in/naturescapes-sirmaur-camp-the-shriram-millennium-school-noida/20250724_134759-1/	2025-08-11T11:21:42+00:00
attachment	https://swechha.in/yamuna-yatra-2025/0a822456-6168-43d5-bd28-9844e5d6e664/	2025-08-11T11:13:25+00:00
attachment	https://swechha.in/yamuna-yatra-2025/0e9eaf09-51d7-4f38-aced-008135f9d885/	2025-08-11T11:13:19+00:00
attachment	https://swechha.in/yamuna-yatra-2025/3c331ee5-0901-4b0b-bff0-fae8d41203d7/	2025-08-11T11:13:12+00:00
attachment	https://swechha.in/yamuna-yatra-2025/076ec040-4298-4a54-ad87-c5028bc4ecc3/	2025-08-11T11:12:38+00:00
attachment	https://swechha.in/yamuna-yatra-2025/954b93d1-7f31-4a37-805a-5876b1de325f/	2025-08-11T11:12:25+00:00
attachment	https://swechha.in/yamuna-yatra-2025/6804bc3a-132c-4f9e-b8a7-a4efbaae5619/	2025-08-11T11:12:09+00:00
attachment	https://swechha.in/yamuna-yatra-2025/9676cf5f-0dcc-46a2-94d2-f1690dffbd58/	2025-08-11T11:11:26+00:00
attachment	https://swechha.in/yamuna-yatra-2025/fe1fa400-9a13-4d16-b1e6-f4e720927314/	2025-08-11T11:10:35+00:00
attachment	https://swechha.in/yamuna-yatra-2025/ff4d137f-9a33-4037-bb15-0095bda4017d/	2025-08-11T11:09:14+00:00
attachment	https://swechha.in/yamuna-yatra-2025/dd4d9418-835a-4886-9ea8-bfc2753a1ff0/	2025-08-11T11:07:56+00:00
attachment	https://swechha.in/yamuna-yatra-2025/img_4149/	2025-08-11T11:07:54+00:00
attachment	https://swechha.in/yamuna-yatra-2025/img_4353/	2025-08-11T11:07:37+00:00
attachment	https://swechha.in/yamuna-yatra-2025/img_4349/	2025-08-11T11:07:20+00:00
attachment	https://swechha.in/yamuna-yatra-2025/img_4408/	2025-08-11T11:07:05+00:00
attachment	https://swechha.in/yamuna-yatra-2025/img_4415/	2025-08-11T11:06:45+00:00
attachment	https://swechha.in/yamuna-yatra-2025/img_4797/	2025-08-11T11:06:28+00:00
attachment	https://swechha.in/yamuna-yatra-2025/img_4800/	2025-08-11T11:06:16+00:00
attachment	https://swechha.in/yamuna-yatra-2025/img_5152/	2025-08-11T11:05:54+00:00
attachment	https://swechha.in/yamuna-yatra-2025/img_5039/	2025-08-11T11:05:35+00:00
attachment	https://swechha.in/yamuna-yatra-2025/img_5085/	2025-08-11T11:05:21+00:00
attachment	https://swechha.in/2-week-training-on-solid-waste-management-in-kanpur-with-purpose-india/485728724_1075424274615218_7508104055607218002_n-1/	2025-08-11T10:42:12+00:00
attachment	https://swechha.in/2-week-training-on-solid-waste-management-in-kanpur-with-purpose-india/485727068_1075424284615217_9097989859354641264_n-1/	2025-08-11T10:41:23+00:00
attachment	https://swechha.in/2-week-training-on-solid-waste-management-in-kanpur-with-purpose-india/485696876_1075424024615243_5543817935787885304_n-1/	2025-08-11T10:40:21+00:00
attachment	https://swechha.in/2-week-training-on-solid-waste-management-in-kanpur-with-purpose-india/485696694_1075424154615230_1830955580052410278_n-1/	2025-08-11T10:39:31+00:00
attachment	https://swechha.in/2-week-training-on-solid-waste-management-in-kanpur-with-purpose-india/485694410_1075424081281904_4949926243622636545_n-1/	2025-08-11T10:38:42+00:00
attachment	https://swechha.in/2-week-training-on-solid-waste-management-in-kanpur-with-purpose-india/485636413_1075424144615231_592100965089783914_n-1/	2025-08-11T10:38:27+00:00
attachment	https://swechha.in/2-week-training-on-solid-waste-management-in-kanpur-with-purpose-india/485728724_1075424274615218_7508104055607218002_n/	2025-08-11T10:37:49+00:00
attachment	https://swechha.in/2-week-training-on-solid-waste-management-in-kanpur-with-purpose-india/485727068_1075424284615217_9097989859354641264_n/	2025-08-11T10:37:43+00:00
attachment	https://swechha.in/2-week-training-on-solid-waste-management-in-kanpur-with-purpose-india/485386106_1075424127948566_6372956726343684401_n-1/	2025-08-11T10:37:34+00:00
attachment	https://swechha.in/2-week-training-on-solid-waste-management-in-kanpur-with-purpose-india/485696876_1075424024615243_5543817935787885304_n/	2025-08-11T10:37:34+00:00
attachment	https://swechha.in/2-week-training-on-solid-waste-management-in-kanpur-with-purpose-india/485696694_1075424154615230_1830955580052410278_n/	2025-08-11T10:37:26+00:00
attachment	https://swechha.in/2-week-training-on-solid-waste-management-in-kanpur-with-purpose-india/485694410_1075424081281904_4949926243622636545_n/	2025-08-11T10:37:20+00:00
attachment	https://swechha.in/2-week-training-on-solid-waste-management-in-kanpur-with-purpose-india/485636413_1075424144615231_592100965089783914_n/	2025-08-11T10:37:13+00:00
attachment	https://swechha.in/2-week-training-on-solid-waste-management-in-kanpur-with-purpose-india/485386106_1075424127948566_6372956726343684401_n/	2025-08-11T10:37:06+00:00
attachment	https://swechha.in/2-week-training-on-solid-waste-management-in-kanpur-with-purpose-india/485380216_1075424371281875_6640186296591582551_n-1/	2025-08-11T10:37:01+00:00
attachment	https://swechha.in/2-week-training-on-solid-waste-management-in-kanpur-with-purpose-india/485380216_1075424371281875_6640186296591582551_n/	2025-08-11T10:36:57+00:00
attachment	https://swechha.in/2-week-training-on-solid-waste-management-in-kanpur-with-purpose-india/485356409_1075424167948562_97701679920480360_n-2/	2025-08-11T10:36:50+00:00
attachment	https://swechha.in/2-week-training-on-solid-waste-management-in-kanpur-with-purpose-india/485356409_1075424167948562_97701679920480360_n/	2025-08-11T10:36:05+00:00
attachment	https://swechha.in/?attachment_id=25446	2025-08-11T10:26:15+00:00
attachment	https://swechha.in/?attachment_id=25445	2025-08-11T10:26:08+00:00
attachment	https://swechha.in/?attachment_id=25444	2025-08-11T10:26:02+00:00
attachment	https://swechha.in/?attachment_id=25443	2025-08-11T10:25:55+00:00
attachment	https://swechha.in/?attachment_id=25442	2025-08-11T10:25:50+00:00
attachment	https://swechha.in/?attachment_id=25441	2025-08-11T10:25:45+00:00
attachment	https://swechha.in/?attachment_id=25440	2025-08-11T10:25:39+00:00
attachment	https://swechha.in/?attachment_id=25439	2025-08-11T10:25:32+00:00
attachment	https://swechha.in/?attachment_id=25438	2025-08-11T10:25:27+00:00
attachment	https://swechha.in/?attachment_id=25437	2025-08-11T10:25:21+00:00
attachment	https://swechha.in/?attachment_id=25436	2025-08-11T10:25:15+00:00
attachment	https://swechha.in/?attachment_id=25435	2025-08-11T10:25:09+00:00
attachment	https://swechha.in/?attachment_id=25434	2025-08-11T10:25:04+00:00
attachment	https://swechha.in/?attachment_id=25433	2025-08-11T10:24:57+00:00
attachment	https://swechha.in/?attachment_id=25432	2025-08-11T10:24:50+00:00
attachment	https://swechha.in/?attachment_id=25431	2025-08-11T10:24:45+00:00
attachment	https://swechha.in/?attachment_id=25430	2025-08-11T10:24:38+00:00
attachment	https://swechha.in/?attachment_id=25429	2025-08-11T10:24:32+00:00
attachment	https://swechha.in/?attachment_id=25428	2025-08-11T10:24:26+00:00
attachment	https://swechha.in/project/city-scapes/img_20250131_101131-2/	2025-08-11T10:11:10+00:00
attachment	https://swechha.in/naturescapes-manual-sariska-tiger-reserve-final-3/	2025-08-11T09:34:13+00:00
attachment	https://swechha.in/naturescapes-manual-sariska-tiger-reserve-final-2/	2025-08-11T09:31:12+00:00
attachment	https://swechha.in/naturescapes-manual-sariska-tiger-reserve-final-1/	2025-08-11T09:25:28+00:00
attachment	https://swechha.in/naturescapes-manual-sariska-tiger-reserve-final/	2025-08-11T09:17:13+00:00
attachment	https://swechha.in/naturescapes-manual-sirmaur-final/	2025-08-11T09:16:09+00:00
attachment	https://swechha.in/project/green-creeps/13416994_888435204617340_6228478821504591638_o/	2025-08-11T08:21:47+00:00
attachment	https://swechha.in/project/monsoon-wooding/20933807_10154959604107896_1723023516950511575_o/	2025-08-11T08:20:26+00:00
attachment	https://swechha.in/23000318_10155147809807896_2681637881313496888_o/	2025-08-11T08:14:28+00:00
attachment	https://swechha.in/21016151_10154959605927896_1744485226566891409_o/	2025-08-11T08:13:12+00:00
attachment	https://swechha.in/project/farm-school-community-development/485302748_1075415781282734_2395404161532225065_n/	2025-08-11T08:10:31+00:00
attachment	https://swechha.in/how-to-grow-azola-grass/	2025-08-11T08:05:41+00:00
attachment	https://swechha.in/20230319_151624/	2025-08-11T08:05:12+00:00
attachment	https://swechha.in/20230319_150658/	2025-08-11T08:04:39+00:00
attachment	https://swechha.in/20230319_150658-1/	2025-08-11T08:04:11+00:00
attachment	https://swechha.in/20230319_143607/	2025-08-11T08:03:44+00:00
attachment	https://swechha.in/img_20230607_100143-1/	2025-08-11T08:03:13+00:00
attachment	https://swechha.in/img_20230607_100139-1/	2025-08-11T08:02:52+00:00
attachment	https://swechha.in/img-20240712-wa0060/	2025-08-11T07:56:44+00:00
attachment	https://swechha.in/img-20240712-wa0054/	2025-08-11T07:41:37+00:00
attachment	https://swechha.in/img_20250131_101131/	2025-08-11T07:02:01+00:00
attachment	https://swechha.in/img-20240311-wa0024/	2025-08-11T06:57:56+00:00
attachment	https://swechha.in/69327397_10156744384082896_1213881543102038016_n/	2025-08-08T12:02:51+00:00
attachment	https://swechha.in/2c3a6c3d-8299-4bd8-835a-a46e58f855bb/	2025-08-08T11:49:35+00:00
attachment	https://swechha.in/img-20221119-wa0067-1/	2025-08-08T11:44:01+00:00
attachment	https://swechha.in/69795543_10156744383472896_6199642501293277184_n/	2025-08-08T11:30:27+00:00
attachment	https://swechha.in/463955250_18442446346069638_9170909146394810264_n/	2025-08-08T11:29:44+00:00
attachment	https://swechha.in/508940604_18485337970069638_3445417818874655045_n/	2025-08-08T11:29:23+00:00
attachment	https://swechha.in/464183681_18442446325069638_5338277514414485235_n/	2025-08-08T11:27:57+00:00
attachment	https://swechha.in/img-20200129-wa0016-2/	2025-08-08T11:26:19+00:00
attachment	https://swechha.in/69317240_10156744383937896_1492715316789116928_n/	2025-08-08T11:25:46+00:00
attachment	https://swechha.in/screenshot_20240913-131106/	2025-08-08T11:23:34+00:00
attachment	https://swechha.in/img-20240310-wa0019-1/	2025-08-08T11:21:11+00:00
attachment	https://swechha.in/img_20230214_083311-2/	2025-08-08T11:20:27+00:00
attachment	https://swechha.in/d03-img-girl-white-jpg/	2025-08-08T09:58:13+00:00
attachment	https://swechha.in/d03-img-watch-minimal-jpg/	2025-08-08T09:58:13+00:00
attachment	https://swechha.in/d03-img-blue-rose-jpg/	2025-08-08T09:58:13+00:00
attachment	https://swechha.in/project/farm-school/img_5212-3/	2025-08-08T09:48:50+00:00
attachment	https://swechha.in/20250725_122418/	2025-08-08T09:30:42+00:00
attachment	https://swechha.in/20250725_091253/	2025-08-08T09:30:18+00:00
attachment	https://swechha.in/20250724_134759/	2025-08-08T09:29:57+00:00
attachment	https://swechha.in/468192637_10161040911302896_6394571144795549642_n/	2025-08-08T09:25:42+00:00
attachment	https://swechha.in/fb_img_1707982341416/	2025-08-08T09:16:54+00:00
attachment	https://swechha.in/img_3769/	2025-08-08T09:09:42+00:00
attachment	https://swechha.in/img_5212-2/	2025-08-08T08:59:49+00:00
attachment	https://swechha.in/img_5212/	2025-08-08T08:59:23+00:00
attachment	https://swechha.in/img-20191118-wa0020-2/	2025-08-08T08:54:02+00:00
attachment	https://swechha.in/462d4337df5785f9445c67e6c2257ee9-jpg/	2025-08-07T06:32:20+00:00
attachment	https://swechha.in/0908f8d1fc1e3ea05f58fb769fd04251-jpg/	2025-08-07T06:32:20+00:00
attachment	https://swechha.in/4b6db53b7b17a4ddb7022184916aab72-jpg/	2025-08-07T06:32:19+00:00
attachment	https://swechha.in/da2d81ba085e70004a736e5e1c12892f-jpg/	2025-08-07T06:31:54+00:00
attachment	https://swechha.in/326472cd5229699b0c2ba49eab33ef1e-jpg/	2025-08-07T06:31:49+00:00
attachment	https://swechha.in/3be8c58084e22b14f30af9208b761347-jpg/	2025-08-07T06:31:48+00:00
attachment	https://swechha.in/naturescapes-mukteshwar-camp-the-shriram-millennium-school-noida/img_20240523_103253-3/	2024-11-21T09:16:26+00:00
attachment	https://swechha.in/naturescapes-mukteshwar-camp-the-shriram-millennium-school-noida/img_20240523_090201-2/	2024-11-21T09:15:55+00:00
attachment	https://swechha.in/naturescapes-mukteshwar-camp-the-shriram-millennium-school-noida/img_20240523_115052-2/	2024-11-21T09:15:18+00:00
attachment	https://swechha.in/naturescapes-mukteshwar-camp-the-shriram-millennium-school-noida/img_20240523_115616/	2024-11-21T09:14:39+00:00
attachment	https://swechha.in/naturescapes-mukteshwar-camp-the-shriram-millennium-school-noida/img_20240523_142832-2/	2024-11-21T09:13:43+00:00
attachment	https://swechha.in/naturescapes-mukteshwar-camp-the-shriram-millennium-school-noida/img_20240524_104556-2/	2024-11-21T09:13:31+00:00
attachment	https://swechha.in/naturescapes-mukteshwar-camp-the-shriram-millennium-school-noida/img_20240523_103253-2/	2024-11-21T09:10:31+00:00
attachment	https://swechha.in/naturescapes-mukteshwar-camp-the-shriram-millennium-school-noida/img_20240523_110946-1/	2024-11-21T09:08:31+00:00
attachment	https://swechha.in/naturescapes-mukteshwar-camp-the-shriram-millennium-school-noida/img_20240524_104556/	2024-11-21T09:06:49+00:00
attachment	https://swechha.in/naturescapes-mukteshwar-camp-the-shriram-millennium-school-noida/img_20240523_103253/	2024-11-21T09:06:47+00:00
attachment	https://swechha.in/naturescapes-mukteshwar-camp-the-shriram-millennium-school-noida/img_20240524_104633-1/	2024-11-21T09:06:31+00:00
attachment	https://swechha.in/naturescapes-mukteshwar-camp-the-shriram-millennium-school-noida/img_20240524_172512-1/	2024-11-21T09:05:58+00:00
attachment	https://swechha.in/naturescapes-mukteshwar-camp-the-shriram-millennium-school-noida/img_20240523_115052/	2024-11-21T09:05:23+00:00
attachment	https://swechha.in/naturescapes-mukteshwar-camp-the-shriram-millennium-school-noida/img_20240523_090201/	2024-11-21T09:04:45+00:00
attachment	https://swechha.in/naturescapes-mukteshwar-camp-the-shriram-millennium-school-noida/img_20240523_110946/	2024-11-21T09:04:43+00:00
attachment	https://swechha.in/naturescapes-mukteshwar-camp-the-shriram-millennium-school-noida/img_20240523_142832/	2024-11-21T09:04:05+00:00
attachment	https://swechha.in/naturescapes-mukteshwar-camp-the-shriram-millennium-school-noida/img_20240524_104633/	2024-11-21T09:03:56+00:00
attachment	https://swechha.in/naturescapes-mukteshwar-camp-the-shriram-millennium-school-noida/img_20240524_172512/	2024-11-21T09:03:45+00:00
attachment	https://swechha.in/project/city-scapes/whatsapp-image-2024-03-19-at-13-41-38/	2024-03-20T09:42:14+00:00
attachment	https://swechha.in/project/green-action-in-schools/img-20240229-wa0047/	2024-03-20T09:38:56+00:00
attachment	https://swechha.in/project/bridge-the-gap/img-20240311-wa0021/	2024-03-20T09:09:28+00:00
attachment	https://swechha.in/img_20231222_104319/	2024-03-20T08:54:37+00:00
attachment	https://swechha.in/profile/anushka-sree/sanya-swechha-website-1/	2024-03-15T12:09:00+00:00
attachment	https://swechha.in/profile/nikhil/ashita-swechha-website-2/	2024-03-15T11:53:40+00:00
attachment	https://swechha.in/profile/nikhil/img-20240315-wa0011/	2024-03-15T07:34:30+00:00
attachment	https://swechha.in/profile/nikhil/img-20240315-wa0012/	2024-03-15T07:34:10+00:00
attachment	https://swechha.in/profile/nikhil/img-20240315-wa0008/	2024-03-15T07:33:51+00:00
attachment	https://swechha.in/img-20231221-wa0022/	2024-03-14T10:39:39+00:00
attachment	https://swechha.in/profile/ashim-bery/img-20240313-wa0018-3/	2024-03-14T09:28:30+00:00
attachment	https://swechha.in/profile/neeraj/img-20240311-wa0003/	2024-03-11T12:10:28+00:00
attachment	https://swechha.in/cyclone-biparjoy/	2023-08-14T11:19:58+00:00
attachment	https://swechha.in/download/	2023-08-14T11:19:54+00:00
attachment	https://swechha.in/biparjoy-swechha-blog-1080-x-1080-px/	2023-08-14T11:18:09+00:00
attachment	https://swechha.in/swechha-blog-template-1080-x-1080-px/	2023-08-07T12:05:14+00:00
attachment	https://swechha.in/179409-odrtxnledp-1662353007/	2023-08-07T11:59:10+00:00
attachment	https://swechha.in/members-of-a-rescue-team-row-their-boat-past-submerged-vehicles-following-torrential-rains-in-bengaluru/	2023-08-07T11:58:21+00:00
attachment	https://swechha.in/hawa-light-kar-challenge-air-pollution-campaign-with-chintan/hawa-light-kar-english-announcement/	2023-04-05T11:41:19+00:00
attachment	https://swechha.in/hawa-light-kar-challenge-air-pollution-campaign-with-chintan/img_20230317_154352-1/	2023-04-05T11:30:32+00:00
attachment	https://swechha.in/hawa-light-kar-challenge-air-pollution-campaign-with-chintan/img_20230317_154421-1/	2023-04-05T11:30:27+00:00
attachment	https://swechha.in/hawa-light-kar-challenge-air-pollution-campaign-with-chintan/img-20230320-wa0016-1/	2023-04-05T11:29:49+00:00
attachment	https://swechha.in/photo-2-s_deshpande-sarma/	2023-04-05T10:55:22+00:00
attachment	https://swechha.in/s_deshpande-sarma-photo/	2023-04-05T06:12:28+00:00
attachment	https://swechha.in/global-recycling-day-with-acuity-knowledge-partners-workshop-on-urban-gardening-and-upcycling/image_50740481/	2023-04-04T06:08:24+00:00
attachment	https://swechha.in/global-recycling-day-with-acuity-knowledge-partners-workshop-on-urban-gardening-and-upcycling/image_50739457/	2023-04-04T06:08:24+00:00
attachment	https://swechha.in/global-recycling-day-with-acuity-knowledge-partners-workshop-on-urban-gardening-and-upcycling/image_50414849/	2023-04-04T06:08:24+00:00
attachment	https://swechha.in/global-recycling-day-with-acuity-knowledge-partners-workshop-on-urban-gardening-and-upcycling/image_50437633/	2023-04-04T06:08:24+00:00
attachment	https://swechha.in/global-recycling-day-with-acuity-knowledge-partners-workshop-on-urban-gardening-and-upcycling/image_50753793/	2023-04-04T06:08:19+00:00
attachment	https://swechha.in/global-recycling-day-with-acuity-knowledge-partners-workshop-on-urban-gardening-and-upcycling/image_50724865/	2023-04-04T06:08:19+00:00
attachment	https://swechha.in/global-recycling-day-with-acuity-knowledge-partners-workshop-on-urban-gardening-and-upcycling/image_50404353/	2023-04-04T06:08:17+00:00
attachment	https://swechha.in/global-recycling-day-with-acuity-knowledge-partners-workshop-on-urban-gardening-and-upcycling/image_50732289-1/	2023-04-04T06:08:16+00:00
attachment	https://swechha.in/global-recycling-day-with-acuity-knowledge-partners-workshop-on-urban-gardening-and-upcycling/image_50732289/	2023-04-04T06:07:17+00:00
attachment	https://swechha.in/she-leads-change-community-events/20230318_161945-2/	2023-04-04T05:27:19+00:00
attachment	https://swechha.in/she-leads-change-community-events/20230318_161756/	2023-04-04T05:26:54+00:00
attachment	https://swechha.in/she-leads-change-community-events/20230112_142533/	2023-04-04T05:26:20+00:00
attachment	https://swechha.in/she-leads-change-community-events/20230112_131740/	2023-04-04T05:25:53+00:00
attachment	https://swechha.in/she-leads-change-community-events/20230112_141348/	2023-04-04T05:25:28+00:00
attachment	https://swechha.in/she-leads-change-community-events/20230126_193400/	2023-04-04T05:25:15+00:00
attachment	https://swechha.in/she-leads-change-community-events/20230126_161156/	2023-04-04T05:24:53+00:00
attachment	https://swechha.in/she-leads-change-community-events/20230126_153646/	2023-04-04T05:24:35+00:00
attachment	https://swechha.in/she-leads-change-community-events/20230318_161945/	2023-04-04T05:22:59+00:00
attachment	https://swechha.in/she-leads-change-showcases-in-schools/20230304_114732/	2023-04-03T10:00:10+00:00
attachment	https://swechha.in/she-leads-change-showcases-in-schools/20230304_122455/	2023-04-03T10:00:10+00:00
attachment	https://swechha.in/she-leads-change-showcases-in-schools/20230304_115333/	2023-04-03T10:00:10+00:00
attachment	https://swechha.in/she-leads-change-showcases-in-schools/20230304_111322/	2023-04-03T10:00:10+00:00
attachment	https://swechha.in/she-leads-change-showcases-in-schools/20230304_110241-1/	2023-04-03T10:00:05+00:00
attachment	https://swechha.in/she-leads-change-showcases-in-schools/20230304_111509/	2023-04-03T10:00:02+00:00
attachment	https://swechha.in/she-leads-change-showcases-in-schools/20230304_112132/	2023-04-03T10:00:02+00:00
attachment	https://swechha.in/she-leads-change-showcases-in-schools/20230304_120616/	2023-04-03T10:00:02+00:00
attachment	https://swechha.in/she-leads-change-showcases-in-schools/20230304_105304-1/	2023-04-03T10:00:02+00:00
attachment	https://swechha.in/she-leads-change-showcases-in-schools/20230304_111548/	2023-04-03T10:00:02+00:00
attachment	https://swechha.in/she-leads-change-showcases-in-schools/20230304_110241/	2023-04-03T09:58:12+00:00
attachment	https://swechha.in/she-leads-change-showcases-in-schools/20230304_105304/	2023-04-03T09:57:35+00:00
attachment	https://swechha.in/profile/ashim-bery/img_20230124_213849_2/	2023-01-25T10:18:54+00:00
attachment	https://swechha.in/profile/ashim-bery/ashim-10/	2023-01-25T10:12:13+00:00
attachment	https://swechha.in/185253066_10158361591267896_4475564035390484253_n-1/	2023-01-13T06:28:43+00:00
attachment	https://swechha.in/185141832_10158361591507896_6812092676902849499_n-2/	2023-01-13T06:28:36+00:00
attachment	https://swechha.in/184874815_10158361591467896_6674904758165369796_n-1/	2023-01-13T06:28:31+00:00
attachment	https://swechha.in/img-20221228-wa0091/	2023-01-13T06:04:35+00:00
attachment	https://swechha.in/img-20221228-wa0072/	2023-01-13T06:04:28+00:00
attachment	https://swechha.in/img-20221228-wa0068/	2023-01-13T06:04:21+00:00
attachment	https://swechha.in/img-20221228-wa0062/	2023-01-13T06:04:14+00:00
attachment	https://swechha.in/img-20221228-wa0062-1/	2023-01-13T06:04:04+00:00
attachment	https://swechha.in/img-20221228-wa0039/	2023-01-13T06:03:53+00:00
attachment	https://swechha.in/img-20221228-wa0034/	2023-01-13T06:03:40+00:00
attachment	https://swechha.in/img_20221228_153831/	2023-01-13T06:03:22+00:00
attachment	https://swechha.in/img-20221022-wa0015/	2023-01-12T10:33:06+00:00
attachment	https://swechha.in/img-20221022-wa0028/	2023-01-12T10:30:17+00:00
attachment	https://swechha.in/img_20221228_135713-1/	2023-01-12T10:20:26+00:00
attachment	https://swechha.in/img_20221228_135713-3/	2023-01-12T10:18:15+00:00
attachment	https://swechha.in/img_20221228_135713-2/	2023-01-12T10:17:32+00:00
attachment	https://swechha.in/img_20221228_135713/	2023-01-12T10:17:00+00:00
attachment	https://swechha.in/img-20190918-wa0076/	2023-01-12T10:13:12+00:00
attachment	https://swechha.in/17e0d2fa-cad1-40cd-9e79-2a405c8ee2ea/	2022-09-07T08:10:31+00:00
attachment	https://swechha.in/7d9a4f19cb2b48e4437c848ef2cd0833-2/	2022-09-07T08:09:57+00:00
attachment	https://swechha.in/7d9a4f19cb2b48e4437c848ef2cd0833/	2022-09-07T07:12:51+00:00
attachment	https://swechha.in/asa-akmelia-u15zuwxjxyc-unsplash-5/	2022-09-07T07:12:38+00:00
attachment	https://swechha.in/pexels-roman-odintsov-8038563-2/	2022-09-07T07:12:20+00:00
attachment	https://swechha.in/pexels-roman-odintsov-8038563/	2022-09-07T07:02:52+00:00
attachment	https://swechha.in/asa-akmelia-u15zuwxjxyc-unsplash-4/	2022-09-07T07:02:19+00:00
attachment	https://swechha.in/matt-palmer-whj1vaqppsg-unsplash-2/	2022-09-07T07:01:58+00:00
attachment	https://swechha.in/asa-akmelia-u15zuwxjxyc-unsplash-3/	2022-09-07T07:01:37+00:00
attachment	https://swechha.in/matt-palmer-whj1vaqppsg-unsplash/	2022-09-07T07:01:08+00:00
attachment	https://swechha.in/asa-akmelia-u15zuwxjxyc-unsplash-2/	2022-09-07T06:59:58+00:00
attachment	https://swechha.in/asa-akmelia-u15zuwxjxyc-unsplash/	2022-09-07T06:59:34+00:00
attachment	https://swechha.in/637249832927900000/	2022-09-07T06:57:54+00:00
attachment	https://swechha.in/summer-wallpaper-iphone-idownloadblog-thunderstorm-lightning-1536x1536/	2022-09-07T06:53:45+00:00
attachment	https://swechha.in/dlpng_com_ocean_waves_wave_png_image_with_transparent_background___toppng_4648603-ocean-waves-wave-png-image-with-transparent-background-toppng-wave-png-no-background-851_566/	2022-09-07T06:49:58+00:00
attachment	https://swechha.in/56e26e66-02e8-4718-bd27-f461bd127ea6/	2022-09-07T06:31:30+00:00
attachment	https://swechha.in/61aca8f5-8252-4c8d-bc30-fe96f9aa30f7/	2022-09-07T06:23:34+00:00
attachment	https://swechha.in/img_1660/	2022-09-07T05:41:22+00:00
attachment	https://swechha.in/img_1659/	2022-09-07T05:41:07+00:00
attachment	https://swechha.in/img_1658/	2022-09-07T05:40:54+00:00
attachment	https://swechha.in/0d3c5e68fe37910554a0ee7b748b78b1ae03dcd0-jpeg/	2022-09-02T21:10:05+00:00
attachment	https://swechha.in/4dd7993c9db3bba2c82e2a8decadfb567b54cc1c-jpeg/	2022-08-26T11:36:04+00:00
attachment	https://swechha.in/whatsapp-image-2022-08-15-at-10-00-07-pm/	2022-08-15T17:28:37+00:00
attachment	https://swechha.in/whatsapp-image-2022-08-15-at-10-00-07-pm1/	2022-08-15T17:17:59+00:00
attachment	https://swechha.in/climate-crisis-in-the-uk-and-europe/whatsapp-image-2022-08-15-at-10-00-06-pm/	2022-08-15T17:09:30+00:00
attachment	https://swechha.in/whatsapp-image-2022-08-14-at-9-39-38-am/	2022-08-14T05:17:00+00:00
attachment	https://swechha.in/d03-img-tents-jpg/	2022-08-14T05:11:26+00:00
attachment	https://swechha.in/slide-9/	2022-08-13T17:17:50+00:00
attachment	https://swechha.in/slide/	2022-08-13T16:50:12+00:00
attachment	https://swechha.in/whatsapp-image-2022-08-04-at-11-04-51-am-1/	2022-08-04T08:51:32+00:00
attachment	https://swechha.in/whatsapp-image-2022-07-28-at-12/	2022-07-28T06:37:15+00:00
attachment	https://swechha.in/img-3489-1-2/	2022-07-28T06:13:43+00:00
attachment	https://swechha.in/profile/naveen/whatsapp-image-2022-07-27-at-1-25-45-pm/	2022-07-27T09:34:53+00:00
attachment	https://swechha.in/survey/	2022-07-07T11:15:23+00:00
attachment	https://swechha.in/mpmpmpmpp/	2022-07-07T06:53:46+00:00
attachment	https://swechha.in/docu/	2022-07-07T06:08:26+00:00
attachment	https://swechha.in/podies/	2022-07-07T06:08:16+00:00
attachment	https://swechha.in/assesss/	2022-07-05T12:08:07+00:00
attachment	https://swechha.in/proj/	2022-07-05T12:07:19+00:00
attachment	https://swechha.in/app/	2022-07-05T12:06:30+00:00
attachment	https://swechha.in/use/	2022-07-05T11:38:03+00:00
attachment	https://swechha.in/7-3/	2022-07-05T06:06:20+00:00
attachment	https://swechha.in/8-2/	2022-07-05T06:06:14+00:00
attachment	https://swechha.in/9-3/	2022-07-05T06:05:51+00:00
attachment	https://swechha.in/2-3/	2022-07-05T06:05:47+00:00
attachment	https://swechha.in/10-2/	2022-07-05T06:05:38+00:00
attachment	https://swechha.in/6-3/	2022-07-05T06:05:14+00:00
attachment	https://swechha.in/5-4/	2022-07-05T06:04:54+00:00
attachment	https://swechha.in/4-4/	2022-07-05T06:04:41+00:00
attachment	https://swechha.in/3-4/	2022-07-05T06:04:35+00:00
attachment	https://swechha.in/1-6/	2022-07-05T06:04:27+00:00
attachment	https://swechha.in/today-3/	2022-07-04T05:50:57+00:00
attachment	https://swechha.in/today-2/	2022-07-04T05:48:10+00:00
attachment	https://swechha.in/today/	2022-07-04T05:48:03+00:00
attachment	https://swechha.in/e/	2022-07-01T12:19:24+00:00
attachment	https://swechha.in/c/	2022-07-01T11:37:47+00:00
attachment	https://swechha.in/b/	2022-07-01T11:37:35+00:00
attachment	https://swechha.in/a/	2022-07-01T11:37:28+00:00
attachment	https://swechha.in/d/	2022-07-01T11:37:21+00:00
attachment	https://swechha.in/f/	2022-07-01T11:36:55+00:00
attachment	https://swechha.in/vc-10/	2022-07-01T07:11:52+00:00
attachment	https://swechha.in/vc-9/	2022-07-01T07:11:45+00:00
attachment	https://swechha.in/vc8/	2022-07-01T07:11:38+00:00
attachment	https://swechha.in/vc-7/	2022-07-01T07:11:32+00:00
attachment	https://swechha.in/vc-6/	2022-07-01T07:11:23+00:00
attachment	https://swechha.in/vc-5/	2022-07-01T07:11:17+00:00
attachment	https://swechha.in/vc-4/	2022-07-01T07:11:11+00:00
attachment	https://swechha.in/vc-3/	2022-07-01T07:11:00+00:00
attachment	https://swechha.in/vc-2/	2022-07-01T07:10:50+00:00
attachment	https://swechha.in/vc1/	2022-07-01T07:10:45+00:00
attachment	https://swechha.in/10/	2022-07-01T06:09:24+00:00
attachment	https://swechha.in/9-2/	2022-07-01T06:09:19+00:00
attachment	https://swechha.in/8/	2022-07-01T06:09:12+00:00
attachment	https://swechha.in/7-2/	2022-07-01T06:09:05+00:00
attachment	https://swechha.in/6-2/	2022-07-01T06:08:54+00:00
attachment	https://swechha.in/5-3/	2022-07-01T06:08:49+00:00
attachment	https://swechha.in/4-5/	2022-07-01T06:08:41+00:00
attachment	https://swechha.in/3-3/	2022-07-01T06:08:29+00:00
attachment	https://swechha.in/2-2/	2022-07-01T06:08:20+00:00
attachment	https://swechha.in/1-5/	2022-07-01T06:08:10+00:00
attachment	https://swechha.in/curr/	2022-06-30T10:28:14+00:00
attachment	https://swechha.in/copy-7/	2022-06-30T10:17:28+00:00
attachment	https://swechha.in/copy-6/	2022-06-30T10:17:20+00:00
attachment	https://swechha.in/copy-5/	2022-06-30T10:17:09+00:00
attachment	https://swechha.in/copy-4/	2022-06-30T10:17:02+00:00
attachment	https://swechha.in/copy-3/	2022-06-30T10:16:50+00:00
attachment	https://swechha.in/copy-2/	2022-06-30T10:16:41+00:00
attachment	https://swechha.in/copy-1/	2022-06-30T10:16:32+00:00
attachment	https://swechha.in/wfc-5/	2022-06-30T09:29:56+00:00
attachment	https://swechha.in/wfc-4/	2022-06-30T09:29:49+00:00
attachment	https://swechha.in/wfc-2/	2022-06-30T09:29:18+00:00
attachment	https://swechha.in/wfc-1/	2022-06-30T09:29:05+00:00
attachment	https://swechha.in/int-and-podcast/	2022-06-30T06:34:29+00:00
attachment	https://swechha.in/innii-2/	2022-06-30T06:34:10+00:00
attachment	https://swechha.in/iniiatives/	2022-06-30T06:25:07+00:00
attachment	https://swechha.in/kids-rekry/	2022-06-30T05:52:24+00:00
attachment	https://swechha.in/gtm-3/	2022-06-29T12:31:18+00:00
attachment	https://swechha.in/gtm-2/	2022-06-29T12:31:07+00:00
attachment	https://swechha.in/gtm-1/	2022-06-29T12:30:59+00:00
attachment	https://swechha.in/q-and-q/	2022-06-29T09:44:44+00:00
attachment	https://swechha.in/report/	2022-06-29T07:46:03+00:00
attachment	https://swechha.in/2-zzz/	2022-06-29T07:34:55+00:00
attachment	https://swechha.in/1-a/	2022-06-29T07:34:46+00:00
attachment	https://swechha.in/1-4/	2022-06-29T07:34:35+00:00
attachment	https://swechha.in/13217611_871907919603402_6068976479554840189_o/	2022-06-28T12:33:20+00:00
attachment	https://swechha.in/13131163_863846663742861_4371463288656372917_o/	2022-06-28T12:33:00+00:00
attachment	https://swechha.in/13458522_893147897479404_2582847804899515236_o/	2022-06-28T12:32:38+00:00
attachment	https://swechha.in/13458583_894295927364601_6188794285108035696_o/	2022-06-28T12:32:22+00:00
attachment	https://swechha.in/69740636_714805715608770_6330706585131679744_n-1-3/	2022-06-28T12:32:00+00:00
attachment	https://swechha.in/70665299_10156779860232896_9167431122911494144_n-2/	2022-06-28T12:21:08+00:00
attachment	https://swechha.in/69740636_714805715608770_6330706585131679744_n-1-2/	2022-06-28T12:21:02+00:00
attachment	https://swechha.in/70665299_10156779860232896_9167431122911494144_n/	2022-06-28T12:01:42+00:00
attachment	https://swechha.in/69740636_714805715608770_6330706585131679744_n-1/	2022-06-28T12:00:51+00:00
attachment	https://swechha.in/84637555_10157168500937896_4265393852006793216_n-2/	2022-06-28T11:59:14+00:00
attachment	https://swechha.in/vermicompost/	2022-06-28T11:45:16+00:00
attachment	https://swechha.in/dreamstime_l_185052273-1024x678/	2022-06-28T11:43:41+00:00
attachment	https://swechha.in/sustainable-irrigation/	2022-06-28T11:41:29+00:00
attachment	https://swechha.in/birds-on-gd/	2022-06-28T11:39:49+00:00
attachment	https://swechha.in/gd/	2022-06-28T11:38:52+00:00
attachment	https://swechha.in/wasted/	2022-06-28T11:38:29+00:00
attachment	https://swechha.in/jj-3/	2022-06-28T11:38:19+00:00
attachment	https://swechha.in/jjivisha-2/	2022-06-28T11:37:53+00:00
attachment	https://swechha.in/jjivisha/	2022-06-28T11:37:25+00:00
attachment	https://swechha.in/sakhi-4/	2022-06-28T11:36:59+00:00
attachment	https://swechha.in/sakhi-3/	2022-06-28T11:36:49+00:00
attachment	https://swechha.in/sakhi-2/	2022-06-28T11:36:32+00:00
attachment	https://swechha.in/sakhi/	2022-06-28T11:36:21+00:00
attachment	https://swechha.in/screen-shot-2022-06-28-at-5-04-21-pm/	2022-06-28T11:35:05+00:00
attachment	https://swechha.in/farmer-hand-giving-plant-organic-humus-fertilizer-to-plant/	2022-06-28T11:33:00+00:00
attachment	https://swechha.in/mewat-election-watch_34a9ade0-58af-11e9-8bc0-bee180be535f/	2022-06-28T11:28:46+00:00
attachment	https://swechha.in/woodchips/	2022-06-28T11:21:36+00:00
attachment	https://swechha.in/enriched-topsoil-hand/	2022-06-28T11:21:27+00:00
attachment	https://swechha.in/what-is-topsoil-5121325-05-47a63c245ab54f9bbe1c83a7c0767c81-2/	2022-06-28T11:19:19+00:00
attachment	https://swechha.in/what-is-topsoil-5121325-05-47a63c245ab54f9bbe1c83a7c0767c81/	2022-06-28T11:17:01+00:00
attachment	https://swechha.in/potato-839469_1280/	2022-06-28T11:16:34+00:00
attachment	https://swechha.in/microplastics-over-ocean/	2022-06-28T11:06:18+00:00
attachment	https://swechha.in/singleuseplastics/	2022-06-28T11:06:08+00:00
attachment	https://swechha.in/screen-shot-2022-06-28-at-12-51-39-pm-2/	2022-06-28T11:04:47+00:00
attachment	https://swechha.in/diy-3-a/	2022-06-28T10:50:22+00:00
attachment	https://swechha.in/master-class-3-b/	2022-06-28T10:49:14+00:00
attachment	https://swechha.in/master-classs-2/	2022-06-28T10:48:53+00:00
attachment	https://swechha.in/masterclass-vc/	2022-06-28T10:48:43+00:00
attachment	https://swechha.in/mc-update-farm/	2022-06-28T10:48:34+00:00
attachment	https://swechha.in/podcasts-e-rick/	2022-06-28T10:48:20+00:00
attachment	https://swechha.in/diy-3-2/	2022-06-28T10:47:20+00:00
attachment	https://swechha.in/diy-3/	2022-06-28T10:46:56+00:00
attachment	https://swechha.in/diy-masterclass-2/	2022-06-28T10:46:35+00:00
attachment	https://swechha.in/woman-speak/	2022-06-28T10:46:22+00:00
attachment	https://swechha.in/diy-masterclass-1/	2022-06-28T10:46:09+00:00
attachment	https://swechha.in/new-delhi-gate/	2022-06-28T10:41:22+00:00
attachment	https://swechha.in/lrm_export_66945871808419_20190610_131322492_grande-2/	2022-06-28T10:41:17+00:00
attachment	https://swechha.in/img_e3464_grande-2/	2022-06-28T10:41:14+00:00
attachment	https://swechha.in/img_4918-scaled/	2022-06-28T10:40:56+00:00
attachment	https://swechha.in/img_3046-scaled/	2022-06-28T10:40:38+00:00
attachment	https://swechha.in/img_2469-scaled-2/	2022-06-28T10:38:03+00:00
attachment	https://swechha.in/yokohama-1920x1273/	2022-06-28T10:37:23+00:00
attachment	https://swechha.in/img_2469-scaled/	2022-06-28T10:32:42+00:00
attachment	https://swechha.in/diversity-hands-fist-bump-for-support-and-team-building-2/	2022-06-28T10:13:51+00:00
attachment	https://swechha.in/diversity-hands-fist-bump-for-support-and-team-building/	2022-06-28T10:12:57+00:00
attachment	https://swechha.in/media/	2022-06-28T10:11:04+00:00
attachment	https://swechha.in/campaigns/	2022-06-28T10:10:27+00:00
attachment	https://swechha.in/84637555_10157168500937896_4265393852006793216_n/	2022-06-28T09:59:18+00:00
attachment	https://swechha.in/71056818_10156779862132896_96272237400686592_n/	2022-06-28T09:59:09+00:00
attachment	https://swechha.in/71004245_727000534389288_7863970731112005632_n/	2022-06-28T09:58:59+00:00
attachment	https://swechha.in/70754622_728007224288619_4818558143350964224_n/	2022-06-28T09:58:50+00:00
attachment	https://swechha.in/69740636_714805715608770_6330706585131679744_n/	2022-06-28T09:58:32+00:00
attachment	https://swechha.in/69492229_712392999183375_251911832049025024_n/	2022-06-28T09:58:25+00:00
attachment	https://swechha.in/69163296_708433419579333_2111184332465897472_n/	2022-06-28T09:58:14+00:00
attachment	https://swechha.in/22135514_10159330226965433_3654075228071282984_o/	2022-06-28T09:58:00+00:00
attachment	https://swechha.in/19055287_10158759412815433_2007692365077852495_o/	2022-06-28T09:57:43+00:00
attachment	https://swechha.in/untitled-1/	2022-06-28T09:46:16+00:00
attachment	https://swechha.in/lrm_export_66945871808419_20190610_131322492_grande/	2022-06-28T09:46:02+00:00
attachment	https://swechha.in/img_e3464_grande/	2022-06-28T09:44:53+00:00
attachment	https://swechha.in/img_0653/	2022-06-28T09:41:12+00:00
attachment	https://swechha.in/gtm-uk-banners-155-2/	2022-06-28T09:40:55+00:00
attachment	https://swechha.in/gtm-uk-banners-148-2/	2022-06-28T09:40:39+00:00
attachment	https://swechha.in/gtm-uk-banners-139-1/	2022-06-28T09:40:24+00:00
attachment	https://swechha.in/gtm-uk-banners-138-2/	2022-06-28T09:40:03+00:00
attachment	https://swechha.in/gtm-uk-banners-31-1/	2022-06-28T09:39:48+00:00
attachment	https://swechha.in/12095141_10153256165367896_2593380024430135163_o/	2022-06-28T09:30:42+00:00
attachment	https://swechha.in/12185420_10153256160422896_6658802437211852438_o/	2022-06-28T09:30:20+00:00
attachment	https://swechha.in/12240987_10153256159962896_4848364597937312502_o/	2022-06-28T09:30:10+00:00
attachment	https://swechha.in/12095132_10153256162907896_2051693449494173785_o/	2022-06-28T09:29:58+00:00
attachment	https://swechha.in/12241013_10153256166032896_3538196008672388670_o/	2022-06-28T09:29:35+00:00
attachment	https://swechha.in/12240313_10153256159947896_4425397202012184041_o/	2022-06-28T09:29:24+00:00
attachment	https://swechha.in/11231814_10153256165907896_7610987578855962882_o/	2022-06-28T09:29:15+00:00
attachment	https://swechha.in/f0a4f0e7-36b2-47f2-b360-105e361b6892/	2022-06-28T09:10:28+00:00
attachment	https://swechha.in/ecc787dc-c15c-4398-9bbd-258df22af89f/	2022-06-28T09:10:06+00:00
attachment	https://swechha.in/4628790c-03bd-4cba-af06-b8944fb4a17d/	2022-06-28T09:09:53+00:00
attachment	https://swechha.in/751146fe-da6c-456e-9aff-30973df3f1a5/	2022-06-28T09:09:39+00:00
attachment	https://swechha.in/93aef755-924e-4831-8101-dd1a3d4d81e3/	2022-06-28T09:09:33+00:00
attachment	https://swechha.in/21ee750b-9563-48bc-a3b2-c7ea245ead1e/	2022-06-28T09:09:24+00:00
attachment	https://swechha.in/9bc2a6c4-aee5-4bee-a720-49e0c3899b30/	2022-06-28T09:08:51+00:00
attachment	https://swechha.in/6cb4d27e-2b80-4ea5-812a-8cb7c3baabdc/	2022-06-28T09:08:27+00:00
attachment	https://swechha.in/0c2d87ec-d411-4a12-b4c5-e1dbb3b40efe/	2022-06-28T09:08:11+00:00
attachment	https://swechha.in/0a30a93f-5845-4755-a01c-e9243a0ec888/	2022-06-28T09:07:58+00:00
attachment	https://swechha.in/screen-shot-2022-06-28-at-12-52-01-pm/	2022-06-28T07:26:19+00:00
attachment	https://swechha.in/screen-shot-2022-06-28-at-12-51-39-pm/	2022-06-28T07:25:55+00:00
attachment	https://swechha.in/screen-shot-2022-06-28-at-12-51-28-pm/	2022-06-28T07:25:40+00:00
attachment	https://swechha.in/screen-shot-2022-06-28-at-12-48-47-pm/	2022-06-28T07:25:10+00:00
attachment	https://swechha.in/screen-shot-2022-06-28-at-12-39-42-pm/	2022-06-28T07:24:49+00:00
attachment	https://swechha.in/screen-shot-2022-06-28-at-12-39-07-pm/	2022-06-28T07:24:39+00:00
attachment	https://swechha.in/screen-shot-2022-06-28-at-12-35-12-pm/	2022-06-28T07:24:19+00:00
attachment	https://swechha.in/screen-shot-2022-06-28-at-12-34-52-pm/	2022-06-28T07:24:11+00:00
attachment	https://swechha.in/screen-shot-2022-06-28-at-12-34-40-pm/	2022-06-28T07:24:04+00:00
attachment	https://swechha.in/screen-shot-2022-06-28-at-12-34-12-pm/	2022-06-28T07:23:52+00:00
attachment	https://swechha.in/acbd240d4f2f0190243dfca5a948cdfd52bcdc9b-jpeg/	2022-06-24T22:48:50+00:00
attachment	https://swechha.in/80e3efa8e818001685a55159671d3ba28f650a05-jpeg/	2022-06-24T11:05:27+00:00
attachment	https://swechha.in/08072c482179b1ae0430ab72c51bcd052b457146-jpeg/	2022-06-23T19:10:07+00:00
attachment	https://swechha.in/878b5de8cc9e07e1672817f2c3971493e9577f88-jpeg/	2022-06-23T10:42:04+00:00
attachment	https://swechha.in/gc-6/	2022-06-23T09:15:40+00:00
attachment	https://swechha.in/gc-5/	2022-06-23T09:15:40+00:00
attachment	https://swechha.in/whatsapp-image-2016-09-01-at-9-05-48-pm/	2022-06-23T09:15:40+00:00
attachment	https://swechha.in/img_2912/	2022-06-23T09:15:40+00:00
attachment	https://swechha.in/12307527_10153282633592896_226533065769166338_o/	2022-06-23T09:15:40+00:00
attachment	https://swechha.in/cfac4991-aeaa-45fe-8da3-37a95bd62b57/	2022-06-23T09:15:40+00:00
attachment	https://swechha.in/copy-of-13433248_888432924617568_6795398130544880625_o/	2022-06-23T08:59:16+00:00
attachment	https://swechha.in/air-detox-nursery-workshop-with-google-employees-2016/	2022-06-23T08:59:05+00:00
attachment	https://swechha.in/copy-of-12493549_10153369847282896_1254150541029699681_o/	2022-06-23T08:58:56+00:00
attachment	https://swechha.in/copy-of-12615618_10153369849172896_4012002066800651017_o/	2022-06-23T08:58:48+00:00
attachment	https://swechha.in/learning-community-3/	2022-06-23T08:04:06+00:00
attachment	https://swechha.in/lc-3-4/	2022-06-23T08:03:41+00:00
attachment	https://swechha.in/copy-of-328495_140900709351052_772584207_o/	2022-06-23T07:04:15+00:00
attachment	https://swechha.in/cyon-2/	2022-06-23T07:01:58+00:00
attachment	https://swechha.in/copy-of-290178_132612840179839_154605044_o/	2022-06-23T06:59:03+00:00
attachment	https://swechha.in/copy-of-378921_145143015593488_1497727071_n/	2022-06-23T06:58:49+00:00
attachment	https://swechha.in/copy-of-545427_10150950230687896_1648225225_n/	2022-06-23T06:58:39+00:00
attachment	https://swechha.in/copy-of-562752_10151009731477896_392258271_n/	2022-06-23T06:53:11+00:00
attachment	https://swechha.in/copy-of-30754_10151097043927896_1360849946_n-2/	2022-06-23T06:53:02+00:00
attachment	https://swechha.in/youth-2/	2022-06-23T06:52:52+00:00
attachment	https://swechha.in/cyon-1-3/	2022-06-23T06:52:12+00:00
attachment	https://swechha.in/copy-of-65270_10151247233832896_2006387360_n/	2022-06-23T06:51:36+00:00
attachment	https://swechha.in/copy-of-img-20190830-wa0085/	2022-06-23T06:36:42+00:00
attachment	https://swechha.in/copy-of-11902398_10153107642732896_1886230251729948050_n/	2022-06-23T06:36:25+00:00
attachment	https://swechha.in/13320747_10153672384687896_7416155747590711160_o/	2022-06-23T06:36:09+00:00
attachment	https://swechha.in/copy-of-20046398_10154841440662896_1666475332074937536_n/	2022-06-23T06:33:58+00:00
attachment	https://swechha.in/copy-of-12240313_10153256159947896_4425397202012184041_o-2/	2022-06-23T06:10:08+00:00
attachment	https://swechha.in/pagdandi-1-1-2/	2022-06-23T06:09:53+00:00
attachment	https://swechha.in/pagdandi-7/	2022-06-23T06:09:41+00:00
attachment	https://swechha.in/img_20190726_083927-2/	2022-06-23T05:57:23+00:00
attachment	https://swechha.in/workshop4-3/	2022-06-23T05:53:34+00:00
attachment	https://swechha.in/workshop2-3/	2022-06-23T05:52:03+00:00
attachment	https://swechha.in/img_20190726_083927/	2022-06-23T05:49:53+00:00
attachment	https://swechha.in/img-20190724-wa0018-2/	2022-06-23T05:49:33+00:00
attachment	https://swechha.in/road-to-leadership/	2022-06-23T05:49:07+00:00
attachment	https://swechha.in/btg-4-2/	2022-06-23T05:45:40+00:00
attachment	https://swechha.in/brake-even-2-2/	2022-06-23T05:43:21+00:00
attachment	https://swechha.in/brake-even-3/	2022-06-23T05:42:11+00:00
attachment	https://swechha.in/brake-even-1-3/	2022-06-23T05:41:43+00:00
attachment	https://swechha.in/workshop5/	2022-06-23T05:40:32+00:00
attachment	https://swechha.in/women-ntl-4/	2022-06-22T12:21:22+00:00
attachment	https://swechha.in/forest-walk-3/	2022-06-22T10:56:30+00:00
attachment	https://swechha.in/development-walk-waste-cloth-shop/	2022-06-22T10:56:13+00:00
attachment	https://swechha.in/img-20190803-wa0107/	2022-06-22T10:56:04+00:00
attachment	https://swechha.in/walks-1/	2022-06-22T10:55:13+00:00
attachment	https://swechha.in/landfill-walk-4/	2022-06-22T10:54:49+00:00
attachment	https://swechha.in/learning-community-2/	2022-06-22T10:46:25+00:00
attachment	https://swechha.in/lc-3-3/	2022-06-22T10:45:38+00:00
attachment	https://swechha.in/lc-1-2/	2022-06-22T10:45:11+00:00
attachment	https://swechha.in/gram-anubhav-5/	2022-06-22T10:08:46+00:00
attachment	https://swechha.in/gram-anubhav-4-1/	2022-06-22T10:06:18+00:00
attachment	https://swechha.in/gram-anubhav-2-2/	2022-06-22T10:05:53+00:00
attachment	https://swechha.in/copy-of-15168730_10154141881082896_8228984717241032716_o/	2022-06-22T10:02:32+00:00
attachment	https://swechha.in/gram-anubhav-4/	2022-06-22T10:02:12+00:00
attachment	https://swechha.in/gram-anubhav-7/	2022-06-22T10:00:38+00:00
attachment	https://swechha.in/copy-of-15250884_10154141880797896_8122384496420366277_o/	2022-06-22T10:00:25+00:00
attachment	https://swechha.in/copy-of-14633617_10154008243467896_7380290431965722950_o/	2022-06-22T09:59:58+00:00
attachment	https://swechha.in/copy-of-30167281_10155619070022896_4682418376515637379_o/	2022-06-22T09:42:26+00:00
attachment	https://swechha.in/copy-of-13055105_10153578994402896_5942055308601573132_o/	2022-06-22T09:41:04+00:00
attachment	https://swechha.in/yamuna-yatra-3/	2022-06-22T09:40:24+00:00
attachment	https://swechha.in/yamuna-yatra-4-2/	2022-06-22T09:39:49+00:00
attachment	https://swechha.in/yamuna-yatra-5-2/	2022-06-22T09:38:43+00:00
attachment	https://swechha.in/copy-of-30171849_10155619147507896_4935384738106598123_o/	2022-06-22T09:35:00+00:00
attachment	https://swechha.in/copy-of-13063110_10153578986612896_3529329250337873296_o-2/	2022-06-22T09:34:33+00:00
attachment	https://swechha.in/copy-of-12998183_10153578983132896_6854586804979534681_o/	2022-06-22T09:32:33+00:00
attachment	https://swechha.in/copy-of-13047775_10153578996277896_8772151005784642408_o/	2022-06-22T09:30:46+00:00
attachment	https://swechha.in/copy-of-13063103_10153578995897896_8823779307313733471_o/	2022-06-22T09:30:02+00:00
attachment	https://swechha.in/workshop6-2/	2022-06-22T09:15:08+00:00
attachment	https://swechha.in/s9-2/	2022-06-22T09:14:32+00:00
attachment	https://swechha.in/s8-2/	2022-06-22T09:13:55+00:00
attachment	https://swechha.in/s7-2/	2022-06-22T09:13:37+00:00
attachment	https://swechha.in/s6-2/	2022-06-22T09:13:25+00:00
attachment	https://swechha.in/s5-2/	2022-06-22T09:13:16+00:00
attachment	https://swechha.in/pagdandi-6/	2022-06-22T09:12:54+00:00
attachment	https://swechha.in/pagdandi-5/	2022-06-22T09:12:42+00:00
attachment	https://swechha.in/pagdandi-4/	2022-06-22T09:12:27+00:00
attachment	https://swechha.in/pagdandi-3-2/	2022-06-22T09:12:18+00:00
attachment	https://swechha.in/pagdandi-2-2/	2022-06-22T09:12:00+00:00
attachment	https://swechha.in/pagdandi-2-1/	2022-06-22T09:11:42+00:00
attachment	https://swechha.in/pagdandi-1/	2022-06-22T09:11:29+00:00
attachment	https://swechha.in/pagdandi-1-1/	2022-06-22T09:11:22+00:00
attachment	https://swechha.in/pagdandi-3/	2022-06-22T09:10:48+00:00
attachment	https://swechha.in/nukkad-natak-metowe/	2022-06-22T09:10:26+00:00
attachment	https://swechha.in/m7-2/	2022-06-22T09:10:11+00:00
attachment	https://swechha.in/m4-2/	2022-06-22T09:09:42+00:00
attachment	https://swechha.in/j3/	2022-06-22T09:09:17+00:00
attachment	https://swechha.in/j2-2/	2022-06-22T09:09:04+00:00
attachment	https://swechha.in/j1-3/	2022-06-22T09:08:44+00:00
attachment	https://swechha.in/sony-dsc-126/	2022-06-22T09:06:28+00:00
attachment	https://swechha.in/copy-of-nukkad-natak-metowe/	2022-06-22T09:04:56+00:00
attachment	https://swechha.in/copy-of-26904744_10155374167102896_8011868922241406380_n/	2022-06-22T09:04:31+00:00
attachment	https://swechha.in/copy-of-22496145_10155109285837896_9015502098863639525_o/	2022-06-22T09:04:20+00:00
attachment	https://swechha.in/copy-of-22406073_10155109396532896_8161389494610887589_n/	2022-06-22T09:04:12+00:00
attachment	https://swechha.in/copy-of-22366678_10155109396137896_759647392536060607_n-2/	2022-06-22T09:04:00+00:00
attachment	https://swechha.in/copy-of-18558719_10154665489087896_4888085897732436664_o/	2022-06-22T09:03:44+00:00
attachment	https://swechha.in/copy-of-17157580_10154452306042896_4579532626740550684_o/	2022-06-22T09:01:27+00:00
attachment	https://swechha.in/copy-of-15972777_10154283940292896_4173467060838828217_o/	2022-06-22T09:01:15+00:00
attachment	https://swechha.in/copy-of-13520_10152823490182896_2959488754398963904_n/	2022-06-22T09:01:07+00:00
attachment	https://swechha.in/copy-of-13415562_10153680527757896_5148254275775238902_o/	2022-06-22T09:00:51+00:00
attachment	https://swechha.in/copy-of-12493980_10153351993182896_6372641139411673661_o/	2022-06-22T09:00:43+00:00
attachment	https://swechha.in/copy-of-12484765_10153351992707896_6965751388618646486_o-2/	2022-06-22T09:00:28+00:00
attachment	https://swechha.in/copy-of-12241013_10153256166032896_3538196008672388670_o/	2022-06-22T09:00:14+00:00
attachment	https://swechha.in/copy-of-12240313_10153256159947896_4425397202012184041_o/	2022-06-22T09:00:06+00:00
attachment	https://swechha.in/copy-of-12189295_10153216379072896_7749393333768822013_o/	2022-06-22T08:59:57+00:00
attachment	https://swechha.in/copy-of-12183849_10153216379402896_465116544882103679_o/	2022-06-22T08:59:42+00:00
attachment	https://swechha.in/copy-of-11140350_10152823489227896_3754166713593041876_n/	2022-06-22T08:59:34+00:00
attachment	https://swechha.in/copy-of-11066779_10152823489582896_900029017021189038_n/	2022-06-22T08:59:20+00:00
attachment	https://swechha.in/copy-of-11057770_10152823490992896_5788731130951984852_n/	2022-06-22T08:59:11+00:00
attachment	https://swechha.in/copy-of-10917316_10152617322812896_4245135270625109278_n/	2022-06-22T08:59:03+00:00
attachment	https://swechha.in/img-20200219-wa0071-2/	2022-06-22T08:50:33+00:00
attachment	https://swechha.in/img-20200219-wa0056/	2022-06-22T08:50:10+00:00
attachment	https://swechha.in/img-20191126-wa0017-3/	2022-06-22T08:49:55+00:00
attachment	https://swechha.in/img-20191119-wa0024-2/	2022-06-22T08:49:33+00:00
attachment	https://swechha.in/butterfy-garden-3-2/	2022-06-22T08:49:12+00:00
attachment	https://swechha.in/butterfly-garden/	2022-06-22T08:48:36+00:00
attachment	https://swechha.in/btg-5-2/	2022-06-22T08:48:07+00:00
attachment	https://swechha.in/butterfly-garden-3/	2022-06-22T08:47:59+00:00
attachment	https://swechha.in/butterfly-garden-21/	2022-06-22T08:47:40+00:00
attachment	https://swechha.in/butterfly-garden-2/	2022-06-22T08:47:24+00:00
attachment	https://swechha.in/butterfly-garden-1/	2022-06-22T08:47:04+00:00
attachment	https://swechha.in/copy-of-14608760_10154008243227896_3204472241812488741_o-2/	2022-06-22T08:47:02+00:00
attachment	https://swechha.in/butterfky-garden-1/	2022-06-22T08:46:51+00:00
attachment	https://swechha.in/airshed-park-2-3/	2022-06-22T08:46:35+00:00
attachment	https://swechha.in/airshed-park-1/	2022-06-22T08:46:23+00:00
attachment	https://swechha.in/btg-4/	2022-06-22T08:46:19+00:00
attachment	https://swechha.in/btg-5/	2022-06-22T08:45:32+00:00
attachment	https://swechha.in/btg-2-2/	2022-06-22T08:43:05+00:00
attachment	https://swechha.in/btg-2/	2022-06-22T08:00:59+00:00
attachment	https://swechha.in/btg-7/	2022-06-22T08:00:20+00:00
attachment	https://swechha.in/women-ntl-5/	2022-06-22T07:47:53+00:00
attachment	https://swechha.in/women-ntl-2-2/	2022-06-22T07:47:45+00:00
attachment	https://swechha.in/women-ntl-6/	2022-06-22T07:46:32+00:00
attachment	https://swechha.in/women-ntl-7/	2022-06-22T07:46:16+00:00
attachment	https://swechha.in/women-ntl-9/	2022-06-22T07:46:11+00:00
attachment	https://swechha.in/women-ntl-11/	2022-06-22T07:46:02+00:00
attachment	https://swechha.in/women-ntl1/	2022-06-22T07:45:54+00:00
attachment	https://swechha.in/women-ntl-10/	2022-06-22T07:28:28+00:00
attachment	https://swechha.in/women-ntl-8/	2022-06-22T07:24:48+00:00
attachment	https://swechha.in/women-ntl-2/	2022-06-22T07:18:54+00:00
attachment	https://swechha.in/lc-3-2/	2022-06-22T07:14:30+00:00
attachment	https://swechha.in/lc-3/	2022-06-22T07:12:49+00:00
attachment	https://swechha.in/lc-2/	2022-06-22T07:11:32+00:00
attachment	https://swechha.in/lc-1/	2022-06-22T07:11:20+00:00
attachment	https://swechha.in/learning-community/	2022-06-22T07:09:07+00:00
attachment	https://swechha.in/j1-2/	2022-06-22T07:03:41+00:00
attachment	https://swechha.in/copy-of-12484765_10153351992707896_6965751388618646486_o/	2022-06-22T07:03:26+00:00
attachment	https://swechha.in/copy-of-22366678_10155109396137896_759647392536060607_n/	2022-06-22T07:02:42+00:00
attachment	https://swechha.in/mw-1/	2022-06-22T06:56:24+00:00
attachment	https://swechha.in/monsoon-banner/	2022-06-22T06:54:48+00:00
attachment	https://swechha.in/copy-of-38085816_10155848759592896_2379635641190187008_n/	2022-06-22T06:53:18+00:00
attachment	https://swechha.in/khori-3/	2022-06-22T06:52:14+00:00
attachment	https://swechha.in/img-20191003-wa0018/	2022-06-22T06:50:33+00:00
attachment	https://swechha.in/airshed-park-2-2/	2022-06-22T06:39:34+00:00
attachment	https://swechha.in/airshed-park-2/	2022-06-22T06:38:49+00:00
attachment	https://swechha.in/butterfy-garden-3/	2022-06-22T06:38:38+00:00
attachment	https://swechha.in/img-20191126-wa0017-2/	2022-06-22T06:37:41+00:00
attachment	https://swechha.in/youth-1/	2022-06-22T06:31:39+00:00
attachment	https://swechha.in/cyon-1-2/	2022-06-22T06:28:52+00:00
attachment	https://swechha.in/cyon-1/	2022-06-22T06:27:20+00:00
attachment	https://swechha.in/copy-of-30754_10151097043927896_1360849946_n/	2022-06-22T06:24:26+00:00
attachment	https://swechha.in/562141_357881020984311_1839231327_n/	2022-06-22T06:20:55+00:00
attachment	https://swechha.in/yamuna-yatra-5/	2022-06-22T06:18:16+00:00
attachment	https://swechha.in/copy-of-13063110_10153578986612896_3529329250337873296_o/	2022-06-22T06:16:38+00:00
attachment	https://swechha.in/copy-of-14608760_10154008243227896_3204472241812488741_o/	2022-06-22T06:15:26+00:00
attachment	https://swechha.in/yamuna-yatra-4/	2022-06-22T06:14:19+00:00
attachment	https://swechha.in/copy-of-14700813_10154008246232896_709205719226385389_o-1/	2022-06-22T06:13:33+00:00
attachment	https://swechha.in/copy-of-14753272_10154008233307896_7036068599262922032_o/	2022-06-22T06:12:03+00:00
attachment	https://swechha.in/copy-of-14713002_10154008253212896_5012493781318326662_o/	2022-06-22T06:05:35+00:00
attachment	https://swechha.in/landfill-walk-1-2/	2022-06-22T06:04:17+00:00
attachment	https://swechha.in/yamuna-walk-1-2/	2022-06-22T06:04:08+00:00
attachment	https://swechha.in/forest-walk-2/	2022-06-22T06:02:38+00:00
attachment	https://swechha.in/btg-6-2/	2022-06-22T05:55:24+00:00
attachment	https://swechha.in/btg-6/	2022-06-22T05:54:06+00:00
attachment	https://swechha.in/btg/	2022-06-22T05:51:31+00:00
attachment	https://swechha.in/brake-even-1-1/	2022-06-22T05:48:43+00:00
attachment	https://swechha.in/brake-even-1-2/	2022-06-22T05:48:22+00:00
attachment	https://swechha.in/btg-cinegreen/	2022-06-22T05:48:17+00:00
attachment	https://swechha.in/brake-even-1/	2022-06-22T05:47:51+00:00
attachment	https://swechha.in/img_20190726_083927-1-2/	2022-06-22T05:45:57+00:00
attachment	https://swechha.in/btg-3/	2022-06-22T05:44:14+00:00
attachment	https://swechha.in/img_20190726_083927-1/	2022-06-22T05:43:40+00:00
attachment	https://swechha.in/school-progs-1/	2022-06-22T05:27:08+00:00
attachment	https://swechha.in/school-progs/	2022-06-22T05:23:15+00:00
attachment	https://swechha.in/45fc8316bf524157f27db1d26f6eec98a43dd212-jpeg/	2022-06-22T03:47:14+00:00
attachment	https://swechha.in/182511c469294bad878d06871b2fcd8505457b9d-jpeg/	2022-06-21T14:38:26+00:00
attachment	https://swechha.in/271d1f6f75d39b619be9e317fa3823fa9dae0b4f-jpeg/	2022-06-21T14:38:26+00:00
attachment	https://swechha.in/13b4294bbc3d79a44913ecdd72bb317b1a03ee5e-jpeg/	2022-06-21T14:38:26+00:00
attachment	https://swechha.in/img-20190724-wa0018/	2022-06-21T07:42:05+00:00
attachment	https://swechha.in/heart-brand/	2022-04-21T10:36:11+00:00
attachment	https://swechha.in/info03/	2022-04-19T12:29:15+00:00
attachment	https://swechha.in/enfo11-2/	2022-04-19T10:06:02+00:00
attachment	https://swechha.in/enfo11/	2022-04-07T12:16:09+00:00
attachment	https://swechha.in/35/	2021-07-16T07:54:51+00:00
attachment	https://swechha.in/185141832_10158361591507896_6812092676902849499_n/	2021-07-16T07:50:19+00:00
attachment	https://swechha.in/contribute-to-indias-first-community-native-nursery/nursery2/	2021-06-14T12:15:00+00:00
attachment	https://swechha.in/pvr-nest-final-logo/	2021-06-14T12:05:39+00:00
attachment	https://swechha.in/samhita/	2021-06-14T12:05:28+00:00
attachment	https://swechha.in/virtual-panel-discussion-lgbtqia-leadership-in-times-of-covid-19/94886126_10157424826272896_8224339923428179968_o/	2021-06-14T12:05:19+00:00
attachment	https://swechha.in/profile/vimlendu/profilephotovim/	2021-06-14T12:04:49+00:00
attachment	https://swechha.in/img-20200818-wa0017/	2021-06-14T12:04:17+00:00
attachment	https://swechha.in/118180896_10157770641517896_4392279750283281717_n/	2021-06-14T12:04:09+00:00
attachment	https://swechha.in/118363694_10157770642082896_3706187928926679229_n/	2021-06-14T12:04:03+00:00
attachment	https://swechha.in/118402365_10157770641777896_4925041266605718820_n/	2021-06-14T12:03:58+00:00
attachment	https://swechha.in/118272965_10157770641857896_8459514337986983754_n/	2021-06-14T12:03:49+00:00
attachment	https://swechha.in/118214765_10157770112137896_1667326957892554212_n/	2021-06-14T12:03:43+00:00
attachment	https://swechha.in/118502848_10157770111927896_8496629332750786229_n/	2021-06-14T12:03:16+00:00
attachment	https://swechha.in/118517318_10157770641597896_771006557421187580_n/	2021-06-14T12:03:12+00:00
attachment	https://swechha.in/118581204_10157770111852896_3566307359497567600_n/	2021-06-14T12:03:03+00:00
attachment	https://swechha.in/img-20200824-wa0009/	2021-06-14T12:02:58+00:00
attachment	https://swechha.in/71086306_10156798426877896_5720520882036670464_n/	2021-06-14T12:02:52+00:00
attachment	https://swechha.in/untitled-design-6/	2021-06-14T12:02:44+00:00
attachment	https://swechha.in/106374471_10157624212277896_8454067751179550695_n/	2021-06-14T12:02:32+00:00
attachment	https://swechha.in/106455906_10157624212507896_4632514827345907491_n/	2021-06-14T12:02:20+00:00
attachment	https://swechha.in/107084347_10157636582462896_47227383571128202_o/	2021-06-14T12:02:07+00:00
attachment	https://swechha.in/106290369_10157624212352896_2577023729538521889_n/	2021-06-14T12:02:01+00:00
attachment	https://swechha.in/img_20191003_145511-3/	2021-06-14T12:01:47+00:00
attachment	https://swechha.in/img_20200227_131643/	2021-06-14T12:01:43+00:00
attachment	https://swechha.in/img_20191003_145511-4/	2021-06-14T12:01:35+00:00
attachment	https://swechha.in/untitled-design-1-3/	2021-06-14T12:01:31+00:00
attachment	https://swechha.in/109364759_10157673723967896_6919786015126657959_o/	2021-06-14T12:00:14+00:00
attachment	https://swechha.in/img-20201204-wa0025/	2021-06-14T11:59:58+00:00
attachment	https://swechha.in/img-20201119-wa0008/	2021-06-14T11:59:53+00:00
attachment	https://swechha.in/img-20201123-wa0031/	2021-06-14T11:59:41+00:00
attachment	https://swechha.in/img-20201130-wa0015/	2021-06-14T11:59:34+00:00
attachment	https://swechha.in/img-20201204-wa0025-2/	2021-06-14T11:59:07+00:00
attachment	https://swechha.in/img-20201206-wa0006/	2021-06-14T11:59:01+00:00
attachment	https://swechha.in/img-20201207-wa0005/	2021-06-14T11:58:55+00:00
attachment	https://swechha.in/img-20201208-wa0015/	2021-06-14T11:58:42+00:00
attachment	https://swechha.in/img-20201208-wa0017/	2021-06-14T11:58:36+00:00
attachment	https://swechha.in/img-20201209-wa0016/	2021-06-14T11:58:28+00:00
attachment	https://swechha.in/img-20201211-wa0023/	2021-06-14T11:58:20+00:00
attachment	https://swechha.in/img-20201211-wa0024/	2021-06-14T11:58:14+00:00
attachment	https://swechha.in/img-20201211-wa0028/	2021-06-14T11:57:57+00:00
attachment	https://swechha.in/img-20201211-wa0031/	2021-06-14T11:57:39+00:00
attachment	https://swechha.in/img-20201214-wa0012/	2021-06-14T11:57:19+00:00
attachment	https://swechha.in/img-20201214-wa0021/	2021-06-14T11:56:59+00:00
attachment	https://swechha.in/img-20201214-wa0024/	2021-06-14T11:56:51+00:00
attachment	https://swechha.in/img-20201214-wa0025/	2021-06-14T11:56:43+00:00
attachment	https://swechha.in/img-20201214-wa0029/	2021-06-14T11:56:14+00:00
attachment	https://swechha.in/img-20201215-wa0028/	2021-06-14T11:55:53+00:00
attachment	https://swechha.in/img-20201215-wa0031/	2021-06-14T11:55:34+00:00
attachment	https://swechha.in/insect-hotel/	2021-06-14T11:54:55+00:00
attachment	https://swechha.in/img_20201227_173308_510/	2021-06-14T11:54:28+00:00
attachment	https://swechha.in/img-20201227-wa0002/	2021-06-14T11:53:43+00:00
attachment	https://swechha.in/img_20210103_172732/	2021-06-14T11:53:05+00:00
attachment	https://swechha.in/utility-book/	2021-06-14T11:52:06+00:00
attachment	https://swechha.in/128056350_10164270949260433_141568410085654712_o/	2021-06-14T11:51:45+00:00
attachment	https://swechha.in/132172627_10158030362462896_939901017357954926_o/	2021-06-14T11:51:21+00:00
attachment	https://swechha.in/118496877_10157770641692896_5624172270613003813_o/	2021-06-14T11:46:31+00:00
attachment	https://swechha.in/184516912_10158360306357896_8260211444630010999_n/	2021-06-14T09:48:10+00:00
attachment	https://swechha.in/img_20201227_173308_510-2/	2021-06-14T09:24:19+00:00
attachment	https://swechha.in/img_20201227_173308_512/	2021-06-14T09:23:48+00:00
attachment	https://swechha.in/img_20201227_211501_442/	2021-06-14T09:23:20+00:00
attachment	https://swechha.in/img_20201227_211501_444/	2021-06-14T09:23:00+00:00
attachment	https://swechha.in/img_20201227_212205_304-2/	2021-06-14T09:22:28+00:00
attachment	https://swechha.in/img_20201227_212205_327/	2021-06-14T09:22:03+00:00
attachment	https://swechha.in/img_20201231_180758_041/	2021-06-14T09:21:27+00:00
attachment	https://swechha.in/img-20201227-wa0004/	2021-06-14T09:20:50+00:00
attachment	https://swechha.in/img-20201227-wa0005/	2021-06-14T09:20:31+00:00
attachment	https://swechha.in/img-20201227-wa0006/	2021-06-14T09:20:07+00:00
attachment	https://swechha.in/img-20201230-wa0005/	2021-06-14T09:19:36+00:00
attachment	https://swechha.in/img-20201231-wa0013/	2021-06-14T09:19:04+00:00
attachment	https://swechha.in/img-20210104-wa0001-2/	2021-06-14T09:18:24+00:00
attachment	https://swechha.in/img_20210103_172610-3/	2021-06-14T09:17:13+00:00
attachment	https://swechha.in/55640005_10156380936657896_1829481159847837696_n/	2021-06-14T09:16:18+00:00
attachment	https://swechha.in/green-the-map-podcast-series-2-indias-law-governance-on-environment-in-conversation-with-kanchi-kohli/screen-shot-2021-02-08-at-3-23-36-pm/	2021-06-14T09:13:54+00:00
attachment	https://swechha.in/diy-masterclass-2-vermicomposting-managing-kitchen-waste/screen-shot-2021-01-28-at-3-00-32-pm/	2021-06-14T09:12:34+00:00
attachment	https://swechha.in/air-pollution-in-india-santosh-harish-in-conversation-with-vimlendu-jha/screen-shot-2021-02-15-at-1-12-40-pm/	2021-06-14T08:50:56+00:00
attachment	https://swechha.in/diy-masterclass-3-upcycling-with-meenakshi-sharma-founder-at-use-me-works/screen-shot-2021-03-18-at-3-49-23-pm/	2021-06-14T08:49:42+00:00
attachment	https://swechha.in/low-carbon-future-participatory-workshop/img-20210312-wa0033-1/	2021-06-14T08:48:48+00:00
attachment	https://swechha.in/img-20180420-wa0004/	2021-06-14T08:46:38+00:00
attachment	https://swechha.in/print-3/	2021-06-14T08:45:44+00:00
attachment	https://swechha.in/1621836389622/	2021-06-14T08:45:20+00:00
attachment	https://swechha.in/1621836387984/	2021-06-14T08:44:28+00:00
attachment	https://swechha.in/1621836387984-2/	2021-06-14T08:43:49+00:00
attachment	https://swechha.in/1621836388033/	2021-06-14T08:42:21+00:00
attachment	https://swechha.in/1621836388555/	2021-06-14T08:41:04+00:00
attachment	https://swechha.in/1621836389013/	2021-06-14T08:39:53+00:00
attachment	https://swechha.in/farm_scool_banner5/	2021-04-06T05:58:08+00:00
attachment	https://swechha.in/farm_school_banner4-3/	2021-04-06T05:55:35+00:00
attachment	https://swechha.in/swechha_farm_school/	2021-03-30T11:38:12+00:00
attachment	https://swechha.in/farm_school_banner4-2/	2021-03-30T11:26:20+00:00
attachment	https://swechha.in/farm_school_banner4/	2021-03-30T11:24:55+00:00
attachment	https://swechha.in/74907680_10157386440265269_901828666986594304_o/	2021-01-11T09:27:27+00:00
attachment	https://swechha.in/img_20210103_172610-2/	2021-01-04T09:07:26+00:00
attachment	https://swechha.in/img_20210103_172610/	2021-01-04T09:03:36+00:00
attachment	https://swechha.in/img_20201227_212205_304/	2021-01-04T07:52:04+00:00
attachment	https://swechha.in/img-20210104-wa0001/	2021-01-04T07:46:34+00:00
attachment	https://swechha.in/pexels-photo-971355/	2020-12-18T11:28:08+00:00
attachment	https://swechha.in/935025_10151400038507896_2083498255_n/	2020-12-18T11:22:26+00:00
attachment	https://swechha.in/img-20201215-wa0033/	2020-12-15T08:10:47+00:00
attachment	https://swechha.in/img_20191003_145511-2/	2020-08-31T10:25:01+00:00
attachment	https://swechha.in/img_20191003_145511/	2020-08-31T10:24:23+00:00
attachment	https://swechha.in/106171111_10157616860397896_2997286264153687312_o/	2020-08-31T10:21:55+00:00
attachment	https://swechha.in/106274950_10157624212432896_9093653336979694282_n/	2020-08-31T10:21:04+00:00
attachment	https://swechha.in/83428102_10157616861522896_3698518929526838533_o-2/	2020-08-31T09:18:06+00:00
attachment	https://swechha.in/106444766_10157636582987896_1986010779270303748_o/	2020-08-31T09:17:10+00:00
attachment	https://swechha.in/83428102_10157616861522896_3698518929526838533_o/	2020-08-31T09:16:47+00:00
attachment	https://swechha.in/107419209_10157636579212896_3811274850305745151_o/	2020-08-31T09:13:44+00:00
attachment	https://swechha.in/106170350_10157616861017896_8469819428353223163_o/	2020-08-31T07:38:10+00:00
attachment	https://swechha.in/profile/vimlendu/img_20190629_083528-2/	2020-08-24T08:15:20+00:00
attachment	https://swechha.in/profile/vimlendu/img_20190629_083528/	2020-08-24T08:14:05+00:00
attachment	https://swechha.in/profile/vimlendu/img_20200707_225316_228/	2020-08-24T08:04:59+00:00
attachment	https://swechha.in/webinar-serious-sustainability-practices-praxis-awareness-level-1/101729663_10157553907217896_8452065574783334852_n/	2020-08-17T07:55:08+00:00
attachment	https://swechha.in/amex-logo/	2020-08-14T08:46:12+00:00
attachment	https://swechha.in/in-conversation-with-mrs-susan-thomas-senior-educator-and-environment-enthusiast/100759589_10157527809407896_7089442734410301440_o/	2020-08-14T08:34:25+00:00
attachment	https://swechha.in/webinar-on-butterfly-gardening-with-vivekanad-school/104352114_10157596925097896_5786750943231202774_o/	2020-08-14T08:26:51+00:00
attachment	https://swechha.in/social-media-post/	2020-08-14T07:17:20+00:00
attachment	https://swechha.in/14th-august/	2020-08-14T07:16:30+00:00
attachment	https://swechha.in/95500627_10157448611267896_7807381418840948736_o/	2020-05-28T08:56:19+00:00
attachment	https://swechha.in/screen-shot-2020-05-26-at-4-01-05-pm/	2020-05-28T08:48:12+00:00
attachment	https://swechha.in/adolescent-girls-learning-community-year-2-journey-film-digital-premier/65393764_358953084804480_8010909353378840576_o/	2020-05-28T08:40:38+00:00
attachment	https://swechha.in/post-covid-environment-mirage-or-hope/97010770_2909952955718662_1189134306614706176_n/	2020-05-18T09:02:03+00:00
attachment	https://swechha.in/greening-schools-program-with-amazon-india/img-20191009-wa0036/	2020-04-24T11:41:16+00:00
attachment	https://swechha.in/greening-schools-program-with-amazon-india/img-20191118-wa0005/	2020-04-24T11:40:50+00:00
attachment	https://swechha.in/greening-schools-program-with-amazon-india/img-20191119-wa0024/	2020-04-24T11:40:34+00:00
attachment	https://swechha.in/img-20200219-wa0065/	2020-04-24T11:40:18+00:00
attachment	https://swechha.in/16904875_10154431768142896_3698220223998960971_o/	2020-04-24T11:40:08+00:00
attachment	https://swechha.in/img-20200219-wa0071/	2020-04-24T11:40:04+00:00
attachment	https://swechha.in/img-20200219-wa0103/	2020-04-24T11:39:59+00:00
attachment	https://swechha.in/13139241_10153619766722896_1876691086300923441_n/	2020-04-24T11:39:40+00:00
attachment	https://swechha.in/monsoon-wooding-2-2/	2020-04-24T11:39:32+00:00
attachment	https://swechha.in/img_20190718_110849/	2020-04-24T11:39:20+00:00
attachment	https://swechha.in/img-20190730-wa0084/	2020-04-24T11:39:04+00:00
attachment	https://swechha.in/img-20190726-wa0017/	2020-04-24T11:38:54+00:00
attachment	https://swechha.in/img-20190804-wa0025/	2020-04-24T11:38:42+00:00
attachment	https://swechha.in/sony-dsc-118/	2020-04-24T11:38:29+00:00
attachment	https://swechha.in/sony-dsc-119/	2020-04-24T11:38:24+00:00
attachment	https://swechha.in/sony-dsc-120/	2020-04-24T11:38:20+00:00
attachment	https://swechha.in/dscn0854/	2020-04-24T11:38:14+00:00
attachment	https://swechha.in/sony-dsc-121/	2020-04-24T11:37:53+00:00
attachment	https://swechha.in/sony-dsc-122/	2020-04-24T11:37:41+00:00
attachment	https://swechha.in/sony-dsc-123/	2020-04-24T11:37:36+00:00
attachment	https://swechha.in/sony-dsc-124/	2020-04-24T11:37:32+00:00
attachment	https://swechha.in/sony-dsc-125/	2020-04-24T11:37:27+00:00
attachment	https://swechha.in/c0007t01/	2020-04-24T11:37:23+00:00
attachment	https://swechha.in/c0005t01/	2020-04-24T11:37:07+00:00
attachment	https://swechha.in/img_20190707_072917/	2020-04-24T11:36:36+00:00
attachment	https://swechha.in/52188130_10161316079690433_7526773282494742528_n/	2020-04-24T11:36:30+00:00
attachment	https://swechha.in/c0041t01/	2020-04-24T11:36:18+00:00
attachment	https://swechha.in/img_4237/	2020-04-24T11:36:11+00:00
attachment	https://swechha.in/img_20190707_070935/	2020-04-24T11:36:05+00:00
attachment	https://swechha.in/36885788_10160496944065433_7007031739453276160_o-1/	2020-04-24T11:35:57+00:00
attachment	https://swechha.in/22904568_1684861024857880_1840784104727521475_o/	2020-04-24T11:35:47+00:00
attachment	https://swechha.in/17854998_10158453190340433_4352207895689754244_o/	2020-04-24T11:35:31+00:00
attachment	https://swechha.in/17904108_10158458572320433_6401340681811956428_n/	2020-04-24T11:35:18+00:00
attachment	https://swechha.in/22829336_1684861164857866_4352352535558668033_o/	2020-04-24T11:35:04+00:00
attachment	https://swechha.in/22829677_1684860841524565_1722127543421399879_o/	2020-04-24T11:34:41+00:00
attachment	https://swechha.in/14125648_1378687735494161_5093686326451168388_o/	2020-04-24T11:34:05+00:00
attachment	https://swechha.in/15392897_1489842087712058_8056418255644284443_o/	2020-04-24T11:33:24+00:00
attachment	https://swechha.in/15403788_1492561787440088_1834557628116400560_o-1/	2020-04-24T11:33:13+00:00
attachment	https://swechha.in/15403788_1492561787440088_1834557628116400560_o/	2020-04-24T11:33:06+00:00
attachment	https://swechha.in/16422798_1564652283564371_8466290500854866595_o-2/	2020-04-24T11:32:40+00:00
attachment	https://swechha.in/16463741_1572818999414366_2642957444293497662_o/	2020-04-24T11:32:31+00:00
attachment	https://swechha.in/20728967_1797918956904368_6453873485900272302_o/	2020-04-24T11:32:21+00:00
attachment	https://swechha.in/36063006_2173023452727248_8374135807048417280_o/	2020-04-24T11:32:08+00:00
attachment	https://swechha.in/36177316_2174849605877966_8905228338767855616_o/	2020-04-24T11:31:46+00:00
attachment	https://swechha.in/37308796_2210268935669366_2787066903292542976_n/	2020-04-24T11:31:26+00:00
attachment	https://swechha.in/38732736_2248824571813802_6336880978576801792_o-1/	2020-04-24T11:31:10+00:00
attachment	https://swechha.in/10250159_1101711413191796_2399729302027633332_n/	2020-04-24T11:30:54+00:00
attachment	https://swechha.in/69492229_712392999183375_251911832049025024_n-1/	2020-04-24T11:30:34+00:00
attachment	https://swechha.in/70208623_725637164525625_4230066955723210752_n/	2020-04-24T11:26:43+00:00
attachment	https://swechha.in/70443362_725846687838006_1895409247143854080_o/	2020-04-24T11:26:14+00:00
attachment	https://swechha.in/d09-3-phones-mock-png/	2020-04-24T11:16:13+00:00
attachment	https://swechha.in/cycle2/	2020-04-24T09:09:47+00:00
attachment	https://swechha.in/fbfesvejgog-emanuel-hahn-jpg/	2020-04-22T17:29:36+00:00
attachment	https://swechha.in/lhtqjazuprq-breather-jpg/	2020-04-22T17:28:30+00:00
attachment	https://swechha.in/groomsman3-jpg/	2020-04-22T17:28:12+00:00
attachment	https://swechha.in/15-2/	2020-04-17T00:27:21+00:00
attachment	https://swechha.in/60159438_2685499281479660_7343759086720122880_o/	2020-04-16T19:07:15+00:00
attachment	https://swechha.in/16422798_1564652283564371_8466290500854866595_o/	2020-04-16T18:58:51+00:00
attachment	https://swechha.in/22861374_1684861848191131_3028845390338580654_o/	2020-04-15T21:21:16+00:00
attachment	https://swechha.in/airshed-google-image/	2020-04-15T21:09:07+00:00
attachment	https://swechha.in/sony-dsc-117/	2020-04-15T02:17:38+00:00
attachment	https://swechha.in/sony-dsc-116/	2020-04-15T02:16:11+00:00
attachment	https://swechha.in/dscn0862/	2020-04-15T02:13:20+00:00
attachment	https://swechha.in/sony-dsc-115/	2020-04-15T02:05:51+00:00
attachment	https://swechha.in/sony-dsc-114/	2020-04-15T02:03:24+00:00
attachment	https://swechha.in/sony-dsc-113/	2020-04-15T01:59:52+00:00
attachment	https://swechha.in/img_20190718_110849-2/	2020-04-15T01:44:25+00:00
attachment	https://swechha.in/img-20190805-wa0021/	2020-04-15T01:43:05+00:00
attachment	https://swechha.in/img-20190805-wa0017/	2020-04-15T01:42:50+00:00
attachment	https://swechha.in/img-20190802-wa0010/	2020-04-15T01:42:25+00:00
attachment	https://swechha.in/img-20190726-wa0018/	2020-04-15T01:42:09+00:00
attachment	https://swechha.in/img-20190726-wa0016/	2020-04-15T01:41:40+00:00
attachment	https://swechha.in/img-20190726-wa0014/	2020-04-15T01:41:27+00:00
attachment	https://swechha.in/fb_img_1565168426091/	2020-04-15T01:40:26+00:00
attachment	https://swechha.in/fb_img_1565168374058/	2020-04-15T01:40:12+00:00
attachment	https://swechha.in/fb_img_1565168364912/	2020-04-15T01:40:03+00:00
attachment	https://swechha.in/13393974_10153672386252896_5941687999332151039_n/	2020-04-15T01:33:11+00:00
attachment	https://swechha.in/13164174_10153619765897896_8050967829394452837_n/	2020-04-15T01:33:02+00:00
attachment	https://swechha.in/83369782_10157116821977896_2194284540824911872_n/	2020-04-15T01:31:11+00:00
attachment	https://swechha.in/13710418_10153777005967896_232382048206930284_o/	2020-04-14T23:39:51+00:00
attachment	https://swechha.in/20046398_10154841440662896_1666475332074937536_n-3/	2020-04-14T23:35:38+00:00
attachment	https://swechha.in/img-20200213-wa0051/	2020-04-14T23:21:38+00:00
attachment	https://swechha.in/11114251_10152841756042896_75031661622197325_n/	2020-04-14T20:05:07+00:00
attachment	https://swechha.in/eco-walks-thumb-2/	2020-04-14T20:03:37+00:00
attachment	https://swechha.in/sony-dsc-112/	2020-04-14T20:01:05+00:00
attachment	https://swechha.in/bg-graphics-2-jpg-2/	2020-04-13T13:59:57+00:00
attachment	https://swechha.in/bg-graphics-2-jpg/	2020-04-13T13:50:49+00:00
attachment	https://swechha.in/gray-elephant-jpg/	2020-04-13T13:50:45+00:00
attachment	https://swechha.in/divider-svg/	2020-04-13T13:50:41+00:00
attachment	https://swechha.in/funds-svg/	2020-04-13T13:50:38+00:00
attachment	https://swechha.in/volunteers-svg/	2020-04-13T13:50:34+00:00
attachment	https://swechha.in/forest-svg/	2020-04-13T13:50:30+00:00
attachment	https://swechha.in/lion-svg/	2020-04-13T13:50:27+00:00
attachment	https://swechha.in/breeding-jpg/	2020-04-13T13:50:24+00:00
attachment	https://swechha.in/fresh-water-jpg/	2020-04-13T13:50:20+00:00
attachment	https://swechha.in/clean-ocean-jpg/	2020-04-13T13:50:15+00:00
attachment	https://swechha.in/food-jpg/	2020-04-13T13:50:10+00:00
attachment	https://swechha.in/forest-jpg/	2020-04-13T13:50:08+00:00
attachment	https://swechha.in/volunteer-jpg/	2020-04-13T13:49:33+00:00
attachment	https://swechha.in/founder-jpg/	2020-04-13T13:49:23+00:00
attachment	https://swechha.in/home-bg-4-jpg/	2020-04-13T13:48:41+00:00
attachment	https://swechha.in/home-bg-3-jpg/	2020-04-13T13:48:34+00:00
attachment	https://swechha.in/home-bg-2-jpg/	2020-04-13T13:48:27+00:00
attachment	https://swechha.in/home-bg-1-jpg/	2020-04-13T13:48:21+00:00
attachment	https://swechha.in/home-bg-5-jpg/	2020-04-13T13:48:14+00:00
attachment	https://swechha.in/u5-jpg/	2020-04-13T13:25:54+00:00
attachment	https://swechha.in/u6-jpg/	2020-04-13T13:25:52+00:00
attachment	https://swechha.in/city-scape-jpg/	2020-04-13T11:28:49+00:00
attachment	https://swechha.in/signature-white-png/	2020-04-13T11:28:40+00:00
attachment	https://swechha.in/video-bg-free-img-jpg/	2020-04-13T11:00:33+00:00
attachment	https://swechha.in/food-free-img-png/	2020-04-13T11:00:30+00:00
attachment	https://swechha.in/collar-free-img-png/	2020-04-13T11:00:27+00:00
attachment	https://swechha.in/heart-free-img-png/	2020-04-13T11:00:24+00:00
attachment	https://swechha.in/ball-free-img-png/	2020-04-13T11:00:22+00:00
attachment	https://swechha.in/food-pot-free-img-png/	2020-04-13T11:00:20+00:00
attachment	https://swechha.in/70277980_726984071057601_4713238132139491328_o/	2020-04-10T11:59:17+00:00
attachment	https://swechha.in/70248883_726983791057629_8990566336757235712_o/	2020-04-10T11:58:38+00:00
attachment	https://swechha.in/69510603_716107445478597_1822281785342427136_o/	2020-04-10T11:57:55+00:00
attachment	https://swechha.in/69227728_714334915655850_2415083406443413504_o/	2020-04-10T11:57:10+00:00
attachment	https://swechha.in/69562173_709934026095939_5016570184534589440_o/	2020-04-10T11:56:13+00:00
attachment	https://swechha.in/68849220_709556339467041_4691693674239623168_o/	2020-04-10T11:53:37+00:00
attachment	https://swechha.in/70754622_728007224288619_4818558143350964224_o/	2020-04-10T11:52:34+00:00
attachment	https://swechha.in/swechha-annual-report-2016-17/	2020-04-09T21:56:27+00:00
attachment	https://swechha.in/tax-residency-certificate-80g/	2020-04-09T21:51:55+00:00
attachment	https://swechha.in/greening-schools-program-with-amazon-india/img-20191129-wa0031-2/	2020-02-28T10:46:17+00:00
attachment	https://swechha.in/greening-schools-program-with-amazon-india/img-20200129-wa0019/	2020-02-28T10:44:58+00:00
attachment	https://swechha.in/greening-schools-program-with-amazon-india/img-20200129-wa0016/	2020-02-28T10:44:51+00:00
attachment	https://swechha.in/greening-schools-program-with-amazon-india/img-20200129-wa0008/	2020-02-28T10:44:44+00:00
attachment	https://swechha.in/greening-schools-program-with-amazon-india/img-20200129-wa0007/	2020-02-28T10:44:37+00:00
attachment	https://swechha.in/greening-schools-program-with-amazon-india/img-20200129-wa0004/	2020-02-28T10:44:32+00:00
attachment	https://swechha.in/greening-schools-program-with-amazon-india/img-20191129-wa0031/	2020-02-28T10:44:24+00:00
attachment	https://swechha.in/greening-schools-program-with-amazon-india/img-20191126-wa0017/	2020-02-28T10:44:16+00:00
attachment	https://swechha.in/greening-schools-program-with-amazon-india/img-20191126-wa0016/	2020-02-28T10:44:08+00:00
attachment	https://swechha.in/greening-schools-program-with-amazon-india/img-20191126-wa0014/	2020-02-28T10:43:55+00:00
attachment	https://swechha.in/greening-schools-program-with-amazon-india/img-20191118-wa0020/	2020-02-28T10:43:41+00:00
attachment	https://swechha.in/greening-schools-program-with-amazon-india/img-20191118-wa0011/	2020-02-28T10:43:32+00:00
attachment	https://swechha.in/greening-schools-program-with-amazon-india/img-20191113-wa0023/	2020-02-28T10:43:16+00:00
attachment	https://swechha.in/greening-schools-program-with-amazon-india/img-20191009-wa0042/	2020-02-28T10:43:07+00:00
attachment	https://swechha.in/greening-schools-program-with-amazon-india/img-20191009-wa0023/	2020-02-28T10:42:53+00:00
attachment	https://swechha.in/greening-schools-program-with-amazon-india/img-20191009-wa0020/	2020-02-28T10:42:44+00:00
attachment	https://swechha.in/greening-schools-program-with-amazon-india/img-20191009-wa0006/	2020-02-28T10:42:38+00:00
attachment	https://swechha.in/greening-schools-program-with-amazon-india/img-20191009-wa0003-2/	2020-02-28T10:42:30+00:00
attachment	https://swechha.in/greening-schools-program-with-amazon-india/img-20190909-wa0034/	2020-02-28T10:42:24+00:00
attachment	https://swechha.in/greening-schools-program-with-amazon-india/img-20190909-wa0022/	2020-02-28T10:42:17+00:00
attachment	https://swechha.in/greening-schools-program-with-amazon-india/img-20190909-wa0014/	2020-02-28T10:42:04+00:00
attachment	https://swechha.in/urban-gardening-with-gpi-employees/img-20200220-wa0060/	2020-02-26T08:09:03+00:00
attachment	https://swechha.in/urban-gardening-with-gpi-employees/img-20200220-wa0059/	2020-02-26T08:08:58+00:00
attachment	https://swechha.in/urban-gardening-with-gpi-employees/img-20200220-wa0056/	2020-02-26T08:08:52+00:00
attachment	https://swechha.in/urban-gardening-with-gpi-employees/img-20200220-wa0052/	2020-02-26T08:08:46+00:00
attachment	https://swechha.in/urban-gardening-with-gpi-employees/img-20200220-wa0050/	2020-02-26T08:08:38+00:00
attachment	https://swechha.in/urban-gardening-with-gpi-employees/img-20200220-wa0049/	2020-02-26T08:08:33+00:00
attachment	https://swechha.in/urban-gardening-with-gpi-employees/img-20200220-wa0048/	2020-02-26T08:08:27+00:00
attachment	https://swechha.in/urban-gardening-with-gpi-employees/img-20200220-wa0047/	2020-02-26T08:08:23+00:00
attachment	https://swechha.in/urban-gardening-with-gpi-employees/img-20200220-wa0046/	2020-02-26T08:08:18+00:00
attachment	https://swechha.in/urban-gardening-with-gpi-employees/img-20200220-wa0045/	2020-02-26T08:08:09+00:00
attachment	https://swechha.in/urban-gardening-with-gpi-employees/img-20200220-wa0044/	2020-02-26T08:08:03+00:00
attachment	https://swechha.in/urban-gardening-with-gpi-employees/img-20200220-wa0043/	2020-02-26T08:07:57+00:00
attachment	https://swechha.in/urban-gardening-with-gpi-employees/img-20200220-wa0039/	2020-02-26T08:07:40+00:00
attachment	https://swechha.in/82849793_10157126994917896_5963762231677026304_o/	2020-01-27T09:48:11+00:00
attachment	https://swechha.in/make-your-own-wind-chime-with-bamboo-mystics/img-20200127-wa0041/	2020-01-27T09:40:17+00:00
attachment	https://swechha.in/make-your-own-wind-chime-with-bamboo-mystics/img-20200127-wa0040/	2020-01-27T09:40:11+00:00
attachment	https://swechha.in/620546_10151022988327896_1366566099_o/	2020-01-15T10:43:58+00:00
attachment	https://swechha.in/562752_10151009731477896_392258271_n/	2020-01-15T10:43:52+00:00
attachment	https://swechha.in/553305_282590668515388_59444681_n/	2020-01-15T10:43:47+00:00
attachment	https://swechha.in/545427_10150950230687896_1648225225_n/	2020-01-15T10:43:41+00:00
attachment	https://swechha.in/378921_145143015593488_1497727071_n/	2020-01-15T10:43:32+00:00
attachment	https://swechha.in/335559_141342975973492_1039565135_o/	2020-01-15T10:43:28+00:00
attachment	https://swechha.in/332558_140881636019626_1008299914_o/	2020-01-15T10:43:19+00:00
attachment	https://swechha.in/328495_140900709351052_772584207_o/	2020-01-15T10:43:12+00:00
attachment	https://swechha.in/326304_141878382586618_1651522760_o/	2020-01-15T10:43:06+00:00
attachment	https://swechha.in/326304_141878379253285_578106993_o/	2020-01-15T10:43:00+00:00
soliloquy	https://swechha.in/?post_type=soliloquy&amp;p=6860	2016-07-11T08:54:28+00:00
soliloquy	https://swechha.in/?post_type=soliloquy&amp;p=6775	2016-06-21T09:45:37+00:00
soliloquy	https://swechha.in/?post_type=soliloquy&amp;p=6577	2016-06-13T18:32:07+00:00
project	https://swechha.in/project/women-and-non-traditional-livelihood-2/	2026-01-25T16:54:39+00:00
project	https://swechha.in/project/water-harvesting-training/	2026-01-24T16:00:22+00:00
project	https://swechha.in/project/future-lifestyles-project/	2026-01-21T18:32:28+00:00
project	https://swechha.in/project/solar-energy-training/	2026-01-20T14:06:01+00:00
project	https://swechha.in/project/u-s-dept-of-state-swechha-green-the-map-podcast-and-masterclass-series-on-environment-and-resilience/	2026-01-18T07:50:42+00:00
project	https://swechha.in/project/women-farmers-collective-2/	2026-01-17T15:30:31+00:00
project	https://swechha.in/project/micro-grants/	2026-01-17T04:07:32+00:00
project	https://swechha.in/project/eco-action/	2026-01-16T09:50:34+00:00
project	https://swechha.in/project/cycles-for-sustainability/	2026-01-16T09:27:05+00:00
project	https://swechha.in/project/pagdandi/	2026-01-16T06:29:41+00:00
project	https://swechha.in/project/2022-project-sample/	2026-01-16T02:21:39+00:00
project	https://swechha.in/project/green-exposures-eco-walks/	2026-01-16T00:42:00+00:00
project	https://swechha.in/project/soil-regeneration-training/	2026-01-15T22:52:13+00:00
project	https://swechha.in/project/composting-and-micro-enterprises/	2026-01-15T22:28:23+00:00
project	https://swechha.in/project/u-s-embassy-micro-grants-competition/	2026-01-15T22:27:07+00:00
project	https://swechha.in/project/circular-economy-marine-litter-and-epr/	2026-01-15T22:26:44+00:00
project	https://swechha.in/project/futures-lifestyles-project/	2026-01-15T22:26:44+00:00
project	https://swechha.in/project/me-to-we-pagdandi/	2026-01-15T18:45:55+00:00
project	https://swechha.in/project/cycles-for-sustainability-2/	2026-01-15T18:21:53+00:00
project	https://swechha.in/project/green-creeps/	2026-01-15T18:14:53+00:00
project	https://swechha.in/project/influence-cyon/	2026-01-15T18:13:28+00:00
project	https://swechha.in/project/road-to-leadership/	2026-01-15T18:07:52+00:00
project	https://swechha.in/project/women-farmers-collective/	2026-01-15T18:04:03+00:00
project	https://swechha.in/project/films-and-documentaries/	2026-01-15T17:00:50+00:00
project	https://swechha.in/project/teacher-training/	2026-01-15T13:42:25+00:00
project	https://swechha.in/project/monsoon-wooding/	2026-01-15T12:35:07+00:00
project	https://swechha.in/project/gram-anubhav/	2026-01-15T12:34:59+00:00
project	https://swechha.in/project/green-action-in-schools/	2026-01-15T12:34:37+00:00
project	https://swechha.in/project/city-scapes/	2026-01-15T12:34:35+00:00
project	https://swechha.in/project/bee-keepers-collective-training/	2026-01-15T11:52:03+00:00
project	https://swechha.in/project/sustainable-agriculture-training-camps/	2026-01-15T11:45:19+00:00
project	https://swechha.in/project/learning-communities/	2026-01-15T10:43:05+00:00
project	https://swechha.in/project/women-and-non-traditional-livelihood/	2026-01-15T09:54:03+00:00
project	https://swechha.in/project/green-the-map/	2026-01-15T09:31:09+00:00
project	https://swechha.in/project/yamuna-yatra/	2026-01-15T09:15:15+00:00
project	https://swechha.in/project/green-the-map-2/	2026-01-15T09:08:30+00:00
project	https://swechha.in/project/farm-school/	2026-01-09T13:59:05+00:00
project	https://swechha.in/project/remakery/	2026-01-09T12:21:11+00:00
project	https://swechha.in/project/green-finance/	2026-01-09T12:09:28+00:00
project	https://swechha.in/project/nature-scapes/	2026-01-09T12:05:13+00:00
project	https://swechha.in/project/remakery-india/	2026-01-09T11:20:12+00:00
project	https://swechha.in/project/brake-even-2/	2026-01-09T11:07:55+00:00
project	https://swechha.in/project/farm-school-community-development/	2026-01-09T10:51:30+00:00
project	https://swechha.in/project/bridge-the-gap/	2026-01-09T10:35:13+00:00
project	https://swechha.in/project/air-pollution-campaigns/	2026-01-09T09:58:21+00:00
profile	https://swechha.in/profile/chhavi-agarwal/	2025-09-04T08:56:16+00:00
profile	https://swechha.in/profile/ashim-bery/	2025-08-29T09:22:54+00:00
profile	https://swechha.in/profile/srija-bandyopadhyaya/	2025-08-29T09:09:18+00:00
profile	https://swechha.in/profile/nikhil/	2025-08-29T09:04:56+00:00
profile	https://swechha.in/profile/anushka-sree/	2025-08-29T08:51:53+00:00
profile	https://swechha.in/profile/neeraj/	2024-03-14T09:40:18+00:00
profile	https://swechha.in/profile/naveen/	2024-03-14T09:38:22+00:00
profile	https://swechha.in/profile/vimlendu/	2024-03-14T09:35:39+00:00
profile	https://swechha.in/profile/ashim-bery-2/	2024-03-14T09:33:27+00:00
profile	https://swechha.in/profile/rajeev-singh/	2020-01-16T10:44:27+00:00
profile	https://swechha.in/profile/farhad-vania/	2019-07-29T08:11:56+00:00
profile	https://swechha.in/profile/aruna-pandey/	2016-06-09T09:35:04+00:00
profile	https://swechha.in/profile/lopamudra-sanyal/	2016-06-09T09:29:51+00:00
profile	https://swechha.in/profile/kamlika-chandla/	2016-06-03T10:16:08+00:00
profile	https://swechha.in/profile/vimlendu-jha-2/	2016-04-08T06:05:32+00:00
profile	https://swechha.in/profile/kuriakose-varghese/	2015-07-27T07:42:03+00:00
post_tag	https://swechha.in/tag/education/	1970-01-01T00:00:00+00:00
post_tag	https://swechha.in/tag/experiential-learning/	1970-01-01T00:00:00+00:00
post_tag	https://swechha.in/tag/exploration/	1970-01-01T00:00:00+00:00
post_tag	https://swechha.in/tag/reflection/	1970-01-01T00:00:00+00:00
post_tag	https://swechha.in/tag/action/	1970-01-01T00:00:00+00:00
post_tag	https://swechha.in/tag/rural-india/	1970-01-01T00:00:00+00:00
pj-categs	https://swechha.in/pj-categs/featured/	1970-01-01T00:00:00+00:00
pj-categs	https://swechha.in/pj-categs/sustainable-lifestyles-and-education/	1970-01-01T00:00:00+00:00
pj-categs	https://swechha.in/pj-categs/sustainable-agriculture-and-integrated-development/	1970-01-01T00:00:00+00:00
pj-categs	https://swechha.in/pj-categs/sustainable-cities-and-ecology/	1970-01-01T00:00:00+00:00
pj-categs	https://swechha.in/pj-categs/resilient-and-equitable-communities/	1970-01-01T00:00:00+00:00
pj-categs	https://swechha.in/pj-categs/green-economy-and-enterprise/	1970-01-01T00:00:00+00:00
pj-categs	https://swechha.in/pj-categs/special-projects/	1970-01-01T00:00:00+00:00
pl-categs	https://swechha.in/pl-categs/team-profiles/	1970-01-01T00:00:00+00:00
pl-categs	https://swechha.in/pl-categs/governingbody/	1970-01-01T00:00:00+00:00
