"Sheet","Row ID","ID","Wave","Assigned To","Website Page/URL","Section","Content Gap","Priority","Content Needed","Specific Details Required","Existing on Site?","Existing Internally?","Source/Person to Contact","File/URL Available","Asset Type","Public Permission/Clearance","Recommended Website Use","Status","Notes","Project Name","Kind","Year Started","Year Ended/Ongoing","Location","Theme","Short Description","Key Numbers","Partners","Funder","Available Photos","Available Report","Available Video","Available Media Coverage","Website Status","Missing Information","Source","Organisation","Type of Partner","Project/Campaign","Year(s)","Nature of Association","Logo Available","Permission to Display","Existing Website Mention","Missing Content","Should this be publicly featured?","Institution Name","City","State","Programme/Project","Year","Number of Students/Participants","Key Activity","Photos Available","Permission Available","Website Use Recommendation","Metric","Current Number on Website","Correct/Verified Number?","Year/Period","Source of Data","Supporting Document","Needs Updating?","Website Page(s) Using It","Asset Needed","Related Project/Page","Description","Approximate Year","Preferred Orientation","Minimum Quality Needed","Source/Photographer","File Available?","Rights/Credit Confirmed?","Alt text (REQUIRED - build refuses a frame without it)","Credit line (REQUIRED - e.g. 'Swechha archive')","Genuine photograph? (confirm - 25 synthetic frames were withdrawn on 22 Aug)","Link to file (Drive/Dropbox) or filename once supplied","Title","Type","Date","Author/Speaker","Publication/Platform","Topic","URL/File","Relevant Swechha Page","Permission/Copyright Status","Recommended Use","File","Alt text (already written)","Credit","Tags","Pixels","Rendering note","Used on which built pages","Usable?"
"01 · Master sheet","T-01","T-01","1 — already in repo / already public","","/about","New: transparency shelf","Nine annual/activity reports and the 80G certificate are committed to public/docs/ and answer 200 on the live site, but NO page links them. The organisation's entire published transparency record is invisible.","CRITICAL","Editorial decision + a linked list on /about","For each of the 9 files: display title, FY covered, page count, file size, and one line on what it covers. Decide presentation for the two image-only scans (INFLUENCE 2012-13, 80G) and how to state the gap years.","No — files live, links absent","YES — already in repo","Vimlendu / Neeraj (Accounts)","/docs/reports/*.pdf (9), /docs/compliance/80g-certificate.pdf","PDF","Already public on old site; no new clearance needed","A 'Transparency' band on /about listing every report by year with the gaps named","AVAILABLE","Highest credibility per unit of work on this list. Zero collection required — this is a publishing decision, not a hunt.","","","","","","","","","","","","","","","","","","","","","","","","","","","","","","","","","","","","","","","","","","","","","","","","","","","","","","","","","","","","","","","","","","","","","","","","","","","",""
"01 · Master sheet","T-02","T-02","1 — already in repo / already public","","/about","Transparency shelf — gap years","Five reports listed on the old About page are 404 at both hosts (2015-16, 2017-18, 2018-19, Me-to-We 2015-16, Registration Certificate) and no 2019-20 or 2021-22 report is listed anywhere.","HIGH","The missing report files, or confirmation they are lost","Search internal drives/email for: Annual Report 2015-16, 2017-18, 2019-20, 2021-22. A 2018-19 .docx IS in the repo — confirm whether it is the final version and whether a PDF exists.","No","PARTIAL — 2018-19 exists as .docx only","Neeraj (Accounts) / Vimlendu","docs/reports/swechha-annual-report-2018-19.docx","PDF / DOCX","TO BE COLLECTED / VERIFIED INTERNALLY","Fill the shelf; state remaining years as gaps rather than omitting them","SEARCHING","Do not paper over gap years. A named gap is more credible than a tidy list.","","","","","","","","","","","","","","","","","","","","","","","","","","","","","","","","","","","","","","","","","","","","","","","","","","","","","","","","","","","","","","","","","","","","","","","","","","","",""
"01 · Master sheet","T-03","T-03","2 — one conversation closes it","","/about, footer","Statutory registration","The footer asserts 'Registered Societies Registration Act, 80G, 12A, FCRA Powered' with no registration numbers and no certificate linked, while the 80G certificate PDF is live and unlinked.","CRITICAL","Registration numbers and certificates","Societies Registration Act number and date; 12A registration number; 80G number and validity; FCRA number and validity; registered legal name exactly as on the certificates.","Claim only, in the footer","YES — with Accounts","Neeraj (Accounts)","80G cert in repo; others TBC","PDF + text","Registration numbers are routinely published by Indian NGOs; confirm with Accounts","A compliance line on /about with numbers, beside the report shelf","NEEDS VERIFICATION","An unlinked claim of FCRA/80G status is the one thing an institutional funder checks first.","","","","","","","","","","","","","","","","","","","","","","","","","","","","","","","","","","","","","","","","","","","","","","","","","","","","","","","","","","","","","","","","","","","","","","","","","","","",""
"01 · Master sheet","T-04","T-04","1 — already in repo / already public","","/about","New: financial summary","No income or expenditure figure appears anywhere on 35 pages. There is no way to tell whether Swechha is a two-person or a fifty-person operation.","HIGH","Three years of income/expenditure headline figures","FY total income, total expenditure, % to programmes vs admin, and the top funding sources by share, for the last 3 FYs. Source each to the annual report page it comes from.","No","YES — inside the annual reports already on disk","Neeraj (Accounts)","Derivable from /docs/reports/*.pdf","Table / numbers","Already public inside the reports","A short 'Where the money goes' band on /about or /act","AVAILABLE","The numbers are already published inside the PDFs — surfacing them is transcription, not disclosure.","","","","","","","","","","","","","","","","","","","","","","","","","","","","","","","","","","","","","","","","","","","","","","","","","","","","","","","","","","","","","","","","","","","","","","","","","","","",""
"01 · Master sheet","T-05","T-05","3 — archive, photography, consent or owner ruling","","/about","Governance — Naveen Joshua","One of eight governing-body members has a name and role and no biography. Every other member has one.","MEDIUM","One biography, 100-250 words","Current role/affiliation, qualifications, why he is on this board, and a portrait if he consents.","Name and role only","Possibly — the old /profile/ page had no bio either","Vimlendu / the member directly","No","Text + portrait","Needs his consent","Complete the governing-body list on /about","NOT STARTED","","","","","","","","","","","","","","","","","","","","","","","","","","","","","","","","","","","","","","","","","","","","","","","","","","","","","","","","","","","","","","","","","","","","","","","","","","","","",""
"01 · Master sheet","T-06","T-06","2 — one conversation closes it","","/about","Governance — how it works","The board is listed but nothing states how often it meets, what it decides, or how a conflict of interest is handled. Three of eight board members are also staff, which the page notes but does not explain.","MEDIUM","A short governance statement","Meeting frequency, term lengths, how members are appointed, and the policy on staff who also sit on the board.","Partially — overlap is noted","Likely, in the society's rules","Vimlendu / Kuriakose Varghese (board, lawyer)","No","Text","Board sign-off","Two paragraphs under 'Who governs it'","NOT STARTED","Three staff-directors on an eight-person board is normal for a founder-led society but reads badly unexplained.","","","","","","","","","","","","","","","","","","","","","","","","","","","","","","","","","","","","","","","","","","","","","","","","","","","","","","","","","","","","","","","","","","","","","","","","","","","",""
"01 · Master sheet","T-07","T-07","3 — archive, photography, consent or owner ruling","","/about","New: policies","No child-protection, safeguarding, POSH, or privacy policy is published, on a site whose core work is taking children on residential journeys and to landfills.","HIGH","Existing policy documents","Child protection / safeguarding policy, POSH policy and committee, consent process for photographing minors, data/privacy policy for the two email subscriptions the site runs.","No","LIKELY — required for school partnerships and most funders","Ashim (Programs) / Neeraj","TBC","PDF / text","Should be public","A 'Policies' block on /about; the safeguarding one also belongs on /farm and every journey page","SEARCHING","Schools booking a residential journey will ask for this before they ask about price.","","","","","","","","","","","","","","","","","","","","","","","","","","","","","","","","","","","","","","","","","","","","","","","","","","","","","","","","","","","","","","","","","","","","","","","","","","","",""
"01 · Master sheet","T-08","T-08","3 — archive, photography, consent or owner ruling","","/act","Giving — no destination","Ruling G-1 stands: there is no payment destination anywhere on the site, so /act's Give ask ends in an email. The old site published two full bank account sets (INDIAN and FCRA) and an 80G FAQ.","CRITICAL","An owner decision on how money is received","Either: (a) a payment gateway/UPI/bank details cleared for publication, or (b) a written decision that giving stays email-mediated. If (a), also the 80G receipting process and the FCRA/domestic split.","No — states the ask, ends in email","YES — the old site published account details","Vimlendu (owner decision) / Neeraj","Old /donate-mainpage had them","Text / gateway","OWNER RULING REQUIRED","Completes the Give band on /act","NOT STARTED","Flagged, not proposed. Bank details are the owner's call. Three different phone numbers were live on the old site; ruling G-4 struck the phone number entirely.","","","","","","","","","","","","","","","","","","","","","","","","","","","","","","","","","","","","","","","","","","","","","","","","","","","","","","","","","","","","","","","","","","","","","","","","","","","",""
"01 · Master sheet","H-01","H-01","1 — already in repo / already public","","/about","The record since 2000","A 26-year-old organisation has a four-entry timeline: 2000, 2004, 2016, Now. The homepage version has five (adds 2008). Everything between 2004 and 2016 is blank.","CRITICAL","A real timeline: 15-25 dated entries","For each entry: year, one-line event, and ONE verifiable anchor (a report page, a press item, a photograph, a partner). Candidate years already evidenced elsewhere on the site or in the reports: 2004 first Yatra, 2006 first Yamunotsav, 2007 Pagdandi/riverbank school, 2008 CNN Be the Change, 2010 Influence/volunteering begins, 2012-13 Influence annual report, 2014 last Yamunotsav, 2014 Me-to-We final report, 2015 Khirki book, 2017 She Leads Change begins, 2019-20 200+ schools on year-long curricula, 2021 IGES scenario, 2026 farm.","Yes, 4 entries","YES — the 9 annual reports are a year-by-year record","Vimlendu; extract from /docs/reports/*.pdf","Yes — reports already on disk","Text + one image per entry","Own material","Expand 'The record since 2000' on /about into the site's institutional spine","AVAILABLE","The raw material for this is already in the repo. It needs a reader, not a researcher.","","","","","","","","","","","","","","","","","","","","","","","","","","","","","","","","","","","","","","","","","","","","","","","","","","","","","","","","","","","","","","","","","","","","","","","","","","","",""
"01 · Master sheet","H-02","H-02","3 — archive, photography, consent or owner ruling","","/about","Founding story — evidence","The founding is told well in prose (2000, We for Yamuna, no funding, no office, one stretch of bank) but carries no artefact: no photograph, no clipping, no first-clean-up record.","HIGH","Founding-era artefacts, 2000-2004","Any photograph of the first clean-ups; the first registration document; the first press mention; names of the founding group; the specific stretch of bank.","Prose only","POSSIBLY — founder's personal archive","Vimlendu (founder archive)","No","Photo / scan / text","Own material","Anchors the founding band on /about and the 2000 cell of the homepage archive strip","SEARCHING","The homepage's 2000-2017 archive cells are ALL placeholders. This row and P-01 are the same hunt.","","","","","","","","","","","","","","","","","","","","","","","","","","","","","","","","","","","","","","","","","","","","","","","","","","","","","","","","","","","","","","","","","","","","","","","","","","","",""
"01 · Master sheet","H-03","H-03","3 — archive, photography, consent or owner ruling","","/","'The record' band — paper archive","The homepage advertises 'The paper archive, digitised in public — 7/27 years scanned' over a 27-cell year strip. 20 of the 27 cells are placeholder frames. Every year from 2000 to 2017 is a placeholder.","CRITICAL","One representative scanned/photographed item per year, 2000-2017 (+2021, 2024)","Per year: one image (photo, poster, clipping, report cover, letter), the year, a 3-8 word caption, and where it came from. 20 items needed to fill the strip.","7 of 27 years","LIKELY — 'boxes nobody has opened yet', per the site's own copy","Vimlendu / office archive at Khirki Extension","No","Scans / photographs","Own material; check for identifiable minors","Fills the homepage archive strip; also feeds H-01's timeline","NOT STARTED","The site already tells visitors 20 years are unscanned. Closing this converts an admitted absence into the site's best asset.","","","","","","","","","","","","","","","","","","","","","","","","","","","","","","","","","","","","","","","","","","","","","","","","","","","","","","","","","","","","","","","","","","","","","","","","","","","",""
"01 · Master sheet","H-04","H-04","3 — archive, photography, consent or owner ruling","","/","'Do it yourself' door","The homepage's 'The record' band promises four things and links three. The 'Do it yourself' door — 'Compost, a balcony air-detox garden, a school waste audit, a river walk you can run without us' — has NO href and no page behind it.","HIGH","Four evergreen how-to guides","Compost guide, balcony air-detox garden guide, school waste audit protocol, self-guided river walk. Each: materials, steps, what to expect, roughly how long.","Described, not linked, not built","LIKELY — these are things Swechha teaches weekly","Ashim / Srija / Nikhil (facilitators)","No","Text + diagrams/photos","Own material","A /do or /diy section, linked from the homepage door that already describes it","NOT STARTED","This is the AD-24/AD-25 defect pattern again: copy exists, destination does not. Either build it or remove the door.","","","","","","","","","","","","","","","","","","","","","","","","","","","","","","","","","","","","","","","","","","","","","","","","","","","","","","","","","","","","","","","","","","","","","","","","","","","",""
"01 · Master sheet","H-05","H-05","2 — one conversation closes it","","/about, /","Mission and 'Wheel of Change'","The five themes, three pillars and 'Wheel of Change' are stated as a framework with no work attached. A reader cannot tell which project sits under which theme.","MEDIUM","A theme-to-work mapping","For each of the five themes plus 'Building Narratives', list which of the 23 work items belong to it.","Framework stated, unmapped","YES — implicit in the programme structure","Ashim (Programs)","No","Mapping table","Own material","Either map the themes onto WORK, or drop them. An unattached framework reads as boilerplate.","NOT STARTED","The site classifies work by FORM (projects/campaigns/journeys/events), which is the better spine. Do not build a second taxonomy — just attach the themes.","","","","","","","","","","","","","","","","","","","","","","","","","","","","","","","","","","","","","","","","","","","","","","","","","","","","","","","","","","","","","","","","","","","","","","","","","","","",""
"01 · Master sheet","H-06","H-06","3 — archive, photography, consent or owner ruling","","/about","Awards and recognition","Every award Swechha holds is buried inside one team biography. There is no recognition section anywhere on the site.","MEDIUM","A verified award list","For each: award name, awarding body, year, what it was for, and a link or scan. Already named in bios: India Today & Outlook top-25 youth leaders (2004), International Youth Foundation 'Our Time is Now' (2004), CNN International Be the Change (2007/2008), UN General Assembly address (2011), ELC Bright Promise Award (2018, 57 girls — citation unknown), M. K. Tata Prize and NTPC gold medal (Aruna Pandey), Young Analyst Award EU/DPG (Aruna Pandey).","In bio prose only","YES — founder's records","Vimlendu","No","Text + scans/screenshots","Check whether personal awards may be presented as organisational","A recognition band on /about; the ELC citation belongs on the She Leads Change page","NEEDS VERIFICATION","Distinguish clearly between Vimlendu's personal awards and Swechha's institutional ones. Presenting one as the other is the credibility risk here.","","","","","","","","","","","","","","","","","","","","","","","","","","","","","","","","","","","","","","","","","","","","","","","","","","","","","","","","","","","","","","","","","","","","","","","","","","","",""
"01 · Master sheet","H-07","H-07","2 — one conversation closes it","","/about","Organisational scale","Nothing states how many people work at Swechha, how many are full-time, or where the offices are, beyond eight named staff and 'Khirki Extension, New Delhi'.","MEDIUM","Headcount and locations","Full-time staff, part-time/contract facilitators, annual volunteer count, and every physical location (Khirki Extension office, the farm, the Remakery, any field base).","8 names + one address","YES","Neeraj (Admin)","No","Text","Own material","One line on /about; feeds a 'Where we work' element","NOT STARTED","","","","","","","","","","","","","","","","","","","","","","","","","","","","","","","","","","","","","","","","","","","","","","","","","","","","","","","","","","","","","","","","","","","","","","","","","","","","",""
"01 · Master sheet","W-01","W-01","2 — one conversation closes it","","/work/campaigns","We for Yamuna","The organisation's founding campaign, running since 2000, is a card with no page, no dated action, no demand and no photograph. Its whole story on the site is the founding story, which /about tells better.","CRITICAL","Enough content for a detail page: 400-900 words plus figures and photographs","One dated action and one stated demand — anything that is not the year 2000. Then: is it still running? What has it asked for, of whom? Any measured change it can honestly claim a hand in.","Card on the index only — no page","TO BE COLLECTED / VERIFIED INTERNALLY","Ashim (Programs) / Vimlendu","No","Text + figures + photos","Own material; consent for any identifiable participants","A /work/campaigns/<slug> detail page in the same shape as the ten that exist","NOT STARTED","The site's own declared hole says exactly this. This is the oldest thing Swechha does and the thinnest page about it.","","","","","","","","","","","","","","","","","","","","","","","","","","","","","","","","","","","","","","","","","","","","","","","","","","","","","","","","","","","","","","","","","","","","","","","","","","","",""
"01 · Master sheet","W-02","W-02","2 — one conversation closes it","","/work/campaigns","Delhi I Can't See You","A name and nothing else: no start date, no demand, no action. The air situation page and the campaigns index both tell readers this is Swechha's campaign on Delhi's air, so the name promises more than the record can keep.","CRITICAL","Enough content for a detail page: 400-900 words plus figures and photographs","Three sentences: when it started, what it asks for, and one thing it has done. Plus any photograph at all from a real action.","Card on the index only — no page","TO BE COLLECTED / VERIFIED INTERNALLY","Ashim (Programs) / Vimlendu","No","Text + figures + photos","Own material; consent for any identifiable participants","A /work/campaigns/<slug> detail page in the same shape as the ten that exist","NOT STARTED","Named on the homepage and cross-linked from /now/air. The most-promised, least-documented item on the site.","","","","","","","","","","","","","","","","","","","","","","","","","","","","","","","","","","","","","","","","","","","","","","","","","","","","","","","","","","","","","","","","","","","","","","","","","","","",""
"01 · Master sheet","W-03","W-03","2 — one conversation closes it","","/work/campaigns","This Girl Can","A name and a subject. No start date, no demand, no action. Cannot be distinguished from She Leads Change or ME to WE, which work with the same girls in the same settlement.","HIGH","Enough content for a detail page: 400-900 words plus figures and photographs","Three sentences: when it started, what it asked for, one thing it did. AND a ruling: is this a campaign in its own right, or the public name that She Leads Change / ME to WE campaign under?","Card on the index only — no page","TO BE COLLECTED / VERIFIED INTERNALLY","Ashim (Programs) / Vimlendu","No","Text + figures + photos","Own material; consent for any identifiable participants","A /work/campaigns/<slug> detail page in the same shape as the ten that exist","NOT STARTED","A 'This Girl Can book' was named and then withdrawn under AD-26 R-2 because no file was ever found. If a file exists, it changes both this row and /publications.","","","","","","","","","","","","","","","","","","","","","","","","","","","","","","","","","","","","","","","","","","","","","","","","","","","","","","","","","","","","","","","","","","","","","","","","","","","",""
"01 · Master sheet","W-04","W-04","2 — one conversation closes it","","/work/campaigns","No more Waste Hills","Names a target and nothing else: no year, no landfill, no demand, no outcome. A CityScapes walk goes to a landfill edge and there is a photograph of it, but no stated link between the two.","HIGH","Enough content for a detail page: 400-900 words plus figures and photographs","Which hill (Ghazipur, Bhalswa, Okhla?), what was asked and of whom, what year. And whether the CityScapes landfill walk is part of this campaign.","Card on the index only — no page","TO BE COLLECTED / VERIFIED INTERNALLY","Ashim (Programs) / Vimlendu","No","Text + figures + photos","Own material; consent for any identifiable participants","A /work/campaigns/<slug> detail page in the same shape as the ten that exist","NOT STARTED","If the walk is part of it, this campaign has been running in plain sight with a usable photograph already on file.","","","","","","","","","","","","","","","","","","","","","","","","","","","","","","","","","","","","","","","","","","","","","","","","","","","","","","","","","","","","","","","","","","","","","","","","","","","",""
"01 · Master sheet","W-05","W-05","2 — one conversation closes it","","/work/campaigns","No Plastic","A clear demand with no record behind it: no year, no target, no outcome. The site cannot say whether this is about a ban, a substitution, or a shop — three different campaigns.","HIGH","Enough content for a detail page: 400-900 words plus figures and photographs","Which of the three it is; when it ran; what it changed. A refusal counts as an outcome.","Card on the index only — no page","TO BE COLLECTED / VERIFIED INTERNALLY","Ashim (Programs) / Vimlendu","No","Text + figures + photos","Own material; consent for any identifiable participants","A /work/campaigns/<slug> detail page in the same shape as the ten that exist","NOT STARTED","Likely connected to the GIZ Sustainable Shopping Basket (2010) already on /publications, and to the Marine Litter / EPR work with GIZ+MoEFCC that has no page at all (see W-16).","","","","","","","","","","","","","","","","","","","","","","","","","","","","","","","","","","","","","","","","","","","","","","","","","","","","","","","","","","","","","","","","","","","","","","","","","","","",""
"01 · Master sheet","W-06","W-06","2 — one conversation closes it","","/work/campaigns","Park Restoration","No date, no site list, no demand. Eco Action holds all the park figures (70+ butterfly parks, 20+ herb gardens, the Vasant Kunj decade); this campaign holds none of them.","HIGH","Enough content for a detail page: 400-900 words plus figures and photographs","A ruling first: is this the same work as Eco Action under a second name? If yes it becomes a section of that page. If no: one park, one year, one thing that was asked for.","Card on the index only — no page","TO BE COLLECTED / VERIFIED INTERNALLY","Ashim (Programs) / Vimlendu","No","Text + figures + photos","Own material; consent for any identifiable participants","A /work/campaigns/<slug> detail page in the same shape as the ten that exist","NOT STARTED","A merge is a perfectly good answer here and is cheaper than a page.","","","","","","","","","","","","","","","","","","","","","","","","","","","","","","","","","","","","","","","","","","","","","","","","","","","","","","","","","","","","","","","","","","","","","","","","","","","",""
"01 · Master sheet","W-07","W-07","2 — one conversation closes it","","/work/campaigns","Sustainable Shopping","No date, no demand, no audience. And Green the Map — which the homepage explicitly labels NOT a Swechha programme — sells sustainable goods, so a reader will assume a connection the site never addresses.","HIGH","Enough content for a detail page: 400-900 words plus figures and photographs","Who it spoke to and what it asked them to buy instead; the years it ran; and ONE line on whether it is connected to Green the Map.","Card on the index only — no page","TO BE COLLECTED / VERIFIED INTERNALLY","Ashim (Programs) / Vimlendu","No","Text + figures + photos","Own material; consent for any identifiable participants","A /work/campaigns/<slug> detail page in the same shape as the ten that exist","NOT STARTED","The GIZ Sustainable Shopping Basket guide (2010) on /publications is almost certainly this campaign's artefact and is not linked to it.","","","","","","","","","","","","","","","","","","","","","","","","","","","","","","","","","","","","","","","","","","","","","","","","","","","","","","","","","","","","","","","","","","","","","","","","","","","",""
"01 · Master sheet","W-08","W-08","3 — archive, photography, consent or owner ruling","","/work/events","Yamunotsav","Nine editions of a river festival, June 2006-2014, and not one photograph or account on the site. The site's own note says the frames sit in a Drive folder that will not open.","CRITICAL","Enough content for a detail page: 400-900 words plus figures and photographs","ACCESS to the Yamunotsav Drive folder. Then: what happened at one, roughly how many people came, and one sentence on why 2014 was the last — and whether it is coming back.","Card on the index only — no page","TO BE COLLECTED / VERIFIED INTERNALLY","Ashim (Programs) / Vimlendu","No","Text + figures + photos","Own material; consent for any identifiable participants","A /work/events/<slug> detail page in the same shape as the ten that exist","NOT STARTED","The site's own words: 'Nine Junes of a river festival is the best unshown material Swechha has.' Getting that folder open is one of the highest-value single actions on this whole list.","","","","","","","","","","","","","","","","","","","","","","","","","","","","","","","","","","","","","","","","","","","","","","","","","","","","","","","","","","","","","","","","","","","","","","","","","","","",""
"01 · Master sheet","W-09","W-09","2 — one conversation closes it","","/work/events","Cyclothon","Has been run; the site cannot say when, where, or how many times. 43 words of data total.","MEDIUM","Enough content for a detail page: 400-900 words plus figures and photographs","One line on what happens, roughly how many editions, which years, and the Cyclothon archive folder.","Card on the index only — no page","TO BE COLLECTED / VERIFIED INTERNALLY","Ashim (Programs) / Vimlendu","No","Text + figures + photos","Own material; consent for any identifiable participants","A /work/events/<slug> detail page in the same shape as the ten that exist","NOT STARTED","","","","","","","","","","","","","","","","","","","","","","","","","","","","","","","","","","","","","","","","","","","","","","","","","","","","","","","","","","","","","","","","","","","","","","","","","","","","",""
"01 · Master sheet","W-10","W-10","2 — one conversation closes it","","/work/events","Greenathon","No record beyond the name. 42 words of data total.","MEDIUM","Enough content for a detail page: 400-900 words plus figures and photographs","One line on what happens, roughly how many editions, which years, and any photographs.","Card on the index only — no page","TO BE COLLECTED / VERIFIED INTERNALLY","Ashim (Programs) / Vimlendu","No","Text + figures + photos","Own material; consent for any identifiable participants","A /work/events/<slug> detail page in the same shape as the ten that exist","NOT STARTED","","","","","","","","","","","","","","","","","","","","","","","","","","","","","","","","","","","","","","","","","","","","","","","","","","","","","","","","","","","","","","","","","","","","","","","","","","","","",""
"01 · Master sheet","W-11","W-11","3 — archive, photography, consent or owner ruling","","/work/events","Yamuna Shramdaan","The site cannot say when one last ran, how many have run, or which stretch of bank. 52 words of data total. Meanwhile /act asks people to turn up to clean-ups.","CRITICAL","Enough content for a detail page: 400-900 words plus figures and photographs","One line, the Shramdaan archive folder, which bank stretches, and — critically — whether they still run, since /act's volunteer ask depends on it.","Card on the index only — no page","TO BE COLLECTED / VERIFIED INTERNALLY","Ashim (Programs) / Vimlendu","No","Text + figures + photos","Own material; consent for any identifiable participants","A /work/events/<slug> detail page in the same shape as the ten that exist","NOT STARTED","/act deliberately publishes no calendar BECAUSE all four event formats carry this hole. Closing it unblocks the volunteer ask on the site's most-linked-to page.","","","","","","","","","","","","","","","","","","","","","","","","","","","","","","","","","","","","","","","","","","","","","","","","","","","","","","","","","","","","","","","","","","","","","","","","","","","",""
"01 · Master sheet","W-12","W-12","2 — one conversation closes it","","/work/projects","She Leads Change","Has three sourced figures but no page. Runs on the same settlement, with the same partner (EMpower), in the same age group as ME to WE, and the site cannot say how the two differ.","HIGH","Enough content for a detail page: 400-900 words plus figures and photographs","One sentence of difference from ME to WE (or a merge); a current cohort size; and the citation for the 2018 ELC Bright Promise Award given to 57 girls.","Card on the index only — no page","TO BE COLLECTED / VERIFIED INTERNALLY","Ashim (Programs) / Vimlendu","No","Text + figures + photos","Own material; consent for any identifiable participants","A /work/projects/<slug> detail page in the same shape as the ten that exist","NOT STARTED","Three sourced figures already exist — this is close to page-ready.","","","","","","","","","","","","","","","","","","","","","","","","","","","","","","","","","","","","","","","","","","","","","","","","","","","","","","","","","","","","","","","","","","","","","","","","","","","",""
"01 · Master sheet","W-13","W-13","2 — one conversation closes it","","/work/projects","Food systems, with UNEP","Sits under a heading that reads 'What is running' while the site's own sentence about it is in the future tense. UNEP's role is unstated: funder, technical partner, or co-designer.","CRITICAL","Enough content for a detail page: 400-900 words plus figures and photographs","Has it started? A start date and a school count. One word for UNEP's role. One dated first deliverable.","Card on the index only — no page","TO BE COLLECTED / VERIFIED INTERNALLY","Ashim (Programs) / Vimlendu","No","Text + figures + photos","Own material; consent for any identifiable participants","A /work/projects/<slug> detail page in the same shape as the ten that exist","NOT STARTED","A UNEP association is one of the strongest credibility signals on the site and it is currently a sentence in the future tense on a page titled 'What is running'.","","","","","","","","","","","","","","","","","","","","","","","","","","","","","","","","","","","","","","","","","","","","","","","","","","","","","","","","","","","","","","","","","","","","","","","","","","","",""
"01 · Master sheet","M-01","M-01","3 — archive, photography, consent or owner ruling","","/work/projects","The Remakery","The upcycling shop and workshop space is named on the homepage and /about, is where a named staff member works, and has no page. /remakery 404s on the live site.","CRITICAL","A decision on whether it belongs on the site, then a page or a section","What it is, where it is, when it opened, the weekly 'One Night Stand' events, what it makes, who runs it, and whether it is open now. A 2025-09-03 post exists about it reopening after eight months.","No — old URL redirects to a parent index","YES — the old site carried a full page","Ashim / Vimlendu","Old WordPress page text captured in docs/legacy/","Text + figures + photos","Own material","Either a /work item or a section of an existing page","NOT STARTED","Named on two pages, staffed by Nikhil per his own bio, and 404 at its own URL. The clearest case of a real thing with no page.","","","","","","","","","","","","","","","","","","","","","","","","","","","","","","","","","","","","","","","","","","","","","","","","","","","","","","","","","","","","","","","","","","","","","","","","","","","",""
"01 · Master sheet","M-02","M-02","2 — one conversation closes it","","/work/projects","Teacher Training","700+ educators trained per the old site, with no page. Teacher training is currently one bullet inside Bridge the Gap.","HIGH","A decision on whether it belongs on the site, then a page or a section","Verified number of teachers trained, over what period, in which schools, what the training covers, and whether it runs standalone or only inside Bridge the Gap.","No — old URL redirects to a parent index","YES — the old site carried a full page","Ashim / Vimlendu","Old WordPress page text captured in docs/legacy/","Text + figures + photos","Own material","Either a /work item or a section of an existing page","NOT STARTED","A teacher-training figure is one of the few things that converts 'reach' into 'effect' — the gap Bridge the Gap's own hole names.","","","","","","","","","","","","","","","","","","","","","","","","","","","","","","","","","","","","","","","","","","","","","","","","","","","","","","","","","","","","","","","","","","","","","","","","","","","",""
"01 · Master sheet","M-03","M-03","2 — one conversation closes it","","/work/projects","Green Finance (with IGES)","A study of 93 social enterprises — the longest project page on the old site — with no presence on the new one. It pairs directly with the IGES publication already on /publications.","HIGH","A decision on whether it belongs on the site, then a page or a section","Study period, method, what the 93 enterprises were, findings, and the published output. Confirm the relationship to the IGES Future Lifestyles report already hosted.","No — old URL redirects to a parent index","YES — the old site carried a full page","Ashim / Vimlendu","Old WordPress page text captured in docs/legacy/","Text + figures + photos","Own material","Either a /work item or a section of an existing page","NOT STARTED","Swechha's only primary research is already on /publications. This is the project behind it and is invisible.","","","","","","","","","","","","","","","","","","","","","","","","","","","","","","","","","","","","","","","","","","","","","","","","","","","","","","","","","","","","","","","","","","","","","","","","","","","",""
"01 · Master sheet","M-04","M-04","3 — archive, photography, consent or owner ruling","","/work/projects","Circular Economy / Marine Litter & EPR (GIZ + MoEFCC)","Indo-German bilateral cooperation with a government ministry, and 10 single-use-plastic-alternative infographics — none of it on the site. 8 GIZ marine images sit unused in public/images/giz-marine/.","HIGH","A decision on whether it belongs on the site, then a page or a section","Project period, GIZ's and MoEFCC's roles, the deliverables, and clearance to use the GIZ/MoEFCC names and the infographics.","No — old URL redirects to a parent index","YES — the old site carried a full page","Ashim / Vimlendu","Old WordPress page text captured in docs/legacy/","Text + figures + photos","Own material","Either a /work item or a section of an existing page","NOT STARTED","A named ministry collaboration is the strongest governmental credibility signal available, and the assets are already in the repo but unused.","","","","","","","","","","","","","","","","","","","","","","","","","","","","","","","","","","","","","","","","","","","","","","","","","","","","","","","","","","","","","","","","","","","","","","","","","","","",""
"01 · Master sheet","M-05","M-05","3 — archive, photography, consent or owner ruling","","/work/projects","Women & Non-Traditional Livelihoods (Udaan, MOM, Lunchbox 17)","A livelihoods programme with named enterprises, a British Council partnership and a 25,000-meals-in-a-year figure that became Million Kitchen. Entirely absent. None of these words appears on any built page.","HIGH","A decision on whether it belongs on the site, then a page or a section","Programme years, the British Council YWSEDP relationship, what Udaan / MOM candles / Lunchbox 17 were, the 25,000 meals figure and its source, and what happened when it became Million Kitchen.","No — old URL redirects to a parent index","YES — the old site carried a full page","Ashim / Vimlendu","Old WordPress page text captured in docs/legacy/","Text + figures + photos","Own material","Either a /work item or a section of an existing page","NOT STARTED","This is the only outcomes-with-names-and-numbers livelihood story in the archive and it is the largest single omission after the events.","","","","","","","","","","","","","","","","","","","","","","","","","","","","","","","","","","","","","","","","","","","","","","","","","","","","","","","","","","","","","","","","","","","","","","","","","","","",""
"01 · Master sheet","M-06","M-06","3 — archive, photography, consent or owner ruling","","/work/projects","Pagdandi (2007 origin of ME to WE)","The 2007 open-air school on the Yamuna at Kudsia Ghat, the Jagdamba Camp school, the Kitaab Ghar library and the Right to Education campaign that got 150+ children into formal schools. 'Pagdandi' and 'Kitaab Ghar' appear on zero built pages.","HIGH","A decision on whether it belongs on the site, then a page or a section","The 2007 start, what Pagdandi was, the Kitaab Ghar library, the RTE campaign and the 150+ children figure with its source. This is ME to WE's origin story.","No — old URL redirects to a parent index","YES — the old site carried a full page","Ashim / Vimlendu","Old WordPress page text captured in docs/legacy/","Text + figures + photos","Own material","Either a /work item or a section of an existing page","NOT STARTED","ME to WE's page names alumni who are now staff but shows nothing of the riverbank school this grew out of. This is the missing first chapter of the site's best-written page.","","","","","","","","","","","","","","","","","","","","","","","","","","","","","","","","","","","","","","","","","","","","","","","","","","","","","","","","","","","","","","","","","","","","","","","","","","","",""
"01 · Master sheet","M-07","M-07","3 — archive, photography, consent or owner ruling","","/stories","Films & Documentaries (Jijivisha, Wasted, Disposable, Tatva, Sakhi)","The films are on /stories as embeds, but the PROGRAMME — broadcast on CNN International, NDTV, BBC and CBC, and Sakhi (2021) with Ford Foundation support — has no account. 'Ford Foundation' and 'Sakhi' appear on zero built pages. 'Disposable' returns zero hits across all 148 indexed videos.","HIGH","A decision on whether it belongs on the site, then a page or a section","Broadcast history with dates and channels; the Ford Foundation relationship for Sakhi; a file or link for Disposable and for Tatva; director/producer credits.","No — old URL redirects to a parent index","YES — the old site carried a full page","Ashim / Vimlendu","Old WordPress page text captured in docs/legacy/","Text + figures + photos","Own material","Either a /work item or a section of an existing page","NOT STARTED","National and international broadcast is a hard, checkable credibility fact and it is currently on the site only as a clause inside one bio.","","","","","","","","","","","","","","","","","","","","","","","","","","","","","","","","","","","","","","","","","","","","","","","","","","","","","","","","","","","","","","","","","","","","","","","","","","","",""
"01 · Master sheet","M-08","M-08","2 — one conversation closes it","","/farm","The five farm training programmes","Bee Keepers Collective, Composting & Micro-enterprises, Soil Regeneration, Sustainable Agriculture Training Camps, Women Farmers Collective — all five had old project pages, all five redirect to /farm, and /farm describes none of them as a programme.","HIGH","A decision on whether it belongs on the site, then a page or a section","For each: what it trains, who attends, how many have been through it, which years, and any partner. Note that one old counter (9,385 'Rural Youth Engaged' on soil-regeneration) is contaminated placeholder data and must not be reused.","No — old URL redirects to a parent index","YES — the old site carried a full page","Ashim / Vimlendu","Old WordPress page text captured in docs/legacy/","Text + figures + photos","Own material","Either a /work item or a section of an existing page","NOT STARTED","/farm currently reads as a place. These five would make it a place that runs programmes — which is what a funder or a partner school is actually assessing.","","","","","","","","","","","","","","","","","","","","","","","","","","","","","","","","","","","","","","","","","","","","","","","","","","","","","","","","","","","","","","","","","","","","","","","","","","","",""
"01 · Master sheet","M-09","M-09","2 — one conversation closes it","","/work/projects","Learning Communities","Named on /impact and on three built pages, with no page of its own. Its old counter (9,385 'Campaigns') is contaminated placeholder data.","MEDIUM","A decision on whether it belongs on the site, then a page or a section","What it is, which communities, which years, and how it relates to She Leads Change's '300 girls in the wider Learning Communities cohort' figure already published.","No — old URL redirects to a parent index","YES — the old site carried a full page","Ashim / Vimlendu","Old WordPress page text captured in docs/legacy/","Text + figures + photos","Own material","Either a /work item or a section of an existing page","NOT STARTED","A published figure on the site already refers to this programme by name.","","","","","","","","","","","","","","","","","","","","","","","","","","","","","","","","","","","","","","","","","","","","","","","","","","","","","","","","","","","","","","","","","","","","","","","","","","","",""
"01 · Master sheet","M-10","M-10","1 — already in repo / already public","","/work","Green Creeps, Road to Leadership, Brake Even, Micro Grants, Green Exposures, Future Lifestyles, Air Pollution Campaigns, Cycles for Sustainability, Green the Map (as a project)","Nine further old programme pages redirect to a parent index with nothing behind them. 'Pagdandi', 'Brake Even', 'Udaan', 'Million Kitchen' and 'Sakhi' appear on zero built pages.","MEDIUM","A decision on whether it belongs on the site, then a page or a section","A triage decision per programme: (a) real and still relevant → collect content, (b) real but finished → one line in the timeline (H-01), (c) never really ran or folded into another → record the decision and leave the redirect. Do not build nine thin pages.","No — old URL redirects to a parent index","YES — the old site carried a full page","Ashim / Vimlendu","Old WordPress page text captured in docs/legacy/","Text + figures + photos","Own material","Either a /work item or a section of an existing page","NOT STARTED","Triage first. The instruction here is explicitly NOT to add content to make the site longer — several of these belong in the timeline, not on a page.","","","","","","","","","","","","","","","","","","","","","","","","","","","","","","","","","","","","","","","","","","","","","","","","","","","","","","","","","","","","","","","","","","","","","","","","","","","",""
"01 · Master sheet","D-01","D-01","2 — one conversation closes it","","/work/projects/bridge-the-gap","Impact","The headline '3M+ children reached' is a derivation, not a count: schools per year x years x children per school. The middle term is written down nowhere.","CRITICAL","One specific fact or artefact","ONE year's roll from ONE school. That turns the multiplier from an assumption into a measurement and the 3M from a derivation into a count.","Named as a hole on the page","TO BE COLLECTED / VERIFIED INTERNALLY","Neeraj / any partner school","No","Text / number / photo","Own material","Closes a hole the page already declares to the reader","NOT STARTED","3M+ is the largest number on the site and appears on the homepage. One school roll is all it needs.","","","","","","","","","","","","","","","","","","","","","","","","","","","","","","","","","","","","","","","","","","","","","","","","","","","","","","","","","","","","","","","","","","","","","","","","","","","",""
"01 · Master sheet","D-02","D-02","2 — one conversation closes it","","/work/projects/bridge-the-gap","Impact — effect","The page counts schools and students. It does not publish what changed in one school after the sixteenth session.","CRITICAL","One specific fact or artefact","Follow-up from a single school at any scale: a teacher's account, a before/after waste audit, a garden that survived, an action project that continued.","Named as a hole on the page","TO BE COLLECTED / VERIFIED INTERNALLY","Ashim (Programs)","No","Text / number / photo","Own material","Closes a hole the page already declares to the reader","NOT STARTED","The site's own note: this is 'the only figure a parent actually wants'.","","","","","","","","","","","","","","","","","","","","","","","","","","","","","","","","","","","","","","","","","","","","","","","","","","","","","","","","","","","","","","","","","","","","","","","","","","","",""
"01 · Master sheet","D-03","D-03","2 — one conversation closes it","","/work/projects/bridge-the-gap","CineGreen and Ride the Van","Two leadership journeys that ran inside the year-long curricula across 200+ schools in 2019-20 are named on the site and described nowhere on earth.","HIGH","One specific fact or artefact","Two paragraphs each: what they were, who they were for, what happened.","Named as a hole on the page","TO BE COLLECTED / VERIFIED INTERNALLY","Ashim (Programs)","No","Text / number / photo","Own material","Closes a hole the page already declares to the reader","NOT STARTED","A CineGreen Manual exists on the old Resources page (Drive) — see K-04.","","","","","","","","","","","","","","","","","","","","","","","","","","","","","","","","","","","","","","","","","","","","","","","","","","","","","","","","","","","","","","","","","","","","","","","","","","","",""
"01 · Master sheet","D-04","D-04","3 — archive, photography, consent or owner ruling","","/work/projects/eco-action","Photographs","Not one photograph of a butterfly park, a herb garden, or the Vasant Kunj park that went from 5% to 90% green cover over a decade. The frame currently used is a planting site, not one of these gardens.","CRITICAL","One specific fact or artefact","Three frames: one butterfly park, one herb garden, and Vasant Kunj then AND now. Plus the park's actual name and the decade's start year.","Named as a hole on the page","TO BE COLLECTED / VERIFIED INTERNALLY","Ashim / Naveen","No","Text / number / photo","Own material","Closes a hole the page already declares to the reader","NOT STARTED","The site's own words: 'would make this the strongest page in the section. The text is already there.' A genuine before/after of 5% to 90% green cover is the single best visual asset available anywhere in this audit.","","","","","","","","","","","","","","","","","","","","","","","","","","","","","","","","","","","","","","","","","","","","","","","","","","","","","","","","","","","","","","","","","","","","","","","","","","","",""
"01 · Master sheet","D-05","D-05","2 — one conversation closes it","","/work/projects/eco-action","Park count","The page says 70+ butterfly parks; elsewhere Swechha's own material has said 78. The lower figure is published deliberately.","HIGH","One specific fact or artefact","A current count with a date, and the same for herb gardens.","Named as a hole on the page","TO BE COLLECTED / VERIFIED INTERNALLY","Ashim (Programs)","No","Text / number / photo","Own material","Closes a hole the page already declares to the reader","NOT STARTED","","","","","","","","","","","","","","","","","","","","","","","","","","","","","","","","","","","","","","","","","","","","","","","","","","","","","","","","","","","","","","","","","","","","","","","","","","","","",""
"01 · Master sheet","D-06","D-06","3 — archive, photography, consent or owner ruling","","/work/projects/influence","The fellows","Ten fellowships a year since 2010 — roughly 150 fellows — and not one is named, no project is described, and no film or case study has been located.","CRITICAL","One specific fact or artefact","For 5-10 featured fellows: name, city/state, fellowship year, the project they ran, one outcome, a portrait, a 50-word update, and written permission. Plus: the length of a fellowship year, which is not stated because nobody has said.","Named as a hole on the page","TO BE COLLECTED / VERIFIED INTERNALLY","Ashim (Programs) / alumni network","No","Text / number / photo","Own material","Closes a hole the page already declares to the reader","NOT STARTED","The largest named-people gap on the site. A fellowship with no fellow on it reads as a line item.","","","","","","","","","","","","","","","","","","","","","","","","","","","","","","","","","","","","","","","","","","","","","","","","","","","","","","","","","","","","","","","","","","","","","","","","","","","",""
"01 · Master sheet","D-07","D-07","2 — one conversation closes it","","/work/projects/influence","50 colleges, 75 partner organisations","Two published counts sit behind the volunteering programme and the page names none of the organisations.","HIGH","One specific fact or artefact","Five college names and five partner-organisation names, WITH permission to list them. Plus a current year on any one of the five volunteering figures, which are all dated to 2010.","Named as a hole on the page","TO BE COLLECTED / VERIFIED INTERNALLY","Ashim (Programs)","No","Text / number / photo","Own material","Closes a hole the page already declares to the reader","NOT STARTED","Turns two counts into a list of collaborators, which is what they are.","","","","","","","","","","","","","","","","","","","","","","","","","","","","","","","","","","","","","","","","","","","","","","","","","","","","","","","","","","","","","","","","","","","","","","","","","","","",""
"01 · Master sheet","D-08","D-08","3 — archive, photography, consent or owner ruling","","/work/projects/me-to-we","Alumni who became staff","The page's strongest claim about the organisation — that alumni are now core team members — names nobody.","CRITICAL","One specific fact or artefact","Two names with their written permission, their story in 60-100 words, and a portrait.","Named as a hole on the page","TO BE COLLECTED / VERIFIED INTERNALLY","Ashim / the alumni themselves","No","Text / number / photo","Own material","Closes a hole the page already declares to the reader","NOT STARTED","The site's own note: 'would turn the strongest claim we make about ourselves into a person a reader can look at.'","","","","","","","","","","","","","","","","","","","","","","","","","","","","","","","","","","","","","","","","","","","","","","","","","","","","","","","","","","","","","","","","","","","","","","","","","","","",""
"01 · Master sheet","D-09","D-09","3 — archive, photography, consent or owner ruling","","/work/projects/me-to-we","Photographs","Nothing of the riverbank school, nothing of the Jagdamba group, no face on any alumnus. The frame used is of schoolchildren but not of this programme.","CRITICAL","One specific fact or artefact","Any frame from the camp or the riverbank, with consent.","Named as a hole on the page","TO BE COLLECTED / VERIFIED INTERNALLY","Ashim / Vimlendu","No","Text / number / photo","Own material","Closes a hole the page already declares to the reader","NOT STARTED","The site calls this 'the best-written unillustrated thing on the site'.","","","","","","","","","","","","","","","","","","","","","","","","","","","","","","","","","","","","","","","","","","","","","","","","","","","","","","","","","","","","","","","","","","","","","","","","","","","",""
"01 · Master sheet","D-10","D-10","2 — one conversation closes it","","/work/projects/me-to-we, /work/projects (she-leads-change)","Programme boundaries","ME to WE and She Leads Change both run on Jagdamba, both with EMpower, both with girls in the same age group, and the site does not say how they differ. This Girl Can may be a third name for the same work.","HIGH","One specific fact or artefact","One sentence of difference — or a ruling that two or three of them are one programme, which is a shorter and equally good answer.","Named as a hole on the page","TO BE COLLECTED / VERIFIED INTERNALLY","Ashim (Programs)","No","Text / number / photo","Own material","Closes a hole the page already declares to the reader","NOT STARTED","","","","","","","","","","","","","","","","","","","","","","","","","","","","","","","","","","","","","","","","","","","","","","","","","","","","","","","","","","","","","","","","","","","","","","","","","","","","",""
"01 · Master sheet","D-11","D-11","2 — one conversation closes it","","/work/projects/farm-school","Partners and funders","Nobody is named as a partner or funder. Bridge the Gap names seven funders; this page names none.","HIGH","One specific fact or artefact","The supporter list for Farm School: who paid for what, and in which years.","Named as a hole on the page","TO BE COLLECTED / VERIFIED INTERNALLY","Neeraj / Vimlendu","No","Text / number / photo","Own material","Closes a hole the page already declares to the reader","NOT STARTED","","","","","","","","","","","","","","","","","","","","","","","","","","","","","","","","","","","","","","","","","","","","","","","","","","","","","","","","","","","","","","","","","","","","","","","","","","","","",""
"01 · Master sheet","D-12","D-12","2 — one conversation closes it","","/work/campaigns/monsoon-wooding","Survival rate","The page publishes '50,000+ trees planted AND SURVIVED' but cannot state a survival rate, because the planted total is not written down anywhere citable. Nor is the interval at which survival is counted.","HIGH","One specific fact or artefact","Two numbers: how many went into the ground, and how long after planting the count is taken.","Named as a hole on the page","TO BE COLLECTED / VERIFIED INTERNALLY","Naveen (Farm) / Ashim","No","Text / number / photo","Own material","Closes a hole the page already declares to the reader","NOT STARTED","With those, the page states a survival rate — a far stronger and rarer claim than a planting total.","","","","","","","","","","","","","","","","","","","","","","","","","","","","","","","","","","","","","","","","","","","","","","","","","","","","","","","","","","","","","","","","","","","","","","","","","","","",""
"01 · Master sheet","D-13","D-13","2 — one conversation closes it","","/work/campaigns/monsoon-wooding","Planting sites","Sites are spread across Delhi and no geo-locations are held, so there is nowhere a reader can go and stand.","MEDIUM","One specific fact or artefact","Coordinates, or even a neighbourhood list, for the seasons that can still be reconstructed.","Named as a hole on the page","TO BE COLLECTED / VERIFIED INTERNALLY","Naveen / Ashim","No","Text / number / photo","Own material","Closes a hole the page already declares to the reader","NOT STARTED","Feeds a 'Where we work' map (see structural recommendation S-04).","","","","","","","","","","","","","","","","","","","","","","","","","","","","","","","","","","","","","","","","","","","","","","","","","","","","","","","","","","","","","","","","","","","","","","","","","","","",""
"01 · Master sheet","D-14","D-14","2 — one conversation closes it","","/work/journeys/yamuna-yatra","The route","The page is named after a route it cannot draw. Both ends are known (Yamunotri to Agra, ~1,000 km) but the stops between are published nowhere checkable; a ten-stop route on an older draft appears in no verifiable document.","HIGH","One specific fact or artefact","Confirmation of the ten stops.","Named as a hole on the page","TO BE COLLECTED / VERIFIED INTERNALLY","Vimlendu / Naveen","No","Text / number / photo","Own material","Closes a hole the page already declares to the reader","NOT STARTED","Unlocks a route map on the site's flagship journey.","","","","","","","","","","","","","","","","","","","","","","","","","","","","","","","","","","","","","","","","","","","","","","","","","","","","","","","","","","","","","","","","","","","","","","","","","","","",""
"01 · Master sheet","D-15","D-15","2 — one conversation closes it","","/work/journeys/yamuna-yatra","Cohort measurements","Twelve days on a river and not one measurement of it taken by the people who walked it.","MEDIUM","One specific fact or artefact","Any water readings cohorts took, in any year — even a notebook.","Named as a hole on the page","TO BE COLLECTED / VERIFIED INTERNALLY","Ashim / facilitators","No","Text / number / photo","Own material","Closes a hole the page already declares to the reader","NOT STARTED","Would put the river's own numbers beside the walk and connect /work to /now/yamuna, which is the site's whole argument.","","","","","","","","","","","","","","","","","","","","","","","","","","","","","","","","","","","","","","","","","","","","","","","","","","","","","","","","","","","","","","","","","","","","","","","","","","","",""
"01 · Master sheet","D-16","D-16","2 — one conversation closes it","","/work/journeys/gram-anubhav","Host organisations","More than a hundred grassroots organisations host these journeys and not one is named.","HIGH","One specific fact or artefact","Five host organisations named, with permission.","Named as a hole on the page","TO BE COLLECTED / VERIFIED INTERNALLY","Ashim (Programs)","No","Text / number / photo","Own material","Closes a hole the page already declares to the reader","NOT STARTED","The site's own note: 'it is their programme as much as ours.'","","","","","","","","","","","","","","","","","","","","","","","","","","","","","","","","","","","","","","","","","","","","","","","","","","","","","","","","","","","","","","","","","","","","","","","","","","","",""
"01 · Master sheet","D-17","D-17","2 — one conversation closes it","","/work/journeys/gram-anubhav, /work/journeys/naturescapes","Start year","Both publish '60+ journeys' with no start year, so both are totals rather than rates.","MEDIUM","One specific fact or artefact","One year each.","Named as a hole on the page","TO BE COLLECTED / VERIFIED INTERNALLY","Ashim (Programs)","No","Text / number / photo","Own material","Closes a hole the page already declares to the reader","NOT STARTED","Trivially cheap, and it fixes two figures.","","","","","","","","","","","","","","","","","","","","","","","","","","","","","","","","","","","","","","","","","","","","","","","","","","","","","","","","","","","","","","","","","","","","","","","","","","","",""
"01 · Master sheet","D-18","D-18","2 — one conversation closes it","","/work/journeys/naturescapes","Sariska","Sariska is on the destination list and on nothing else held: no photograph, no account, no journal. A NatureScapes Manual for Sariska exists on the old Resources page.","MEDIUM","One specific fact or artefact","Confirmation that Sariska is still a destination, plus the Sariska manual (Drive ID in the legacy audit).","Named as a hole on the page","TO BE COLLECTED / VERIFIED INTERNALLY","Ashim (Programs)","No","Text / number / photo","Own material","Closes a hole the page already declares to the reader","NOT STARTED","","","","","","","","","","","","","","","","","","","","","","","","","","","","","","","","","","","","","","","","","","","","","","","","","","","","","","","","","","","","","","","","","","","","","","","","","","","","",""
"01 · Master sheet","D-19","D-19","2 — one conversation closes it","","/work/journeys/cityscapes","Per-walk records","A thousand walks and a hundred thousand people, and the site cannot say which of the six walks people actually ask for. Two of the six walks have no photograph at all.","HIGH","One specific fact or artefact","Any per-walk count; a walk name against each surviving frame; and any photograph of the heritage walk or the restoration park.","Named as a hole on the page","TO BE COLLECTED / VERIFIED INTERNALLY","Ashim (Programs)","No","Text / number / photo","Own material","Closes a hole the page already declares to the reader","NOT STARTED","Thirteen frames catalogued as photographs of these walks were withdrawn as synthetic on 2026-08-22. What is left is real but unlabelled.","","","","","","","","","","","","","","","","","","","","","","","","","","","","","","","","","","","","","","","","","","","","","","","","","","","","","","","","","","","","","","","","","","","","","","","","","","","",""
"01 · Master sheet","P-01","P-01","3 — archive, photography, consent or owner ruling","","Site-wide","Partners and funders","Twenty organisations are named site-wide, all buried inside five item pages. There is no partner page, no logos, no years, no description of any relationship, and no permission record.","HIGH","A partner register","For each of the 20 already named (Bupa Foundation, Acuity Knowledge Partners, Sir Ratan Tata Trust, Nokia Siemens Networks, American Express, National Geographic, Adobe, PVR, Amazon, The American Embassy, EMpower, IndusInd Bank, PwC, S&P Global, UNEP, British Council, The European Union, plus GIZ and IGES from /publications and UNV from a bio): relationship type, project, years, one line, logo file, website, and WRITTEN permission to display the logo.","Names only, no context","PARTIAL — Accounts will hold the grant records","Neeraj (Accounts) / Vimlendu","No logos in repo","Logos + text","PERMISSION REQUIRED PER ORGANISATION — this is the blocking step","See structural recommendation S-02","NOT STARTED","Add a 'Should this be publicly featured?' decision per row before any design work. Some funder relationships are deliberately quiet.","","","","","","","","","","","","","","","","","","","","","","","","","","","","","","","","","","","","","","","","","","","","","","","","","","","","","","","","","","","","","","","","","","","","","","","","","","","",""
"01 · Master sheet","P-02","P-02","1 — already in repo / already public","","Site-wide","Partners — completeness","The funder list is almost certainly incomplete: it was assembled from two pages. Nine annual reports on disk list donors year by year.","HIGH","The full historical funder list","Extract the donor/funder list from each of the 9 annual reports and reconcile into one register with years.","No","YES — inside the reports already in the repo","Neeraj (Accounts)","/docs/reports/*.pdf","Table","Already published inside the reports; display is a separate decision","Feeds S-02","AVAILABLE","Again: the material is already in the repo. This is transcription.","","","","","","","","","","","","","","","","","","","","","","","","","","","","","","","","","","","","","","","","","","","","","","","","","","","","","","","","","","","","","","","","","","","","","","","","","","","",""
"01 · Master sheet","P-03","P-03","3 — archive, photography, consent or owner ruling","","Site-wide","Schools","Bridge the Gap claims 250+ schools over fifteen years and 100-150 every year. FIVE school names appear anywhere on the site (Vasant Valley, Shriram, Pathways World, Modern, and 'The Shriram Schools').","CRITICAL","A school register","Per school: name, city, state, programme, year(s), number of participants, key activity, photos available, permission status. Start with the 20-30 longest-running partner schools rather than attempting 250.","5 names","YES — programme records must exist to run 100-150 schools a year","Ashim (Programs)","No","Table + logos/photos","SCHOOL PERMISSION REQUIRED per institution — many schools will not permit naming","See structural recommendation S-05","NOT STARTED","Do not chase all 250. Twenty named schools with permission is far more convincing than a claim of 250 and a list of five.","","","","","","","","","","","","","","","","","","","","","","","","","","","","","","","","","","","","","","","","","","","","","","","","","","","","","","","","","","","","","","","","","","","","","","","","","","","",""
"01 · Master sheet","P-04","P-04","3 — archive, photography, consent or owner ruling","","/work/projects/bridge-the-gap","Schools — the anchor school","No single school relationship is told as a story anywhere on the site, despite fifteen years of them.","HIGH","One or two anchor-school case studies","One school that has run the curriculum for 5+ years: how it started, what it runs now, what the teachers say, what changed, one named teacher quote with permission, and photographs.","No","LIKELY","Ashim (Programs)","No","Case study + photos + quote","School and teacher permission required","A case study on /work/projects/bridge-the-gap","NOT STARTED","This single asset would close D-02 as well.","","","","","","","","","","","","","","","","","","","","","","","","","","","","","","","","","","","","","","","","","","","","","","","","","","","","","","","","","","","","","","","","","","","","","","","","","","","",""
"01 · Master sheet","P-05","P-05","3 — archive, photography, consent or owner ruling","","Site-wide","Testimonials and voices","Across 35 pages, not one student, teacher, fellow, villager, volunteer or partner is quoted. There is no first-person voice anywhere on the site except the staff bios.","HIGH","8-12 short attributed quotes","Target mix: 2 students, 2 teachers, 2 fellows, 2 village hosts, 1 volunteer, 1 funder. Each: exact words, name, role, place, year, written permission, and a portrait if consented.","No","POSSIBLY — in reports and social media","Ashim / Srija / Anushka","No","Text + portraits","Written consent required for each","Distribute across work pages, /farm and /impact — do NOT build a testimonials page","NOT STARTED","The site's editorial voice is deliberately austere; quotes must be real and specific or they will read worse than the current silence.","","","","","","","","","","","","","","","","","","","","","","","","","","","","","","","","","","","","","","","","","","","","","","","","","","","","","","","","","","","","","","","","","","","","","","","","","","","",""
"01 · Master sheet","F-01","F-01","3 — archive, photography, consent or owner ruling","","/work/journeys/gram-anubhav","Gram Anubhav — any real frame","Sixty journeys run and the page has ZERO genuine photographs. Twelve files filed under it were found to be synthetic and withdrawn — they carry page borders, hands merging into tools, and captions naming states the journey does not go to.","CRITICAL","Photographs","One real frame per activity: shramdaan, a village interaction, a home visit, a cultural evening. Four frames minimum. Uttarakhand, Rajasthan, Gujarat or Himachal.","No / insufficient","TO BE COLLECTED / VERIFIED INTERNALLY","Vimlendu (archive) / Ashim / facilitators","No","Photograph — Landscape, min 2000px on the long edge, EXIF intact","Owner has permitted use of Swechha photographs (ruling W-14, 21 Aug 2026); check for identifiable minors","Replaces a placeholder or an unillustrated section","NOT STARTED","Sixty journeys have been run, so the photographs exist somewhere. What is on file is not them.","","","","","","","","","","","","","","","","","","","","","","","","","","","","","","","","","","","","","","","","","","","","","","","","","","","","","","","","","","","","","","","","","","","","","","","","","","","",""
"01 · Master sheet","F-02","F-02","3 — archive, photography, consent or owner ruling","","/work/journeys/naturescapes","NatureScapes destinations","Every frame on the page is a real Swechha frame and not one is of the six destinations. The only pictures held of those were bought from a stock library and are refused by the build.","CRITICAL","Photographs","One Swechha frame per ecosystem: Sariska, Ranthambore, Mukteshwar/Sirmaur, Jim Corbett, Sunderbans, Jaisalmer. From the 60+ journeys already run.","No / insufficient","TO BE COLLECTED / VERIFIED INTERNALLY","Vimlendu (archive) / Ashim / facilitators","No","Photograph — Landscape, min 2000px on the long edge, EXIF intact","Owner has permitted use of Swechha photographs (ruling W-14, 21 Aug 2026); check for identifiable minors","Replaces a placeholder or an unillustrated section","NOT STARTED","Five stock files are flagged and refused in the catalogue specifically so they cannot be used by accident.","","","","","","","","","","","","","","","","","","","","","","","","","","","","","","","","","","","","","","","","","","","","","","","","","","","","","","","","","","","","","","","","","","","","","","","","","","","",""
"01 · Master sheet","F-03","F-03","3 — archive, photography, consent or owner ruling","","/work/projects/eco-action","Butterfly parks and Vasant Kunj","No photograph of any of 70+ butterfly parks or 20+ herb gardens, and neither the before nor the after of the park that went from 5% to 90% green cover.","CRITICAL","Photographs","Three frames: one butterfly park, one herb garden, and Vasant Kunj THEN and NOW (two frames, same viewpoint if possible).","No / insufficient","TO BE COLLECTED / VERIFIED INTERNALLY","Vimlendu (archive) / Ashim / facilitators","No","Photograph — Landscape, min 2000px on the long edge, EXIF intact","Owner has permitted use of Swechha photographs (ruling W-14, 21 Aug 2026); check for identifiable minors","Replaces a placeholder or an unillustrated section","NOT STARTED","The before/after pair is the highest-value single image asset in this entire audit.","","","","","","","","","","","","","","","","","","","","","","","","","","","","","","","","","","","","","","","","","","","","","","","","","","","","","","","","","","","","","","","","","","","","","","","","","","","",""
"01 · Master sheet","F-04","F-04","3 — archive, photography, consent or owner ruling","","/work/projects/me-to-we","Riverbank school and Jagdamba","Nothing of the 2007 riverbank school at Kudsia Ghat, nothing of the Jagdamba group, no face on the alumni who became staff.","CRITICAL","Photographs","Any frame from the camp or the riverbank, any year, with consent. Plus portraits of the two alumni named under D-08.","No / insufficient","TO BE COLLECTED / VERIFIED INTERNALLY","Vimlendu (archive) / Ashim / facilitators","No","Photograph — Landscape + portraits, min 2000px on the long edge, EXIF intact","Owner has permitted use of Swechha photographs (ruling W-14, 21 Aug 2026); check for identifiable minors","Replaces a placeholder or an unillustrated section","NOT STARTED","","","","","","","","","","","","","","","","","","","","","","","","","","","","","","","","","","","","","","","","","","","","","","","","","","","","","","","","","","","","","","","","","","","","","","","","","","","","",""
"01 · Master sheet","F-05","F-05","3 — archive, photography, consent or owner ruling","","/work/events (all four)","Events — any photograph","Yamunotsav ran nine times and has no photograph. Cyclothon, Greenathon and Yamuna Shramdaan have none either. The events section is four unillustrated stubs.","CRITICAL","Photographs","ACCESS to the Yamunotsav Drive folder first (it will not currently open). Then 3-5 frames per event.","No / insufficient","TO BE COLLECTED / VERIFIED INTERNALLY","Vimlendu (archive) / Ashim / facilitators","No","Photograph — Landscape, min 2000px on the long edge, EXIF intact","Owner has permitted use of Swechha photographs (ruling W-14, 21 Aug 2026); check for identifiable minors","Replaces a placeholder or an unillustrated section","NOT STARTED","The single highest-value archive unlock on this list. Nine Junes of a river festival.","","","","","","","","","","","","","","","","","","","","","","","","","","","","","","","","","","","","","","","","","","","","","","","","","","","","","","","","","","","","","","","","","","","","","","","","","","","",""
"01 · Master sheet","F-06","F-06","3 — archive, photography, consent or owner ruling","","/","Paper archive strip, 2000-2017","Twenty of the 27 year-cells on the homepage archive strip are placeholder frames. The first eighteen years of the organisation have no image.","CRITICAL","Photographs","One image per year for 2000-2017, plus 2021 and 2024. Photograph, poster, clipping, letter or report cover — anything genuine and datable.","No / insufficient","TO BE COLLECTED / VERIFIED INTERNALLY","Vimlendu (archive) / Ashim / facilitators","No","Photograph — Landscape preferred, min 2000px on the long edge, EXIF intact","Owner has permitted use of Swechha photographs (ruling W-14, 21 Aug 2026); check for identifiable minors","Replaces a placeholder or an unillustrated section","NOT STARTED","See H-03. This and the timeline (H-01) are one collection exercise.","","","","","","","","","","","","","","","","","","","","","","","","","","","","","","","","","","","","","","","","","","","","","","","","","","","","","","","","","","","","","","","","","","","","","","","","","","","",""
"01 · Master sheet","F-07","F-07","3 — archive, photography, consent or owner ruling","","/work/journeys/cityscapes","Heritage walk and restoration park","Two of the six CityScapes walks have no frame at all, and the surviving frames are not labelled by which walk they were taken on.","HIGH","Photographs","One frame each of the heritage walk and the restoration park, plus a walk name against every existing CityScapes frame.","No / insufficient","TO BE COLLECTED / VERIFIED INTERNALLY","Vimlendu (archive) / Ashim / facilitators","No","Photograph — Landscape, min 2000px on the long edge, EXIF intact","Owner has permitted use of Swechha photographs (ruling W-14, 21 Aug 2026); check for identifiable minors","Replaces a placeholder or an unillustrated section","NOT STARTED","Thirteen frames were withdrawn as synthetic on 2026-08-22, which is why the set is thin.","","","","","","","","","","","","","","","","","","","","","","","","","","","","","","","","","","","","","","","","","","","","","","","","","","","","","","","","","","","","","","","","","","","","","","","","","","","",""
"01 · Master sheet","F-08","F-08","3 — archive, photography, consent or owner ruling","","/about","Team and board portraits","Eight staff portraits exist. The eight governing-body members have a `photo_unused` record pointing at old WordPress files, and none is displayed.","MEDIUM","Photographs","Eight board portraits at usable resolution, with each member's consent. The existing sources are 338x232 and too small.","No / insufficient","TO BE COLLECTED / VERIFIED INTERNALLY","Vimlendu (archive) / Ashim / facilitators","No","Photograph — Portrait / square, min 2000px on the long edge, EXIF intact","Owner has permitted use of Swechha photographs (ruling W-14, 21 Aug 2026); check for identifiable minors","Replaces a placeholder or an unillustrated section","NOT STARTED","","","","","","","","","","","","","","","","","","","","","","","","","","","","","","","","","","","","","","","","","","","","","","","","","","","","","","","","","","","","","","","","","","","","","","","","","","","","",""
"01 · Master sheet","F-09","F-09","3 — archive, photography, consent or owner ruling","","/farm","Farm — the change","/farm opens on 'Nothing grew here' and tells a barren-land-to-food-forest story, but carries no before frame of the barren ground.","HIGH","Photographs","The land before planting (any year), the same viewpoint now, and frames of each named system: nursery, dairy, apiary, vermicompost, hydroponics, mud houses, butterfly garden.","No / insufficient","TO BE COLLECTED / VERIFIED INTERNALLY","Vimlendu (archive) / Ashim / facilitators","No","Photograph — Landscape, min 2000px on the long edge, EXIF intact","Owner has permitted use of Swechha photographs (ruling W-14, 21 Aug 2026); check for identifiable minors","Replaces a placeholder or an unillustrated section","NOT STARTED","A genuine before/after here would do the same work as F-03.","","","","","","","","","","","","","","","","","","","","","","","","","","","","","","","","","","","","","","","","","","","","","","","","","","","","","","","","","","","","","","","","","","","","","","","","","","","",""
"01 · Master sheet","F-10","F-10","3 — archive, photography, consent or owner ruling","","Site-wide","Portrait-orientation frames","The photo library is heavily landscape, and the audit record shows portrait files being placed in letterbox bands and rendering as slivers — a defect that has already shipped once.","MEDIUM","Photographs","When shooting or selecting new frames, deliberately capture some true-landscape wide frames (2400x1600 or wider) for masthead bands. Confirm EXIF orientation is 1, not 6.","No / insufficient","TO BE COLLECTED / VERIFIED INTERNALLY","Vimlendu (archive) / Ashim / facilitators","No","Photograph — Landscape, 3:2 or wider, min 2000px on the long edge, EXIF intact","Owner has permitted use of Swechha photographs (ruling W-14, 21 Aug 2026); check for identifiable minors","Replaces a placeholder or an unillustrated section","NOT STARTED","A prior perf pass shipped seven photos rotated 90 degrees by stripping EXIF orientation without rotating pixels. Any bulk photo intake must apply exif_transpose.","","","","","","","","","","","","","","","","","","","","","","","","","","","","","","","","","","","","","","","","","","","","","","","","","","","","","","","","","","","","","","","","","","","","","","","","","","","",""
"01 · Master sheet","F-11","F-11","3 — archive, photography, consent or owner ruling","","Site-wide","Campaign posters and creatives","Eleven posters by Sandip Paul are on /stories. No campaign poster, banner, placard or creative from any of the eight campaigns is on the site.","MEDIUM","Photographs","Poster and creative scans per campaign, with the designer credited and the year recorded. The 10 GIZ single-use-plastic-alternative infographics are a known set.","No / insufficient","TO BE COLLECTED / VERIFIED INTERNALLY","Vimlendu (archive) / Ashim / facilitators","No","Photograph — Portrait / poster, min 2000px on the long edge, EXIF intact","Owner has permitted use of Swechha photographs (ruling W-14, 21 Aug 2026); check for identifiable minors","Replaces a placeholder or an unillustrated section","NOT STARTED","8 GIZ marine images already sit unused in public/images/giz-marine/.","","","","","","","","","","","","","","","","","","","","","","","","","","","","","","","","","","","","","","","","","","","","","","","","","","","","","","","","","","","","","","","","","","","","","","","","","","","",""
"01 · Master sheet","F-12","F-12","3 — archive, photography, consent or owner ruling","","Site-wide","Press clippings","No newspaper clipping, magazine page or broadcast still appears anywhere on the site.","HIGH","Photographs","Scans of significant press: the 2004 India Today and Outlook features, any Yamuna Yatra coverage, any Yamunotsav coverage. Record publication, date and page.","No / insufficient","TO BE COLLECTED / VERIFIED INTERNALLY","Vimlendu (archive) / Ashim / facilitators","No","Photograph — Portrait / scan, min 2000px on the long edge, EXIF intact","Owner has permitted use of Swechha photographs (ruling W-14, 21 Aug 2026); check for identifiable minors","Replaces a placeholder or an unillustrated section","NOT STARTED","See J-01. The old site's 'In the News' archive was verified to be 59 empty headline shells with no scans — so these must come from the office, not the web.","","","","","","","","","","","","","","","","","","","","","","","","","","","","","","","","","","","","","","","","","","","","","","","","","","","","","","","","","","","","","","","","","","","","","","","","","","","",""
"01 · Master sheet","K-01","K-01","1 — already in repo / already public","","/publications","Field manuals","Six documents on the old Resources page — all Drive-hosted, all public, all uploaded August 2025 — are absent from /publications, which carries three items.","HIGH","Six documents and a ruling on each","NatureScapes Manual (Sirmaur), NatureScapes Manual (Sariska), Yamuna Manual, CineGreen Manual, New Delhi Brochure — Drive IDs are recorded in docs/design/2026-08-22-LEGACY-SITE-CONTENT-AUDIT.md §1.2. The IGES scenario from that list is ALREADY published.","3 of 9","YES — on Google Drive, public","Ashim / Vimlendu","Drive IDs recorded in the legacy audit","PDF","Own material; confirm the manuals are final versions","Add to /publications, and link each manual from the journey page it belongs to","AVAILABLE","AD-26 R-1/R-2 fixed Publications at two items on the evidence then available; a third has since been added. Six more real files exist. This needs a re-ruling, not a hunt.","","","","","","","","","","","","","","","","","","","","","","","","","","","","","","","","","","","","","","","","","","","","","","","","","","","","","","","","","","","","","","","","","","","","","","","","","","","",""
"01 · Master sheet","K-02","K-02","1 — already in repo / already public","","/publications","Annual reports as publications","Nine annual reports sit in public/docs/ and /publications does not list them. See T-01.","CRITICAL","A decision on where reports live","Whether the reports belong on /about (transparency) or /publications (knowledge), or both. Recommend /about, cross-linked from /publications.","No","YES — in the repo","Vimlendu","/docs/reports/*.pdf","PDF","Already public","Resolve alongside T-01","AVAILABLE","","","","","","","","","","","","","","","","","","","","","","","","","","","","","","","","","","","","","","","","","","","","","","","","","","","","","","","","","","","","","","","","","","","","","","","","","","","","",""
"01 · Master sheet","K-03","K-03","1 — already in repo / already public","","/publications","Accessibility of the scans","Two of the recovered documents are image-only scans with zero embedded fonts — the INFLUENCE Annual Report 2012-13 (24 pages) and the 80G certificate. They are unreadable to a screen reader and unsearchable.","MEDIUM","OCR or a transcribed summary","Run OCR, or write a 150-word summary to sit beside each. For the 80G certificate, a transcription of the registration details is sufficient and arguably better.","Files present, not surfaced","YES","Whoever surfaces T-01","In repo","PDF + text","Own material","Publishing a tax-exemption certificate as an unlabelled image is an accessibility defect, not a neutral choice.","NOT STARTED","","","","","","","","","","","","","","","","","","","","","","","","","","","","","","","","","","","","","","","","","","","","","","","","","","","","","","","","","","","","","","","","","","","","","","","","","","","","",""
"01 · Master sheet","K-04","K-04","2 — one conversation closes it","","/stories","Written — nothing since August 2023","All five published essays are dated 2022-08 to 2023-08. The site has published no new writing in two years. A sixth recovered essay ('Learning to grow with Swechha', 2018) was not republished.","HIGH","New writing, and a decision on the sixth essay","A publishing cadence and 3-4 new pieces. Best candidates from work already done: the Vasant Kunj decade, the Yamunotsav story, a fellow's project, a Gram Anubhav host's account. Plus: publish or formally drop the 2018 essay.","5 essays, all 2022-23","The 2018 essay text is recoverable","Ashim / Srija / Anushka / Chhavi","Old blog","Text","Own material","Keeps /stories alive; each new essay is also a timeline anchor","NOT STARTED","The essays are the only bylined writing on the site and the byline is what makes them credible. Keep bylines.","","","","","","","","","","","","","","","","","","","","","","","","","","","","","","","","","","","","","","","","","","","","","","","","","","","","","","","","","","","","","","","","","","","","","","","","","","","",""
"01 · Master sheet","K-05","K-05","2 — one conversation closes it","","/stories","Films — two ruled films have no source","Of six ruled films, 'Disposable' returns zero hits across all 148 indexed videos, and 'Yatra' is not a film (only two School Journeys shorts match). Both are named as holes rather than dropped.","MEDIUM","Files or links for the two missing films","A file, a link, or a written confirmation that Disposable is lost. Same for whatever 'Yatra' was meant to be. Vimlendu's bio names 'Tatva' as a fourth film, which appears on one page and has no entry.","Named as holes","POSSIBLY — founder's archive","Vimlendu","No","Video","Own material","Completes the films list on /stories","SEARCHING","Do not print a film count that includes the two unsourced titles.","","","","","","","","","","","","","","","","","","","","","","","","","","","","","","","","","","","","","","","","","","","","","","","","","","","","","","","","","","","","","","","","","","","","","","","","","","","",""
"01 · Master sheet","K-06","K-06","1 — already in repo / already public","","/stories","148 indexed videos, ~8 used","The YouTube channel's full 148-video index is committed to the repo and roughly eight videos are embedded on the site. 140 videos of archive footage are indexed and unused.","MEDIUM","A curation pass over the index","Review data/media/youtube-index.json and identify which videos belong on which work page. Many are titled by journey, event or campaign and would illustrate pages that currently have no photographs.","Indexed, mostly unused","YES — in the repo","Ashim / Anushka","data/media/youtube-index.json","Video embeds","Own channel","Embed relevant videos on the work pages that have no images","AVAILABLE","This is the cheapest way to put moving evidence on the thirteen pageless items — several of them almost certainly have footage in the index.","","","","","","","","","","","","","","","","","","","","","","","","","","","","","","","","","","","","","","","","","","","","","","","","","","","","","","","","","","","","","","","","","","","","","","","","","","","",""
"01 · Master sheet","J-01","J-01","3 — archive, photography, consent or owner ruling","","Site-wide","Media coverage of Swechha — none","There is NO record anywhere on the site of Swechha having been covered by anyone. The six coverage-*.json files measure press attention to the ISSUES (Delhi air, the Yamuna), explicitly never to Swechha. The old site's 'In the News' archive was verified as 59 empty headline shells with no scans.","CRITICAL","A media archive built from scratch","Per item: headline, publication, date, author, URL or scan, topic, and which page it belongs beside. Known anchors to start from: CNN International Be the Change (2007, reported weekly for a year, 6 changemakers worldwide); India Today and Outlook top-25 youth leaders (2004); International Youth Foundation 'Our Time is Now' (2004); UN General Assembly address (2011); NDTV, BBC and CBC broadcasts of the documentaries.","No","POSSIBLY — a physical clippings file","Vimlendu (founder archive) / office at Khirki Extension","No","Scans + links","Copyright: link and cite rather than reproducing article text; a scan thumbnail plus headline and outlet is the safe pattern","See structural recommendation S-03","NOT STARTED","Twenty-six years of an outspoken Delhi environmental organisation and zero press evidence on the site is the largest single credibility gap in this audit.","","","","","","","","","","","","","","","","","","","","","","","","","","","","","","","","","","","","","","","","","","","","","","","","","","","","","","","","","","","","","","","","","","","","","","","","","","","",""
"01 · Master sheet","J-02","J-02","3 — archive, photography, consent or owner ruling","","/about","Media contact","There is a media enquiry mailto on /about, but no press kit, no boilerplate, no logo pack, and no spokesperson listing.","MEDIUM","A small press kit","One-paragraph organisational boilerplate, founding year, registered name, spokesperson names and areas, logo files in usable formats, and 5-10 cleared photographs with captions and credits.","Email link only","PARTIAL — logos exist in public/brand/","Vimlendu / Anushka","public/brand/*.svg","Logos + text + photos","Own material","A press kit block on /about","NOT STARTED","The situation pages are genuinely newsworthy and there is currently no easy path from a journalist to a usable asset.","","","","","","","","","","","","","","","","","","","","","","","","","","","","","","","","","","","","","","","","","","","","","","","","","","","","","","","","","","","","","","","","","","","","","","","","","","","",""
"01 · Master sheet","J-03","J-03","3 — archive, photography, consent or owner ruling","","Site-wide","Broadcast and speaking record","TV appearances, podcasts, panels and speeches exist per the bios but are recorded nowhere as an institutional record.","MEDIUM","A speaking and broadcast list","Per item: event/programme, date, platform, topic, speaker, and a link or recording. The site already indexes podcast videos on its own channel.","No","POSSIBLY","Vimlendu / Anushka","Partly in the YouTube index","Links + video","Third-party platforms — link, do not re-host","Feeds S-03","NOT STARTED","","","","","","","","","","","","","","","","","","","","","","","","","","","","","","","","","","","","","","","","","","","","","","","","","","","","","","","","","","","","","","","","","","","","","","","","","","","","",""
"01 · Master sheet","J-04","J-04","3 — archive, photography, consent or owner ruling","","/now/*","Situations — Swechha's own advocacy","The six situation pages are the site's strongest asset and each carries a 'What we do about it' section. None of them documents an advocacy action, a submission, a representation or a policy engagement by Swechha on that issue.","HIGH","Advocacy record per situation","Any RTI filed, consultation response, PIL, ministry submission, parliamentary engagement, or official meeting on air, the Yamuna, heat, forest fire, forest loss or extreme rain. Date, addressee, what was asked, what happened.","Work is linked; advocacy is not","TO BE COLLECTED / VERIFIED INTERNALLY","Vimlendu / Kuriakose Varghese (board, lawyer)","No","Documents + text","Check whether any submission is confidential","Connects the measurement pages to the organisation that made them","NOT STARTED","The situation pages currently prove Swechha can MEASURE. Nothing on them proves Swechha has ever ACTED on a measurement, which is the obvious next question a reader asks.","","","","","","","","","","","","","","","","","","","","","","","","","","","","","","","","","","","","","","","","","","","","","","","","","","","","","","","","","","","","","","","","","","","","","","","","","","","",""
"01 · Master sheet","N-01","N-01","2 — one conversation closes it","","/","Homepage figures not in the register","The homepage's 'Swechha's own record' band shows four numbers and links to '/impact — The whole record'. Two of the four — 6,890 tonnes 'Out of the Yamuna' and '100+ green infrastructures across 100+ schools' — do not appear in /impact's register or anywhere in data/work.","CRITICAL","Source both figures, or withdraw them","For 6,890t: what was weighed, over what period, by whom, and where it is recorded. For 100+ green infrastructures / 100+ schools: definition of a 'green infrastructure', the period, and how it relates to Eco Action's 70+ parks and 20+ gardens.","On the homepage only","TO BE COLLECTED / VERIFIED INTERNALLY","Ashim / Vimlendu","No","Numbers + source","Own material","Either enter them into data/work so /impact resolves them, or remove them from the homepage","NEEDS VERIFICATION","This is the exact defect class the /impact architecture was built to prevent — it simply does not cover the hand-built homepage. Two of four numbers under the words 'the whole record' are not in the record.","","","","","","","","","","","","","","","","","","","","","","","","","","","","","","","","","","","","","","","","","","","","","","","","","","","","","","","","","","","","","","","","","","","","","","","","","","","",""
"01 · Master sheet","N-02","N-02","2 — one conversation closes it","","Site-wide","Figures with no start year","Nine of the 33 published figures carry the period 'cumulative, no start year sourced', which makes each a total rather than a rate.","HIGH","Nine start years","Start years for: Eco Action butterfly parks, Eco Action herb gardens, Farm School composting, Farm School honey, Monsoon Wooding cumulative trees, Gram Anubhav journeys, Gram Anubhav grassroots partners, NatureScapes journeys, and She Leads Change's 'Learning Communities cohort' period.","Published with the gap named","TO BE COLLECTED / VERIFIED INTERNALLY","Ashim (Programs)","No","Numbers","Own material","Turns nine totals into nine rates","NOT STARTED","Cheapest high-value row in the audit: nine facts, one conversation, nine figures upgraded.","","","","","","","","","","","","","","","","","","","","","","","","","","","","","","","","","","","","","","","","","","","","","","","","","","","","","","","","","","","","","","","","","","","","","","","","","","","",""
"01 · Master sheet","N-03","N-03","2 — one conversation closes it","","/impact","Metrics the site does not publish","The register carries 33 figures, all of them reach counts. No cost-per-participant, no repeat-engagement rate, no retention, no survival rate, no completion rate, no gender or income breakdown.","MEDIUM","A decision on which effect metrics can honestly be published","Candidates already implied by the site's own holes: tree survival rate (D-12), what changed in one school (D-02), fellows' project outcomes (D-06), per-walk demand (D-19), teacher-training numbers (M-02).","No","Partially derivable","Ashim / Neeraj","No","Numbers","Own material","Would move /impact from reach to effect, which is what the page's own copy says it wants","NOT STARTED","","","","","","","","","","","","","","","","","","","","","","","","","","","","","","","","","","","","","","","","","","","","","","","","","","","","","","","","","","","","","","","","","","","","","","","","","","","","",""
"01 · Master sheet","N-04","N-04","1 — already in repo / already public","","/impact","Contaminated legacy counters — do not reuse","Four old project pages were unfinished templates with lorem-ipsum bodies sharing one counter set (2740/4751/1260/9385). That set contaminated two otherwise real pages: 'learning-communities' ends in 9385 'Campaigns' and 'soil-regeneration-training' ends in 9385 'Rural Youth Engaged'.","HIGH","A standing instruction, not a collection","When porting old project prose (M-01 to M-10), port the PROSE and treat every legacy counter as an unsourced claim. Known contradictions on the old site: Yamuna Yatra prose 2000 vs counter 3000; Monsoon Wooding 50,000 vs 55,000; Bee Keepers 500 kg vs 600 litres; Bridge the Gap 250 schools/50,000 students vs 257/45,000/300,000; and eco-action vs green-action-in-schools are the same programme with different numbers.","N/A","N/A","N/A","docs/design/2026-08-22-LEGACY-SITE-CONTENT-AUDIT.md §3","Guidance","N/A","Guardrail for every M-row above","READY FOR WEBSITE","Record this in the collection sheet so a well-meaning volunteer does not type 9,385 into a data file.","","","","","","","","","","","","","","","","","","","","","","","","","","","","","","","","","","","","","","","","","","","","","","","","","","","","","","","","","","","","","","","","","","","","","","","","","","","",""
"01 · Master sheet","R-01","R-01","2 — one conversation closes it","","/farm","Programmes at the farm","/farm describes a place and five visit formats. The five farm training programmes that redirect to it (M-08) are described nowhere, so the farm reads as a venue rather than a training centre.","HIGH","See M-08","As M-08.","Partially","YES","Naveen (Farm Manager) / Ashim","No","Text + photos","Own material","A 'What runs here' section on /farm","NOT STARTED","","","","","","","","","","","","","","","","","","","","","","","","","","","","","","","","","","","","","","","","","","","","","","","","","","","","","","","","","","","","","","","","","","","","","","","","","","","","",""
"01 · Master sheet","R-02","R-02","3 — archive, photography, consent or owner ruling","","/farm","Built by Mewat","The page has a section titled 'Built by Mewat' and the farm was built with local labour, but no Mewat worker, family or village is named, quoted or photographed.","HIGH","Names, permission and portraits","Two or three people from the local community who built or work the farm: name, village, what they do, one quote, a portrait. With consent.","Section exists, unpeopled","TO BE COLLECTED","Naveen (Farm Manager)","No","Text + portraits","Written consent required","Puts people in the section already titled after them","NOT STARTED","A section named 'Built by Mewat' that names nobody from Mewat is the clearest example on the site of a good idea waiting for content.","","","","","","","","","","","","","","","","","","","","","","","","","","","","","","","","","","","","","","","","","","","","","","","","","","","","","","","","","","","","","","","","","","","","","","","","","","","",""
"01 · Master sheet","R-03","R-03","3 — archive, photography, consent or owner ruling","","/farm","Visitor evidence","Farm School publishes '30 school groups a year' and /farm offers five visit formats, but no visiting school is named, no visit is described from a visitor's side, and there is no testimonial.","HIGH","Two visit accounts","One school day-visit and one overnight camp, told from the school's side, with a named teacher quote and photographs. With permission.","No","LIKELY","Naveen / Ashim","No","Text + quote + photos","School permission required","On /farm and /work/projects/farm-school","NOT STARTED","","","","","","","","","","","","","","","","","","","","","","","","","","","","","","","","","","","","","","","","","","","","","","","","","","","","","","","","","","","","","","","","","","","","","","","","","","","","",""
"01 · Master sheet","R-04","R-04","2 — one conversation closes it","","/farm","Practicalities","The page says the farm is 90 minutes from Delhi and can sleep 100 students, and says 'It is not a hotel'. It does not state costs, seasons, capacity limits, accessibility, or what a school must bring.","MEDIUM","Booking practicalities","Indicative cost or cost basis, best months, group size limits, accessibility, safeguarding arrangements for overnight stays with minors, and what a school needs to bring.","Partially","YES","Naveen (Farm Manager)","No","Text","Own material","Completes 'It is not a hotel' and 'Come and see'","NOT STARTED","A school booking an overnight stay for minors will ask about safeguarding before anything else — see T-07.","","","","","","","","","","","","","","","","","","","","","","","","","","","","","","","","","","","","","","","","","","","","","","","","","","","","","","","","","","","","","","","","","","","","","","","","","","","",""
"01 · Master sheet","R-05","R-05","3 — archive, photography, consent or owner ruling","","/farm","Location and how to get there","The farm is described as 'an hour and a half from Delhi' and 'Built by Mewat' but the page carries no map, no address and no directions.","MEDIUM","Location detail and a map","Nearest town, approximate address or pin, how to reach it by road and rail, and whether the location may be published.","Distance only","YES","Naveen / Vimlendu","No","Map + text","OWNER DECISION — whether to publish a precise location","A map on /farm; also feeds S-04","NOT STARTED","","","","","","","","","","","","","","","","","","","","","","","","","","","","","","","","","","","","","","","","","","","","","","","","","","","","","","","","","","","","","","","","","","","","","","","","","","","","",""
"01 · Master sheet","X-01","X-01","1 — already in repo / already public","","/explore","Orphan page live in production","https://swechha.in/explore returns 200 and serves the PRE-DESIGN Tailwind scaffold: the old navigation (with 'Donate', 'Projects', 'Campaigns' as nav words that no longer exist), an old newsletter form, and three empty states reading 'nothing published yet' and 'No films published yet'. It is not in the sitemap but it is NOT disallowed in robots.txt, so it is crawlable and indexable.","CRITICAL","No content — a routing decision","Either redirect /explore to /stories, or delete the route. It should not be reachable in its current state.","Yes — live and wrong","N/A","Engineering","N/A","Route","N/A","Remove or redirect","NOT STARTED","This is the only page on the live site that shows a visitor an empty state, and it also contradicts the site's own navigation. Fixing it is a five-minute change.","","","","","","","","","","","","","","","","","","","","","","","","","","","","","","","","","","","","","","","","","","","","","","","","","","","","","","","","","","","","","","","","","","","","","","","","","","","",""
"01 · Master sheet","X-02","X-02","1 — already in repo / already public","","/","Duplicate destination in 'The record'","Two of the three record doors on the homepage — 'Today's readings' and 'Where the readings come from' — both link to /now. The third has no link at all (H-04).","MEDIUM","A routing decision","Either give 'Where the readings come from' its own sources page, or merge the two doors.","Yes — live","N/A","Engineering / Vimlendu","N/A","Route","N/A","Fix alongside H-04","NOT STARTED","","","","","","","","","","","","","","","","","","","","","","","","","","","","","","","","","","","","","","","","","","","","","","","","","","","","","","","","","","","","","","","","","","","","","","","","","","","","",""
"01 · Master sheet","X-03","X-03","1 — already in repo / already public","","/keystatic","CMS reachable in production","https://swechha.in/keystatic returns 200. It is correctly noindexed and disallowed, but the editor route is publicly reachable on the production domain.","MEDIUM","No content — a security review","Confirm the Keystatic route is either authenticated or not deployed to production.","Yes","N/A","Engineering","N/A","Route","N/A","Out of scope for content, recorded because it was found","NOT STARTED","Noted for completeness. Not a content gap.","","","","","","","","","","","","","","","","","","","","","","","","","","","","","","","","","","","","","","","","","","","","","","","","","","","","","","","","","","","","","","","","","","","","","","","","","","","",""
"01 · Master sheet","X-04","X-04","1 — already in repo / already public","","Site-wide","Newsletter capture is missing from the institutional pages","The email digest form appears on the six situation pages, /now and /stories. It does NOT appear on /about, /work, /impact, /act, /farm or /publications — including /act, which is the page eighteen others point at.","MEDIUM","No content — a placement decision","Decide whether the digest belongs on the institutional pages, particularly /act.","Partially","N/A","Vimlendu / Engineering","N/A","Component","N/A","Add to /act at minimum","NOT STARTED","","","","","","","","","","","","","","","","","","","","","","","","","","","","","","","","","","","","","","","","","","","","","","","","","","","","","","","","","","","","","","","","","","","","","","","","","","","","",""
"01 · Master sheet","X-05","X-05","3 — archive, photography, consent or owner ruling","","Site-wide","Contact information","The only contact points on the site are mailto links (swechhaindia@gmail.com and vimlendu@swechha.in). There is no address block and no phone number — ruling G-4 struck the phone number. The old site published R-84 Khirki Extension, Malviya Nagar, New Delhi 110017 and three different phone numbers.","HIGH","One decision on contact details","Confirm the postal address for publication, and settle the phone question — the old site had three live numbers (011-41009320, 011-29544678, +91-9811812788). Also: whether a generic gmail address should be the organisation's primary published contact.","Email only","YES","Vimlendu (owner ruling)","N/A","Text","OWNER RULING REQUIRED","A contact block in the footer or on /about","NOT STARTED","An organisation with 80G/FCRA status whose only published contact is a gmail address undercuts the transparency work in T-01 to T-04.","","","","","","","","","","","","","","","","","","","","","","","","","","","","","","","","","","","","","","","","","","","","","","","","","","","","","","","","","","","","","","","","","","","","","","","","","","","",""
"02 · Projects","02-001","","","","","","","","","","","","","","","","","","","Bridge the Gap","Project","TO COLLECT","TO COLLECT","TO COLLECT","TO COLLECT","A module-based curriculum on land, water and air — five to sixteen sessions, plus exposure trips and action projects.","3M+ Children and young people reached (cumulative, since 2000) | 100–150 Schools in Delhi (every year) | 50,000+ Students through the curriculum (over fifteen years) | 250+ Schools in Delhi NCR (over fifteen years) | 200+ Schools on year-long curricula (in 2019–20)","TO COLLECT","Bupa Foundation, Acuity Knowledge Partners, Sir Ratan Tata Trust, Nokia Siemens Networks, American Express, National Geographic, Adobe","4 in gallery","TO COLLECT","TO COLLECT","NONE ON SITE","Detail page","Four figures that used to sit on this page — twenty-five thousand children, eighty-five schools, twelve hundred mentors, twelve cities — are withdrawn. Not one of them could be traced to any record we hold, and they were captioned as verified by us. || The three million is a derivation, not a register: schools a year, times years, times the children in a school. The middle term — how many children a school has — is not written down anywhere we can cite, so the figure carries the method instead of a source document. That is also the difference between this figure and the twenty-five thousand wi","data/work/projects/bridge-the-gap.json","","","","","","","","","","","","","","","","","","","","","","","","","","","","","","","","","","","","","","","","","","","","","","","","","","","","","","","","","","",""
"02 · Projects","02-002","","","","","","","","","","","","","","","","","","","Eco Action","Project","TO COLLECT","TO COLLECT","TO COLLECT","TO COLLECT","Over 70 butterfly parks and over 20 herb gardens across Delhi NCR.","70+ Butterfly parks across Delhi NCR (cumulative, no start year sourced) | 20+ Herb gardens across Delhi NCR (cumulative, no start year sourced) | 5% → 90% Green cover in one Vasant Kunj park (over a decade)","TO COLLECT","PVR, American Express, Adobe, Amazon, The American Embassy","5 in gallery","TO COLLECT","TO COLLECT","NONE ON SITE","Detail page","The photograph above is a planting site of ours, not one of these gardens. Not one butterfly park, not one herb garden, and neither the before nor the after of the park that went from five per cent to ninety. || The count here is over seventy. Elsewhere on our own site it has been seventy-eight. We have published the figure we can stand behind rather than the one that flatters us. || We do not name which park in Vasant Kunj, or say when its decade started.","data/work/projects/eco-action.json","","","","","","","","","","","","","","","","","","","","","","","","","","","","","","","","","","","","","","","","","","","","","","","","","","","","","","","","","","",""
"02 · Projects","02-003","","","","","","","","","","","","","","","","","","","Farm School","Project","TO COLLECT","TO COLLECT","TO COLLECT","TO COLLECT","A learning lab on five acres. Day visits, short courses, internships and stays.","30 School groups a year (annual, current) | 5,000 kg Dead leaves composted into soil on site (cumulative, no start year sourced) | 500 kg Honey from the apiary (cumulative, no start year sourced)","TO COLLECT","TO COLLECT","5 in gallery","TO COLLECT","TO COLLECT","NONE ON SITE","Detail page","Nobody is named as a partner or a funder here.","data/work/projects/farm-school.json","","","","","","","","","","","","","","","","","","","","","","","","","","","","","","","","","","","","","","","","","","","","","","","","","","","","","","","","","","",""
"02 · Projects","02-004","","","","","","","","","","","","","","","","","","","Food systems, with UNEP","Project","TO COLLECT","TO COLLECT","TO COLLECT","TO COLLECT","Curriculum and action projects on food and sustainability, in Delhi NCR government schools.","TO COLLECT","UNEP","TO COLLECT","NONE","TO COLLECT","TO COLLECT","NONE ON SITE","INDEX CARD ONLY — no page","Has it started? Our own sentence about this project is in the future tense, and it sits under a heading that reads What is running. || UNEP's role is not stated: funder, technical partner, or co-designer. || No first deliverable is named and nothing is dated.","data/work/projects/food-systems.json","","","","","","","","","","","","","","","","","","","","","","","","","","","","","","","","","","","","","","","","","","","","","","","","","","","","","","","","","","",""
"02 · Projects","02-005","","","","","","","","","","","","","","","","","","","Influence","Project","TO COLLECT","TO COLLECT","TO COLLECT","TO COLLECT","Volunteering and a fellowship, nationwide. Ten thousand volunteers a year, and over 300 youth groups.","10 Fellowships (each year) | 10,000 Volunteers, annually (since 2010) | 50 Colleges (since 2010) | 200 Placements (since 2010) | 75 Partner organisations (since 2010) | 300+ Youth groups in the CYON network (since 2010)","TO COLLECT","TO COLLECT","4 in gallery","TO COLLECT","TO COLLECT","NONE ON SITE","Detail page","There may be films and case studies of the fellows' projects. We have not put our hands on them, so this page counts fellowships instead of showing one. || The volunteering figures are dated to the year the programme started. We cannot say which of them is still true. || How long a fellowship runs is not stated here, because we have not been told. || Fifty colleges and seventy-five partner organisations sit behind the volunteering half, and this page names none of them.","data/work/projects/influence.json","","","","","","","","","","","","","","","","","","","","","","","","","","","","","","","","","","","","","","","","","","","","","","","","","","","","","","","","","","",""
"02 · Projects","02-006","","","","","","","","","","","","","","","","","","","ME to WE","Project","TO COLLECT","TO COLLECT","TO COLLECT","TO COLLECT","Over 3,000 girls and boys in thirteen years. Over 200 came back as peer leaders.","3,000+ Girls and boys through the programme (over thirteen years) | 200+ Alumni who came back as peer leaders (over thirteen years) | 400+ Young people through job-exposure camps (since 2019)","TO COLLECT","EMpower","4 in gallery","TO COLLECT","TO COLLECT","NONE ON SITE","Detail page","The photograph above is one of ours and it is of schoolchildren, but it is not of this. Nothing of the riverbank school, nothing of the Jagdamba group, and no face on the alumni who became staff. || We say some alumni are now core team members and we name none of them. || ME to WE and She Leads Change both sit on Jagdamba and both run with EMpower. This page does not yet say how they differ.","data/work/projects/me-to-we.json","","","","","","","","","","","","","","","","","","","","","","","","","","","","","","","","","","","","","","","","","","","","","","","","","","","","","","","","","","",""
"02 · Projects","02-007","","","","","","","","","","","","","","","","","","","She Leads Change","Project","TO COLLECT","TO COLLECT","TO COLLECT","TO COLLECT","With EMpower: over 50 adolescent girls from Jagdamba, on agency and decision-making, since 2017.","50+ Adolescent girls through the year-long journey (since 2017) | 300 Girls in the wider Learning Communities cohort (period not sourced) | 57 Girls recognised by the ELC Bright Promise Award (in 2018)","EMpower","EMpower","NONE","TO COLLECT","TO COLLECT","NONE ON SITE","INDEX CARD ONLY — no page","We know the award and how many girls were in it. We do not know what the 2018 ELC Bright Promise Award was given for. || We can say how many girls have been through this since 2017. We cannot say how many are in it now. || This runs on the same settlement, with the same partner, in the same age group as ME to WE, and we have not said how the two differ.","data/work/projects/she-leads-change.json","","","","","","","","","","","","","","","","","","","","","","","","","","","","","","","","","","","","","","","","","","","","","","","","","","","","","","","","","","",""
"02 · Projects","02-008","","","","","","","","","","","","","","","","","","","Delhi I Can't See You","Campaign","TO COLLECT","TO COLLECT","TO COLLECT","TO COLLECT","Our campaign on Delhi's air.","TO COLLECT","TO COLLECT","TO COLLECT","NONE","TO COLLECT","TO COLLECT","NONE ON SITE","INDEX CARD ONLY — no page","This is a name and nothing else: no start date, no demand, no action we can name. The air situation page already tells readers it is Swechha's campaign on Delhi's air, and the line above this one says so too — so the name is doing work the content cannot back. || There is no photograph, because there is not yet an it.","data/work/campaigns/delhi-i-cant-see-you.json","","","","","","","","","","","","","","","","","","","","","","","","","","","","","","","","","","","","","","","","","","","","","","","","","","","","","","","","","","",""
"02 · Projects","02-009","","","","","","","","","","","","","","","","","","","Monsoon Wooding","Campaign","TO COLLECT","TO COLLECT","TO COLLECT","TO COLLECT","About 5,000 trees a year in Delhi NCR. Over 50,000 planted and survived.","~5,000 Trees planted in Delhi NCR (each year) | 50,000+ Trees planted and survived (cumulative, no start year sourced)","TO COLLECT","IndusInd Bank, PwC, Amazon, Adobe, S&P Global","3 in gallery","TO COLLECT","TO COLLECT","NONE ON SITE","Detail page","We count survivors against what was planted, so a rate exists — but we cannot publish one here, because the planted total behind the fifty thousand is not written down anywhere we can cite. || How long after planting the count is taken is not recorded, and it is the difference between a sapling that made it and one that had not died yet. || The sites are spread across Delhi and we hold no geo locations for them, so there is nowhere on this page a reader can go and stand.","data/work/campaigns/monsoon-wooding.json","","","","","","","","","","","","","","","","","","","","","","","","","","","","","","","","","","","","","","","","","","","","","","","","","","","","","","","","","","",""
"02 · Projects","02-010","","","","","","","","","","","","","","","","","","","No more Waste Hills","Campaign","TO COLLECT","TO COLLECT","TO COLLECT","TO COLLECT","Against the landfill mountains Delhi built for itself.","TO COLLECT","TO COLLECT","TO COLLECT","NONE","TO COLLECT","TO COLLECT","NONE ON SITE","INDEX CARD ONLY — no page","We name the target and nothing else: no year, no landfill, no demand, no outcome. || A CityScapes walk goes to a landfill edge and we hold a photograph of it. This campaign has no photograph and no stated link to that walk.","data/work/campaigns/no-more-waste-hills.json","","","","","","","","","","","","","","","","","","","","","","","","","","","","","","","","","","","","","","","","","","","","","","","","","","","","","","","","","","",""
"02 · Projects","02-011","","","","","","","","","","","","","","","","","","","No Plastic","Campaign","TO COLLECT","TO COLLECT","TO COLLECT","TO COLLECT","Against plastic. The name is the whole demand.","TO COLLECT","TO COLLECT","TO COLLECT","NONE","TO COLLECT","TO COLLECT","NONE ON SITE","INDEX CARD ONLY — no page","A demand this clear should have a record behind it, and we hold none: no year, no target, no outcome. || We do not say whether this is about a ban, a substitution, or a shop. Those are three different campaigns.","data/work/campaigns/no-plastic.json","","","","","","","","","","","","","","","","","","","","","","","","","","","","","","","","","","","","","","","","","","","","","","","","","","","","","","","","","","",""
"02 · Projects","02-012","","","","","","","","","","","","","","","","","","","Park Restoration","Campaign","TO COLLECT","TO COLLECT","TO COLLECT","TO COLLECT","Bringing city parks back.","TO COLLECT","TO COLLECT","TO COLLECT","NONE","TO COLLECT","TO COLLECT","NONE ON SITE","INDEX CARD ONLY — no page","Eco Action holds the park figures: over seventy butterfly parks, over twenty herb gardens, and the Vasant Kunj decade. This campaign holds none of them, and we will not move a number onto a page it was not measured for. || No date, no site list and no demand.","data/work/campaigns/park-restoration.json","","","","","","","","","","","","","","","","","","","","","","","","","","","","","","","","","","","","","","","","","","","","","","","","","","","","","","","","","","",""
"02 · Projects","02-013","","","","","","","","","","","","","","","","","","","Sustainable Shopping","Campaign","TO COLLECT","TO COLLECT","TO COLLECT","TO COLLECT","About how a city buys things.","TO COLLECT","TO COLLECT","TO COLLECT","NONE","TO COLLECT","TO COLLECT","NONE ON SITE","INDEX CARD ONLY — no page","No date, no demand and no audience on record. A campaign about buying has to have asked somebody to buy differently, and we cannot say who. || Green the Map sells sustainable goods and is named on our homepage as NOT a Swechha programme. Whether this campaign is connected to it is unstated, and it is the first thing a reader will assume.","data/work/campaigns/sustainable-shopping.json","","","","","","","","","","","","","","","","","","","","","","","","","","","","","","","","","","","","","","","","","","","","","","","","","","","","","","","","","","",""
"02 · Projects","02-014","","","","","","","","","","","","","","","","","","","This Girl Can","Campaign","TO COLLECT","TO COLLECT","TO COLLECT","TO COLLECT","A campaign about what girls are allowed to do.","TO COLLECT","TO COLLECT","TO COLLECT","NONE","TO COLLECT","TO COLLECT","NONE ON SITE","INDEX CARD ONLY — no page","This is a name and a subject. No start date, no demand, no action we can name. || She Leads Change and ME to WE both work with girls in Jagdamba and both have figures. This campaign has neither, and we cannot tell you whether it is the public face of that work or something separate.","data/work/campaigns/this-girl-can.json","","","","","","","","","","","","","","","","","","","","","","","","","","","","","","","","","","","","","","","","","","","","","","","","","","","","","","","","","","",""
"02 · Projects","02-015","","","","","","","","","","","","","","","","","","","We for Yamuna","Campaign","TO COLLECT","TO COLLECT","TO COLLECT","TO COLLECT","The campaign this organisation started as, in 2000. Still its spine.","TO COLLECT","TO COLLECT","TO COLLECT","NONE","TO COLLECT","TO COLLECT","NONE ON SITE","INDEX CARD ONLY — no page","This campaign has no dated action and no stated demand on this page. Its whole story here is the founding story, which the About page already tells better. || The river's own numbers are on the situation page. Not one of them is attributed to this campaign, and we have not claimed one.","data/work/campaigns/we-for-yamuna.json","","","","","","","","","","","","","","","","","","","","","","","","","","","","","","","","","","","","","","","","","","","","","","","","","","","","","","","","","","",""
"02 · Projects","02-016","","","","","","","","","","","","","","","","","","","CityScapes","Journey","TO COLLECT","TO COLLECT","TO COLLECT","TO COLLECT","Two to four hours inside the city, at the six places it would rather you did not look at.","1,000+ Walks run (in two decades) | 100,000+ People on them (in two decades)","TO COLLECT","TO COLLECT","6 in gallery","TO COLLECT","TO COLLECT","NONE ON SITE","Detail page","Thirteen frames catalogued here as photographs of these walks have been withdrawn: they are not photographs and were never ours. What is left is a real archive in which which of the six walks each frame was taken on is still recorded nowhere, and two of the six have no frame at all. || A thousand walks and a hundred thousand people, and we cannot tell you which of the six walks people ask for.","data/work/journeys/cityscapes.json","","","","","","","","","","","","","","","","","","","","","","","","","","","","","","","","","","","","","","","","","","","","","","","","","","","","","","","","","","",""
"02 · Projects","02-017","","","","","","","","","","","","","","","","","","","Gram Anubhav","Journey","TO COLLECT","TO COLLECT","TO COLLECT","TO COLLECT","Four to five days in rural Uttarakhand, Rajasthan, Gujarat or Himachal.","60+ Journeys organised (cumulative, no start year sourced) | 100+ Grassroots partners in the villages themselves (cumulative, no start year sourced)","TO COLLECT","TO COLLECT","NONE","TO COLLECT","TO COLLECT","NONE ON SITE","Detail page","Twelve frames were filed under this journey and not one of them is a photograph of it — they carry page borders, hands that merge into the tools they are holding, and captions naming states this journey does not go to. || More than a hundred grassroots organisations host these journeys and not one of them is named on this page. || No start year is published for the programme, so sixty journeys is a total and not a rate.","data/work/journeys/gram-anubhav.json","","","","","","","","","","","","","","","","","","","","","","","","","","","","","","","","","","","","","","","","","","","","","","","","","","","","","","","","","","",""
"02 · Projects","02-018","","","","","","","","","","","","","","","","","","","NatureScapes","Journey","TO COLLECT","TO COLLECT","TO COLLECT","TO COLLECT","Two to five days in forest, mountain, desert or mangrove.","60+ Journeys organised (cumulative, no start year sourced)","TO COLLECT","TO COLLECT","4 in gallery","TO COLLECT","TO COLLECT","NONE ON SITE","Detail page","Every frame on this page is ours and not one of them is of the six destinations. The only pictures we hold of those were bought from a stock library, and this page will not use them. || Sariska is on the destination list and on nothing else we hold — no photograph, no account, no journal. || No start year is published, so sixty journeys is a total and not a rate.","data/work/journeys/naturescapes.json","","","","","","","","","","","","","","","","","","","","","","","","","","","","","","","","","","","","","","","","","","","","","","","","","","","","","","","","","","",""
"02 · Projects","02-019","","","","","","","","","","","","","","","","","","","Yamuna Yatra","Journey","TO COLLECT","TO COLLECT","TO COLLECT","TO COLLECT","Twelve days and a thousand kilometres, downstream, from the source to Agra.","30+ Yatras run (since 2004) | 10,000+ Young people through the Yatra (since 2004)","The American Embassy, British Council, The European Union","TO COLLECT","5 in gallery","TO COLLECT","TO COLLECT","NONE ON SITE","Detail page","The stops between Yamunotri and Agra are not published here. We know both ends and the distance; the ten-stop route on our own older draft appears in no document we can check. || Twelve days of river and not one measurement of it taken by the people who walked it.","data/work/journeys/yamuna-yatra.json","","","","","","","","","","","","","","","","","","","","","","","","","","","","","","","","","","","","","","","","","","","","","","","","","","","","","","","","","","",""
"02 · Projects","02-020","","","","","","","","","","","","","","","","","","","Cyclothon","Event","TO COLLECT","TO COLLECT","TO COLLECT","TO COLLECT","TO COLLECT","TO COLLECT","TO COLLECT","TO COLLECT","NONE","TO COLLECT","TO COLLECT","NONE ON SITE","INDEX CARD ONLY — no page","Cyclothon has been run and we cannot tell you when, where, or how many times.","data/work/events/cyclothon.json","","","","","","","","","","","","","","","","","","","","","","","","","","","","","","","","","","","","","","","","","","","","","","","","","","","","","","","","","","",""
"02 · Projects","02-021","","","","","","","","","","","","","","","","","","","Greenathon","Event","TO COLLECT","TO COLLECT","TO COLLECT","TO COLLECT","TO COLLECT","TO COLLECT","TO COLLECT","TO COLLECT","NONE","TO COLLECT","TO COLLECT","NONE ON SITE","INDEX CARD ONLY — no page","Greenathon has no record on this site beyond its name.","data/work/events/greenathon.json","","","","","","","","","","","","","","","","","","","","","","","","","","","","","","","","","","","","","","","","","","","","","","","","","","","","","","","","","","",""
"02 · Projects","02-022","","","","","","","","","","","","","","","","","","","Yamuna Shramdaan","Event","TO COLLECT","TO COLLECT","TO COLLECT","TO COLLECT","TO COLLECT","TO COLLECT","TO COLLECT","TO COLLECT","NONE","TO COLLECT","TO COLLECT","NONE ON SITE","INDEX CARD ONLY — no page","We cannot tell you when a Yamuna Shramdaan last ran, how many have run, or which stretch of bank. Only that they have.","data/work/events/yamuna-shramdaan.json","","","","","","","","","","","","","","","","","","","","","","","","","","","","","","","","","","","","","","","","","","","","","","","","","","","","","","","","","","",""
"02 · Projects","02-023","","","","","","","","","","","","","","","","","","","Yamunotsav","Event","TO COLLECT","TO COLLECT","TO COLLECT","TO COLLECT","TO COLLECT","9 Editions, one every June (2006–2014)","TO COLLECT","TO COLLECT","NONE","TO COLLECT","TO COLLECT","NONE ON SITE","INDEX CARD ONLY — no page","It ran nine times and then it stopped in 2014. This page does not say why, because nobody has told us. || Nine editions and not one photograph on this page. The frames sit in a Drive folder that will not open for us.","data/work/events/yamunotsav.json","","","","","","","","","","","","","","","","","","","","","","","","","","","","","","","","","","","","","","","","","","","","","","","","","","","","","","","","","","",""
"02 · Projects","02-024","","","","","","","","","","","","","","","","","","","The Remakery","Project","TO COLLECT","TO COLLECT","TO COLLECT","TO COLLECT","Upcycling shop and workshop space; weekly 'One Night Stand' events. Named on / and /about; /remakery 404s.","TO COLLECT","TO COLLECT","TO COLLECT","TO COLLECT","TO COLLECT","TO COLLECT","TO COLLECT","ABSENT — old URL redirects to /work/projects","Everything. Decide first whether it belongs on the site at all.","docs/legacy redirect-map: /project/remakery/","","","","","","","","","","","","","","","","","","","","","","","","","","","","","","","","","","","","","","","","","","","","","","","","","","","","","","","","","","",""
"02 · Projects","02-025","","","","","","","","","","","","","","","","","","","Teacher Training","Project","TO COLLECT","TO COLLECT","TO COLLECT","TO COLLECT","700+ educators trained per the old site. Currently one bullet inside Bridge the Gap.","TO COLLECT","TO COLLECT","TO COLLECT","TO COLLECT","TO COLLECT","TO COLLECT","TO COLLECT","ABSENT — old URL redirects to /work/projects","Everything. Decide first whether it belongs on the site at all.","/project/teacher-training/","","","","","","","","","","","","","","","","","","","","","","","","","","","","","","","","","","","","","","","","","","","","","","","","","","","","","","","","","","",""
"02 · Projects","02-026","","","","","","","","","","","","","","","","","","","Green Finance (with IGES)","Project","TO COLLECT","TO COLLECT","TO COLLECT","TO COLLECT","Study of 93 social enterprises. Longest project page on the old site. Pairs with the IGES report on /publications.","TO COLLECT","TO COLLECT","TO COLLECT","TO COLLECT","TO COLLECT","TO COLLECT","TO COLLECT","ABSENT — old URL redirects to /work/projects","Everything. Decide first whether it belongs on the site at all.","/project/green-finance/","","","","","","","","","","","","","","","","","","","","","","","","","","","","","","","","","","","","","","","","","","","","","","","","","","","","","","","","","","",""
"02 · Projects","02-027","","","","","","","","","","","","","","","","","","","Circular Economy / Marine Litter & EPR","Project","TO COLLECT","TO COLLECT","TO COLLECT","TO COLLECT","GIZ + MoEFCC, Indo-German bilateral cooperation. 10 single-use-plastic-alternative infographics.","TO COLLECT","TO COLLECT","TO COLLECT","TO COLLECT","TO COLLECT","TO COLLECT","TO COLLECT","ABSENT — old URL redirects to /work/projects","Everything. Decide first whether it belongs on the site at all.","/project/circular-economy-marine-litter-and-epr/","","","","","","","","","","","","","","","","","","","","","","","","","","","","","","","","","","","","","","","","","","","","","","","","","","","","","","","","","","",""
"02 · Projects","02-028","","","","","","","","","","","","","","","","","","","Women & Non-Traditional Livelihoods","Project","TO COLLECT","TO COLLECT","TO COLLECT","TO COLLECT","Udaan, British Council YWSEDP, MOM candle enterprise, Lunchbox 17 (25,000 meals/yr) which became Million Kitchen.","TO COLLECT","TO COLLECT","TO COLLECT","TO COLLECT","TO COLLECT","TO COLLECT","TO COLLECT","ABSENT — old URL redirects to /work/projects","Everything. Decide first whether it belongs on the site at all.","/project/women-and-non-traditional-livelihood/","","","","","","","","","","","","","","","","","","","","","","","","","","","","","","","","","","","","","","","","","","","","","","","","","","","","","","","","","","",""
"02 · Projects","02-029","","","","","","","","","","","","","","","","","","","Pagdandi","Project","TO COLLECT","TO COLLECT","TO COLLECT","TO COLLECT","2007 open-air school on the Yamuna at Kudsia Ghat; Jagdamba Camp school; Kitaab Ghar library; RTE campaign, 150+ children into formal schools. ME to WE's origin.","TO COLLECT","TO COLLECT","TO COLLECT","TO COLLECT","TO COLLECT","TO COLLECT","TO COLLECT","ABSENT — old URL redirects to /work/projects","Everything. Decide first whether it belongs on the site at all.","/project/... (named in the legacy audit §1.5)","","","","","","","","","","","","","","","","","","","","","","","","","","","","","","","","","","","","","","","","","","","","","","","","","","","","","","","","","","",""
"02 · Projects","02-030","","","","","","","","","","","","","","","","","","","Films & Documentaries","Project","TO COLLECT","TO COLLECT","TO COLLECT","TO COLLECT","Jijivisha, Wasted, Disposable, Tatva, Sakhi (2021, Ford Foundation). Broadcast on CNN International, NDTV, BBC, CBC.","TO COLLECT","TO COLLECT","TO COLLECT","TO COLLECT","TO COLLECT","TO COLLECT","TO COLLECT","ABSENT — old URL redirects to /stories","Everything. Decide first whether it belongs on the site at all.","/project/films-and-documentaries/","","","","","","","","","","","","","","","","","","","","","","","","","","","","","","","","","","","","","","","","","","","","","","","","","","","","","","","","","","",""
"02 · Projects","02-031","","","","","","","","","","","","","","","","","","","Bee Keepers Collective Training","Project","TO COLLECT","TO COLLECT","TO COLLECT","TO COLLECT","Farm training programme. Old counters contradict each other (500 kg vs 600 litres).","TO COLLECT","TO COLLECT","TO COLLECT","TO COLLECT","TO COLLECT","TO COLLECT","TO COLLECT","ABSENT — old URL redirects to /farm","Everything. Decide first whether it belongs on the site at all.","/project/bee-keepers-collective-training/","","","","","","","","","","","","","","","","","","","","","","","","","","","","","","","","","","","","","","","","","","","","","","","","","","","","","","","","","","",""
"02 · Projects","02-032","","","","","","","","","","","","","","","","","","","Composting & Micro-enterprises","Project","TO COLLECT","TO COLLECT","TO COLLECT","TO COLLECT","Farm training programme.","TO COLLECT","TO COLLECT","TO COLLECT","TO COLLECT","TO COLLECT","TO COLLECT","TO COLLECT","ABSENT — old URL redirects to /farm","Everything. Decide first whether it belongs on the site at all.","/project/composting-and-micro-enterprises/","","","","","","","","","","","","","","","","","","","","","","","","","","","","","","","","","","","","","","","","","","","","","","","","","","","","","","","","","","",""
"02 · Projects","02-033","","","","","","","","","","","","","","","","","","","Soil Regeneration Training","Project","TO COLLECT","TO COLLECT","TO COLLECT","TO COLLECT","Farm training programme. Old counter (9,385) is contaminated placeholder data.","TO COLLECT","TO COLLECT","TO COLLECT","TO COLLECT","TO COLLECT","TO COLLECT","TO COLLECT","ABSENT — old URL redirects to /farm","Everything. Decide first whether it belongs on the site at all.","/project/soil-regeneration-training/","","","","","","","","","","","","","","","","","","","","","","","","","","","","","","","","","","","","","","","","","","","","","","","","","","","","","","","","","","",""
"02 · Projects","02-034","","","","","","","","","","","","","","","","","","","Sustainable Agriculture Training Camps","Project","TO COLLECT","TO COLLECT","TO COLLECT","TO COLLECT","Farm training programme.","TO COLLECT","TO COLLECT","TO COLLECT","TO COLLECT","TO COLLECT","TO COLLECT","TO COLLECT","ABSENT — old URL redirects to /farm","Everything. Decide first whether it belongs on the site at all.","/project/sustainable-agriculture-training-camps/","","","","","","","","","","","","","","","","","","","","","","","","","","","","","","","","","","","","","","","","","","","","","","","","","","","","","","","","","","",""
"02 · Projects","02-035","","","","","","","","","","","","","","","","","","","Women Farmers Collective","Project","TO COLLECT","TO COLLECT","TO COLLECT","TO COLLECT","Farm training programme.","TO COLLECT","TO COLLECT","TO COLLECT","TO COLLECT","TO COLLECT","TO COLLECT","TO COLLECT","ABSENT — old URL redirects to /farm","Everything. Decide first whether it belongs on the site at all.","/project/women-farmers-collective/","","","","","","","","","","","","","","","","","","","","","","","","","","","","","","","","","","","","","","","","","","","","","","","","","","","","","","","","","","",""
"02 · Projects","02-036","","","","","","","","","","","","","","","","","","","Solar Energy Training","Project","TO COLLECT","TO COLLECT","TO COLLECT","TO COLLECT","Old page was an unfinished lorem-ipsum template. Verify it ever ran.","TO COLLECT","TO COLLECT","TO COLLECT","TO COLLECT","TO COLLECT","TO COLLECT","TO COLLECT","ABSENT — old URL redirects to /farm","Everything. Decide first whether it belongs on the site at all.","/project/solar-energy-training/","","","","","","","","","","","","","","","","","","","","","","","","","","","","","","","","","","","","","","","","","","","","","","","","","","","","","","","","","","",""
"02 · Projects","02-037","","","","","","","","","","","","","","","","","","","Water Harvesting Training","Project","TO COLLECT","TO COLLECT","TO COLLECT","TO COLLECT","Old page was an unfinished lorem-ipsum template. Verify it ever ran.","TO COLLECT","TO COLLECT","TO COLLECT","TO COLLECT","TO COLLECT","TO COLLECT","TO COLLECT","ABSENT — old URL redirects to /farm","Everything. Decide first whether it belongs on the site at all.","/project/water-harvesting-training/","","","","","","","","","","","","","","","","","","","","","","","","","","","","","","","","","","","","","","","","","","","","","","","","","","","","","","","","","","",""
"02 · Projects","02-038","","","","","","","","","","","","","","","","","","","Learning Communities","Project","TO COLLECT","TO COLLECT","TO COLLECT","TO COLLECT","Named on /impact and 3 built pages. Old counter (9,385 'Campaigns') is contaminated.","TO COLLECT","TO COLLECT","TO COLLECT","TO COLLECT","TO COLLECT","TO COLLECT","TO COLLECT","ABSENT — old URL redirects to /work/projects","Everything. Decide first whether it belongs on the site at all.","/project/learning-communities/","","","","","","","","","","","","","","","","","","","","","","","","","","","","","","","","","","","","","","","","","","","","","","","","","","","","","","","","","","",""
"02 · Projects","02-039","","","","","","","","","","","","","","","","","","","Green Creeps","Project","TO COLLECT","TO COLLECT","TO COLLECT","TO COLLECT","No presence anywhere on the new site.","TO COLLECT","TO COLLECT","TO COLLECT","TO COLLECT","TO COLLECT","TO COLLECT","TO COLLECT","ABSENT — old URL redirects to /work/projects","Everything. Decide first whether it belongs on the site at all.","/project/green-creeps/","","","","","","","","","","","","","","","","","","","","","","","","","","","","","","","","","","","","","","","","","","","","","","","","","","","","","","","","","","",""
"02 · Projects","02-040","","","","","","","","","","","","","","","","","","","Road to Leadership","Project","TO COLLECT","TO COLLECT","TO COLLECT","TO COLLECT","No presence anywhere on the new site.","TO COLLECT","TO COLLECT","TO COLLECT","TO COLLECT","TO COLLECT","TO COLLECT","TO COLLECT","ABSENT — old URL redirects to /work/projects","Everything. Decide first whether it belongs on the site at all.","/project/road-to-leadership/","","","","","","","","","","","","","","","","","","","","","","","","","","","","","","","","","","","","","","","","","","","","","","","","","","","","","","","","","","",""
"02 · Projects","02-041","","","","","","","","","","","","","","","","","","","Brake Even","Project","TO COLLECT","TO COLLECT","TO COLLECT","TO COLLECT","Appears on zero built pages.","TO COLLECT","TO COLLECT","TO COLLECT","TO COLLECT","TO COLLECT","TO COLLECT","TO COLLECT","ABSENT — old URL redirects to /work/campaigns","Everything. Decide first whether it belongs on the site at all.","/project/brake-even-2/","","","","","","","","","","","","","","","","","","","","","","","","","","","","","","","","","","","","","","","","","","","","","","","","","","","","","","","","","","",""
"02 · Projects","02-042","","","","","","","","","","","","","","","","","","","US Embassy Micro Grants Competition","Project","TO COLLECT","TO COLLECT","TO COLLECT","TO COLLECT","Appears only in the video index.","TO COLLECT","TO COLLECT","TO COLLECT","TO COLLECT","TO COLLECT","TO COLLECT","TO COLLECT","ABSENT — old URL redirects to /work/projects","Everything. Decide first whether it belongs on the site at all.","/project/u-s-embassy-micro-grants-competition/","","","","","","","","","","","","","","","","","","","","","","","","","","","","","","","","","","","","","","","","","","","","","","","","","","","","","","","","","","",""
"02 · Projects","02-043","","","","","","","","","","","","","","","","","","","Micro Grants","Project","TO COLLECT","TO COLLECT","TO COLLECT","TO COLLECT","","TO COLLECT","TO COLLECT","TO COLLECT","TO COLLECT","TO COLLECT","TO COLLECT","TO COLLECT","ABSENT — old URL redirects to /work/projects","Everything. Decide first whether it belongs on the site at all.","/project/micro-grants/","","","","","","","","","","","","","","","","","","","","","","","","","","","","","","","","","","","","","","","","","","","","","","","","","","","","","","","","","","",""
"02 · Projects","02-044","","","","","","","","","","","","","","","","","","","Green Exposures / Eco Walks","Journey","TO COLLECT","TO COLLECT","TO COLLECT","TO COLLECT","Probably the ancestor of CityScapes — confirm or fold.","TO COLLECT","TO COLLECT","TO COLLECT","TO COLLECT","TO COLLECT","TO COLLECT","TO COLLECT","ABSENT — old URL redirects to /work/journeys","Everything. Decide first whether it belongs on the site at all.","/project/green-exposures-eco-walks/","","","","","","","","","","","","","","","","","","","","","","","","","","","","","","","","","","","","","","","","","","","","","","","","","","","","","","","","","","",""
"02 · Projects","02-045","","","","","","","","","","","","","","","","","","","Future Lifestyles Project","Project","TO COLLECT","TO COLLECT","TO COLLECT","TO COLLECT","Pairs with the IGES New Delhi scenario already on /publications.","TO COLLECT","TO COLLECT","TO COLLECT","TO COLLECT","TO COLLECT","TO COLLECT","TO COLLECT","ABSENT — old URL redirects to /work/projects","Everything. Decide first whether it belongs on the site at all.","/project/future-lifestyles-project/","","","","","","","","","","","","","","","","","","","","","","","","","","","","","","","","","","","","","","","","","","","","","","","","","","","","","","","","","","",""
"02 · Projects","02-046","","","","","","","","","","","","","","","","","","","Air Pollution Campaigns","Campaign","TO COLLECT","TO COLLECT","TO COLLECT","TO COLLECT","Probably the ancestor of Delhi I Can't See You — confirm or fold.","TO COLLECT","TO COLLECT","TO COLLECT","TO COLLECT","TO COLLECT","TO COLLECT","TO COLLECT","ABSENT — old URL redirects to /work/campaigns","Everything. Decide first whether it belongs on the site at all.","/project/air-pollution-campaigns/","","","","","","","","","","","","","","","","","","","","","","","","","","","","","","","","","","","","","","","","","","","","","","","","","","","","","","","","","","",""
"02 · Projects","02-047","","","","","","","","","","","","","","","","","","","Cycles for Sustainability","Event","TO COLLECT","TO COLLECT","TO COLLECT","TO COLLECT","Probably related to Cyclothon — confirm or fold.","TO COLLECT","TO COLLECT","TO COLLECT","TO COLLECT","TO COLLECT","TO COLLECT","TO COLLECT","ABSENT — old URL redirects to /work/events","Everything. Decide first whether it belongs on the site at all.","/project/cycles-for-sustainability/","","","","","","","","","","","","","","","","","","","","","","","","","","","","","","","","","","","","","","","","","","","","","","","","","","","","","","","","","","",""
"02 · Projects","02-048","","","","","","","","","","","","","","","","","","","US Dept of State / Green the Map podcast & masterclass series","Project","TO COLLECT","TO COLLECT","TO COLLECT","TO COLLECT","Podcasts are on /stories; the programme behind them is not described.","TO COLLECT","TO COLLECT","TO COLLECT","TO COLLECT","TO COLLECT","TO COLLECT","TO COLLECT","ABSENT — old URL redirects to /stories","Everything. Decide first whether it belongs on the site at all.","/project/u-s-dept-of-state-...-masterclass-series.../","","","","","","","","","","","","","","","","","","","","","","","","","","","","","","","","","","","","","","","","","","","","","","","","","","","","","","","","","","",""
"02 · Projects","02-049","","","","","","","","","","","","","","","","","","","Dairy Cooperative and Cow Rearing","Project","TO COLLECT","TO COLLECT","TO COLLECT","TO COLLECT","Listed on the old Programs page and the Sustainable Agriculture theme page but had NO project page even on the old site — a promise the old site never kept. /farm names 20 cows.","TO COLLECT","TO COLLECT","TO COLLECT","TO COLLECT","TO COLLECT","TO COLLECT","TO COLLECT","ABSENT — old URL redirects to /farm","Everything. Decide first whether it belongs on the site at all.","legacy audit §1.5","","","","","","","","","","","","","","","","","","","","","","","","","","","","","","","","","","","","","","","","","","","","","","","","","","","","","","","","","","",""
"03 · Partners","03-001","","","","","","","","","","","","","","","","","","","","","","","","","","","","","","","","","","","data/work/**/*.json `with`","Acuity Knowledge Partners","Funder","Bridge the Gap","TO COLLECT","TO COLLECT","NO","TO COLLECT","Named on /work — Bridge the Gap","Years, nature of association, logo, website link, one-line description","TO COLLECT","","","","","","","","","","","","","","","","","","","","","","","","","","","","","","","","","","","","","","","","","","","","","","","","",""
"03 · Partners","03-002","","","","","","","","","","","","","","","","","","","","","","","","","","","","","","","","","","","data/work/**/*.json `with`","Adobe","Funder","Bridge the Gap, Eco Action, Monsoon Wooding","TO COLLECT","TO COLLECT","NO","TO COLLECT","Named on /work — Bridge the Gap, Eco Action, Monsoon Wooding","Years, nature of association, logo, website link, one-line description","TO COLLECT","","","","","","","","","","","","","","","","","","","","","","","","","","","","","","","","","","","","","","","","","","","","","","","","",""
"03 · Partners","03-003","","","","","","","","","","","","","","","","","","","","","","","","","","","","","","","","","","","data/work/**/*.json `with`","Amazon","Funder","Eco Action, Monsoon Wooding","TO COLLECT","TO COLLECT","NO","TO COLLECT","Named on /work — Eco Action, Monsoon Wooding","Years, nature of association, logo, website link, one-line description","TO COLLECT","","","","","","","","","","","","","","","","","","","","","","","","","","","","","","","","","","","","","","","","","","","","","","","","",""
"03 · Partners","03-004","","","","","","","","","","","","","","","","","","","","","","","","","","","","","","","","","","","data/work/**/*.json `with`","American Express","Funder","Bridge the Gap, Eco Action","TO COLLECT","TO COLLECT","NO","TO COLLECT","Named on /work — Bridge the Gap, Eco Action","Years, nature of association, logo, website link, one-line description","TO COLLECT","","","","","","","","","","","","","","","","","","","","","","","","","","","","","","","","","","","","","","","","","","","","","","","","",""
"03 · Partners","03-005","","","","","","","","","","","","","","","","","","","","","","","","","","","","","","","","","","","data/work/**/*.json `with`","British Council","Institutional partner","Yamuna Yatra","TO COLLECT","TO COLLECT","NO","TO COLLECT","Named on /work — Yamuna Yatra","Years, nature of association, logo, website link, one-line description","TO COLLECT","","","","","","","","","","","","","","","","","","","","","","","","","","","","","","","","","","","","","","","","","","","","","","","","",""
"03 · Partners","03-006","","","","","","","","","","","","","","","","","","","","","","","","","","","","","","","","","","","data/work/**/*.json `with`","Bupa Foundation","Funder","Bridge the Gap","TO COLLECT","TO COLLECT","NO","TO COLLECT","Named on /work — Bridge the Gap","Years, nature of association, logo, website link, one-line description","TO COLLECT","","","","","","","","","","","","","","","","","","","","","","","","","","","","","","","","","","","","","","","","","","","","","","","","",""
"03 · Partners","03-007","","","","","","","","","","","","","","","","","","","","","","","","","","","","","","","","","","","data/work/**/*.json `with`","EMpower","Funder","ME to WE, She Leads Change","TO COLLECT","TO COLLECT","NO","TO COLLECT","Named on /work — ME to WE, She Leads Change","Years, nature of association, logo, website link, one-line description","TO COLLECT","","","","","","","","","","","","","","","","","","","","","","","","","","","","","","","","","","","","","","","","","","","","","","","","",""
"03 · Partners","03-008","","","","","","","","","","","","","","","","","","","","","","","","","","","","","","","","","","","data/work/**/*.json `with`","EMpower","Institutional partner","She Leads Change","TO COLLECT","TO COLLECT","NO","TO COLLECT","Named on /work — She Leads Change","Years, nature of association, logo, website link, one-line description","TO COLLECT","","","","","","","","","","","","","","","","","","","","","","","","","","","","","","","","","","","","","","","","","","","","","","","","",""
"03 · Partners","03-009","","","","","","","","","","","","","","","","","","","","","","","","","","","","","","","","","","","data/work/**/*.json `with`","IndusInd Bank","Funder","Monsoon Wooding","TO COLLECT","TO COLLECT","NO","TO COLLECT","Named on /work — Monsoon Wooding","Years, nature of association, logo, website link, one-line description","TO COLLECT","","","","","","","","","","","","","","","","","","","","","","","","","","","","","","","","","","","","","","","","","","","","","","","","",""
"03 · Partners","03-010","","","","","","","","","","","","","","","","","","","","","","","","","","","","","","","","","","","data/work/**/*.json `with`","Modern Schools","School","NatureScapes","TO COLLECT","TO COLLECT","NO","TO COLLECT","Named on /work — NatureScapes","Years, nature of association, logo, website link, one-line description","TO COLLECT","","","","","","","","","","","","","","","","","","","","","","","","","","","","","","","","","","","","","","","","","","","","","","","","",""
"03 · Partners","03-011","","","","","","","","","","","","","","","","","","","","","","","","","","","","","","","","","","","data/work/**/*.json `with`","National Geographic","Funder","Bridge the Gap","TO COLLECT","TO COLLECT","NO","TO COLLECT","Named on /work — Bridge the Gap","Years, nature of association, logo, website link, one-line description","TO COLLECT","","","","","","","","","","","","","","","","","","","","","","","","","","","","","","","","","","","","","","","","","","","","","","","","",""
"03 · Partners","03-012","","","","","","","","","","","","","","","","","","","","","","","","","","","","","","","","","","","data/work/**/*.json `with`","Nokia Siemens Networks","Funder","Bridge the Gap","TO COLLECT","TO COLLECT","NO","TO COLLECT","Named on /work — Bridge the Gap","Years, nature of association, logo, website link, one-line description","TO COLLECT","","","","","","","","","","","","","","","","","","","","","","","","","","","","","","","","","","","","","","","","","","","","","","","","",""
"03 · Partners","03-013","","","","","","","","","","","","","","","","","","","","","","","","","","","","","","","","","","","data/work/**/*.json `with`","PVR","Funder","Eco Action","TO COLLECT","TO COLLECT","NO","TO COLLECT","Named on /work — Eco Action","Years, nature of association, logo, website link, one-line description","TO COLLECT","","","","","","","","","","","","","","","","","","","","","","","","","","","","","","","","","","","","","","","","","","","","","","","","",""
"03 · Partners","03-014","","","","","","","","","","","","","","","","","","","","","","","","","","","","","","","","","","","data/work/**/*.json `with`","Pathways World School","School","Yamuna Yatra","TO COLLECT","TO COLLECT","NO","TO COLLECT","Named on /work — Yamuna Yatra","Years, nature of association, logo, website link, one-line description","TO COLLECT","","","","","","","","","","","","","","","","","","","","","","","","","","","","","","","","","","","","","","","","","","","","","","","","",""
"03 · Partners","03-015","","","","","","","","","","","","","","","","","","","","","","","","","","","","","","","","","","","data/work/**/*.json `with`","PwC","Funder","Monsoon Wooding","TO COLLECT","TO COLLECT","NO","TO COLLECT","Named on /work — Monsoon Wooding","Years, nature of association, logo, website link, one-line description","TO COLLECT","","","","","","","","","","","","","","","","","","","","","","","","","","","","","","","","","","","","","","","","","","","","","","","","",""
"03 · Partners","03-016","","","","","","","","","","","","","","","","","","","","","","","","","","","","","","","","","","","data/work/**/*.json `with`","S&P Global","Funder","Monsoon Wooding","TO COLLECT","TO COLLECT","NO","TO COLLECT","Named on /work — Monsoon Wooding","Years, nature of association, logo, website link, one-line description","TO COLLECT","","","","","","","","","","","","","","","","","","","","","","","","","","","","","","","","","","","","","","","","","","","","","","","","",""
"03 · Partners","03-017","","","","","","","","","","","","","","","","","","","","","","","","","","","","","","","","","","","data/work/**/*.json `with`","Shriram School","School","Yamuna Yatra","TO COLLECT","TO COLLECT","NO","TO COLLECT","Named on /work — Yamuna Yatra","Years, nature of association, logo, website link, one-line description","TO COLLECT","","","","","","","","","","","","","","","","","","","","","","","","","","","","","","","","","","","","","","","","","","","","","","","","",""
"03 · Partners","03-018","","","","","","","","","","","","","","","","","","","","","","","","","","","","","","","","","","","data/work/**/*.json `with`","Sir Ratan Tata Trust","Funder","Bridge the Gap","TO COLLECT","TO COLLECT","NO","TO COLLECT","Named on /work — Bridge the Gap","Years, nature of association, logo, website link, one-line description","TO COLLECT","","","","","","","","","","","","","","","","","","","","","","","","","","","","","","","","","","","","","","","","","","","","","","","","",""
"03 · Partners","03-019","","","","","","","","","","","","","","","","","","","","","","","","","","","","","","","","","","","data/work/**/*.json `with`","The American Embassy","Funder","Eco Action","TO COLLECT","TO COLLECT","NO","TO COLLECT","Named on /work — Eco Action","Years, nature of association, logo, website link, one-line description","TO COLLECT","","","","","","","","","","","","","","","","","","","","","","","","","","","","","","","","","","","","","","","","","","","","","","","","",""
"03 · Partners","03-020","","","","","","","","","","","","","","","","","","","","","","","","","","","","","","","","","","","data/work/**/*.json `with`","The American Embassy","Institutional partner","Yamuna Yatra","TO COLLECT","TO COLLECT","NO","TO COLLECT","Named on /work — Yamuna Yatra","Years, nature of association, logo, website link, one-line description","TO COLLECT","","","","","","","","","","","","","","","","","","","","","","","","","","","","","","","","","","","","","","","","","","","","","","","","",""
"03 · Partners","03-021","","","","","","","","","","","","","","","","","","","","","","","","","","","","","","","","","","","data/work/**/*.json `with`","The European Union","Institutional partner","Yamuna Yatra","TO COLLECT","TO COLLECT","NO","TO COLLECT","Named on /work — Yamuna Yatra","Years, nature of association, logo, website link, one-line description","TO COLLECT","","","","","","","","","","","","","","","","","","","","","","","","","","","","","","","","","","","","","","","","","","","","","","","","",""
"03 · Partners","03-022","","","","","","","","","","","","","","","","","","","","","","","","","","","","","","","","","","","data/work/**/*.json `with`","The Shriram Schools","School","NatureScapes","TO COLLECT","TO COLLECT","NO","TO COLLECT","Named on /work — NatureScapes","Years, nature of association, logo, website link, one-line description","TO COLLECT","","","","","","","","","","","","","","","","","","","","","","","","","","","","","","","","","","","","","","","","","","","","","","","","",""
"03 · Partners","03-023","","","","","","","","","","","","","","","","","","","","","","","","","","","","","","","","","","","data/work/**/*.json `with`","UNEP","Institutional partner","Food systems, with UNEP","TO COLLECT","TO COLLECT","NO","TO COLLECT","Named on /work — Food systems, with UNEP","Years, nature of association, logo, website link, one-line description","TO COLLECT","","","","","","","","","","","","","","","","","","","","","","","","","","","","","","","","","","","","","","","","","","","","","","","","",""
"03 · Partners","03-024","","","","","","","","","","","","","","","","","","","","","","","","","","","","","","","","","","","data/work/**/*.json `with`","Vasant Valley School","School","Yamuna Yatra","TO COLLECT","TO COLLECT","NO","TO COLLECT","Named on /work — Yamuna Yatra","Years, nature of association, logo, website link, one-line description","TO COLLECT","","","","","","","","","","","","","","","","","","","","","","","","","","","","","","","","","","","","","","","","","","","","","","","","",""
"03 · Partners","03-025","","","","","","","","","","","","","","","","","","","","","","","","","","","","","","","","","","","data/publications.json; legacy audit §1.5","GIZ","Knowledge / publication partner","The Sustainable Shopping Basket (2010); Circular Economy / Marine Litter & EPR","2010; TBC","Co-produced the shopping guide; Indo-German bilateral cooperation on marine litter","NO","TO COLLECT","Named on /publications","Years, scope, the marine-litter project's whole record","TO COLLECT","","","","","","","","","","","","","","","","","","","","","","","","","","","","","","","","","","","","","","","","","","","","","","","","",""
"03 · Partners","03-026","","","","","","","","","","","","","","","","","","","","","","","","","","","","","","","","","","","data/publications.json","IGES","Research partner / publisher","Future Lifestyles: the New Delhi scenario (2021); Green Finance study","2021; TBC","IGES published; Swechha was the New Delhi partner","NO","Report is hosted with credit + link","Named and credited on /publications","The Green Finance project (93 social enterprises) has no page","TO COLLECT","","","","","","","","","","","","","","","","","","","","","","","","","","","","","","","","","","","","","","","","","","","","","","","","",""
"03 · Partners","03-027","","","","","","","","","","","","","","","","","","","","","","","","","","","","","","","","","","","legacy audit §1.5","MoEFCC (Ministry of Environment, Forest and Climate Change)","Government","Circular Economy / Marine Litter & EPR","TO COLLECT","Named in the old project page","NO","TO COLLECT","NOT on any built page","Everything — this is the only government collaboration in the archive","TO COLLECT","","","","","","","","","","","","","","","","","","","","","","","","","","","","","","","","","","","","","","","","","","","","","","","","",""
"03 · Partners","03-028","","","","","","","","","","","","","","","","","","","","","","","","","","","","","","","","","","","legacy audit §1.5","Ford Foundation","Funder","Sakhi (2021 film)","2021","Supported the film per the old site","NO","TO COLLECT","NOT on any built page","Everything","TO COLLECT","","","","","","","","","","","","","","","","","","","","","","","","","","","","","","","","","","","","","","","","","","","","","","","","",""
"03 · Partners","03-029","","","","","","","","","","","","","","","","","","","","","","","","","","","","","","","","","","","legacy audit §1.5","VSO / DFID","Programme partner","Influence / CYON — International Citizen Service exchange","2012","65 leaders, India and UK","NO","TO COLLECT","Named in passing on 4 built pages","The exchange itself has no page","TO COLLECT","","","","","","","","","","","","","","","","","","","","","","","","","","","","","","","","","","","","","","","","","","","","","","","","",""
"03 · Partners","03-030","","","","","","","","","","","","","","","","","","","","","","","","","","","","","","","","","","","data/about-people.json","UNV (United Nations Volunteers)","Institutional","International Year of Volunteers 2001, India","2001","Swechha's founder headed the Volunteer Promotion Unit, New Delhi","NO","TO COLLECT","In one team biography only","Whether this is an organisational or a personal association","TO COLLECT","","","","","","","","","","","","","","","","","","","","","","","","","","","","","","","","","","","","","","","","","","","","","","","","",""
"03 · Partners","03-031","","","","","","","","","","","","","","","","","","","","","","","","","","","","","","","","","","","data/work/projects/*.json","EMpower","Funder / partner","ME to WE; She Leads Change","TBC","Funds both Jagdamba programmes","NO","TO COLLECT","Named on 5 built pages","Years, grant scope, and how the two programmes differ","TO COLLECT","","","","","","","","","","","","","","","","","","","","","","","","","","","","","","","","","","","","","","","","","","","","","","","","",""
"03 · Partners","03-032","","","","","","","","","","","","","","","","","","","","","","","","","","","","","","","","","","","data/work/journeys/yamuna-yatra.json; legacy audit §1.5","British Council","Partner","Yamuna Yatra; Women & Non-Traditional Livelihoods (YWSEDP)","TBC","Named as a Yatra partner; YWSEDP for the livelihoods work","NO","TO COLLECT","Named on 2 built pages","The YWSEDP relationship entirely","TO COLLECT","","","","","","","","","","","","","","","","","","","","","","","","","","","","","","","","","","","","","","","","","","","","","","","","",""
"03 · Partners","03-033","","","","","","","","","","","","","","","","","","","","","","","","","","","","","","","","","","","home.html","Green the Map","Related enterprise (NOT a Swechha programme)","Upcycled goods","TBC","Explicitly labelled on the homepage as a separate organisation with its own accounts","Own site","TO COLLECT","Named on 4 built pages","Whether the Sustainable Shopping campaign is connected to it — a reader will assume it is","Already featured, with the distinction stated","","","","","","","","","","","","","","","","","","","","","","","","","","","","","","","","","","","","","","","","","","","","","","","","",""
"03 · Partners","03-034","","","","","","","","","","","","","","","","","","","","","","","","","","","","","","","","","","","data/work/events/*.json holes","The Yamunotsav / Shramdaan host bodies","TO COLLECT","Yamunotsav; Yamuna Shramdaan","2006-2014; TBC","Nine editions of a river festival must have had civic or municipal counterparties","NO","TO COLLECT","NOT on any built page","Everything","TO COLLECT","","","","","","","","","","","","","","","","","","","","","","","","","","","","","","","","","","","","","","","","","","","","","","","","",""
"03 · Partners","03-035","","","","","","","","","","","","","","","","","","","","","","","","","","","","","","","","","","","data/work/journeys/gram-anubhav.json hole","100+ grassroots host organisations","Community partner","Gram Anubhav","TO COLLECT","Host the journeys in their own villages","NO","REQUIRED — five names, with permission","Counted (100+) on /work/journeys/gram-anubhav, none named","Five names to start with","TO COLLECT","","","","","","","","","","","","","","","","","","","","","","","","","","","","","","","","","","","","","","","","","","","","","","","","",""
"03 · Partners","03-036","","","","","","","","","","","","","","","","","","","","","","","","","","","","","","","","","","","data/work/projects/influence.json hole","50 colleges + 75 partner organisations","Institutional","Influence — volunteering","since 2010","Volunteering placements","NO","REQUIRED — five names each, with permission","Counted on /work/projects/influence, none named","Five names in each category","TO COLLECT","","","","","","","","","","","","","","","","","","","","","","","","","","","","","","","","","","","","","","","","","","","","","","","","",""
"04 · Schools","04-001","","","","","","","","","","","","","","","","","","","","","","","","","","","","","","","","","","","data/work/journeys/yamuna-yatra.json","","","","","","","","","","","Vasant Valley School","New Delhi","Delhi","Yamuna Yatra","TO COLLECT","TO COLLECT","Named as a Yatra school","NO","TO COLLECT","Already named on /work/journeys/yamuna-yatra — confirm permission and add years/numbers","","","","","","","","","","","","","","","","","","","","","","","","","","","","","","","","","","","","","","",""
"04 · Schools","04-002","","","","","","","","","","","","","","","","","","","","","","","","","","","","","","","","","","","data/work/journeys/yamuna-yatra.json; data/work/journeys/naturescapes.json; home.html","","","","","","","","","","","The Shriram School","New Delhi","Delhi","Yamuna Yatra; NatureScapes","TO COLLECT","TO COLLECT","Named as a Yatra school and a NatureScapes school. The site's own copy says one school made the Yatra part of its Grade XI year — confirm whether this is that school.","NO","TO COLLECT","Confirm the Grade XI claim and name the school, with permission — it is the strongest school-partnership fact on the site","","","","","","","","","","","","","","","","","","","","","","","","","","","","","","","","","","","","","","",""
"04 · Schools","04-003","","","","","","","","","","","","","","","","","","","","","","","","","","","","","","","","","","","data/work/journeys/yamuna-yatra.json","","","","","","","","","","","Pathways World School","Gurugram (TBC)","Haryana (TBC)","Yamuna Yatra","TO COLLECT","TO COLLECT","Named as a Yatra school","NO","TO COLLECT","Confirm city/state and permission","","","","","","","","","","","","","","","","","","","","","","","","","","","","","","","","","","","","","","",""
"04 · Schools","04-004","","","","","","","","","","","","","","","","","","","","","","","","","","","","","","","","","","","data/work/journeys/naturescapes.json","","","","","","","","","","","Modern School","New Delhi","Delhi","NatureScapes","TO COLLECT","TO COLLECT","Named as a NatureScapes school","NO","TO COLLECT","Confirm which Modern School campus","","","","","","","","","","","","","","","","","","","","","","","","","","","","","","","","","","","","","","",""
"04 · Schools","04-005","","","","","","","","","","","","","","","","","","","","","","","","","","","","","","","","","","","data/work/projects/bridge-the-gap.json","","","","","","","","","","","[Bridge the Gap partner schools — 250+ claimed over 15 years, 100-150 per year]","Delhi / NCR","Delhi / Haryana / UP","Bridge the Gap","2010-2026","50,000+ students over 15 years (aggregate)","Five to sixteen curriculum sessions on land, water and air, plus exposure trips and action projects","Some, unlabelled","SCHOOL PERMISSION REQUIRED","Collect the 20-30 longest-running partner schools, not all 250. A named list of 20 with permission is worth more than a claim of 250.","","","","","","","","","","","","","","","","","","","","","","","","","","","","","","","","","","","","","","",""
"04 · Schools","04-006","","","","","","","","","","","","","","","","","","","","","","","","","","","","","","","","","","","home.html; data/work/projects/eco-action.json","","","","","","","","","","","[Eco Action schools — 100+ 'green infrastructures across 100+ schools' claimed on the homepage]","Delhi / NCR","Delhi","Eco Action","TO COLLECT","100+ (homepage figure, NOT in /impact's register — see master sheet N-01)","Butterfly parks, herb gardens, airshed parks","NONE of any garden","SCHOOL PERMISSION REQUIRED","Name the Vasant Kunj park first — it carries the 5%-to-90% decade figure and is the site's best unillustrated claim","","","","","","","","","","","","","","","","","","","","","","","","","","","","","","","","","","","","","","",""
"04 · Schools","04-007","","","","","","","","","","","","","","","","","","","","","","","","","","","","","","","","","","","data/work/projects/farm-school.json","","","","","","","","","","","[Farm School visiting schools — 30 groups a year]","Various","Various","Farm School","annual, current","30 school groups a year","Day visits, overnight camps, short courses","Some farm frames, not visit-labelled","SCHOOL PERMISSION REQUIRED","Two named schools with a visit account each would populate /farm and /work/projects/farm-school","","","","","","","","","","","","","","","","","","","","","","","","","","","","","","","","","","","","","","",""
"04 · Schools","04-008","","","","","","","","","","","","","","","","","","","","","","","","","","","","","","","","","","","data/work/projects/food-systems.json","","","","","","","","","","","[Food systems with UNEP — Delhi NCR government schools]","Delhi / NCR","Delhi","Food systems, with UNEP","TO COLLECT","TO COLLECT","Curriculum and action projects on food and sustainability","NONE","SCHOOL PERMISSION REQUIRED","The site cannot currently say whether this has started — see master sheet W-13","","","","","","","","","","","","","","","","","","","","","","","","","","","","","","","","","","","","","","",""
"04 · Schools","04-009","","","","","","","","","","","","","","","","","","","","","","","","","","","","","","","","","","","data/work/projects/influence.json","","","","","","","","","","","[Influence — 50 colleges]","Various","Various","Influence — volunteering","since 2010","50 colleges (aggregate)","Volunteering placements","NONE","INSTITUTION PERMISSION REQUIRED","Five college names with permission would turn a count into a list of collaborators","","","","","","","","","","","","","","","","","","","","","","","","","","","","","","","","","","","","","","",""
"04 · Schools","04-010","","","","","","","","","","","","","","","","","","","","","","","","","","","","","","","","","","","legacy audit §1.5","","","","","","","","","","","[Teacher Training — 700+ educators]","Delhi / NCR","Delhi","Teacher Training","TO COLLECT","700+ educators (old site, unverified)","Teacher training","NONE","TO BE VERIFIED","The programme has no page at all — see master sheet M-02","","","","","","","","","","","","","","","","","","","","","","","","","","","","","","","","","","","","","","",""
"04 · Schools","04-011","","","","","","","","","","","","","","","","","","","","","","","","","","","","","","","","","","","data/work/projects/me-to-we.json; she-leads-change.json","","","","","","","","","","","[Jagdamba Camp / settlement]","New Delhi","Delhi","ME to WE; She Leads Change; This Girl Can","2007-2026 (ME to WE); 2017- (She Leads Change)","3,000+ girls and boys; 50+ adolescent girls","Year-long journeys on agency and decision-making; peer leadership; Kitaab Ghar library (Pagdandi era)","NONE of the programme","COMMUNITY CONSENT REQUIRED — minors","The site's three girl-focused items may be one programme under three names — settle that before collecting","","","","","","","","","","","","","","","","","","","","","","","","","","","","","","","","","","","","","","",""
"05 · Impact numbers","05-001","","","","","","","","","","","","","","","","","","","","","","","","","","","","","","","","","","","","","","","","","","","","","","","","","","","","","","","","Bridge the Gap — Children and young people reached","3M+","Published with basis stated: modelled","cumulative, since 2000","owner 2026-08-22","NONE ATTACHED — no source document is linked on the site","YES — modelled, not counted","/work/projects/bridge-the-gap + /impact register","","","","","","","","","","","","","","","","","","","","","","","","","","","","","","",""
"05 · Impact numbers","05-002","","","","","","","","","","","","","","","","","","","","","","","","","","","","","","","","","","","","","","","","","","","","","","","","","","","","","","","","Bridge the Gap — Schools in Delhi","100–150","Published with basis stated: counted","every year","SOURCE-FACTS §215","NONE ATTACHED — no source document is linked on the site","No","/work/projects/bridge-the-gap + /impact register","","","","","","","","","","","","","","","","","","","","","","","","","","","","","","",""
"05 · Impact numbers","05-003","","","","","","","","","","","","","","","","","","","","","","","","","","","","","","","","","","","","","","","","","","","","","","","","","","","","","","","","Bridge the Gap — Students through the curriculum","50,000+","Published with basis stated: counted","over fifteen years","SOURCE-FACTS §58","NONE ATTACHED — no source document is linked on the site","No","/work/projects/bridge-the-gap + /impact register","","","","","","","","","","","","","","","","","","","","","","","","","","","","","","",""
"05 · Impact numbers","05-004","","","","","","","","","","","","","","","","","","","","","","","","","","","","","","","","","","","","","","","","","","","","","","","","","","","","","","","","Bridge the Gap — Schools in Delhi NCR","250+","Published with basis stated: counted","over fifteen years","SOURCE-FACTS §58","NONE ATTACHED — no source document is linked on the site","No","/work/projects/bridge-the-gap + /impact register","","","","","","","","","","","","","","","","","","","","","","","","","","","","","","",""
"05 · Impact numbers","05-005","","","","","","","","","","","","","","","","","","","","","","","","","","","","","","","","","","","","","","","","","","","","","","","","","","","","","","","","Bridge the Gap — Schools on year-long curricula","200+","Published with basis stated: counted","in 2019–20","SOURCE-FACTS §60","NONE ATTACHED — no source document is linked on the site","No","/work/projects/bridge-the-gap + /impact register","","","","","","","","","","","","","","","","","","","","","","","","","","","","","","",""
"05 · Impact numbers","05-006","","","","","","","","","","","","","","","","","","","","","","","","","","","","","","","","","","","","","","","","","","","","","","","","","","","","","","","","Eco Action — Butterfly parks across Delhi NCR","70+","Published with basis stated: counted","cumulative, no start year sourced","SOURCE-FACTS §73","NONE ATTACHED — no source document is linked on the site","YES — no start year","/work/projects/eco-action + /impact register","","","","","","","","","","","","","","","","","","","","","","","","","","","","","","",""
"05 · Impact numbers","05-007","","","","","","","","","","","","","","","","","","","","","","","","","","","","","","","","","","","","","","","","","","","","","","","","","","","","","","","","Eco Action — Herb gardens across Delhi NCR","20+","Published with basis stated: counted","cumulative, no start year sourced","SOURCE-FACTS §74","NONE ATTACHED — no source document is linked on the site","YES — no start year","/work/projects/eco-action + /impact register","","","","","","","","","","","","","","","","","","","","","","","","","","","","","","",""
"05 · Impact numbers","05-008","","","","","","","","","","","","","","","","","","","","","","","","","","","","","","","","","","","","","","","","","","","","","","","","","","","","","","","","Eco Action — Green cover in one Vasant Kunj park","5% → 90%","Published with basis stated: counted","over a decade","SOURCE-FACTS §76","NONE ATTACHED — no source document is linked on the site","No","/work/projects/eco-action + /impact register","","","","","","","","","","","","","","","","","","","","","","","","","","","","","","",""
"05 · Impact numbers","05-009","","","","","","","","","","","","","","","","","","","","","","","","","","","","","","","","","","","","","","","","","","","","","","","","","","","","","","","","Farm School — School groups a year","30","Published with basis stated: counted","annual, current","owner 2026-08-22","NONE ATTACHED — no source document is linked on the site","No","/work/projects/farm-school + /impact register","","","","","","","","","","","","","","","","","","","","","","","","","","","","","","",""
"05 · Impact numbers","05-010","","","","","","","","","","","","","","","","","","","","","","","","","","","","","","","","","","","","","","","","","","","","","","","","","","","","","","","","Farm School — Dead leaves composted into soil on site","5,000 kg","Published with basis stated: counted","cumulative, no start year sourced","SOURCE-FACTS §70","NONE ATTACHED — no source document is linked on the site","YES — no start year","/work/projects/farm-school + /impact register","","","","","","","","","","","","","","","","","","","","","","","","","","","","","","",""
"05 · Impact numbers","05-011","","","","","","","","","","","","","","","","","","","","","","","","","","","","","","","","","","","","","","","","","","","","","","","","","","","","","","","","Farm School — Honey from the apiary","500 kg","Published with basis stated: counted","cumulative, no start year sourced","SOURCE-FACTS §71","NONE ATTACHED — no source document is linked on the site","YES — no start year","/work/projects/farm-school + /impact register","","","","","","","","","","","","","","","","","","","","","","","","","","","","","","",""
"05 · Impact numbers","05-012","","","","","","","","","","","","","","","","","","","","","","","","","","","","","","","","","","","","","","","","","","","","","","","","","","","","","","","","Influence — Fellowships","10","Published with basis stated: counted","each year","owner 2026-08-21","NONE ATTACHED — no source document is linked on the site","No","/work/projects/influence + /impact register","","","","","","","","","","","","","","","","","","","","","","","","","","","","","","",""
"05 · Impact numbers","05-013","","","","","","","","","","","","","","","","","","","","","","","","","","","","","","","","","","","","","","","","","","","","","","","","","","","","","","","","Influence — Volunteers, annually","10,000","Published with basis stated: counted","since 2010","SOURCE-FACTS §84","NONE ATTACHED — no source document is linked on the site","No","/work/projects/influence + /impact register","","","","","","","","","","","","","","","","","","","","","","","","","","","","","","",""
"05 · Impact numbers","05-014","","","","","","","","","","","","","","","","","","","","","","","","","","","","","","","","","","","","","","","","","","","","","","","","","","","","","","","","Influence — Colleges","50","Published with basis stated: counted","since 2010","SOURCE-FACTS §85","NONE ATTACHED — no source document is linked on the site","No","/work/projects/influence + /impact register","","","","","","","","","","","","","","","","","","","","","","","","","","","","","","",""
"05 · Impact numbers","05-015","","","","","","","","","","","","","","","","","","","","","","","","","","","","","","","","","","","","","","","","","","","","","","","","","","","","","","","","Influence — Placements","200","Published with basis stated: counted","since 2010","SOURCE-FACTS §85","NONE ATTACHED — no source document is linked on the site","No","/work/projects/influence + /impact register","","","","","","","","","","","","","","","","","","","","","","","","","","","","","","",""
"05 · Impact numbers","05-016","","","","","","","","","","","","","","","","","","","","","","","","","","","","","","","","","","","","","","","","","","","","","","","","","","","","","","","","Influence — Partner organisations","75","Published with basis stated: counted","since 2010","SOURCE-FACTS §85","NONE ATTACHED — no source document is linked on the site","No","/work/projects/influence + /impact register","","","","","","","","","","","","","","","","","","","","","","","","","","","","","","",""
"05 · Impact numbers","05-017","","","","","","","","","","","","","","","","","","","","","","","","","","","","","","","","","","","","","","","","","","","","","","","","","","","","","","","","Influence — Youth groups in the CYON network","300+","Published with basis stated: counted","since 2010","SOURCE-FACTS §86","NONE ATTACHED — no source document is linked on the site","No","/work/projects/influence + /impact register","","","","","","","","","","","","","","","","","","","","","","","","","","","","","","",""
"05 · Impact numbers","05-018","","","","","","","","","","","","","","","","","","","","","","","","","","","","","","","","","","","","","","","","","","","","","","","","","","","","","","","","ME to WE — Girls and boys through the programme","3,000+","Published with basis stated: counted","over thirteen years","SOURCE-FACTS §82","NONE ATTACHED — no source document is linked on the site","No","/work/projects/me-to-we + /impact register","","","","","","","","","","","","","","","","","","","","","","","","","","","","","","",""
"05 · Impact numbers","05-019","","","","","","","","","","","","","","","","","","","","","","","","","","","","","","","","","","","","","","","","","","","","","","","","","","","","","","","","ME to WE — Alumni who came back as peer leaders","200+","Published with basis stated: counted","over thirteen years","SOURCE-FACTS §82","NONE ATTACHED — no source document is linked on the site","No","/work/projects/me-to-we + /impact register","","","","","","","","","","","","","","","","","","","","","","","","","","","","","","",""
"05 · Impact numbers","05-020","","","","","","","","","","","","","","","","","","","","","","","","","","","","","","","","","","","","","","","","","","","","","","","","","","","","","","","","ME to WE — Young people through job-exposure camps","400+","Published with basis stated: counted","since 2019","SOURCE-FACTS §83","NONE ATTACHED — no source document is linked on the site","No","/work/projects/me-to-we + /impact register","","","","","","","","","","","","","","","","","","","","","","","","","","","","","","",""
"05 · Impact numbers","05-021","","","","","","","","","","","","","","","","","","","","","","","","","","","","","","","","","","","","","","","","","","","","","","","","","","","","","","","","She Leads Change — Adolescent girls through the year-long journey","50+","Published with basis stated: counted","since 2017","SOURCE-FACTS §177","NONE ATTACHED — no source document is linked on the site","No","/work/projects (card only) + /impact register","","","","","","","","","","","","","","","","","","","","","","","","","","","","","","",""
"05 · Impact numbers","05-022","","","","","","","","","","","","","","","","","","","","","","","","","","","","","","","","","","","","","","","","","","","","","","","","","","","","","","","","She Leads Change — Girls in the wider Learning Communities cohort","300","Published with basis stated: counted","period not sourced","SOURCE-FACTS §177","NONE ATTACHED — no source document is linked on the site","YES — period not sourced","/work/projects (card only) + /impact register","","","","","","","","","","","","","","","","","","","","","","","","","","","","","","",""
"05 · Impact numbers","05-023","","","","","","","","","","","","","","","","","","","","","","","","","","","","","","","","","","","","","","","","","","","","","","","","","","","","","","","","She Leads Change — Girls recognised by the ELC Bright Promise Award","57","Published with basis stated: counted","in 2018","SOURCE-FACTS §178","NONE ATTACHED — no source document is linked on the site","No","/work/projects (card only) + /impact register","","","","","","","","","","","","","","","","","","","","","","","","","","","","","","",""
"05 · Impact numbers","05-024","","","","","","","","","","","","","","","","","","","","","","","","","","","","","","","","","","","","","","","","","","","","","","","","","","","","","","","","Monsoon Wooding — Trees planted in Delhi NCR","~5,000","Published with basis stated: counted","each year","SOURCE-FACTS §95","NONE ATTACHED — no source document is linked on the site","No","/work/campaigns/monsoon-wooding + /impact register","","","","","","","","","","","","","","","","","","","","","","","","","","","","","","",""
"05 · Impact numbers","05-025","","","","","","","","","","","","","","","","","","","","","","","","","","","","","","","","","","","","","","","","","","","","","","","","","","","","","","","","Monsoon Wooding — Trees planted and survived","50,000+","Published with basis stated: counted","cumulative, no start year sourced","SOURCE-FACTS §95","NONE ATTACHED — no source document is linked on the site","YES — no start year","/work/campaigns/monsoon-wooding + /impact register","","","","","","","","","","","","","","","","","","","","","","","","","","","","","","",""
"05 · Impact numbers","05-026","","","","","","","","","","","","","","","","","","","","","","","","","","","","","","","","","","","","","","","","","","","","","","","","","","","","","","","","CityScapes — Walks run","1,000+","Published with basis stated: counted","in two decades","SOURCE-FACTS §168","NONE ATTACHED — no source document is linked on the site","No","/work/journeys/cityscapes + /impact register","","","","","","","","","","","","","","","","","","","","","","","","","","","","","","",""
"05 · Impact numbers","05-027","","","","","","","","","","","","","","","","","","","","","","","","","","","","","","","","","","","","","","","","","","","","","","","","","","","","","","","","CityScapes — People on them","100,000+","Published with basis stated: counted","in two decades","SOURCE-FACTS §168","NONE ATTACHED — no source document is linked on the site","No","/work/journeys/cityscapes + /impact register","","","","","","","","","","","","","","","","","","","","","","","","","","","","","","",""
"05 · Impact numbers","05-028","","","","","","","","","","","","","","","","","","","","","","","","","","","","","","","","","","","","","","","","","","","","","","","","","","","","","","","","Gram Anubhav — Journeys organised","60+","Published with basis stated: counted","cumulative, no start year sourced","SOURCE-FACTS §193","NONE ATTACHED — no source document is linked on the site","YES — no start year","/work/journeys/gram-anubhav + /impact register","","","","","","","","","","","","","","","","","","","","","","","","","","","","","","",""
"05 · Impact numbers","05-029","","","","","","","","","","","","","","","","","","","","","","","","","","","","","","","","","","","","","","","","","","","","","","","","","","","","","","","","Gram Anubhav — Grassroots partners in the villages themselves","100+","Published with basis stated: counted","cumulative, no start year sourced","SOURCE-FACTS §51","NONE ATTACHED — no source document is linked on the site","YES — no start year","/work/journeys/gram-anubhav + /impact register","","","","","","","","","","","","","","","","","","","","","","","","","","","","","","",""
"05 · Impact numbers","05-030","","","","","","","","","","","","","","","","","","","","","","","","","","","","","","","","","","","","","","","","","","","","","","","","","","","","","","","","NatureScapes — Journeys organised","60+","Published with basis stated: counted","cumulative, no start year sourced","SOURCE-FACTS §190","NONE ATTACHED — no source document is linked on the site","YES — no start year","/work/journeys/naturescapes + /impact register","","","","","","","","","","","","","","","","","","","","","","","","","","","","","","",""
"05 · Impact numbers","05-031","","","","","","","","","","","","","","","","","","","","","","","","","","","","","","","","","","","","","","","","","","","","","","","","","","","","","","","","Yamuna Yatra — Yatras run","30+","Published with basis stated: counted","since 2004","SOURCE-FACTS §187","NONE ATTACHED — no source document is linked on the site","No","/work/journeys/yamuna-yatra + /impact register","","","","","","","","","","","","","","","","","","","","","","","","","","","","","","",""
"05 · Impact numbers","05-032","","","","","","","","","","","","","","","","","","","","","","","","","","","","","","","","","","","","","","","","","","","","","","","","","","","","","","","","Yamuna Yatra — Young people through the Yatra","10,000+","Published with basis stated: counted","since 2004","owner 2026-08-22","NONE ATTACHED — no source document is linked on the site","No","/work/journeys/yamuna-yatra + /impact register","","","","","","","","","","","","","","","","","","","","","","","","","","","","","","",""
"05 · Impact numbers","05-033","","","","","","","","","","","","","","","","","","","","","","","","","","","","","","","","","","","","","","","","","","","","","","","","","","","","","","","","Yamunotsav — Editions, one every June","9","Published with basis stated: counted","2006–2014","owner 2026-08-21","NONE ATTACHED — no source document is linked on the site","No","/work/events (card only) + /impact register","","","","","","","","","","","","","","","","","","","","","","","","","","","","","","",""
"05 · Impact numbers","05-034","","","","","","","","","","","","","","","","","","","","","","","","","","","","","","","","","","","","","","","","","","","","","","","","","","","","","","","","Out of the Yamuna","6,890 t","NOT VERIFIED — absent from data/work and from /impact's register","TO COLLECT","NOT SOURCED — appears only in the hand-built homepage","NONE","YES — CRITICAL. Source it or withdraw it.","/ (homepage impact band) ONLY","","","","","","","","","","","","","","","","","","","","","","","","","","","","","","",""
"05 · Impact numbers","05-035","","","","","","","","","","","","","","","","","","","","","","","","","","","","","","","","","","","","","","","","","","","","","","","","","","","","","","","","Green infrastructures across schools","100+ / 100+ schools","NOT VERIFIED — absent from data/work and from /impact's register","TO COLLECT","NOT SOURCED — appears only in the hand-built homepage","NONE","YES — CRITICAL. Define 'green infrastructure', source it, or withdraw it.","/ (homepage impact band) ONLY","","","","","","","","","","","","","","","","","","","","","","","","","","","","","","",""
"05 · Impact numbers","05-036","","","","","","","","","","","","","","","","","","","","","","","","","","","","","","","","","","","","","","","","","","","","","","","","","","","","","","","","Years of the paper archive scanned","7 of 27","Verified — 7 real frames, 20 placeholders","2000-2026","Counted from home.html","N/A","Not a defect — an honest gap. Close it by scanning (master sheet F-06).","/ (record band)","","","","","","","","","","","","","","","","","","","","","","","","","","","","","","",""
"05 · Impact numbers","05-037","","","","","","","","","","","","","","","","","","","","","","","","","","","","","","","","","","","","","","","","","","","","","","","","","","","","","","","","Trees at Swechha Farm","5,000+","Owner-stated","current","SOURCE-FACTS §200, owner 21 Aug 2026","NONE","No","/farm, / (farm band)","","","","","","","","","","","","","","","","","","","","","","","","","","","","","","",""
"05 · Impact numbers","05-038","","","","","","","","","","","","","","","","","","","","","","","","","","","","","","","","","","","","","","","","","","","","","","","","","","","","","","","","Saplings in the native nursery","20,000","Carried from the frozen homepage","current","home.html band 8","NONE","YES — trace to a farm record rather than to a design file","/farm, /","","","","","","","","","","","","","","","","","","","","","","","","","","","","","","",""
"05 · Impact numbers","05-039","","","","","","","","","","","","","","","","","","","","","","","","","","","","","","","","","","","","","","","","","","","","","","","","","","","","","","","","Cows in the dairy","20","Owner-stated","current","SOURCE-FACTS §200","NONE","No","/farm, /","","","","","","","","","","","","","","","","","","","","","","","","","","","","","","",""
"05 · Impact numbers","05-040","","","","","","","","","","","","","","","","","","","","","","","","","","","","","","","","","","","","","","","","","","","","","","","","","","","","","","","","Students the farm can sleep","100","Owner-stated","current","owner 22 Aug 2026","NONE","No","/farm","","","","","","","","","","","","","","","","","","","","","","","","","","","","","","",""
"05 · Impact numbers","05-041","","","","","","","","","","","","","","","","","","","","","","","","","","","","","","","","","","","","","","","","","","","","","","","","","","","","","","","","Acres at the farm","5","Owner-stated","current","owner","NONE","No","/farm, /","","","","","","","","","","","","","","","","","","","","","","","","","","","","","","",""
"05 · Impact numbers","05-042","","","","","","","","","","","","","","","","","","","","","","","","","","","","","","","","","","","","","","","","","","","","","","","","","","","","","","","","Teachers trained","NOT ON SITE","700+ claimed on the old site, unverified","TO COLLECT","old WordPress project page","NONE","YES — collect and verify before publishing","None — the programme has no page","","","","","","","","","","","","","","","","","","","","","","","","","","","","","","",""
"05 · Impact numbers","05-043","","","","","","","","","","","","","","","","","","","","","","","","","","","","","","","","","","","","","","","","","","","","","","","","","","","","","","","","Meals served (Lunchbox 17)","NOT ON SITE","25,000 in a year claimed on the old site, unverified","TO COLLECT","old WordPress project page","NONE","YES — collect and verify","None — the programme has no page","","","","","","","","","","","","","","","","","","","","","","","","","","","","","","",""
"05 · Impact numbers","05-044","","","","","","","","","","","","","","","","","","","","","","","","","","","","","","","","","","","","","","","","","","","","","","","","","","","","","","","","Children into formal schooling (RTE campaign)","NOT ON SITE","150+ claimed on the old site, unverified","2007-","old WordPress project page (Pagdandi / Me to We)","NONE","YES — collect and verify","None","","","","","","","","","","","","","","","","","","","","","","","","","","","","","","",""
"05 · Impact numbers","05-045","","","","","","","","","","","","","","","","","","","","","","","","","","","","","","","","","","","","","","","","","","","","","","","","","","","","","","","","Tree survival rate","NOT PUBLISHED — cannot be, planted total unrecorded","N/A","TO COLLECT","Monsoon Wooding's own declared hole","NONE","YES — needs the planted total and the counting interval","/work/campaigns/monsoon-wooding","","","","","","","","","","","","","","","","","","","","","","","","","","","","","","",""
"05 · Impact numbers","05-046","","","","","","","","","","","","","","","","","","","","","","","","","","","","","","","","","","","","","","","","","","","","","","","","","","","","","","","","Fellows to date","NOT PUBLISHED","~150 implied (10/year since 2010) but never stated as a cumulative figure","since 2010","Derived from the published '10 fellowships each year'","NONE","YES — a cumulative fellow count, and the length of a fellowship year, are both unstated","/work/projects/influence","","","","","","","","","","","","","","","","","","","","","","","","","","","","","","",""
"05 · Impact numbers","05-047","","","","","","","","","","","","","","","","","","","","","","","","","","","","","","","","","","","","","","","","","","","","","","","","","","","","","","","","Volunteers, annually","10,000","Published, but dated to the year the programme started","since 2010","SOURCE-FACTS §84","NONE","YES — the page's own hole says it cannot say which of the five volunteering figures is still true","/work/projects/influence, /impact","","","","","","","","","","","","","","","","","","","","","","","","","","","","","","",""
"06 · Photos","06-001","","","","","","","CRITICAL","","","","","","","","","","NOT STARTED","","","","","","Uttarakhand / Rajasthan / Gujarat / Himachal","","","","","","","","","","","","","","","","","","","","","","","","","","","","","","","","","","","","","","","","","Gram Anubhav — shramdaan","/work/journeys/gram-anubhav","Villagers and students working together on a shared task","any","Landscape","2000px long edge, EXIF intact","Facilitators' phones; journey leads","NO — all 12 filed frames were withdrawn as synthetic","Owner has permitted use of Swechha photographs (ruling W-14, 21 Aug 2026); check separately for identifiable minors","","","","","","","","","","","","","","","","","","","","","",""
"06 · Photos","06-002","","","","","","","CRITICAL","","","","","","","","","","NOT STARTED","","","","","","as above","","","","","","","","","","","","","","","","","","","","","","","","","","","","","","","","","","","","","","","","","Gram Anubhav — village interaction","/work/journeys/gram-anubhav","A group in conversation with village hosts","any","Landscape","2000px","Facilitators","NO","Owner has permitted use of Swechha photographs (ruling W-14, 21 Aug 2026); check separately for identifiable minors","","","","","","","","","","","","","","","","","","","","","",""
"06 · Photos","06-003","","","","","","","CRITICAL","","","","","","","","","","NOT STARTED","","","","","","as above","","","","","","","","","","","","","","","","","","","","","","","","","","","","","","","","","","","","","","","","","Gram Anubhav — home visit","/work/journeys/gram-anubhav","Inside a host household","any","Landscape or portrait","2000px","Facilitators","NO","CONSENT REQUIRED — private home","","","","","","","","","","","","","","","","","","","","","",""
"06 · Photos","06-004","","","","","","","HIGH","","","","","","","","","","NOT STARTED","","","","","","as above","","","","","","","","","","","","","","","","","","","","","","","","","","","","","","","","","","","","","","","","","Gram Anubhav — cultural evening","/work/journeys/gram-anubhav","An evening gathering, music or performance","any","Landscape","2000px","Facilitators","NO","Owner has permitted use of Swechha photographs (ruling W-14, 21 Aug 2026); check separately for identifiable minors","","","","","","","","","","","","","","","","","","","","","",""
"06 · Photos","06-005","","","","","","","CRITICAL","","","","","","","","","","NOT STARTED","","","","","","Sariska Tiger Reserve, Rajasthan","","","","","","","","","","","","","","","","","","","","","","","","","","","","","","","","","","","","","","","","","NatureScapes — Sariska","/work/journeys/naturescapes","A Swechha group on a Sariska journey","any","Landscape","2000px","Journey leads","NO — only stock, refused by the build","Owner has permitted use of Swechha photographs (ruling W-14, 21 Aug 2026); check separately for identifiable minors","","","","","","","","","","","","","","","","","","","","","",""
"06 · Photos","06-006","","","","","","","CRITICAL","","","","","","","","","","NOT STARTED","","","","","","Ranthambore, Rajasthan","","","","","","","","","","","","","","","","","","","","","","","","","","","","","","","","","","","","","","","","","NatureScapes — Ranthambore","/work/journeys/naturescapes","A Swechha group on a Ranthambore journey","any","Landscape","2000px","Journey leads","NO — only stock","Owner has permitted use of Swechha photographs (ruling W-14, 21 Aug 2026); check separately for identifiable minors","","","","","","","","","","","","","","","","","","","","","",""
"06 · Photos","06-007","","","","","","","CRITICAL","","","","","","","","","","NOT STARTED","","","","","","Uttarakhand / Himachal","","","","","","","","","","","","","","","","","","","","","","","","","","","","","","","","","","","","","","","","","NatureScapes — Mukteshwar / Sirmaur","/work/journeys/naturescapes","A Swechha group in the Himalayan destinations","any","Landscape","2000px","Journey leads","NO — only stock","Owner has permitted use of Swechha photographs (ruling W-14, 21 Aug 2026); check separately for identifiable minors","","","","","","","","","","","","","","","","","","","","","",""
"06 · Photos","06-008","","","","","","","HIGH","","","","","","","","","","NOT STARTED","","","","","","Uttarakhand","","","","","","","","","","","","","","","","","","","","","","","","","","","","","","","","","","","","","","","","","NatureScapes — Jim Corbett","/work/journeys/naturescapes","A Swechha group at Corbett","any","Landscape","2000px","Journey leads","NO — only stock","Owner has permitted use of Swechha photographs (ruling W-14, 21 Aug 2026); check separately for identifiable minors","","","","","","","","","","","","","","","","","","","","","",""
"06 · Photos","06-009","","","","","","","HIGH","","","","","","","","","","NOT STARTED","","","","","","West Bengal","","","","","","","","","","","","","","","","","","","","","","","","","","","","","","","","","","","","","","","","","NatureScapes — Sunderbans","/work/journeys/naturescapes","A Swechha group in the mangroves","any","Landscape","2000px","Journey leads","NO — only stock","Owner has permitted use of Swechha photographs (ruling W-14, 21 Aug 2026); check separately for identifiable minors","","","","","","","","","","","","","","","","","","","","","",""
"06 · Photos","06-010","","","","","","","HIGH","","","","","","","","","","NOT STARTED","","","","","","Rajasthan","","","","","","","","","","","","","","","","","","","","","","","","","","","","","","","","","","","","","","","","","NatureScapes — Jaisalmer","/work/journeys/naturescapes","A Swechha group in the desert","any","Landscape","2000px","Journey leads","NO — only stock","Owner has permitted use of Swechha photographs (ruling W-14, 21 Aug 2026); check separately for identifiable minors","","","","","","","","","","","","","","","","","","","","","",""
"06 · Photos","06-011","","","","","","","CRITICAL","","","","","","","","","","NOT STARTED","","","","","","Vasant Kunj, New Delhi","","","","","","","","","","","","","","","","","","","","","","","","","","","","","","","","","","","","","","","","","Eco Action — Vasant Kunj park BEFORE","/work/projects/eco-action","The park at ~5% green cover, before restoration","~2010-2015","Landscape","Any usable resolution — an old phone photo is fine","Project files / founder archive","NO","Owner has permitted use of Swechha photographs (ruling W-14, 21 Aug 2026); check separately for identifiable minors","","","","","","","","","","","","","","","","","","","","","",""
"06 · Photos","06-012","","","","","","","CRITICAL","","","","","","","","","","NOT STARTED","","","","","","Vasant Kunj, New Delhi","","","","","","","","","","","","","","","","","","","","","","","","","","","","","","","","","","","","","","","","","Eco Action — Vasant Kunj park AFTER","/work/projects/eco-action","The same viewpoint at ~90% green cover","current","Landscape","2400px","Can be shot fresh — the park still exists","NO","Owner has permitted use of Swechha photographs (ruling W-14, 21 Aug 2026); check separately for identifiable minors","","","","","","","","","","","","","","","","","","","","","",""
"06 · Photos","06-013","","","","","","","CRITICAL","","","","","","","","","","NOT STARTED","","","","","","Delhi NCR","","","","","","","","","","","","","","","","","","","","","","","","","","","","","","","","","","","","","","","","","Eco Action — a butterfly park","/work/projects/eco-action","One of the 70+ butterfly parks","current","Landscape","2400px","Can be shot fresh","NO","Owner has permitted use of Swechha photographs (ruling W-14, 21 Aug 2026); check separately for identifiable minors","","","","","","","","","","","","","","","","","","","","","",""
"06 · Photos","06-014","","","","","","","CRITICAL","","","","","","","","","","NOT STARTED","","","","","","Delhi NCR","","","","","","","","","","","","","","","","","","","","","","","","","","","","","","","","","","","","","","","","","Eco Action — a herb garden","/work/projects/eco-action","One of the 20+ herb gardens","current","Landscape","2400px","Can be shot fresh","NO","Owner has permitted use of Swechha photographs (ruling W-14, 21 Aug 2026); check separately for identifiable minors","","","","","","","","","","","","","","","","","","","","","",""
"06 · Photos","06-015","","","","","","","CRITICAL","","","","","","","","","","NOT STARTED","","","","","","Kudsia Ghat, Yamuna, Delhi","","","","","","","","","","","","","","","","","","","","","","","","","","","","","","","","","","","","","","","","","ME to WE — the riverbank school","/work/projects/me-to-we","The 2007 open-air school at Kudsia Ghat","~2007-2010","Landscape","Any","Founder archive","NO","CONSENT — minors, historic","","","","","","","","","","","","","","","","","","","","","",""
"06 · Photos","06-016","","","","","","","CRITICAL","","","","","","","","","","NOT STARTED","","","","","","Jagdamba Camp, Delhi","","","","","","","","","","","","","","","","","","","","","","","","","","","","","","","","","","","","","","","","","ME to WE — the Jagdamba group","/work/projects/me-to-we","The programme in the settlement","any","Landscape","2000px","Programme team","NO","CONSENT REQUIRED — minors","","","","","","","","","","","","","","","","","","","","","",""
"06 · Photos","06-017","","","","","","","CRITICAL","","","","","","","","","","NOT STARTED","","","","","","Delhi","","","","","","","","","","","","","","","","","","","","","","","","","","","","","","","","","","","","","","","","","ME to WE — alumni now on staff","/work/projects/me-to-we","Portraits of the two alumni who became core team members","current","Portrait","2000px","Shoot fresh","NO","WRITTEN CONSENT REQUIRED — named individuals","","","","","","","","","","","","","","","","","","","","","",""
"06 · Photos","06-018","","","","","","","CRITICAL","","","","","","","","","","NOT STARTED","","","","","","Yamuna, Delhi","","","","","","","","","","","","","","","","","","","","","","","","","","","","","","","","","","","","","","","","","Yamunotsav — the festival","/work/events","Any frames from the nine June editions","2006-2014","Landscape","Any","THE DRIVE FOLDER — currently will not open","NO — access blocked","Unlock the folder first","","","","","","","","","","","","","","","","","","","","","",""
"06 · Photos","06-019","","","","","","","CRITICAL","","","","","","","","","","NOT STARTED","","","","","","Yamuna, Delhi","","","","","","","","","","","","","","","","","","","","","","","","","","","","","","","","","","","","","","","","","Yamuna Shramdaan","/work/events","A clean-up in progress on the bank","any","Landscape","2000px","Archive folder","NO — folder not located","Owner has permitted use of Swechha photographs (ruling W-14, 21 Aug 2026); check separately for identifiable minors","","","","","","","","","","","","","","","","","","","","","",""
"06 · Photos","06-020","","","","","","","MEDIUM","","","","","","","","","","NOT STARTED","","","","","","Delhi","","","","","","","","","","","","","","","","","","","","","","","","","","","","","","","","","","","","","","","","","Cyclothon","/work/events","The ride","any","Landscape","2000px","Archive folder","NO","Owner has permitted use of Swechha photographs (ruling W-14, 21 Aug 2026); check separately for identifiable minors","","","","","","","","","","","","","","","","","","","","","",""
"06 · Photos","06-021","","","","","","","MEDIUM","","","","","","","","","","NOT STARTED","","","","","","Delhi","","","","","","","","","","","","","","","","","","","","","","","","","","","","","","","","","","","","","","","","","Greenathon","/work/events","The event","any","Landscape","2000px","Archive folder","NO","Owner has permitted use of Swechha photographs (ruling W-14, 21 Aug 2026); check separately for identifiable minors","","","","","","","","","","","","","","","","","","","","","",""
"06 · Photos","06-022","","","","","","","CRITICAL","","","","","","","","","","NOT STARTED","","","","","","various","","","","","","","","","","","","","","","","","","","","","","","","","","","","","","","","","","","","","","","","","Homepage archive strip — 2000 to 2017","/ (record band)","ONE datable image per year: photograph, poster, clipping, letter or report cover. 18 consecutive years currently show placeholder frames.","2000-2017","Landscape preferred","Scan at 300dpi or photograph at 2400px","Office archive, Khirki Extension — 'boxes nobody has opened yet'","NO","Own material; check for minors","","","","","","","","","","","","","","","","","","","","","",""
"06 · Photos","06-023","","","","","","","HIGH","","","","","","","","","","NOT STARTED","","","","","","various","","","","","","","","","","","","","","","","","","","","","","","","","","","","","","","","","","","","","","","","","Homepage archive strip — 2021 and 2024","/ (record band)","Two further placeholder years","2021, 2024","Landscape","2400px","Recent programme files","NO","Owner has permitted use of Swechha photographs (ruling W-14, 21 Aug 2026); check separately for identifiable minors","","","","","","","","","","","","","","","","","","","","","",""
"06 · Photos","06-024","","","","","","","HIGH","","","","","","","","","","NOT STARTED","","","","","","Delhi","","","","","","","","","","","","","","","","","","","","","","","","","","","","","","","","","","","","","","","","","CityScapes — heritage walk","/work/journeys/cityscapes","One of the two walks with no frame at all","any","Landscape","2000px","Walk leads","NO","Owner has permitted use of Swechha photographs (ruling W-14, 21 Aug 2026); check separately for identifiable minors","","","","","","","","","","","","","","","","","","","","","",""
"06 · Photos","06-025","","","","","","","HIGH","","","","","","","","","","NOT STARTED","","","","","","Delhi","","","","","","","","","","","","","","","","","","","","","","","","","","","","","","","","","","","","","","","","","CityScapes — restoration park walk","/work/journeys/cityscapes","The second walk with no frame","any","Landscape","2000px","Walk leads","NO","Owner has permitted use of Swechha photographs (ruling W-14, 21 Aug 2026); check separately for identifiable minors","","","","","","","","","","","","","","","","","","","","","",""
"06 · Photos","06-026","","","","","","","HIGH","","","","","","","","","","NOT STARTED","","","","","","n/a","","","","","","","","","","","","","","","","","","","","","","","","","","","","","","","","","","","","","","","","","CityScapes — walk labels for existing frames","/work/journeys/cityscapes","Not a photograph: a walk name against each surviving CityScapes frame, so the six walks can carry a picture each","n/a","n/a","n/a","Walk leads","Frames exist, unlabelled","n/a","","","","","","","","","","","","","","","","","","","","","",""
"06 · Photos","06-027","","","","","","","HIGH","","","","","","","","","","NOT STARTED","","","","","","Mewat, Haryana","","","","","","","","","","","","","","","","","","","","","","","","","","","","","","","","","","","","","","","","","Farm — the barren ground before","/farm","The land before planting, to sit against the food forest now","~2016","Landscape","Any","Founder / farm archive","NO","Owner has permitted use of Swechha photographs (ruling W-14, 21 Aug 2026); check separately for identifiable minors","","","","","","","","","","","","","","","","","","","","","",""
"06 · Photos","06-028","","","","","","","HIGH","","","","","","","","","","NOT STARTED","","","","","","Swechha Farm","","","","","","","","","","","","","","","","","","","","","","","","","","","","","","","","","","","","","","","","","Farm — each named system","/farm","One frame each: native nursery, dairy, apiary, vermicompost, hydroponics, mud houses, butterfly garden, poultry","current","Landscape","2400px","Can be shot fresh — Naveen is on site","Partially","Owner has permitted use of Swechha photographs (ruling W-14, 21 Aug 2026); check separately for identifiable minors","","","","","","","","","","","","","","","","","","","","","",""
"06 · Photos","06-029","","","","","","","HIGH","","","","","","","","","","NOT STARTED","","","","","","Mewat, Haryana","","","","","","","","","","","","","","","","","","","","","","","","","","","","","","","","","","","","","","","","","Farm — people of Mewat","/farm ('Built by Mewat')","Portraits of two or three local people who built or work the farm","current","Portrait","2400px","Shoot fresh","NO","WRITTEN CONSENT REQUIRED — named individuals","","","","","","","","","","","","","","","","","","","","","",""
"06 · Photos","06-030","","","","","","","MEDIUM","","","","","","","","","","NOT STARTED","","","","","","various","","","","","","","","","","","","","","","","","","","","","","","","","","","","","","","","","","","","","","","","","Governing body portraits","/about","Eight board portraits. Existing sources are 338x232 and too small to use.","current","Portrait or square","1200px minimum","Members directly","NO — old WP files too small","EACH MEMBER'S CONSENT","","","","","","","","","","","","","","","","","","","","","",""
"06 · Photos","06-031","","","","","","","CRITICAL","","","","","","","","","","NOT STARTED","","","","","","across India","","","","","","","","","","","","","","","","","","","","","","","","","","","","","","","","","","","","","","","","","Fellows — portraits","/work/projects/influence","Portraits of 5-10 featured fellows with their projects","2010-2026","Portrait","1200px","The fellows themselves","NO","WRITTEN CONSENT REQUIRED","","","","","","","","","","","","","","","","","","","","","",""
"06 · Photos","06-032","","","","","","","HIGH","","","","","","","","","","NOT STARTED","","","","","","n/a","","","","","","","","","","","","","","","","","","","","","","","","","","","","","","","","","","","","","","","","","Press clippings","/about (media archive)","Scans of the 2004 India Today and Outlook features and any other significant press","2004-2026","Portrait / page scan","300dpi","Office clippings file","NO","Copyright: show a thumbnail + headline + outlet; do not reproduce article text","","","","","","","","","","","","","","","","","","","","","",""
"06 · Photos","06-033","","","","","","","MEDIUM","","","","","","","","","","NOT STARTED","","","","","","n/a","","","","","","","","","","","","","","","","","","","","","","","","","","","","","","","","","","","","","","","","","Broadcast stills","/about (media archive)","Stills or screenshots from the CNN Be the Change films and the NDTV/BBC/CBC broadcasts","2007-2008","Landscape","Any","Founder archive / broadcaster","NO","THIRD-PARTY COPYRIGHT — check before publishing","","","","","","","","","","","","","","","","","","","","","",""
"06 · Photos","06-034","","","","","","","MEDIUM","","","","","","","","","","NOT STARTED","","","","","","Delhi","","","","","","","","","","","","","","","","","","","","","","","","","","","","","","","","","","","","","","","","","Campaign posters and placards","/work/campaigns","Posters, banners and hand-lettered placards from each of the eight campaigns","various","Portrait","300dpi scan","Office archive; designers","Partially — 11 Sandip Paul posters are on /stories","Credit the designer by name","","","","","","","","","","","","","","","","","","","","","",""
"06 · Photos","06-035","","","","","","","MEDIUM","","","","","","","","","","AVAILABLE","","","","","","n/a","","","","","","","","","","","","","","","","","","","","","","","","","","","","","","","","","","","","","","","","","GIZ marine-litter infographics","/work/projects (Circular Economy)","The 10 single-use-plastic-alternative infographics. 8 GIZ marine images already sit UNUSED in public/images/giz-marine/.","TBC","Varies","n/a","GIZ / project files","PARTIALLY — 8 in the repo, unused","GIZ CLEARANCE REQUIRED","","","","","","","","","","","","","","","","","","","","","",""
"06 · Photos","06-036","","","","","","","HIGH","","","","","","","","","","NOT STARTED","","","","","","Delhi","","","","","","","","","","","","","","","","","","","","","","","","","","","","","","","","","","","","","","","","","Bridge the Gap — a school, over time","/work/projects/bridge-the-gap","One partner school photographed across several years of the curriculum","various","Landscape","2000px","Programme team","Some, unlabelled","SCHOOL PERMISSION","","","","","","","","","","","","","","","","","","","","","",""
"06 · Photos","06-037","","","","","","","MEDIUM","","","","","","","","","","NOT STARTED","","","","","","Delhi NCR","","","","","","","","","","","","","","","","","","","","","","","","","","","","","","","","","","","","","","","","","Teacher training in progress","/work/projects (Teacher Training)","Educators being trained, not children","any","Landscape","2000px","Programme team","NO","Owner has permitted use of Swechha photographs (ruling W-14, 21 Aug 2026); check separately for identifiable minors","","","","","","","","","","","","","","","","","","","","","",""
"06 · Photos","06-038","","","","","","","HIGH","","","","","","","","","","NOT STARTED","","","","","","Delhi","","","","","","","","","","","","","","","","","","","","","","","","","","","","","","","","","","","","","","","","","The Remakery","/work/projects (Remakery)","The space, the making, and a 'One Night Stand' event","current","Landscape","2400px","Nikhil (runs the space)","NO","Owner has permitted use of Swechha photographs (ruling W-14, 21 Aug 2026); check separately for identifiable minors","","","","","","","","","","","","","","","","","","","","","",""
"06 · Photos","06-039","","","","","","","CRITICAL","","","","","","","","","","NOT STARTED","","","","","","Yamuna, Delhi; Yamunotri to Agra","","","","","","","","","","","","","","","","","","","","","","","","","","","","","","","","","","","","","","","","","Founding era","/about","Any photograph from 2000-2004: the first clean-ups, the first Yatra","2000-2004","Landscape","Any","Founder archive","NO","Owner has permitted use of Swechha photographs (ruling W-14, 21 Aug 2026); check separately for identifiable minors","","","","","","","","","","","","","","","","","","","","","",""
"06 · Photos","06-040","","","","","","","HIGH","","","","","","","","","","NOT STARTED","","","","","","n/a","","","","","","","","","","","","","","","","","","","","","","","","","","","","","","","","","","","","","","","","","Yamuna Yatra route map","/work/journeys/yamuna-yatra","Not a photograph: the confirmed ten stops between Yamunotri and Agra, so the page can draw the route it is named after","n/a","n/a","n/a","Vimlendu / Naveen","NO","n/a","","","","","","","","","","","","","","","","","","","","","",""
"07 · Publications & media","07-001","","","","","","","","","","","","","","","","","READY FOR WEBSITE","","","","","","","","","","","","","","","","","","","","","","","","","","","","","","","","","","","","","","","","","","","","","","","","","","","","","","","","","","","","Khirki Extension, Delhi","Book","2015","Swechha","swechha.in","A record of one Delhi neighbourhood — its water, its waste, its building, and the people who explained all three to us. ","/docs/khirki-extension-delhi-2015.pdf","/publications","Own material","Already published","","","","","","","",""
"07 · Publications & media","07-002","","","","","","","","","","","","","","","","","READY FOR WEBSITE","","","","","","","","","","","","","","","","","","","","","","","","","","","","","","","","","","","","","","","","","","","","","","","","","","","","","","","","","","","","The Sustainable Shopping Basket","Guide","2010","Swechha","swechha.in","A lifestyle and shopping guide, made with GIZ. Written to answer the question that follows every talk about consumption ","/docs/giz-sustainable-shopping-basket-2010.pdf","/publications","Own material","Already published","","","","","","","",""
"07 · Publications & media","07-003","","","","","","","","","","","","","","","","","READY FOR WEBSITE","","","","","","","","","","","","","","","","","","","","","","","","","","","","","","","","","","","","","","","","","","","","","","","","","","","","","","","","","","","","Future Lifestyles: the New Delhi scenario","Research","2021","Published by IGES. Swechha was the New Delhi partner.","swechha.in","A low-carbon-lifestyles scenario for New Delhi in 2030, one city in a multi-city series.","/docs/research/iges-future-lifestyles-new-delhi-scenario.pdf","/publications","Published by IGES. Swechha was the New Delhi partner.","Already published","","","","","","","",""
"07 · Publications & media","07-004","","","","","","","","","","","","","","","","","AVAILABLE — IN REPO, LINKED FROM NOWHERE","","","","","","","","","","","","","","","","","","","","","","","","","","","","","","","","","","","","","","","","","","","","","","","","","","","","","","","","","","","","Activity Report 2011-2013","Annual/activity report","2011-2013","Swechha","swechha.in","Institutional transparency","/docs/reports/swechha-activity-report-2011-2013.pdf","/about (transparency shelf — DOES NOT EXIST YET)","Own material; already public","Surface on /about. 33pp, text layer","","","","","","","",""
"07 · Publications & media","07-005","","","","","","","","","","","","","","","","","AVAILABLE — IN REPO, LINKED FROM NOWHERE","","","","","","","","","","","","","","","","","","","","","","","","","","","","","","","","","","","","","","","","","","","","","","","","","","","","","","","","","","","","Activity Report 2013-14","Annual/activity report","2013-14","Swechha","swechha.in","Institutional transparency","/docs/reports/swechha-activity-report-2013-14.pdf","/about (transparency shelf — DOES NOT EXIST YET)","Own material; already public","Surface on /about. 27pp, text layer","","","","","","","",""
"07 · Publications & media","07-006","","","","","","","","","","","","","","","","","AVAILABLE — IN REPO, LINKED FROM NOWHERE","","","","","","","","","","","","","","","","","","","","","","","","","","","","","","","","","","","","","","","","","","","","","","","","","","","","","","","","","","","","Activity Report 2014-15","Annual/activity report","2014-15","Swechha","swechha.in","Institutional transparency","/docs/reports/swechha-activity-report-2014-15.pdf","/about (transparency shelf — DOES NOT EXIST YET)","Own material; already public","Surface on /about. 27pp, text layer","","","","","","","",""
"07 · Publications & media","07-007","","","","","","","","","","","","","","","","","AVAILABLE — IN REPO, LINKED FROM NOWHERE","","","","","","","","","","","","","","","","","","","","","","","","","","","","","","","","","","","","","","","","","","","","","","","","","","","","","","","","","","","","Annual Report 2016-17","Annual/activity report","2016-17","Swechha","swechha.in","Institutional transparency","/docs/reports/swechha-annual-report-2016-17.pdf","/about (transparency shelf — DOES NOT EXIST YET)","Own material; already public","Surface on /about. 21pp, text layer","","","","","","","",""
"07 · Publications & media","07-008","","","","","","","","","","","","","","","","","AVAILABLE — IN REPO, LINKED FROM NOWHERE","","","","","","","","","","","","","","","","","","","","","","","","","","","","","","","","","","","","","","","","","","","","","","","","","","","","","","","","","","","","Annual Report 2018-19","Annual/activity report","2018-19","Swechha","swechha.in","Institutional transparency","/docs/reports/swechha-annual-report-2018-19.docx","/about (transparency shelf — DOES NOT EXIST YET)","Own material; already public","Surface on /about. DOCX ONLY — confirm it is final and produce a PDF","","","","","","","",""
"07 · Publications & media","07-009","","","","","","","","","","","","","","","","","AVAILABLE — IN REPO, LINKED FROM NOWHERE","","","","","","","","","","","","","","","","","","","","","","","","","","","","","","","","","","","","","","","","","","","","","","","","","","","","","","","","","","","","Annual Report 2020-21","Annual/activity report","2020-21","Swechha","swechha.in","Institutional transparency","/docs/reports/swechha-annual-report-2020-21.pdf","/about (transparency shelf — DOES NOT EXIST YET)","Own material; already public","Surface on /about. ","","","","","","","",""
"07 · Publications & media","07-010","","","","","","","","","","","","","","","","","AVAILABLE — IN REPO, LINKED FROM NOWHERE","","","","","","","","","","","","","","","","","","","","","","","","","","","","","","","","","","","","","","","","","","","","","","","","","","","","","","","","","","","","Annual Report 2022-23","Annual/activity report","2022-23","Swechha","swechha.in","Institutional transparency","/docs/reports/swechha-annual-report-2022-23.pdf","/about (transparency shelf — DOES NOT EXIST YET)","Own material; already public","Surface on /about. ","","","","","","","",""
"07 · Publications & media","07-011","","","","","","","","","","","","","","","","","AVAILABLE — IN REPO, LINKED FROM NOWHERE","","","","","","","","","","","","","","","","","","","","","","","","","","","","","","","","","","","","","","","","","","","","","","","","","","","","","","","","","","","","Annual Report 2023-24","Annual/activity report","2023-24","Swechha","swechha.in","Institutional transparency","/docs/reports/swechha-annual-report-2023-24.pdf","/about (transparency shelf — DOES NOT EXIST YET)","Own material; already public","Surface on /about. ","","","","","","","",""
"07 · Publications & media","07-012","","","","","","","","","","","","","","","","","AVAILABLE — IN REPO, LINKED FROM NOWHERE","","","","","","","","","","","","","","","","","","","","","","","","","","","","","","","","","","","","","","","","","","","","","","","","","","","","","","","","","","","","Annual Report 2024-25","Annual/activity report","2024-25","Swechha","swechha.in","Institutional transparency","/docs/reports/swechha-annual-report-2024-25.pdf","/about (transparency shelf — DOES NOT EXIST YET)","Own material; already public","Surface on /about. ","","","","","","","",""
"07 · Publications & media","07-013","","","","","","","","","","","","","","","","","AVAILABLE — IN REPO, LINKED FROM NOWHERE","","","","","","","","","","","","","","","","","","","","","","","","","","","","","","","","","","","","","","","","","","","","","","","","","","","","","","","","","","","","80G Tax Exemption Certificate","Statutory certificate","TO COLLECT","Income Tax Department","swechha.in","Tax exemption","/docs/compliance/80g-certificate.pdf","/about (transparency shelf)","Own material","Surface on /about WITH the registration details transcribed — it is an image-only scan and unreadable to a screen reader","","","","","","","",""
"07 · Publications & media","07-014","","","","","","","","","","","","","","","","","NEEDS VERIFICATION","","","","","","","","","","","","","","","","","","","","","","","","","","","","","","","","","","","","","","","","","","","","","","","","","","","","","","","","","","","","INFLUENCE Annual Report 2012-2013","Project report","2012-13","Swechha","old WordPress","The Influence programme","docs/legacy/documents/INFLUENCE-ANNUAL-REPORT-2012-2013.pdf","/work/projects/influence","Own material","24pp IMAGE-ONLY SCAN — needs OCR or a written summary before publishing","","","","","","","",""
"07 · Publications & media","07-015","","","","","","","","","","","","","","","","","AVAILABLE","","","","","","","","","","","","","","","","","","","","","","","","","","","","","","","","","","","","","","","","","","","","","","","","","","","","","","","","","","","","Me to We Final Report 2014","Project report","2014","Swechha","old WordPress","The ME to WE programme","docs/legacy/documents/Me-to-We-_Final-Report-2014.pdf","/work/projects/me-to-we","Own material","9pp, text layer. Publish beside the programme page.","","","","","","","",""
"07 · Publications & media","07-016","","","","","","","","","","","","","","","","","AVAILABLE","","","","","","","","","","","","","","","","","","","","","","","","","","","","","","","","","","","","","","","","","","","","","","","","","","","","","","","","","","","","NSN-BTG Final Report","Project report","TO COLLECT","Swechha / Nokia Siemens Networks","old WordPress","Bridge the Gap, funded by Nokia Siemens Networks","docs/legacy/documents/NSN-BTG_-final-report.pdf","/work/projects/bridge-the-gap","CHECK — carries a funder's name","17pp, text layer. May contain the school roll that closes master-sheet row D-01.","","","","","","","",""
"07 · Publications & media","07-017","","","","","","","","","","","","","","","","","AVAILABLE — DRIVE","","","","","","","","","","","","","","","","","","","","","","","","","","","","","","","","","","","","","","","","","","","","","","","","","","","","","","","","","","","","NatureScapes Manual — Sirmaur","Field manual","2025 (uploaded)","Swechha","Google Drive","Field methodology","Drive ID 1cJD5hCL7MZk7kwf104q992i8Q_sf55Rw","/work/journeys/naturescapes","Own material; confirm final version","Add to /publications AND link from the page it belongs to. Currently absent.","","","","","","","",""
"07 · Publications & media","07-018","","","","","","","","","","","","","","","","","AVAILABLE — DRIVE","","","","","","","","","","","","","","","","","","","","","","","","","","","","","","","","","","","","","","","","","","","","","","","","","","","","","","","","","","","","NatureScapes Manual — Sariska Tiger Reserve","Field manual","2025 (uploaded)","Swechha","Google Drive","Field methodology","Drive ID 1zJSbwYdNQs5P--xlnj86L1oVI8aCnJs0","/work/journeys/naturescapes","Own material; confirm final version","Add to /publications AND link from the page it belongs to. Currently absent.","","","","","","","",""
"07 · Publications & media","07-019","","","","","","","","","","","","","","","","","AVAILABLE — DRIVE","","","","","","","","","","","","","","","","","","","","","","","","","","","","","","","","","","","","","","","","","","","","","","","","","","","","","","","","","","","","Yamuna Manual","Field manual","2025 (uploaded)","Swechha","Google Drive","Field methodology","Drive ID 1k56jWyb-qA7Sv9Ge4HbpqyZALRFVBQTu","/work/journeys/yamuna-yatra + /now/yamuna","Own material; confirm final version","Add to /publications AND link from the page it belongs to. Currently absent.","","","","","","","",""
"07 · Publications & media","07-020","","","","","","","","","","","","","","","","","AVAILABLE — DRIVE","","","","","","","","","","","","","","","","","","","","","","","","","","","","","","","","","","","","","","","","","","","","","","","","","","","","","","","","","","","","CineGreen Manual","Field manual","2025 (uploaded)","Swechha","Google Drive","Field methodology","Drive ID 1cqmTmsGKuYpAiWr7AtV4oeDTP920AcjG","/work/projects/bridge-the-gap (CineGreen)","Own material; confirm final version","Add to /publications AND link from the page it belongs to. Currently absent.","","","","","","","",""
"07 · Publications & media","07-021","","","","","","","","","","","","","","","","","AVAILABLE — DRIVE","","","","","","","","","","","","","","","","","","","","","","","","","","","","","","","","","","","","","","","","","","","","","","","","","","","","","","","","","","","","New Delhi Brochure","Brochure","2025 (uploaded)","Swechha","Google Drive","Field methodology","Drive ID 1eSI4cOX4f32SeEJo3epndcSPbtbinNfx","/publications or /about","Own material; confirm final version","Add to /publications AND link from the page it belongs to. Currently absent.","","","","","","","",""
"07 · Publications & media","07-022","","","","","","","","","","","","","","","","","READY FOR WEBSITE","","","","","","","","","","","","","","","","","","","","","","","","","","","","","","","","","","","","","","","","","","","","","","","","","","","","","","","","","","","","Cyclone Biparjoy","Essay","2023-08-14","Antarixa Bhardwaj","swechha.in (originally the Swechha blog)","Climate / environment commentary","/stories/cyclone-biparjoy","/stories","Own material — bylined","Already published","","","","","","","",""
"07 · Publications & media","07-023","","","","","","","","","","","","","","","","","READY FOR WEBSITE","","","","","","","","","","","","","","","","","","","","","","","","","","","","","","","","","","","","","","","","","","","","","","","","","","","","","","","","","","","","Rise above the waters","Essay","2023-08-07","Antarixa Bhardwaj","swechha.in (originally the Swechha blog)","Climate / environment commentary","/stories/rise-above-the-waters","/stories","Own material — bylined","Already published","","","","","","","",""
"07 · Publications & media","07-024","","","","","","","","","","","","","","","","","READY FOR WEBSITE","","","","","","","","","","","","","","","","","","","","","","","","","","","","","","","","","","","","","","","","","","","","","","","","","","","","","","","","","","","","High time young people accelerate climate action","Essay","2022-09-07","Tanya Mittal","swechha.in (originally the Swechha blog)","Climate / environment commentary","/stories/young-people-accelerate-climate-action","/stories","Own material — bylined","Already published","","","","","","","",""
"07 · Publications & media","07-025","","","","","","","","","","","","","","","","","READY FOR WEBSITE","","","","","","","","","","","","","","","","","","","","","","","","","","","","","","","","","","","","","","","","","","","","","","","","","","","","","","","","","","","","Climate crisis in the UK and Europe","Essay","2022-08-15","Richa Mirdha","swechha.in (originally the Swechha blog)","Climate / environment commentary","/stories/climate-crisis-uk-and-europe","/stories","Own material — bylined","Already published","","","","","","","",""
"07 · Publications & media","07-026","","","","","","","","","","","","","","","","","READY FOR WEBSITE","","","","","","","","","","","","","","","","","","","","","","","","","","","","","","","","","","","","","","","","","","","","","","","","","","","","","","","","","","","","Increasing climate migration due to Assam floods","Essay","2022-08-14","Tanya Mittal","swechha.in (originally the Swechha blog)","Climate / environment commentary","/stories/increasing-climate-migration-assam-floods","/stories","Own material — bylined","Already published","","","","","","","",""
"07 · Publications & media","07-027","","","","","","","","","","","","","","","","","NOT STARTED","","","","","","","","","","","","","","","","","","","","","","","","","","","","","","","","","","","","","","","","","","","","","","","","","","","","","","","","","","","","Learning to grow with Swechha","Essay","2018-07-24","TO COLLECT","old Swechha blog","Reflection","old blog — recoverable","/stories","Own material","The SIXTH recovered essay, NOT republished. Publish or formally drop it.","","","","","","","",""
"07 · Publications & media","07-028","","","","","","","","","","","","","","","","","NOT STARTED","","","","","","","","","","","","","","","","","","","","","","","","","","","","","","","","","","","","","","","","","","","","","","","","","","","","","","","","","","","","Be the Change","Television series","2007-2008","CNN International","CNN International","Followed Swechha's founder for a year as one of six worldwide changemakers; reported weekly","TO COLLECT","/about (media archive — DOES NOT EXIST)","THIRD-PARTY COPYRIGHT — link/cite, do not re-host","The single strongest media fact Swechha holds. Currently a clause inside one biography.","","","","","","","",""
"07 · Publications & media","07-029","","","","","","","","","","","","","","","","","NOT STARTED","","","","","","","","","","","","","","","","","","","","","","","","","","","","","","","","","","","","","","","","","","","","","","","","","","","","","","","","","","","","Top 25 youth leaders of India","Magazine feature","2004","TO COLLECT","India Today","Youth leadership","TO COLLECT","/about (media archive)","THIRD-PARTY COPYRIGHT — thumbnail + citation","Scan needed from the office clippings file","","","","","","","",""
"07 · Publications & media","07-030","","","","","","","","","","","","","","","","","NOT STARTED","","","","","","","","","","","","","","","","","","","","","","","","","","","","","","","","","","","","","","","","","","","","","","","","","","","","","","","","","","","","Top 25 youth leaders of India","Magazine feature","2004","TO COLLECT","Outlook","Youth leadership","TO COLLECT","/about (media archive)","THIRD-PARTY COPYRIGHT — thumbnail + citation","Scan needed","","","","","","","",""
"07 · Publications & media","07-031","","","","","","","","","","","","","","","","","NOT STARTED","","","","","","","","","","","","","","","","","","","","","","","","","","","","","","","","","","","","","","","","","","","","","","","","","","","","","","","","","","","","Our Time is Now","Publication feature","2004","International Youth Foundation","International Youth Foundation","Profiled as one of the top 25 youth leaders of the world","TO COLLECT","/about (media archive)","THIRD-PARTY — link if the publication is online","NOT STARTED","","","","","","","",""
"07 · Publications & media","07-032","","","","","","","","","","","","","","","","","NOT STARTED","","","","","","","","","","","","","","","","","","","","","","","","","","","","","","","","","","","","","","","","","","","","","","","","","","","","","","","","","","","","UN General Assembly address on youth issues in the global south","Speech","2011","Vimlendu Jha","United Nations","Youth and the global south","TO COLLECT","/about (media archive)","Check for a UN recording or transcript","A dated, checkable institutional fact","","","","","","","",""
"07 · Publications & media","07-033","","","","","","","","","","","","","","","","","NOT STARTED","","","","","","","","","","","","","","","","","","","","","","","","","","","","","","","","","","","","","","","","","","","","","","","","","","","","","","","","","","","","Jijivisha / Wasted / Disposable — broadcast history","Broadcast record","TO COLLECT","Swechha","CNN International, NDTV, BBC, CBC","Waste and the Yamuna","TO COLLECT","/stories","THIRD-PARTY BROADCASTERS — cite dates and channels rather than re-hosting","Broadcast dates and channels are the collectible here, not the films — those are already embedded.","","","","","","","",""
"07 · Publications & media","07-034","","","","","","","","","","","","","","","","","SEARCHING","","","","","","","","","","","","","","","","","","","","","","","","","","","","","","","","","","","","","","","","","","","","","","","","","","","","","","","","","","","","Disposable (film)","Documentary","TO COLLECT","Vimlendu Jha","TO COLLECT","Solid waste management","NOT FOUND — zero hits across all 148 indexed channel videos","/stories","Own material","Locate the file or confirm it is lost. The site names it as a hole rather than dropping it.","","","","","","","",""
"07 · Publications & media","07-035","","","","","","","","","","","","","","","","","SEARCHING","","","","","","","","","","","","","","","","","","","","","","","","","","","","","","","","","","","","","","","","","","","","","","","","","","","","","","","","","","","","Tatva (film)","Documentary","TO COLLECT","Vimlendu Jha","TO COLLECT","Climate, water and energy","NOT ON THE SITE — named in one biography only","/stories","Own material","Locate and add, or drop the mention.","","","","","","","",""
"07 · Publications & media","07-036","","","","","","","","","","","","","","","","","SEARCHING","","","","","","","","","","","","","","","","","","","","","","","","","","","","","","","","","","","","","","","","","","","","","","","","","","","","","","","","","","","","Sakhi (film)","Documentary","2021","Swechha","TO COLLECT","TO COLLECT","NOT ON THE SITE — 'Sakhi' and 'Ford Foundation' appear on zero built pages","/stories","Check the Ford Foundation credit requirements","Locate the film and the funder credit.","","","","","","","",""
"07 · Publications & media","07-037","","","","","","","","","","","","","","","","","AVAILABLE","","","","","","","","","","","","","","","","","","","","","","","","","","","","","","","","","","","","","","","","","","","","","","","","","","","","","","","","","","","","Podcast and masterclass series","Podcast","TO COLLECT","Swechha / Green the Map","YouTube (indexed)","Environment and resilience","Indexed in data/media/youtube-index.json","/stories","Own channel","Episodes are indexed and largely unembedded — see master sheet K-06.","","","","","","","",""
"07 · Publications & media","07-038","","","","","","","","","","","","","","","","","NOT STARTED","","","","","","","","","","","","","","","","","","","","","","","","","","","","","","","","","","","","","","","","","","","","","","","","","","","","","","","","","","","","[Any RTI, consultation response, PIL or ministry submission]","Advocacy document","TO COLLECT","Swechha","TO COLLECT","Air / Yamuna / heat / forest","NONE ON SITE","/now/* ('What we do about it')","Check confidentiality","Nothing on the six situation pages shows Swechha acting on a measurement. This is the collection that would fix it.","","","","","","","",""
"08 · Photos we HAVE","08-001","","","","","","","","","","","","","","","","","","","","","","","","","","","","","","","","","","","","","","","","","","","","","","","","","","","","","","","","","","","","","","","","","","","","","","","","","","","","","","","","","","","","","","","/images/photos/bamboo-net-plot.jpg","A bamboo and netting frame over a cultivated plot","Swechha archive","farm","1182x886","signal: green","work/projects/farm-school.html","YES"
"08 · Photos we HAVE","08-002","","","","","","","","","","","","","","","","","","","","","","","","","","","","","","","","","","","","","","","","","","","","","","","","","","","","","","","","","","","","","","","","","","","","","","","","","","","","","","","","","","","","","","","/images/photos/bee-on-mustard-flower.jpg","A honeybee feeding on a mustard flower in full bloom","Swechha archive","biodiversity, farm","746x559","signal: mustard","farm.html, work/projects/eco-action.html","YES"
"08 · Photos we HAVE","08-003","","","","","","","","","","","","","","","","","","","","","","","","","","","","","","","","","","","","","","","","","","","","","","","","","","","","","","","","","","","","","","","","","","","","","","","","","","","","","","","","","","","","","","","/images/photos/bridge-the-gap-butterfly-gardening-assembly.jpg","Hundreds of schoolchildren seated on green mats in an assembly hall, many with a hand raised, facing a screen that reads Butterfly Gardening with the Shiv Nadar School, Noida","Swechha archive","(untagged)","2880x2160","signal: none","NOT USED ANYWHERE","YES"
"08 · Photos we HAVE","08-004","","","","","","","","","","","","","","","","","","","","","","","","","","","","","","","","","","","","","","","","","","","","","","","","","","","","","","","","","","","","","","","","","","","","","","","","","","","","","","","","","","","","","","","/images/photos/bridge-the-gap-cinegreen-screening.jpg","Two girls in a cinema-seated auditorium holding up a hand-lettered Hindi poster about air and water pollution","Swechha archive","(untagged)","746x497","signal: none","work/projects/bridge-the-gap.html","YES"
"08 · Photos we HAVE","08-005","","","","","","","","","","","","","","","","","","","","","","","","","","","","","","","","","","","","","","","","","","","","","","","","","","","","","","","","","","","","","","","","","","","","","","","","","","","","","","","","","","","","","","","/images/photos/bridge-the-gap-classroom-session.jpg","A girl standing to read from a worksheet in a school auditorium while classmates follow on their own papers, three facilitators at the back","Swechha archive","(untagged)","1148x644","signal: none","work/projects/bridge-the-gap.html","YES"
"08 · Photos we HAVE","08-006","","","","","","","","","","","","","","","","","","","","","","","","","","","","","","","","","","","","","","","","","","","","","","","","","","","","","","","","","","","","","","","","","","","","","","","","","","","","","","","","","","","","","","","/images/photos/bridge-the-gap-classroom-water-crisis.jpg","A speaker addressing seated schoolchildren in a hall, the screen behind reading India&rsquo;s water crisis with three figures on it","Swechha archive","(untagged)","1280x853","signal: none","impact.html","YES"
"08 · Photos we HAVE","08-007","","","","","","","","","","","","","","","","","","","","","","","","","","","","","","","","","","","","","","","","","","","","","","","","","","","","","","","","","","","","","","","","","","","","","","","","","","","","","","","","","","","","","","","/images/photos/bridge-the-gap-compost-soil-circle.jpg","Children in school uniform sitting cross-legged on a mat around two bowls of compost, several holding up a fistful of soil","Swechha archive","(untagged)","1024x768","signal: none","home.html, work/projects/bridge-the-gap.html","YES"
"08 · Photos we HAVE","08-008","","","","","","","","","","","","","","","","","","","","","","","","","","","","","","","","","","","","","","","","","","","","","","","","","","","","","","","","","","","","","","","","","","","","","","","","","","","","","","","","","","","","","","","/images/photos/bridge-the-gap-exposure-trip-ghat-briefing.jpg","Teenagers standing on stone ghat steps above an informal riverside settlement while a facilitator addresses them","Swechha archive","(untagged)","960x720","signal: none","home.html, work/projects/bridge-the-gap.html","YES"
"08 · Photos we HAVE","08-009","","","","","","","","","","","","","","","","","","","","","","","","","","","","","","","","","","","","","","","","","","","","","","","","","","","","","","","","","","","","","","","","","","","","","","","","","","","","","","","","","","","","","","","/images/photos/bridge-the-gap-exposure-trip-landfill.jpg","Children in beige school uniforms standing at the edge of a landfill mound, a rag-picker working the waste behind them","Swechha archive","(untagged)","1126x835","signal: none","work/projects/bridge-the-gap.html","YES"
"08 · Photos we HAVE","08-010","","","","","","","","","","","","","","","","","","","","","","","","","","","","","","","","","","","","","","","","","","","","","","","","","","","","","","","","","","","","","","","","","","","","","","","","","","","","","","","","","","","","","","","/images/photos/bridge-the-gap-no-dumping-banner.jpg","Three children holding up a hand-painted cloth banner reading No Dumping","Swechha archive","(untagged)","960x592","signal: none","home.html, work/projects/bridge-the-gap.html, work/projects/influence.html","YES"
"08 · Photos we HAVE","08-011","","","","","","","","","","","","","","","","","","","","","","","","","","","","","","","","","","","","","","","","","","","","","","","","","","","","","","","","","","","","","","","","","","","","","","","","","","","","","","","","","","","","","","","/images/photos/bridge-the-gap-outdoor-briefing.jpg","A facilitator in a purple scarf addressing a semicircle of girls in winter school uniforms against a boundary wall","Swechha archive","(untagged)","1148x644","signal: none","home.html","YES"
"08 · Photos we HAVE","08-012","","","","","","","","","","","","","","","","","","","","","","","","","","","","","","","","","","","","","","","","","","","","","","","","","","","","","","","","","","","","","","","","","","","","","","","","","","","","","","","","","","","","","","","/images/photos/bridge-the-gap-planting-red-uniforms.jpg","Two children in maroon school uniforms crouched in dug earth, settling a sapling into the ground","Swechha archive","(untagged)","960x720","signal: none","NOT USED ANYWHERE","YES"
"08 · Photos we HAVE","08-013","","","","","","","","","","","","","","","","","","","","","","","","","","","","","","","","","","","","","","","","","","","","","","","","","","","","","","","","","","","","","","","","","","","","","","","","","","","","","","","","","","","","","","","/images/photos/bridge-the-gap-sapling-bamboo-frame.jpg","A young sapling inside a painted circular guard in a dug plot, with other children working the ground behind it","Swechha archive","(untagged)","1280x960","signal: none","NOT USED ANYWHERE","YES"
"08 · Photos we HAVE","08-014","","","","","","","","","","","","","","","","","","","","","","","","","","","","","","","","","","","","","","","","","","","","","","","","","","","","","","","","","","","","","","","","","","","","","","","","","","","","","","","","","","","","","","","/images/photos/bridge-the-gap-sapling-cups-group.jpg","A group of children in maroon school uniforms, each holding up a sapling growing in a repurposed plastic cup","Swechha archive","(untagged)","1182x788","signal: none","work/projects/bridge-the-gap.html","YES"
"08 · Photos we HAVE","08-015","","","","","","","","","","","","","","","","","","","","","","","","","","","","","","","","","","","","","","","","","","","","","","","","","","","","","","","","","","","","","","","","","","","","","","","","","","","","","","","","","","","","","","","/images/photos/bridge-the-gap-sapling-planting-green-caps.jpg","Children in green caps and maroon uniforms crouched together planting saplings along a wall, water bottles beside them","Swechha archive","(untagged)","1280x960","signal: none","home.html","YES"
"08 · Photos we HAVE","08-016","","","","","","","","","","","","","","","","","","","","","","","","","","","","","","","","","","","","","","","","","","","","","","","","","","","","","","","","","","","","","","","","","","","","","","","","","","","","","","","","","","","","","","","/images/photos/bridge-the-gap-tree-planting-huddle.jpg","A tight circle of students in school jackets, all hands together packing soil around a newly planted tree","Swechha archive","(untagged)","1280x589","signal: none","impact.html, work/campaigns/monsoon-wooding.html, work/projects/bridge-the-gap.html","YES"
"08 · Photos we HAVE","08-017","","","","","","","","","","","","","","","","","","","","","","","","","","","","","","","","","","","","","","","","","","","","","","","","","","","","","","","","","","","","","","","","","","","","","","","","","","","","","","","","","","","","","","","/images/photos/bridge-the-gap-tyre-planter-garden.jpg","A lawn planted up with old tyres and bicycle wheels painted and repurposed as flower beds","Swechha archive","(untagged)","1182x886","signal: none","home.html, work/projects/eco-action.html","YES"
"08 · Photos we HAVE","08-018","","","","","","","","","","","","","","","","","","","","","","","","","","","","","","","","","","","","","","","","","","","","","","","","","","","","","","","","","","","","","","","","","","","","","","","","","","","","","","","","","","","","","","","/images/photos/bridge-the-gap-vermicompost-unit-visit.jpg","A large group standing for a photograph outside a building signed Green Bharat Vermicompost Unit","Swechha archive","(untagged)","746x420","signal: none","work/projects/influence.html","YES"
"08 · Photos we HAVE","08-019","","","","","","","","","","","","","","","","","","","","","","","","","","","","","","","","","","","","","","","","","","","","","","","","","","","","","","","","","","","","","","","","","","","","","","","","","","","","","","","","","","","","","","","/images/photos/children-beekeeping-veils.jpg","Children in beekeeping veils crouched together, grinning","Swechha archive","farm, schools","746x746","colour baked in — takes NO filter; signal: red","home.html, work/index.html, work/projects.html","YES"
"08 · Photos we HAVE","08-020","","","","","","","","","","","","","","","","","","","","","","","","","","","","","","","","","","","","","","","","","","","","","","","","","","","","","","","","","","","","","","","","","","","","","","","","","","","","","","","","","","","","","","","/images/photos/children-certificates-field.jpg","Schoolchildren holding seedling boxes at the edge of a mustard field","Swechha archive","youth, planting","746x746","signal: red","home.html, work/campaigns/monsoon-wooding.html","YES"
"08 · Photos we HAVE","08-021","","","","","","","","","","","","","","","","","","","","","","","","","","","","","","","","","","","","","","","","","","","","","","","","","","","","","","","","","","","","","","","","","","","","","","","","","","","","","","","","","","","","","","","/images/photos/children-hats-red-jackets.jpg","Children in sun hats and red jackets at a planting site","Swechha archive","youth, planting","2000x2000","signal: red","work/campaigns.html, work/campaigns/monsoon-wooding.html, work/projects/eco-action.html, work/projects/me-to-we.html","YES"
"08 · Photos we HAVE","08-022","","","","","","","","","","","","","","","","","","","","","","","","","","","","","","","","","","","","","","","","","","","","","","","","","","","","","","","","","","","","","","","","","","","","","","","","","","","","","","","","","","","","","","","/images/photos/children-seedling-boxes-field.jpg","Children carrying labelled seedling boxes across a field","Swechha archive","schools, farm","1280x1280","colour baked in — takes NO filter; signal: red","home.html, work/campaigns/monsoon-wooding.html, work/projects.html, work/projects/influence.html","YES"
"08 · Photos we HAVE","08-023","","","","","","","","","","","","","","","","","","","","","","","","","","","","","","","","","","","","","","","","","","","","","","","","","","","","","","","","","","","","","","","","","","","","","","","","","","","","","","","","","","","","","","","/images/photos/cityscapes-bird-watching-walk-binoculars-legacy.jpg","A line of children on a park path, several raising binoculars towards birds in the trees overhead","Swechha archive","(untagged)","420x746","signal: none","home.html, work/journeys/cityscapes.html","YES"
"08 · Photos we HAVE","08-024","","","","","","","","","","","","","","","","","","","","","","","","","","","","","","","","","","","","","","","","","","","","","","","","","","","","","","","","","","","","","","","","","","","","","","","","","","","","","","","","","","","","","","","/images/photos/cityscapes-bird-watching-walk.jpg","A kingfisher perched on a bare branch","NOT A PHOTOGRAPH — provenance unverified, shows generation/screenshot artefacts","(untagged)","663x780","signal: none","NOT USED ANYWHERE","NO — withdrawn as synthetic (22 Aug 2026)"
"08 · Photos we HAVE","08-025","","","","","","","","","","","","","","","","","","","","","","","","","","","","","","","","","","","","","","","","","","","","","","","","","","","","","","","","","","","","","","","","","","","","","","","","","","","","","","","","","","","","","","","/images/photos/cityscapes-birdwatching.jpg","A young woman raising binoculars to watch birds","NOT A PHOTOGRAPH — provenance unverified, shows generation/screenshot artefacts","(untagged)","660x777","signal: none","NOT USED ANYWHERE","NO — withdrawn as synthetic (22 Aug 2026)"
"08 · Photos we HAVE","08-026","","","","","","","","","","","","","","","","","","","","","","","","","","","","","","","","","","","","","","","","","","","","","","","","","","","","","","","","","","","","","","","","","","","","","","","","","","","","","","","","","","","","","","","/images/photos/cityscapes-butterfly.jpg","A butterfly feeding on a cluster of small flowers","NOT A PHOTOGRAPH — provenance unverified, shows generation/screenshot artefacts","(untagged)","660x777","signal: none","NOT USED ANYWHERE","NO — withdrawn as synthetic (22 Aug 2026)"
"08 · Photos we HAVE","08-027","","","","","","","","","","","","","","","","","","","","","","","","","","","","","","","","","","","","","","","","","","","","","","","","","","","","","","","","","","","","","","","","","","","","","","","","","","","","","","","","","","","","","","","/images/photos/cityscapes-community-restoration.jpg","A group kneeling to plant saplings in cleared ground","NOT A PHOTOGRAPH — provenance unverified, shows generation/screenshot artefacts","(untagged)","663x777","signal: none","NOT USED ANYWHERE","NO — withdrawn as synthetic (22 Aug 2026)"
"08 · Photos we HAVE","08-028","","","","","","","","","","","","","","","","","","","","","","","","","","","","","","","","","","","","","","","","","","","","","","","","","","","","","","","","","","","","","","","","","","","","","","","","","","","","","","","","","","","","","","","/images/photos/cityscapes-forest-walk-goat-trail-legacy.jpg","A line of students walking a dirt trail through open forest, a goat grazing beside the path","Swechha archive","(untagged)","560x746","signal: none","work/journeys/cityscapes.html","YES"
"08 · Photos we HAVE","08-029","","","","","","","","","","","","","","","","","","","","","","","","","","","","","","","","","","","","","","","","","","","","","","","","","","","","","","","","","","","","","","","","","","","","","","","","","","","","","","","","","","","","","","","/images/photos/cityscapes-forest-walk-treeline-legacy.jpg","A school group in blue uniforms walking in single file through tall green undergrowth","Swechha archive","(untagged)","713x535","signal: none","home.html","YES"
"08 · Photos we HAVE","08-030","","","","","","","","","","","","","","","","","","","","","","","","","","","","","","","","","","","","","","","","","","","","","","","","","","","","","","","","","","","","","","","","","","","","","","","","","","","","","","","","","","","","","","","/images/photos/cityscapes-forest-walk.jpg","A track running away between tall trees in an urban forest","NOT A PHOTOGRAPH — provenance unverified, shows generation/screenshot artefacts","(untagged)","660x780","signal: none","NOT USED ANYWHERE","NO — withdrawn as synthetic (22 Aug 2026)"
"08 · Photos we HAVE","08-031","","","","","","","","","","","","","","","","","","","","","","","","","","","","","","","","","","","","","","","","","","","","","","","","","","","","","","","","","","","","","","","","","","","","","","","","","","","","","","","","","","","","","","","/images/photos/cityscapes-group-learning.jpg","A group standing together under trees listening to a guide","NOT A PHOTOGRAPH — provenance unverified, shows generation/screenshot artefacts","(untagged)","684x777","signal: none","NOT USED ANYWHERE","NO — withdrawn as synthetic (22 Aug 2026)"
"08 · Photos we HAVE","08-032","","","","","","","","","","","","","","","","","","","","","","","","","","","","","","","","","","","","","","","","","","","","","","","","","","","","","","","","","","","","","","","","","","","","","","","","","","","","","","","","","","","","","","","/images/photos/cityscapes-heritage-walk.jpg","A domed colonial-era building behind overgrown planting","NOT A PHOTOGRAPH — provenance unverified, shows generation/screenshot artefacts","(untagged)","660x780","signal: none","NOT USED ANYWHERE","NO — withdrawn as synthetic (22 Aug 2026)"
"08 · Photos we HAVE","08-033","","","","","","","","","","","","","","","","","","","","","","","","","","","","","","","","","","","","","","","","","","","","","","","","","","","","","","","","","","","","","","","","","","","","","","","","","","","","","","","","","","","","","","","/images/photos/cityscapes-hero-riverside-walk.jpg","A group walking a riverside path below a city skyline and road bridge, a single yellow-leaved plant in the foreground","NOT A PHOTOGRAPH — provenance unverified, shows generation/screenshot artefacts","(untagged)","2000x816","signal: yellow","NOT USED ANYWHERE","NO — withdrawn as synthetic (22 Aug 2026)"
"08 · Photos we HAVE","08-034","","","","","","","","","","","","","","","","","","","","","","","","","","","","","","","","","","","","","","","","","","","","","","","","","","","","","","","","","","","","","","","","","","","","","","","","","","","","","","","","","","","","","","","/images/photos/cityscapes-landfill-mound-legacy.jpg","A group of masked students standing at the foot of a large dark landfill mound under a hazy sky","Swechha archive","(untagged)","715x570","signal: none","home.html, work/campaigns.html","YES"
"08 · Photos we HAVE","08-035","","","","","","","","","","","","","","","","","","","","","","","","","","","","","","","","","","","","","","","","","","","","","","","","","","","","","","","","","","","","","","","","","","","","","","","","","","","","","","","","","","","","","","","/images/photos/cityscapes-landfill-walk-birds-smoke-legacy.jpg","A small group walking a dirt track beside a smoking landfill, birds circling above it","Swechha archive","(untagged)","960x720","signal: none","work/journeys/cityscapes.html","YES"
"08 · Photos we HAVE","08-036","","","","","","","","","","","","","","","","","","","","","","","","","","","","","","","","","","","","","","","","","","","","","","","","","","","","","","","","","","","","","","","","","","","","","","","","","","","","","","","","","","","","","","","/images/photos/cityscapes-landfill-walk.jpg","A single bird standing on a mound of mixed waste against an open sky","NOT A PHOTOGRAPH — provenance unverified, shows generation/screenshot artefacts","(untagged)","663x780","signal: none","NOT USED ANYWHERE","NO — withdrawn as synthetic (22 Aug 2026)"
"08 · Photos we HAVE","08-037","","","","","","","","","","","","","","","","","","","","","","","","","","","","","","","","","","","","","","","","","","","","","","","","","","","","","","","","","","","","","","","","","","","","","","","","","","","","","","","","","","","","","","","/images/photos/cityscapes-restoration-park-walk.jpg","A timber boardwalk running along a restored city waterway","NOT A PHOTOGRAPH — provenance unverified, shows generation/screenshot artefacts","(untagged)","642x780","signal: none","NOT USED ANYWHERE","NO — withdrawn as synthetic (22 Aug 2026)"
"08 · Photos we HAVE","08-038","","","","","","","","","","","","","","","","","","","","","","","","","","","","","","","","","","","","","","","","","","","","","","","","","","","","","","","","","","","","","","","","","","","","","","","","","","","","","","","","","","","","","","","/images/photos/cityscapes-restoration-walk-trash-path-legacy.jpg","A line of walkers on a footpath thickly littered with plastic waste along both edges","Swechha archive","(untagged)","960x640","signal: none","home.html","YES"
"08 · Photos we HAVE","08-039","","","","","","","","","","","","","","","","","","","","","","","","","","","","","","","","","","","","","","","","","","","","","","","","","","","","","","","","","","","","","","","","","","","","","","","","","","","","","","","","","","","","","","","/images/photos/cityscapes-riverbank-restoration.jpg","Young people clearing weed from a shallow riverbank","NOT A PHOTOGRAPH — provenance unverified, shows generation/screenshot artefacts","(untagged)","642x777","signal: none","NOT USED ANYWHERE","NO — withdrawn as synthetic (22 Aug 2026)"
"08 · Photos we HAVE","08-040","","","","","","","","","","","","","","","","","","","","","","","","","","","","","","","","","","","","","","","","","","","","","","","","","","","","","","","","","","","","","","","","","","","","","","","","","","","","","","","","","","","","","","","/images/photos/cityscapes-urban-wetland.jpg","Birds over an urban wetland with the skyline behind at dusk","NOT A PHOTOGRAPH — provenance unverified, shows generation/screenshot artefacts","(untagged)","663x777","signal: none","NOT USED ANYWHERE","NO — withdrawn as synthetic (22 Aug 2026)"
"08 · Photos we HAVE","08-041","","","","","","","","","","","","","","","","","","","","","","","","","","","","","","","","","","","","","","","","","","","","","","","","","","","","","","","","","","","","","","","","","","","","","","","","","","","","","","","","","","","","","","","/images/photos/cityscapes-yamuna-boatride-metro-bridge-legacy.jpg","A group seated in a boat on the Yamuna, a Delhi Metro train crossing the bridge overhead","Swechha archive","(untagged)","2880x2160","signal: none","work/journeys/cityscapes.html","YES"
"08 · Photos we HAVE","08-042","","","","","","","","","","","","","","","","","","","","","","","","","","","","","","","","","","","","","","","","","","","","","","","","","","","","","","","","","","","","","","","","","","","","","","","","","","","","","","","","","","","","","","","/images/photos/cityscapes-yamuna-boatride-umbrella-legacy.jpg","A group seated in a boat on the Yamuna under a pink umbrella, a road bridge behind them","Swechha archive","(untagged)","746x560","signal: none","work/journeys/cityscapes.html","YES"
"08 · Photos we HAVE","08-043","","","","","","","","","","","","","","","","","","","","","","","","","","","","","","","","","","","","","","","","","","","","","","","","","","","","","","","","","","","","","","","","","","","","","","","","","","","","","","","","","","","","","","","/images/photos/cityscapes-yamuna-bridge-group-legacy.jpg","A school group in blazers posed for a photograph on a sandy Yamuna bank, a road bridge behind them","Swechha archive","(untagged)","960x540","signal: none","work/index.html","YES"
"08 · Photos we HAVE","08-044","","","","","","","","","","","","","","","","","","","","","","","","","","","","","","","","","","","","","","","","","","","","","","","","","","","","","","","","","","","","","","","","","","","","","","","","","","","","","","","","","","","","","","","/images/photos/cityscapes-yamuna-pollution-plastic-debris-legacy.jpg","A dog picking its way across a solid mat of plastic waste floating on the Yamuna beneath a bridge","Swechha archive","(untagged)","640x960","signal: none","NOT USED ANYWHERE","YES"
"08 · Photos we HAVE","08-045","","","","","","","","","","","","","","","","","","","","","","","","","","","","","","","","","","","","","","","","","","","","","","","","","","","","","","","","","","","","","","","","","","","","","","","","","","","","","","","","","","","","","","","/images/photos/cityscapes-yamuna-walk-dry-riverbed-legacy.jpg","A line of students walking across a dry, cracked stretch of Yamuna riverbed towards a road bridge","Swechha archive","(untagged)","960x640","signal: none","home.html, work/journeys/cityscapes.html","YES"
"08 · Photos we HAVE","08-046","","","","","","","","","","","","","","","","","","","","","","","","","","","","","","","","","","","","","","","","","","","","","","","","","","","","","","","","","","","","","","","","","","","","","","","","","","","","","","","","","","","","","","","/images/photos/cityscapes-yamuna-walk-facilitator-pointing-legacy.jpg","A facilitator pointing out across the Yamuna to a small group of students standing on the bank","Swechha archive","(untagged)","960x640","signal: none","home.html, impact.html, work/journeys.html","YES"
"08 · Photos we HAVE","08-047","","","","","","","","","","","","","","","","","","","","","","","","","","","","","","","","","","","","","","","","","","","","","","","","","","","","","","","","","","","","","","","","","","","","","","","","","","","","","","","","","","","","","","","/images/photos/cityscapes-yamuna-walk-water-hyacinth-legacy.jpg","Two people standing on the rocky edge of the Yamuna looking out over water matted with hyacinth","Swechha archive","(untagged)","746x560","signal: none","work/journeys/cityscapes.html","YES"
"08 · Photos we HAVE","08-048","","","","","","","","","","","","","","","","","","","","","","","","","","","","","","","","","","","","","","","","","","","","","","","","","","","","","","","","","","","","","","","","","","","","","","","","","","","","","","","","","","","","","","","/images/photos/cityscapes-yamuna-walk.jpg","The Yamuna running between wooded banks below a line of city towers","NOT A PHOTOGRAPH — provenance unverified, shows generation/screenshot artefacts","(untagged)","684x780","signal: none","NOT USED ANYWHERE","NO — withdrawn as synthetic (22 Aug 2026)"
"08 · Photos we HAVE","08-049","","","","","","","","","","","","","","","","","","","","","","","","","","","","","","","","","","","","","","","","","","","","","","","","","","","","","","","","","","","","","","","","","","","","","","","","","","","","","","","","","","","","","","","/images/photos/cityscapes-yamuna-wetland-wading-legacy.jpg","A line of people wading through shallow water at a reed-lined wetland edge, bags held clear","Swechha archive","(untagged)","1252x812","signal: none","work/journeys/cityscapes.html","YES"
"08 · Photos we HAVE","08-050","","","","","","","","","","","","","","","","","","","","","","","","","","","","","","","","","","","","","","","","","","","","","","","","","","","","","","","","","","","","","","","","","","","","","","","","","","","","","","","","","","","","","","","/images/photos/clean-air-protest.jpg","Students holding hand-lettered clean-air placards","Swechha archive","(untagged)","2400x1600","signal: none","home.html, impact.html, work/campaigns.html, work/index.html, work/projects/influence.html","YES"
"08 · Photos we HAVE","08-051","","","","","","","","","","","","","","","","","","","","","","","","","","","","","","","","","","","","","","","","","","","","","","","","","","","","","","","","","","","","","","","","","","","","","","","","","","","","","","","","","","","","","","","/images/photos/community-meal.jpg","Volunteers serving a shared meal to a seated gathering","Swechha archive","community","560x746","signal: red","home.html, impact.html, work/events.html, work/projects/me-to-we.html","YES"
"08 · Photos we HAVE","08-052","","","","","","","","","","","","","","","","","","","","","","","","","","","","","","","","","","","","","","","","","","","","","","","","","","","","","","","","","","","","","","","","","","","","","","","","","","","","","","","","","","","","","","","/images/photos/corbett-spotted-deer-forest.jpg","Spotted deer in forest undergrowth","Stock library — NOT a Swechha photograph","(untagged)","2000x1429","signal: none","NOT USED ANYWHERE","NO — bought stock, refused by the build"
"08 · Photos we HAVE","08-053","","","","","","","","","","","","","","","","","","","","","","","","","","","","","","","","","","","","","","","","","","","","","","","","","","","","","","","","","","","","","","","","","","","","","","","","","","","","","","","","","","","","","","","/images/photos/delhi-smog-skyline.jpg","Delhi high-rise blocks dissolving into heavy smog","Swechha archive","air, delhi","746x746","signal: none","work/campaigns.html","YES"
"08 · Photos we HAVE","08-054","","","","","","","","","","","","","","","","","","","","","","","","","","","","","","","","","","","","","","","","","","","","","","","","","","","","","","","","","","","","","","","","","","","","","","","","","","","","","","","","","","","","","","","/images/photos/farm-barren-ground.jpg","Bare ground and low scrub at the edge of the farm, hills on the horizon","Swechha archive","farm","1288x859","signal: none","farm.html","YES"
"08 · Photos we HAVE","08-055","","","","","","","","","","","","","","","","","","","","","","","","","","","","","","","","","","","","","","","","","","","","","","","","","","","","","","","","","","","","","","","","","","","","","","","","","","","","","","","","","","","","","","","/images/photos/farm-building-yellow-trees.jpg","A farm building framed by yellow flowering trees","Swechha archive","farm","746x560","signal: mustard","work/projects/farm-school.html","YES"
"08 · Photos we HAVE","08-056","","","","","","","","","","","","","","","","","","","","","","","","","","","","","","","","","","","","","","","","","","","","","","","","","","","","","","","","","","","","","","","","","","","","","","","","","","","","","","","","","","","","","","","/images/photos/farm-cow-closeup.jpg","A cow at the feeding rail in a shed","Swechha archive","farm, dairy","746x746","signal: none","work/projects/farm-school.html","YES"
"08 · Photos we HAVE","08-057","","","","","","","","","","","","","","","","","","","","","","","","","","","","","","","","","","","","","","","","","","","","","","","","","","","","","","","","","","","","","","","","","","","","","","","","","","","","","","","","","","","","","","","/images/photos/farm-cows-shed.jpg","Cows resting in an open shed","Swechha archive","farm, dairy","286x214","signal: none","home.html","YES"
"08 · Photos we HAVE","08-058","","","","","","","","","","","","","","","","","","","","","","","","","","","","","","","","","","","","","","","","","","","","","","","","","","","","","","","","","","","","","","","","","","","","","","","","","","","","","","","","","","","","","","","/images/photos/farm-cows-sunrise.jpg","Cows on open ground at sunrise in warm haze","Swechha archive","farm, dairy","1440x960","signal: none","farm.html, work/projects/farm-school.html","YES"
"08 · Photos we HAVE","08-059","","","","","","","","","","","","","","","","","","","","","","","","","","","","","","","","","","","","","","","","","","","","","","","","","","","","","","","","","","","","","","","","","","","","","","","","","","","","","","","","","","","","","","","/images/photos/farm-mudhouse-interior.jpg","Inside an A-frame mud house — a bed under the bamboo apex, a small window at the far end","Swechha archive","farm, stay","720x480","signal: none","farm.html","YES"
"08 · Photos we HAVE","08-060","","","","","","","","","","","","","","","","","","","","","","","","","","","","","","","","","","","","","","","","","","","","","","","","","","","","","","","","","","","","","","","","","","","","","","","","","","","","","","","","","","","","","","","/images/photos/farm-mudhouse-washroom.jpg","A washroom built into a mud wall, a basin and dried grass in the alcove","Swechha archive","farm, stay","884x590","signal: none","farm.html","YES"
"08 · Photos we HAVE","08-061","","","","","","","","","","","","","","","","","","","","","","","","","","","","","","","","","","","","","","","","","","","","","","","","","","","","","","","","","","","","","","","","","","","","","","","","","","","","","","","","","","","","","","","/images/photos/farm-mudhouses-day.jpg","Two A-frame mud houses under thatch, planting beds curving in front of them","Swechha archive","farm, stay","2000x1334","signal: none","NOT USED ANYWHERE","YES"
"08 · Photos we HAVE","08-062","","","","","","","","","","","","","","","","","","","","","","","","","","","","","","","","","","","","","","","","","","","","","","","","","","","","","","","","","","","","","","","","","","","","","","","","","","","","","","","","","","","","","","","/images/photos/farm-mudhouses-night.jpg","The mud houses lit from inside after dark, their windows warm against the field","Swechha archive","farm, stay","720x480","signal: none","farm.html","YES"
"08 · Photos we HAVE","08-063","","","","","","","","","","","","","","","","","","","","","","","","","","","","","","","","","","","","","","","","","","","","","","","","","","","","","","","","","","","","","","","","","","","","","","","","","","","","","","","","","","","","","","","/images/photos/farm-mudhouses-track.jpg","Thatched mud houses on a rise above the planted rows, a track running up to them","Swechha archive","farm, stay","2000x1334","signal: none","farm.html","YES"
"08 · Photos we HAVE","08-064","","","","","","","","","","","","","","","","","","","","","","","","","","","","","","","","","","","","","","","","","","","","","","","","","","","","","","","","","","","","","","","","","","","","","","","","","","","","","","","","","","","","","","","/images/photos/farm-pavilion-thatch.jpg","An open pavilion under thatch, drapes tied back around a round table and chairs","Swechha archive","farm, stay","720x540","signal: none","farm.html","YES"
"08 · Photos we HAVE","08-065","","","","","","","","","","","","","","","","","","","","","","","","","","","","","","","","","","","","","","","","","","","","","","","","","","","","","","","","","","","","","","","","","","","","","","","","","","","","","","","","","","","","","","","/images/photos/farm-plot-children-facilitator.jpg","A facilitator and children standing around a farm plot","Swechha archive","farm, schools","2000x1500","colour baked in — takes NO filter; signal: red","home.html, work/projects.html","YES"
"08 · Photos we HAVE","08-066","","","","","","","","","","","","","","","","","","","","","","","","","","","","","","","","","","","","","","","","","","","","","","","","","","","","","","","","","","","","","","","","","","","","","","","","","","","","","","","","","","","","","","","/images/photos/farm-sowing-furrows.jpg","Four people working along freshly drawn furrows, sowing by hand","Swechha archive","farm, work","884x590","signal: none","farm.html","YES"
"08 · Photos we HAVE","08-067","","","","","","","","","","","","","","","","","","","","","","","","","","","","","","","","","","","","","","","","","","","","","","","","","","","","","","","","","","","","","","","","","","","","","","","","","","","","","","","","","","","","","","","/images/photos/farm-thatch-amaltas.jpg","A thatched farm building seen through amaltas blossom in full flower","Swechha archive","farm","2000x1500","colour baked in — takes NO filter; signal: yellow","work/projects/farm-school.html","YES"
"08 · Photos we HAVE","08-068","","","","","","","","","","","","","","","","","","","","","","","","","","","","","","","","","","","","","","","","","","","","","","","","","","","","","","","","","","","","","","","","","","","","","","","","","","","","","","","","","","","","","","","/images/photos/farm-tractor-ploughing.jpg","A red tractor ploughing a field at the farm","Swechha archive","(untagged)","746x498","colour baked in — takes NO filter; signal: red","work/projects/farm-school.html","YES"
"08 · Photos we HAVE","08-069","","","","","","","","","","","","","","","","","","","","","","","","","","","","","","","","","","","","","","","","","","","","","","","","","","","","","","","","","","","","","","","","","","","","","","","","","","","","","","","","","","","","","","","/images/photos/forest-group-walk.jpg","A group walking together through hill forest","Swechha archive","youth, journey","560x746","signal: red","work/journeys.html, work/journeys/naturescapes.html","YES"
"08 · Photos we HAVE","08-070","","","","","","","","","","","","","","","","","","","","","","","","","","","","","","","","","","","","","","","","","","","","","","","","","","","","","","","","","","","","","","","","","","","","","","","","","","","","","","","","","","","","","","","/images/photos/gram-anubhav-central-india-villages.jpg","A dirt lane running between mud-walled, thatched houses under palms","NOT A PHOTOGRAPH — provenance unverified, shows generation/screenshot artefacts","(untagged)","2000x1921","signal: none","NOT USED ANYWHERE","NO — withdrawn as synthetic (22 Aug 2026)"
"08 · Photos we HAVE","08-071","","","","","","","","","","","","","","","","","","","","","","","","","","","","","","","","","","","","","","","","","","","","","","","","","","","","","","","","","","","","","","","","","","","","","","","","","","","","","","","","","","","","","","","/images/photos/gram-anubhav-community-circle.jpg","A large group seated in a circle under a tree at the end of the day","NOT A PHOTOGRAPH — provenance unverified, shows generation/screenshot artefacts","(untagged)","2000x1811","signal: none","NOT USED ANYWHERE","NO — withdrawn as synthetic (22 Aug 2026)"
"08 · Photos we HAVE","08-072","","","","","","","","","","","","","","","","","","","","","","","","","","","","","","","","","","","","","","","","","","","","","","","","","","","","","","","","","","","","","","","","","","","","","","","","","","","","","","","","","","","","","","","/images/photos/gram-anubhav-desert-villages.jpg","Low thatched dwellings under a broad tree on dry open ground","NOT A PHOTOGRAPH — provenance unverified, shows generation/screenshot artefacts","(untagged)","2000x1921","signal: none","NOT USED ANYWHERE","NO — withdrawn as synthetic (22 Aug 2026)"
"08 · Photos we HAVE","08-073","","","","","","","","","","","","","","","","","","","","","","","","","","","","","","","","","","","","","","","","","","","","","","","","","","","","","","","","","","","","","","","","","","","","","","","","","","","","","","","","","","","","","","","/images/photos/gram-anubhav-group-learning.jpg","Students sitting on the ground with village elders in conversation","NOT A PHOTOGRAPH — provenance unverified, shows generation/screenshot artefacts","(untagged)","2000x1800","signal: none","NOT USED ANYWHERE","NO — withdrawn as synthetic (22 Aug 2026)"
"08 · Photos we HAVE","08-074","","","","","","","","","","","","","","","","","","","","","","","","","","","","","","","","","","","","","","","","","","","","","","","","","","","","","","","","","","","","","","","","","","","","","","","","","","","","","","","","","","","","","","","/images/photos/gram-anubhav-hero.jpg","A circle of students and villagers sitting on the ground in conversation outside a tiled village house, a yellow-leaved branch at the right","NOT A PHOTOGRAPH — provenance unverified, shows generation/screenshot artefacts","(untagged)","2000x1314","colour baked in — takes NO filter; signal: yellow","NOT USED ANYWHERE","NO — withdrawn as synthetic (22 Aug 2026)"
"08 · Photos we HAVE","08-075","","","","","","","","","","","","","","","","","","","","","","","","","","","","","","","","","","","","","","","","","","","","","","","","","","","","","","","","","","","","","","","","","","","","","","","","","","","","","","","","","","","","","","","/images/photos/gram-anubhav-himalayan-villages.jpg","Terraced hillsides with clustered slate-roofed houses below forested ridges","NOT A PHOTOGRAPH — provenance unverified, shows generation/screenshot artefacts","(untagged)","2000x1910","signal: none","NOT USED ANYWHERE","NO — withdrawn as synthetic (22 Aug 2026)"
"08 · Photos we HAVE","08-076","","","","","","","","","","","","","","","","","","","","","","","","","","","","","","","","","","","","","","","","","","","","","","","","","","","","","","","","","","","","","","","","","","","","","","","","","","","","","","","","","","","","","","","/images/photos/gram-anubhav-local-food.jpg","A woman cooking over a wood-fired stove at a village hearth","NOT A PHOTOGRAPH — provenance unverified, shows generation/screenshot artefacts","(untagged)","2000x1800","signal: none","NOT USED ANYWHERE","NO — withdrawn as synthetic (22 Aug 2026)"
"08 · Photos we HAVE","08-077","","","","","","","","","","","","","","","","","","","","","","","","","","","","","","","","","","","","","","","","","","","","","","","","","","","","","","","","","","","","","","","","","","","","","","","","","","","","","","","","","","","","","","","/images/photos/gram-anubhav-north-east-villages.jpg","A hillside settlement stepping down a steep forested slope","NOT A PHOTOGRAPH — provenance unverified, shows generation/screenshot artefacts","(untagged)","2000x1857","signal: none","NOT USED ANYWHERE","NO — withdrawn as synthetic (22 Aug 2026)"
"08 · Photos we HAVE","08-078","","","","","","","","","","","","","","","","","","","","","","","","","","","","","","","","","","","","","","","","","","","","","","","","","","","","","","","","","","","","","","","","","","","","","","","","","","","","","","","","","","","","","","","/images/photos/gram-anubhav-rural-community.jpg","A village woman standing beside her cattle","NOT A PHOTOGRAPH — provenance unverified, shows generation/screenshot artefacts","(untagged)","2000x1800","signal: none","NOT USED ANYWHERE","NO — withdrawn as synthetic (22 Aug 2026)"
"08 · Photos we HAVE","08-079","","","","","","","","","","","","","","","","","","","","","","","","","","","","","","","","","","","","","","","","","","","","","","","","","","","","","","","","","","","","","","","","","","","","","","","","","","","","","","","","","","","","","","","/images/photos/gram-anubhav-shramdaan.jpg","A line of students bent over working the soil of a field","NOT A PHOTOGRAPH — provenance unverified, shows generation/screenshot artefacts","(untagged)","1785x1750","signal: none","NOT USED ANYWHERE","NO — withdrawn as synthetic (22 Aug 2026)"
"08 · Photos we HAVE","08-080","","","","","","","","","","","","","","","","","","","","","","","","","","","","","","","","","","","","","","","","","","","","","","","","","","","","","","","","","","","","","","","","","","","","","","","","","","","","","","","","","","","","","","","/images/photos/gram-anubhav-southern-villages.jpg","Tiled village roofs among dense coconut palms","NOT A PHOTOGRAPH — provenance unverified, shows generation/screenshot artefacts","(untagged)","2000x1867","signal: none","NOT USED ANYWHERE","NO — withdrawn as synthetic (22 Aug 2026)"
"08 · Photos we HAVE","08-081","","","","","","","","","","","","","","","","","","","","","","","","","","","","","","","","","","","","","","","","","","","","","","","","","","","","","","","","","","","","","","","","","","","","","","","","","","","","","","","","","","","","","","","/images/photos/gram-anubhav-village-walk.jpg","Students walking a narrow village path with their packs","NOT A PHOTOGRAPH — provenance unverified, shows generation/screenshot artefacts","(untagged)","2000x1800","signal: none","NOT USED ANYWHERE","NO — withdrawn as synthetic (22 Aug 2026)"
"08 · Photos we HAVE","08-082","","","","","","","","","","","","","","","","","","","","","","","","","","","","","","","","","","","","","","","","","","","","","","","","","","","","","","","","","","","","","","","","","","","","","","","","","","","","","","","","","","","","","","","/images/photos/grasses-dusk.jpg","Tall grasses silhouetted against a dusk sky","Swechha archive","landscape","560x746","signal: none","work/journeys/naturescapes.html","YES"
"08 · Photos we HAVE","08-083","","","","","","","","","","","","","","","","","","","","","","","","","","","","","","","","","","","","","","","","","","","","","","","","","","","","","","","","","","","","","","","","","","","","","","","","","","","","","","","","","","","","","","","/images/photos/green-the-map-tote.jpg","A Green the Map tote bag","Swechha archive","(untagged)","368x245","colour baked in — takes NO filter; signal: green","home.html","YES"
"08 · Photos we HAVE","08-084","","","","","","","","","","","","","","","","","","","","","","","","","","","","","","","","","","","","","","","","","","","","","","","","","","","","","","","","","","","","","","","","","","","","","","","","","","","","","","","","","","","","","","","/images/photos/hillside-gathering.jpg","A large group seated on a hillside slope","Swechha archive","youth, journey","1500x2000","signal: none","stories.html, work/journeys/naturescapes.html, work/projects/influence.html","YES"
"08 · Photos we HAVE","08-085","","","","","","","","","","","","","","","","","","","","","","","","","","","","","","","","","","","","","","","","","","","","","","","","","","","","","","","","","","","","","","","","","","","","","","","","","","","","","","","","","","","","","","","/images/photos/hillside-journaling-group.jpg","A group spread across a hillside writing and observing under a tree","Swechha archive","journeys, nature","560x746","colour baked in — takes NO filter; signal: red","home.html, impact.html, work/index.html, work/journeys.html, work/journeys/naturescapes.html, work/projects/influence.html","YES"
"08 · Photos we HAVE","08-086","","","","","","","","","","","","","","","","","","","","","","","","","","","","","","","","","","","","","","","","","","","","","","","","","","","","","","","","","","","","","","","","","","","","","","","","","","","","","","","","","","","","","","","/images/photos/india-gate-dusk.jpg","India Gate at dusk, its lamps lit under a hazy sky","Swechha archive","delhi, air","2000x1333","signal: none","publications.html, work/events.html","YES"
"08 · Photos we HAVE","08-087","","","","","","","","","","","","","","","","","","","","","","","","","","","","","","","","","","","","","","","","","","","","","","","","","","","","","","","","","","","","","","","","","","","","","","","","","","","","","","","","","","","","","","","/images/photos/india-gate-hero.jpg","India Gate through Delhi haze","Swechha archive","(untagged)","2400x1601","signal: none","home.html, situation-air.html","YES"
"08 · Photos we HAVE","08-088","","","","","","","","","","","","","","","","","","","","","","","","","","","","","","","","","","","","","","","","","","","","","","","","","","","","","","","","","","","","","","","","","","","","","","","","","","","","","","","","","","","","","","","/images/photos/jaisalmer-camel-dunes.jpg","Camels on desert dunes","Stock library — NOT a Swechha photograph","(untagged)","2000x1125","signal: none","NOT USED ANYWHERE","NO — bought stock, refused by the build"
"08 · Photos we HAVE","08-089","","","","","","","","","","","","","","","","","","","","","","","","","","","","","","","","","","","","","","","","","","","","","","","","","","","","","","","","","","","","","","","","","","","","","","","","","","","","","","","","","","","","","","","/images/photos/journeys-hero.jpg","A group walking up a boulder-strewn river valley below snow peaks, a single yellow bloom in the foreground","Swechha archive","(untagged)","1536x1024","colour baked in — takes NO filter; signal: yellow","work/index.html, work/journeys.html","YES"
"08 · Photos we HAVE","08-090","","","","","","","","","","","","","","","","","","","","","","","","","","","","","","","","","","","","","","","","","","","","","","","","","","","","","","","","","","","","","","","","","","","","","","","","","","","","","","","","","","","","","","","/images/photos/kans-grass-yellow-flower.jpg","A yellow flower among tall kans grass","Swechha archive","farm, biodiversity","746x497","signal: mustard","work/projects/eco-action.html","YES"
"08 · Photos we HAVE","08-091","","","","","","","","","","","","","","","","","","","","","","","","","","","","","","","","","","","","","","","","","","","","","","","","","","","","","","","","","","","","","","","","","","","","","","","","","","","","","","","","","","","","","","","/images/photos/langar-community-meal.jpg","Volunteers serving a shared meal down a seated line in a langar hall","Swechha archive","community, journeys","560x746","colour baked in — takes NO filter; signal: orange","home.html, work/events.html, work/journeys/yamuna-yatra.html","YES"
"08 · Photos we HAVE","08-092","","","","","","","","","","","","","","","","","","","","","","","","","","","","","","","","","","","","","","","","","","","","","","","","","","","","","","","","","","","","","","","","","","","","","","","","","","","","","","","","","","","","","","","/images/photos/langur-golden-portrait.jpg","A langur sitting upright on a branch, an infant tucked beside it","Swechha archive","nature, wildlife","559x746","colour baked in — takes NO filter; signal: orange","work/journeys/naturescapes.html","YES"
"08 · Photos we HAVE","08-093","","","","","","","","","","","","","","","","","","","","","","","","","","","","","","","","","","","","","","","","","","","","","","","","","","","","","","","","","","","","","","","","","","","","","","","","","","","","","","","","","","","","","","","/images/photos/langur-portrait.jpg","A langur sitting in profile on rock","Swechha archive","biodiversity","1500x2000","signal: none","NOT USED ANYWHERE","YES"
"08 · Photos we HAVE","08-094","","","","","","","","","","","","","","","","","","","","","","","","","","","","","","","","","","","","","","","","","","","","","","","","","","","","","","","","","","","","","","","","","","","","","","","","","","","","","","","","","","","","","","","/images/photos/langurs-branch-family.jpg","A family of langurs resting along a fallen branch","Swechha archive","nature, wildlife","560x746","colour baked in — takes NO filter; signal: orange","work/journeys/naturescapes.html","YES"
"08 · Photos we HAVE","08-095","","","","","","","","","","","","","","","","","","","","","","","","","","","","","","","","","","","","","","","","","","","","","","","","","","","","","","","","","","","","","","","","","","","","","","","","","","","","","","","","","","","","","","","/images/photos/langurs-resting.jpg","Langurs resting together on a rock ledge","Swechha archive","biodiversity","560x746","signal: none","work/journeys/naturescapes.html","YES"
"08 · Photos we HAVE","08-096","","","","","","","","","","","","","","","","","","","","","","","","","","","","","","","","","","","","","","","","","","","","","","","","","","","","","","","","","","","","","","","","","","","","","","","","","","","","","","","","","","","","","","","/images/photos/leafy-greens-crop.jpg","A dense bed of leafy greens under cultivation","Swechha archive","farm","1182x532","signal: green","work/projects/eco-action.html","YES"
"08 · Photos we HAVE","08-097","","","","","","","","","","","","","","","","","","","","","","","","","","","","","","","","","","","","","","","","","","","","","","","","","","","","","","","","","","","","","","","","","","","","","","","","","","","","","","","","","","","","","","","/images/photos/magenta-flowers.jpg","Magenta flowers open against green leaves","Swechha archive","biodiversity","560x746","signal: red","work/projects/eco-action.html","YES"
"08 · Photos we HAVE","08-098","","","","","","","","","","","","","","","","","","","","","","","","","","","","","","","","","","","","","","","","","","","","","","","","","","","","","","","","","","","","","","","","","","","","","","","","","","","","","","","","","","","","","","","/images/photos/microgreens-trays.jpg","Trays of microgreens under grow racks","Swechha archive","farm, food","1182x533","colour baked in — takes NO filter; signal: green","work/projects.html, work/projects/farm-school.html","YES"
"08 · Photos we HAVE","08-099","","","","","","","","","","","","","","","","","","","","","","","","","","","","","","","","","","","","","","","","","","","","","","","","","","","","","","","","","","","","","","","","","","","","","","","","","","","","","","","","","","","","","","","/images/photos/monsoon-flooded-fields.jpg","Monsoon cloud over flooded fields, a transmission tower on the horizon","lensnmatter, CC BY 2.0, via Wikimedia Commons (cropped)","situation, monsoon, rainfall, placeholder","1400x730","","home.html, situation-climate-event.html","YES"
"08 · Photos we HAVE","08-100","","","","","","","","","","","","","","","","","","","","","","","","","","","","","","","","","","","","","","","","","","","","","","","","","","","","","","","","","","","","","","","","","","","","","","","","","","","","","","","","","","","","","","","/images/photos/mukteshwar-pines-snow-peak.jpg","Pines below a snow peak","Stock library — NOT a Swechha photograph","(untagged)","2000x1333","signal: none","NOT USED ANYWHERE","NO — bought stock, refused by the build"
"08 · Photos we HAVE","08-101","","","","","","","","","","","","","","","","","","","","","","","","","","","","","","","","","","","","","","","","","","","","","","","","","","","","","","","","","","","","","","","","","","","","","","","","","","","","","","","","","","","","","","","/images/photos/nursery-plants.jpg","Young plants at knee height in a nursery bed","Swechha archive","nursery, farm","561x746","signal: green","farm.html, work/campaigns/monsoon-wooding.html, work/projects.html, work/projects/farm-school.html","YES"
"08 · Photos we HAVE","08-102","","","","","","","","","","","","","","","","","","","","","","","","","","","","","","","","","","","","","","","","","","","","","","","","","","","","","","","","","","","","","","","","","","","","","","","","","","","","","","","","","","","","","","","/images/photos/oranges-branch.jpg","Oranges ripening on the branch","Swechha archive","farm","2000x1500","signal: red","NOT USED ANYWHERE","YES"
"08 · Photos we HAVE","08-103","","","","","","","","","","","","","","","","","","","","","","","","","","","","","","","","","","","","","","","","","","","","","","","","","","","","","","","","","","","","","","","","","","","","","","","","","","","","","","","","","","","","","","","/images/photos/oranges-on-tree.jpg","A cluster of oranges on a citrus tree","Swechha archive","farm","1500x2000","signal: red","NOT USED ANYWHERE","YES"
"08 · Photos we HAVE","08-104","","","","","","","","","","","","","","","","","","","","","","","","","","","","","","","","","","","","","","","","","","","","","","","","","","","","","","","","","","","","","","","","","","","","","","","","","","","","","","","","","","","","","","","/images/photos/oranges-tree-branch.jpg","Oranges hanging along a branch in low sun","Swechha archive","farm, food","2000x1500","colour baked in — takes NO filter; signal: orange","NOT USED ANYWHERE","YES"
"08 · Photos we HAVE","08-105","","","","","","","","","","","","","","","","","","","","","","","","","","","","","","","","","","","","","","","","","","","","","","","","","","","","","","","","","","","","","","","","","","","","","","","","","","","","","","","","","","","","","","","/images/photos/oranges-tree-cluster.jpg","Oranges ripening in dense clusters on the tree","Swechha archive","farm, food","828x1104","colour baked in — takes NO filter; signal: orange","farm.html, work/projects/farm-school.html","YES"
"08 · Photos we HAVE","08-106","","","","","","","","","","","","","","","","","","","","","","","","","","","","","","","","","","","","","","","","","","","","","","","","","","","","","","","","","","","","","","","","","","","","","","","","","","","","","","","","","","","","","","","/images/photos/pine-forest-path.jpg","A single figure on a path through a dense stand of tall pines","Swechha archive","journey, landscape","2000x1334","signal: green","home.html, situation-forest-loss.html, work/journeys/naturescapes.html","YES"
"08 · Photos we HAVE","08-107","","","","","","","","","","","","","","","","","","","","","","","","","","","","","","","","","","","","","","","","","","","","","","","","","","","","","","","","","","","","","","","","","","","","","","","","","","","","","","","","","","","","","","","/images/photos/pink-flower-bud.jpg","A pink flower bud opening on a leafy stem","Swechha archive","biodiversity","746x746","signal: red","work/projects/eco-action.html","YES"
"08 · Photos we HAVE","08-108","","","","","","","","","","","","","","","","","","","","","","","","","","","","","","","","","","","","","","","","","","","","","","","","","","","","","","","","","","","","","","","","","","","","","","","","","","","","","","","","","","","","","","","/images/photos/ranthambore-tiger-grass.jpg","A tiger in tall grass","Stock library — NOT a Swechha photograph","(untagged)","2000x1219","signal: none","NOT USED ANYWHERE","NO — bought stock, refused by the build"
"08 · Photos we HAVE","08-109","","","","","","","","","","","","","","","","","","","","","","","","","","","","","","","","","","","","","","","","","","","","","","","","","","","","","","","","","","","","","","","","","","","","","","","","","","","","","","","","","","","","","","","/images/photos/red-flower-bud-branch.jpg","A single red flower bud opening on a bare branch","Swechha archive","nature","720x720","colour baked in — takes NO filter; signal: red","NOT USED ANYWHERE","YES"
"08 · Photos we HAVE","08-110","","","","","","","","","","","","","","","","","","","","","","","","","","","","","","","","","","","","","","","","","","","","","","","","","","","","","","","","","","","","","","","","","","","","","","","","","","","","","","","","","","","","","","","/images/photos/red-flower-cluster.jpg","A cluster of red flowers above long green leaves","Swechha archive","biodiversity","746x497","signal: red","work/projects/eco-action.html","YES"
"08 · Photos we HAVE","08-111","","","","","","","","","","","","","","","","","","","","","","","","","","","","","","","","","","","","","","","","","","","","","","","","","","","","","","","","","","","","","","","","","","","","","","","","","","","","","","","","","","","","","","","/images/photos/red-trumpet-flowers.jpg","Red trumpet flowers against an open sky","Swechha archive","nature","1080x1440","colour baked in — takes NO filter; signal: red","work/projects/eco-action.html","YES"
"08 · Photos we HAVE","08-112","","","","","","","","","","","","","","","","","","","","","","","","","","","","","","","","","","","","","","","","","","","","","","","","","","","","","","","","","","","","","","","","","","","","","","","","","","","","","","","","","","","","","","","/images/photos/ridge-road-dusk.jpg","A ridge road curving away at dusk","Swechha archive","landscape","2000x1500","signal: none","situation-heatwave.html, work/journeys/naturescapes.html","YES"
"08 · Photos we HAVE","08-113","","","","","","","","","","","","","","","","","","","","","","","","","","","","","","","","","","","","","","","","","","","","","","","","","","","","","","","","","","","","","","","","","","","","","","","","","","","","","","","","","","","","","","","/images/photos/river-valley-hillside-climb.jpg","A long line of walkers climbing a hillside path above a river valley","Swechha archive","journeys, yamuna","1536x2048","colour baked in — takes NO filter; signal: red","work/journeys.html, work/journeys/yamuna-yatra.html","YES"
"08 · Photos we HAVE","08-114","","","","","","","","","","","","","","","","","","","","","","","","","","","","","","","","","","","","","","","","","","","","","","","","","","","","","","","","","","","","","","","","","","","","","","","","","","","","","","","","","","","","","","","/images/photos/school-children-group.jpg","A group of schoolchildren crowded together, smiling at the camera","Swechha archive","youth, education","1499x2000","signal: none","home.html, impact.html, work/projects.html, work/projects/me-to-we.html","YES"
"08 · Photos we HAVE","08-115","","","","","","","","","","","","","","","","","","","","","","","","","","","","","","","","","","","","","","","","","","","","","","","","","","","","","","","","","","","","","","","","","","","","","","","","","","","","","","","","","","","","","","","/images/photos/school-selfie-uniform.jpg","A facilitator taking a phone photograph with a crowd of uniformed schoolchildren","Swechha archive","schools","953x1271","colour baked in — takes NO filter; signal: none","home.html, work/projects/me-to-we.html","YES"
"08 · Photos we HAVE","08-116","","","","","","","","","","","","","","","","","","","","","","","","","","","","","","","","","","","","","","","","","","","","","","","","","","","","","","","","","","","","","","","","","","","","","","","","","","","","","","","","","","","","","","","/images/photos/snow-trek-group.jpg","A group trekking through snow on a hill path","Swechha archive","journey, youth","560x746","signal: none","home.html, work/journeys/yamuna-yatra.html","YES"
"08 · Photos we HAVE","08-117","","","","","","","","","","","","","","","","","","","","","","","","","","","","","","","","","","","","","","","","","","","","","","","","","","","","","","","","","","","","","","","","","","","","","","","","","","","","","","","","","","","","","","","/images/photos/sunderbans-mangrove-roots.jpg","Exposed mangrove roots","Stock library — NOT a Swechha photograph","(untagged)","2000x1333","signal: none","NOT USED ANYWHERE","NO — bought stock, refused by the build"
"08 · Photos we HAVE","08-118","","","","","","","","","","","","","","","","","","","","","","","","","","","","","","","","","","","","","","","","","","","","","","","","","","","","","","","","","","","","","","","","","","","","","","","","","","","","","","","","","","","","","","","/images/photos/swechha-farm-thatch-pavilion-classroom.jpg","Children seated on a red bench under a bamboo-and-thatch pavilion roof, potted plants hanging above an open-air classroom","Swechha archive","(untagged)","720x960","signal: none","farm.html","YES"
"08 · Photos we HAVE","08-119","","","","","","","","","","","","","","","","","","","","","","","","","","","","","","","","","","","","","","","","","","","","","","","","","","","","","","","","","","","","","","","","","","","","","","","","","","","","","","","","","","","","","","","/images/photos/trekkers-hillside.jpg","A long line of trekkers crossing a hillside","Swechha archive","journey, youth","560x746","signal: red","home.html, work/journeys.html, work/journeys/yamuna-yatra.html","YES"
"08 · Photos we HAVE","08-120","","","","","","","","","","","","","","","","","","","","","","","","","","","","","","","","","","","","","","","","","","","","","","","","","","","","","","","","","","","","","","","","","","","","","","","","","","","","","","","","","","","","","","","/images/photos/turmeric-plot-workers.jpg","Turmeric plants at knee height, two figures working the rows behind","Swechha archive","farm, food","889x1182","colour baked in — takes NO filter; signal: green","home.html, impact.html, work/index.html, work/projects.html, work/projects/farm-school.html","YES"
"08 · Photos we HAVE","08-121","","","","","","","","","","","","","","","","","","","","","","","","","","","","","","","","","","","","","","","","","","","","","","","","","","","","","","","","","","","","","","","","","","","","","","","","","","","","","","","","","","","","","","","/images/photos/uttarakhand-fire-scar-2016.jpg","A burnt hillside of charred pines after the 2016 Uttarakhand forest fires","ArmouredCyborg, CC BY-SA 4.0, via Wikimedia Commons","situation, fire, placeholder","1400x1050","","home.html, situation-forest-fire.html","YES"
"08 · Photos we HAVE","08-122","","","","","","","","","","","","","","","","","","","","","","","","","","","","","","","","","","","","","","","","","","","","","","","","","","","","","","","","","","","","","","","","","","","","","","","","","","","","","","","","","","","","","","","/images/photos/yamuna-barrage-crowd.jpg","People gathered along the Yamuna below the city skyline","Swechha archive","yamuna, community","1080x1440","signal: red","home.html, work/campaigns.html, work/events.html","YES"
"08 · Photos we HAVE","08-123","","","","","","","","","","","","","","","","","","","","","","","","","","","","","","","","","","","","","","","","","","","","","","","","","","","","","","","","","","","","","","","","","","","","","","","","","","","","","","","","","","","","","","","/images/photos/yamuna-floodplain-crowd.jpg","A crowd on the Yamuna floodplain looking out over the river","Swechha archive","yamuna, community","2000x923","signal: red","about.html, home.html, work/events.html, work/projects/me-to-we.html","YES"
"08 · Photos we HAVE","08-124","","","","","","","","","","","","","","","","","","","","","","","","","","","","","","","","","","","","","","","","","","","","","","","","","","","","","","","","","","","","","","","","","","","","","","","","","","","","","","","","","","","","","","","/images/photos/yamuna-source-rapids.jpg","The Yamuna running fast over rocks below Himalayan slopes","Swechha archive","yamuna, journey","1080x1440","signal: none","work/journeys/yamuna-yatra.html","YES"
"08 · Photos we HAVE","08-125","","","","","","","","","","","","","","","","","","","","","","","","","","","","","","","","","","","","","","","","","","","","","","","","","","","","","","","","","","","","","","","","","","","","","","","","","","","","","","","","","","","","","","","/images/photos/yamuna-students-foam-line.jpg","Students standing along the bank facing the foam-covered Yamuna","Swechha archive","yamuna, journeys","1280x591","colour baked in — takes NO filter; signal: none","home.html, impact.html, situation-yamuna.html, work/campaigns.html, work/journeys/yamuna-yatra.html","YES"
"08 · Photos we HAVE","08-126","","","","","","","","","","","","","","","","","","","","","","","","","","","","","","","","","","","","","","","","","","","","","","","","","","","","","","","","","","","","","","","","","","","","","","","","","","","","","","","","","","","","","","","/images/photos/yamuna-students-line-skyline.jpg","A long line of students facing the Yamuna, the city skyline behind","Swechha archive","yamuna, journeys","1536x2048","colour baked in — takes NO filter; signal: none","home.html, work/campaigns.html, work/index.html, work/journeys/yamuna-yatra.html","YES"
"08 · Photos we HAVE","08-127","","","","","","","","","","","","","","","","","","","","","","","","","","","","","","","","","","","","","","","","","","","","","","","","","","","","","","","","","","","","","","","","","","","","","","","","","","","","","","","","","","","","","","","/images/photos/yellow-flower-closeup.jpg","A single yellow flower in close-up","Swechha archive","(untagged)","1500x2000","signal: yellow","NOT USED ANYWHERE","YES"
"08 · Photos we HAVE","08-128","","","","","","","","","","","","","","","","","","","","","","","","","","","","","","","","","","","","","","","","","","","","","","","","","","","","","","","","","","","","","","","","","","","","","","","","","","","","","","","","","","","","","","","/images/photos/youth-site-visit.jpg","Young volunteers gathered at a planting site","Swechha archive","youth, planting","1182x886","signal: red","home.html, impact.html, work/campaigns/monsoon-wooding.html, work/projects/influence.html, work/projects/me-to-we.html","YES"
