observed,observed_source,station,aqi,band,governing_pollutant,aqi_limit,above_limit
2026-09-01T00:00:00+05:30,01-09-2026 00:00:00,"Wazirpur, Delhi - DPCC",219,Poor,PM10,100,1
2026-09-01T00:00:00+05:30,01-09-2026 00:00:00,"Dwarka-Sector 8, Delhi - DPCC",180,Moderately Polluted,PM10,100,1
2026-09-01T00:00:00+05:30,01-09-2026 00:00:00,"Rohini, Delhi - DPCC",149,Moderately Polluted,PM10,100,1
2026-09-01T00:00:00+05:30,01-09-2026 00:00:00,"Mundka, Delhi - DPCC",143,Moderately Polluted,PM10,100,1
2026-09-01T00:00:00+05:30,01-09-2026 00:00:00,"IIT Delhi, Delhi - IITM",142,Moderately Polluted,PM10,100,1
2026-09-01T00:00:00+05:30,01-09-2026 00:00:00,"CRRI Mathura Road, Delhi - IITM",141,Moderately Polluted,PM10,100,1
2026-09-01T00:00:00+05:30,01-09-2026 00:00:00,"Jahangirpuri, Delhi - DPCC",136,Moderately Polluted,PM10,100,1
2026-09-01T00:00:00+05:30,01-09-2026 00:00:00,"Sirifort, Delhi - CPCB",133,Moderately Polluted,PM10,100,1
2026-09-01T00:00:00+05:30,01-09-2026 00:00:00,"Ashok Vihar, Delhi - DPCC",131,Moderately Polluted,PM10,100,1
2026-09-01T00:00:00+05:30,01-09-2026 00:00:00,"Pusa, Delhi - DPCC",128,Moderately Polluted,PM10,100,1
2026-09-01T00:00:00+05:30,01-09-2026 00:00:00,"Okhla Phase-2, Delhi - DPCC",127,Moderately Polluted,PM10,100,1
2026-09-01T00:00:00+05:30,01-09-2026 00:00:00,"Vivek Vihar, Delhi - DPCC",126,Moderately Polluted,PM10,100,1
2026-09-01T00:00:00+05:30,01-09-2026 00:00:00,"North Campus, DU, Delhi - IITM",125,Moderately Polluted,PM10,100,1
2026-09-01T00:00:00+05:30,01-09-2026 00:00:00,"R K Puram, Delhi - DPCC",125,Moderately Polluted,PM10,100,1
2026-09-01T00:00:00+05:30,01-09-2026 00:00:00,"Sonia Vihar, Delhi - DPCC",123,Moderately Polluted,PM10,100,1
2026-09-01T00:00:00+05:30,01-09-2026 00:00:00,"Punjabi Bagh, Delhi - DPCC",116,Moderately Polluted,PM10,100,1
2026-09-01T00:00:00+05:30,01-09-2026 00:00:00,"Narela, Delhi - DPCC",115,Moderately Polluted,PM10,100,1
2026-09-01T00:00:00+05:30,01-09-2026 00:00:00,"Patparganj, Delhi - DPCC",115,Moderately Polluted,PM10,100,1
2026-09-01T00:00:00+05:30,01-09-2026 00:00:00,"Shadipur, Delhi - CPCB",114,Moderately Polluted,PM10,100,1
2026-09-01T00:00:00+05:30,01-09-2026 00:00:00,"Burari Crossing, Delhi - IITM",111,Moderately Polluted,PM10,100,1
2026-09-01T00:00:00+05:30,01-09-2026 00:00:00,"IMD Lodhi Road, Delhi - IITM",109,Moderately Polluted,PM10,100,1
2026-09-01T00:00:00+05:30,01-09-2026 00:00:00,"Pusa, Delhi - IITM",107,Moderately Polluted,PM10,100,1
2026-09-01T00:00:00+05:30,01-09-2026 00:00:00,"Sri Aurobindo Marg, Delhi - DPCC",105,Moderately Polluted,PM10,100,1
2026-09-01T00:00:00+05:30,01-09-2026 00:00:00,"IGI Airport (T3), Delhi - IITM",105,Moderately Polluted,PM10,100,1
2026-09-01T00:00:00+05:30,01-09-2026 00:00:00,"Jawaharlal Nehru Stadium, Delhi - DPCC",104,Moderately Polluted,PM10,100,1
2026-09-01T00:00:00+05:30,01-09-2026 00:00:00,"NSIT Dwarka, Delhi - CPCB",104,Moderately Polluted,CO,100,1
2026-09-01T00:00:00+05:30,01-09-2026 00:00:00,"Bawana, Delhi - DPCC",102,Moderately Polluted,PM10,100,1
2026-09-01T00:00:00+05:30,01-09-2026 00:00:00,"Commonwealth Sports Complex, Delhi - DPCC",102,Moderately Polluted,PM10,100,1
2026-09-01T00:00:00+05:30,01-09-2026 00:00:00,"Mandir Marg, Delhi - DPCC",102,Moderately Polluted,PM10,100,1
2026-09-01T00:00:00+05:30,01-09-2026 00:00:00,"Dr. Karni Singh Shooting Range, Delhi - DPCC",102,Moderately Polluted,PM10,100,1
2026-09-01T00:00:00+05:30,01-09-2026 00:00:00,"Major Dhyan Chand National Stadium, Delhi - DPCC",97,Satisfactory,PM10,100,0
2026-09-01T00:00:00+05:30,01-09-2026 00:00:00,"DTU, Delhi - CPCB",95,Satisfactory,PM10,100,0
2026-09-01T00:00:00+05:30,01-09-2026 00:00:00,"IGNOU_Maidan Garhi, Delhi - DPCC",95,Satisfactory,PM10,100,0
2026-09-01T00:00:00+05:30,01-09-2026 00:00:00,"NSUT Jaffarpur, Delhi - DPCC",93,Satisfactory,PM10,100,0
2026-09-01T00:00:00+05:30,01-09-2026 00:00:00,"JNU, Delhi - DPCC",92,Satisfactory,PM10,100,0
2026-09-01T00:00:00+05:30,01-09-2026 00:00:00,"IHBAS, Dilshad Garden, Delhi - CPCB",91,Satisfactory,PM10,100,0
2026-09-01T00:00:00+05:30,01-09-2026 00:00:00,"Talkatora Garden, Delhi - DPCC",89,Satisfactory,PM10,100,0
2026-09-01T00:00:00+05:30,01-09-2026 00:00:00,"Najafgarh, Delhi - DPCC",76,Satisfactory,PM10,100,0
2026-09-01T00:00:00+05:30,01-09-2026 00:00:00,"Nehru Nagar, Delhi - DPCC",74,Satisfactory,PM2.5,100,0
2026-09-01T00:00:00+05:30,01-09-2026 00:00:00,"Aya Nagar, Delhi - IITM",66,Satisfactory,PM10,100,0
2026-09-01T00:00:00+05:30,01-09-2026 00:00:00,"ITO, Delhi - CPCB",63,Satisfactory,CO,100,0
2026-09-01T00:00:00+05:30,01-09-2026 00:00:00,"Cantonment Area, Delhi - DPCC",25,Good,PM2.5,100,0
2026-09-01T01:00:00+05:30,01-09-2026 01:00:00,"Wazirpur, Delhi - DPCC",221,Poor,PM10,100,1
2026-09-01T01:00:00+05:30,01-09-2026 01:00:00,"Dwarka-Sector 8, Delhi - DPCC",181,Moderately Polluted,PM10,100,1
2026-09-01T01:00:00+05:30,01-09-2026 01:00:00,"Rohini, Delhi - DPCC",150,Moderately Polluted,PM10,100,1
2026-09-01T01:00:00+05:30,01-09-2026 01:00:00,"Mundka, Delhi - DPCC",146,Moderately Polluted,PM10,100,1
2026-09-01T01:00:00+05:30,01-09-2026 01:00:00,"CRRI Mathura Road, Delhi - IITM",144,Moderately Polluted,PM10,100,1
2026-09-01T01:00:00+05:30,01-09-2026 01:00:00,"IIT Delhi, Delhi - IITM",143,Moderately Polluted,PM10,100,1
2026-09-01T01:00:00+05:30,01-09-2026 01:00:00,"Jahangirpuri, Delhi - DPCC",136,Moderately Polluted,PM10,100,1
2026-09-01T01:00:00+05:30,01-09-2026 01:00:00,"Sirifort, Delhi - CPCB",134,Moderately Polluted,PM10,100,1
2026-09-01T01:00:00+05:30,01-09-2026 01:00:00,"Vivek Vihar, Delhi - DPCC",132,Moderately Polluted,PM10,100,1
2026-09-01T01:00:00+05:30,01-09-2026 01:00:00,"Ashok Vihar, Delhi - DPCC",132,Moderately Polluted,PM10,100,1
2026-09-01T01:00:00+05:30,01-09-2026 01:00:00,"Okhla Phase-2, Delhi - DPCC",131,Moderately Polluted,PM10,100,1
2026-09-01T01:00:00+05:30,01-09-2026 01:00:00,"Pusa, Delhi - DPCC",128,Moderately Polluted,PM10,100,1
2026-09-01T01:00:00+05:30,01-09-2026 01:00:00,"North Campus, DU, Delhi - IITM",125,Moderately Polluted,PM10,100,1
2026-09-01T01:00:00+05:30,01-09-2026 01:00:00,"R K Puram, Delhi - DPCC",125,Moderately Polluted,PM10,100,1
2026-09-01T01:00:00+05:30,01-09-2026 01:00:00,"Sonia Vihar, Delhi - DPCC",123,Moderately Polluted,PM10,100,1
2026-09-01T01:00:00+05:30,01-09-2026 01:00:00,"Shadipur, Delhi - CPCB",116,Moderately Polluted,PM10,100,1
2026-09-01T01:00:00+05:30,01-09-2026 01:00:00,"Punjabi Bagh, Delhi - DPCC",115,Moderately Polluted,PM10,100,1
2026-09-01T01:00:00+05:30,01-09-2026 01:00:00,"Patparganj, Delhi - DPCC",115,Moderately Polluted,PM10,100,1
2026-09-01T01:00:00+05:30,01-09-2026 01:00:00,"Narela, Delhi - DPCC",115,Moderately Polluted,PM10,100,1
2026-09-01T01:00:00+05:30,01-09-2026 01:00:00,"Burari Crossing, Delhi - IITM",112,Moderately Polluted,PM10,100,1
2026-09-01T01:00:00+05:30,01-09-2026 01:00:00,"Chandni Chowk, Delhi - IITM",111,Moderately Polluted,CO,100,1
2026-09-01T01:00:00+05:30,01-09-2026 01:00:00,"IMD Lodhi Road, Delhi - IITM",110,Moderately Polluted,PM10,100,1
2026-09-01T01:00:00+05:30,01-09-2026 01:00:00,"Pusa, Delhi - IITM",108,Moderately Polluted,PM10,100,1
2026-09-01T01:00:00+05:30,01-09-2026 01:00:00,"IGI Airport (T3), Delhi - IITM",106,Moderately Polluted,PM10,100,1
2026-09-01T01:00:00+05:30,01-09-2026 01:00:00,"Sri Aurobindo Marg, Delhi - DPCC",106,Moderately Polluted,PM10,100,1
2026-09-01T01:00:00+05:30,01-09-2026 01:00:00,"Jawaharlal Nehru Stadium, Delhi - DPCC",105,Moderately Polluted,PM10,100,1
2026-09-01T01:00:00+05:30,01-09-2026 01:00:00,"NSIT Dwarka, Delhi - CPCB",104,Moderately Polluted,CO,100,1
2026-09-01T01:00:00+05:30,01-09-2026 01:00:00,"Bawana, Delhi - DPCC",102,Moderately Polluted,PM10,100,1
2026-09-01T01:00:00+05:30,01-09-2026 01:00:00,"Dr. Karni Singh Shooting Range, Delhi - DPCC",102,Moderately Polluted,PM10,100,1
2026-09-01T01:00:00+05:30,01-09-2026 01:00:00,"Commonwealth Sports Complex, Delhi - DPCC",102,Moderately Polluted,PM10,100,1
2026-09-01T01:00:00+05:30,01-09-2026 01:00:00,"Mandir Marg, Delhi - DPCC",102,Moderately Polluted,PM10,100,1
2026-09-01T01:00:00+05:30,01-09-2026 01:00:00,"Major Dhyan Chand National Stadium, Delhi - DPCC",99,Satisfactory,PM10,100,0
2026-09-01T01:00:00+05:30,01-09-2026 01:00:00,"IGNOU_Maidan Garhi, Delhi - DPCC",96,Satisfactory,PM10,100,0
2026-09-01T01:00:00+05:30,01-09-2026 01:00:00,"DTU, Delhi - CPCB",96,Satisfactory,PM10,100,0
2026-09-01T01:00:00+05:30,01-09-2026 01:00:00,"JNU, Delhi - DPCC",93,Satisfactory,PM10,100,0
2026-09-01T01:00:00+05:30,01-09-2026 01:00:00,"NSUT Jaffarpur, Delhi - DPCC",92,Satisfactory,PM10,100,0
2026-09-01T01:00:00+05:30,01-09-2026 01:00:00,"IHBAS, Dilshad Garden, Delhi - CPCB",90,Satisfactory,PM10,100,0
2026-09-01T01:00:00+05:30,01-09-2026 01:00:00,"Talkatora Garden, Delhi - DPCC",88,Satisfactory,PM10,100,0
2026-09-01T01:00:00+05:30,01-09-2026 01:00:00,"Nehru Nagar, Delhi - DPCC",74,Satisfactory,PM2.5,100,0
2026-09-01T01:00:00+05:30,01-09-2026 01:00:00,"Najafgarh, Delhi - DPCC",74,Satisfactory,PM10,100,0
2026-09-01T01:00:00+05:30,01-09-2026 01:00:00,"ITO, Delhi - CPCB",68,Satisfactory,CO,100,0
2026-09-01T01:00:00+05:30,01-09-2026 01:00:00,"Aya Nagar, Delhi - IITM",67,Satisfactory,PM10,100,0
2026-09-01T01:00:00+05:30,01-09-2026 01:00:00,"Cantonment Area, Delhi - DPCC",25,Good,PM2.5,100,0
2026-09-01T02:00:00+05:30,01-09-2026 02:00:00,"Wazirpur, Delhi - DPCC",223,Poor,PM10,100,1
2026-09-01T02:00:00+05:30,01-09-2026 02:00:00,"Dwarka-Sector 8, Delhi - DPCC",182,Moderately Polluted,PM10,100,1
2026-09-01T02:00:00+05:30,01-09-2026 02:00:00,"Rohini, Delhi - DPCC",148,Moderately Polluted,PM10,100,1
2026-09-01T02:00:00+05:30,01-09-2026 02:00:00,"Mundka, Delhi - DPCC",146,Moderately Polluted,PM10,100,1
2026-09-01T02:00:00+05:30,01-09-2026 02:00:00,"CRRI Mathura Road, Delhi - IITM",145,Moderately Polluted,PM10,100,1
2026-09-01T02:00:00+05:30,01-09-2026 02:00:00,"IIT Delhi, Delhi - IITM",143,Moderately Polluted,PM10,100,1
2026-09-01T02:00:00+05:30,01-09-2026 02:00:00,"Jahangirpuri, Delhi - DPCC",135,Moderately Polluted,PM10,100,1
2026-09-01T02:00:00+05:30,01-09-2026 02:00:00,"Sirifort, Delhi - CPCB",135,Moderately Polluted,PM10,100,1
2026-09-01T02:00:00+05:30,01-09-2026 02:00:00,"Vivek Vihar, Delhi - DPCC",134,Moderately Polluted,PM10,100,1
2026-09-01T02:00:00+05:30,01-09-2026 02:00:00,"Okhla Phase-2, Delhi - DPCC",134,Moderately Polluted,PM10,100,1
2026-09-01T02:00:00+05:30,01-09-2026 02:00:00,"Ashok Vihar, Delhi - DPCC",131,Moderately Polluted,PM10,100,1
2026-09-01T02:00:00+05:30,01-09-2026 02:00:00,"Pusa, Delhi - DPCC",130,Moderately Polluted,PM10,100,1
2026-09-01T02:00:00+05:30,01-09-2026 02:00:00,"R K Puram, Delhi - DPCC",127,Moderately Polluted,PM10,100,1
2026-09-01T02:00:00+05:30,01-09-2026 02:00:00,"North Campus, DU, Delhi - IITM",125,Moderately Polluted,PM10,100,1
2026-09-01T02:00:00+05:30,01-09-2026 02:00:00,"Sonia Vihar, Delhi - DPCC",124,Moderately Polluted,PM10,100,1
2026-09-01T02:00:00+05:30,01-09-2026 02:00:00,"Patparganj, Delhi - DPCC",117,Moderately Polluted,PM10,100,1
2026-09-01T02:00:00+05:30,01-09-2026 02:00:00,"Shadipur, Delhi - CPCB",117,Moderately Polluted,PM10,100,1
2026-09-01T02:00:00+05:30,01-09-2026 02:00:00,"Narela, Delhi - DPCC",114,Moderately Polluted,PM10,100,1
2026-09-01T02:00:00+05:30,01-09-2026 02:00:00,"Punjabi Bagh, Delhi - DPCC",114,Moderately Polluted,PM10,100,1
2026-09-01T02:00:00+05:30,01-09-2026 02:00:00,"Burari Crossing, Delhi - IITM",112,Moderately Polluted,PM10,100,1
2026-09-01T02:00:00+05:30,01-09-2026 02:00:00,"IMD Lodhi Road, Delhi - IITM",111,Moderately Polluted,PM10,100,1
2026-09-01T02:00:00+05:30,01-09-2026 02:00:00,"Pusa, Delhi - IITM",108,Moderately Polluted,PM10,100,1
2026-09-01T02:00:00+05:30,01-09-2026 02:00:00,"Chandni Chowk, Delhi - IITM",108,Moderately Polluted,CO,100,1
2026-09-01T02:00:00+05:30,01-09-2026 02:00:00,"Jawaharlal Nehru Stadium, Delhi - DPCC",106,Moderately Polluted,PM10,100,1
2026-09-01T02:00:00+05:30,01-09-2026 02:00:00,"Sri Aurobindo Marg, Delhi - DPCC",106,Moderately Polluted,PM10,100,1
2026-09-01T02:00:00+05:30,01-09-2026 02:00:00,"IGI Airport (T3), Delhi - IITM",106,Moderately Polluted,PM10,100,1
2026-09-01T02:00:00+05:30,01-09-2026 02:00:00,"Dr. Karni Singh Shooting Range, Delhi - DPCC",104,Moderately Polluted,PM10,100,1
2026-09-01T02:00:00+05:30,01-09-2026 02:00:00,"Commonwealth Sports Complex, Delhi - DPCC",103,Moderately Polluted,PM10,100,1
2026-09-01T02:00:00+05:30,01-09-2026 02:00:00,"NSIT Dwarka, Delhi - CPCB",103,Moderately Polluted,CO,100,1
2026-09-01T02:00:00+05:30,01-09-2026 02:00:00,"Mandir Marg, Delhi - DPCC",102,Moderately Polluted,PM10,100,1
2026-09-01T02:00:00+05:30,01-09-2026 02:00:00,"Major Dhyan Chand National Stadium, Delhi - DPCC",101,Moderately Polluted,PM10,100,1
2026-09-01T02:00:00+05:30,01-09-2026 02:00:00,"Bawana, Delhi - DPCC",100,Satisfactory,PM10,100,0
2026-09-01T02:00:00+05:30,01-09-2026 02:00:00,"IGNOU_Maidan Garhi, Delhi - DPCC",97,Satisfactory,PM10,100,0
2026-09-01T02:00:00+05:30,01-09-2026 02:00:00,"DTU, Delhi - CPCB",96,Satisfactory,PM10,100,0
2026-09-01T02:00:00+05:30,01-09-2026 02:00:00,"JNU, Delhi - DPCC",94,Satisfactory,PM10,100,0
2026-09-01T02:00:00+05:30,01-09-2026 02:00:00,"NSUT Jaffarpur, Delhi - DPCC",92,Satisfactory,PM10,100,0
2026-09-01T02:00:00+05:30,01-09-2026 02:00:00,"Talkatora Garden, Delhi - DPCC",89,Satisfactory,PM10,100,0
2026-09-01T02:00:00+05:30,01-09-2026 02:00:00,"IHBAS, Dilshad Garden, Delhi - CPCB",89,Satisfactory,PM10,100,0
2026-09-01T02:00:00+05:30,01-09-2026 02:00:00,"Nehru Nagar, Delhi - DPCC",75,Satisfactory,PM2.5,100,0
2026-09-01T02:00:00+05:30,01-09-2026 02:00:00,"Najafgarh, Delhi - DPCC",74,Satisfactory,PM10,100,0
2026-09-01T02:00:00+05:30,01-09-2026 02:00:00,"ITO, Delhi - CPCB",68,Satisfactory,CO,100,0
2026-09-01T02:00:00+05:30,01-09-2026 02:00:00,"Aya Nagar, Delhi - IITM",68,Satisfactory,PM10,100,0
2026-09-01T02:00:00+05:30,01-09-2026 02:00:00,"Cantonment Area, Delhi - DPCC",66,Satisfactory,PM10,100,0
2026-09-01T03:00:00+05:30,01-09-2026 03:00:00,"Wazirpur, Delhi - DPCC",224,Poor,PM10,100,1
2026-09-01T03:00:00+05:30,01-09-2026 03:00:00,"Dwarka-Sector 8, Delhi - DPCC",183,Moderately Polluted,PM10,100,1
2026-09-01T03:00:00+05:30,01-09-2026 03:00:00,"Nehru Nagar, Delhi - DPCC",154,Moderately Polluted,PM10,100,1
2026-09-01T03:00:00+05:30,01-09-2026 03:00:00,"Rohini, Delhi - DPCC",148,Moderately Polluted,PM10,100,1
2026-09-01T03:00:00+05:30,01-09-2026 03:00:00,"CRRI Mathura Road, Delhi - IITM",147,Moderately Polluted,PM10,100,1
2026-09-01T03:00:00+05:30,01-09-2026 03:00:00,"Mundka, Delhi - DPCC",146,Moderately Polluted,PM10,100,1
2026-09-01T03:00:00+05:30,01-09-2026 03:00:00,"IIT Delhi, Delhi - IITM",145,Moderately Polluted,PM10,100,1
2026-09-01T03:00:00+05:30,01-09-2026 03:00:00,"Okhla Phase-2, Delhi - DPCC",136,Moderately Polluted,PM10,100,1
2026-09-01T03:00:00+05:30,01-09-2026 03:00:00,"Sirifort, Delhi - CPCB",136,Moderately Polluted,PM10,100,1
2026-09-01T03:00:00+05:30,01-09-2026 03:00:00,"Jahangirpuri, Delhi - DPCC",135,Moderately Polluted,PM10,100,1
2026-09-01T03:00:00+05:30,01-09-2026 03:00:00,"Vivek Vihar, Delhi - DPCC",134,Moderately Polluted,PM10,100,1
2026-09-01T03:00:00+05:30,01-09-2026 03:00:00,"Ashok Vihar, Delhi - DPCC",131,Moderately Polluted,PM10,100,1
2026-09-01T03:00:00+05:30,01-09-2026 03:00:00,"Pusa, Delhi - DPCC",130,Moderately Polluted,PM10,100,1
2026-09-01T03:00:00+05:30,01-09-2026 03:00:00,"R K Puram, Delhi - DPCC",127,Moderately Polluted,PM10,100,1
2026-09-01T03:00:00+05:30,01-09-2026 03:00:00,"North Campus, DU, Delhi - IITM",125,Moderately Polluted,PM10,100,1
2026-09-01T03:00:00+05:30,01-09-2026 03:00:00,"Sonia Vihar, Delhi - DPCC",123,Moderately Polluted,PM10,100,1
2026-09-01T03:00:00+05:30,01-09-2026 03:00:00,"Patparganj, Delhi - DPCC",117,Moderately Polluted,PM10,100,1
2026-09-01T03:00:00+05:30,01-09-2026 03:00:00,"Shadipur, Delhi - CPCB",117,Moderately Polluted,PM10,100,1
2026-09-01T03:00:00+05:30,01-09-2026 03:00:00,"Punjabi Bagh, Delhi - DPCC",114,Moderately Polluted,PM10,100,1
2026-09-01T03:00:00+05:30,01-09-2026 03:00:00,"Narela, Delhi - DPCC",114,Moderately Polluted,PM10,100,1
2026-09-01T03:00:00+05:30,01-09-2026 03:00:00,"Burari Crossing, Delhi - IITM",112,Moderately Polluted,PM10,100,1
2026-09-01T03:00:00+05:30,01-09-2026 03:00:00,"IMD Lodhi Road, Delhi - IITM",111,Moderately Polluted,PM10,100,1
2026-09-01T03:00:00+05:30,01-09-2026 03:00:00,"Jawaharlal Nehru Stadium, Delhi - DPCC",108,Moderately Polluted,PM10,100,1
2026-09-01T03:00:00+05:30,01-09-2026 03:00:00,"Sri Aurobindo Marg, Delhi - DPCC",107,Moderately Polluted,PM10,100,1
2026-09-01T03:00:00+05:30,01-09-2026 03:00:00,"IGI Airport (T3), Delhi - IITM",107,Moderately Polluted,PM10,100,1
2026-09-01T03:00:00+05:30,01-09-2026 03:00:00,"Pusa, Delhi - IITM",106,Moderately Polluted,PM10,100,1
2026-09-01T03:00:00+05:30,01-09-2026 03:00:00,"Dr. Karni Singh Shooting Range, Delhi - DPCC",106,Moderately Polluted,PM10,100,1
2026-09-01T03:00:00+05:30,01-09-2026 03:00:00,"Major Dhyan Chand National Stadium, Delhi - DPCC",103,Moderately Polluted,PM10,100,1
2026-09-01T03:00:00+05:30,01-09-2026 03:00:00,"Commonwealth Sports Complex, Delhi - DPCC",103,Moderately Polluted,PM10,100,1
2026-09-01T03:00:00+05:30,01-09-2026 03:00:00,"NSIT Dwarka, Delhi - CPCB",103,Moderately Polluted,CO,100,1
2026-09-01T03:00:00+05:30,01-09-2026 03:00:00,"Chandni Chowk, Delhi - IITM",103,Moderately Polluted,CO,100,1
2026-09-01T03:00:00+05:30,01-09-2026 03:00:00,"Bawana, Delhi - DPCC",102,Moderately Polluted,PM10,100,1
2026-09-01T03:00:00+05:30,01-09-2026 03:00:00,"Mandir Marg, Delhi - DPCC",102,Moderately Polluted,PM10,100,1
2026-09-01T03:00:00+05:30,01-09-2026 03:00:00,"IGNOU_Maidan Garhi, Delhi - DPCC",98,Satisfactory,PM10,100,0
2026-09-01T03:00:00+05:30,01-09-2026 03:00:00,"DTU, Delhi - CPCB",96,Satisfactory,PM10,100,0
2026-09-01T03:00:00+05:30,01-09-2026 03:00:00,"JNU, Delhi - DPCC",96,Satisfactory,PM10,100,0
2026-09-01T03:00:00+05:30,01-09-2026 03:00:00,"NSUT Jaffarpur, Delhi - DPCC",92,Satisfactory,PM10,100,0
2026-09-01T03:00:00+05:30,01-09-2026 03:00:00,"IHBAS, Dilshad Garden, Delhi - CPCB",89,Satisfactory,PM10,100,0
2026-09-01T03:00:00+05:30,01-09-2026 03:00:00,"Talkatora Garden, Delhi - DPCC",89,Satisfactory,PM10,100,0
2026-09-01T03:00:00+05:30,01-09-2026 03:00:00,"Najafgarh, Delhi - DPCC",74,Satisfactory,PM10,100,0
2026-09-01T03:00:00+05:30,01-09-2026 03:00:00,"Aya Nagar, Delhi - IITM",69,Satisfactory,PM10,100,0
2026-09-01T03:00:00+05:30,01-09-2026 03:00:00,"ITO, Delhi - CPCB",65,Satisfactory,CO,100,0
2026-09-01T03:00:00+05:30,01-09-2026 03:00:00,"Cantonment Area, Delhi - DPCC",64,Satisfactory,PM10,100,0
2026-09-01T04:00:00+05:30,01-09-2026 04:00:00,"Wazirpur, Delhi - DPCC",225,Poor,PM10,100,1
2026-09-01T04:00:00+05:30,01-09-2026 04:00:00,"Dwarka-Sector 8, Delhi - DPCC",183,Moderately Polluted,PM10,100,1
2026-09-01T04:00:00+05:30,01-09-2026 04:00:00,"Nehru Nagar, Delhi - DPCC",151,Moderately Polluted,PM10,100,1
2026-09-01T04:00:00+05:30,01-09-2026 04:00:00,"Rohini, Delhi - DPCC",148,Moderately Polluted,PM10,100,1
2026-09-01T04:00:00+05:30,01-09-2026 04:00:00,"CRRI Mathura Road, Delhi - IITM",147,Moderately Polluted,PM10,100,1
2026-09-01T04:00:00+05:30,01-09-2026 04:00:00,"IIT Delhi, Delhi - IITM",146,Moderately Polluted,PM10,100,1
2026-09-01T04:00:00+05:30,01-09-2026 04:00:00,"Mundka, Delhi - DPCC",145,Moderately Polluted,PM10,100,1
2026-09-01T04:00:00+05:30,01-09-2026 04:00:00,"Okhla Phase-2, Delhi - DPCC",136,Moderately Polluted,PM10,100,1
2026-09-01T04:00:00+05:30,01-09-2026 04:00:00,"Sirifort, Delhi - CPCB",136,Moderately Polluted,PM10,100,1
2026-09-01T04:00:00+05:30,01-09-2026 04:00:00,"Jahangirpuri, Delhi - DPCC",135,Moderately Polluted,PM10,100,1
2026-09-01T04:00:00+05:30,01-09-2026 04:00:00,"Vivek Vihar, Delhi - DPCC",134,Moderately Polluted,PM10,100,1
2026-09-01T04:00:00+05:30,01-09-2026 04:00:00,"Ashok Vihar, Delhi - DPCC",130,Moderately Polluted,PM10,100,1
2026-09-01T04:00:00+05:30,01-09-2026 04:00:00,"Pusa, Delhi - DPCC",130,Moderately Polluted,PM10,100,1
2026-09-01T04:00:00+05:30,01-09-2026 04:00:00,"R K Puram, Delhi - DPCC",128,Moderately Polluted,PM10,100,1
2026-09-01T04:00:00+05:30,01-09-2026 04:00:00,"North Campus, DU, Delhi - IITM",125,Moderately Polluted,PM10,100,1
2026-09-01T04:00:00+05:30,01-09-2026 04:00:00,"Sonia Vihar, Delhi - DPCC",123,Moderately Polluted,PM10,100,1
2026-09-01T04:00:00+05:30,01-09-2026 04:00:00,"Patparganj, Delhi - DPCC",116,Moderately Polluted,PM10,100,1
2026-09-01T04:00:00+05:30,01-09-2026 04:00:00,"Narela, Delhi - DPCC",115,Moderately Polluted,PM10,100,1
2026-09-01T04:00:00+05:30,01-09-2026 04:00:00,"Shadipur, Delhi - CPCB",115,Moderately Polluted,PM10,100,1
2026-09-01T04:00:00+05:30,01-09-2026 04:00:00,"Punjabi Bagh, Delhi - DPCC",114,Moderately Polluted,PM10,100,1
2026-09-01T04:00:00+05:30,01-09-2026 04:00:00,"Burari Crossing, Delhi - IITM",113,Moderately Polluted,PM10,100,1
2026-09-01T04:00:00+05:30,01-09-2026 04:00:00,"IMD Lodhi Road, Delhi - IITM",111,Moderately Polluted,PM10,100,1
2026-09-01T04:00:00+05:30,01-09-2026 04:00:00,"Sri Aurobindo Marg, Delhi - DPCC",108,Moderately Polluted,PM10,100,1
2026-09-01T04:00:00+05:30,01-09-2026 04:00:00,"Jawaharlal Nehru Stadium, Delhi - DPCC",108,Moderately Polluted,PM10,100,1
2026-09-01T04:00:00+05:30,01-09-2026 04:00:00,"IGI Airport (T3), Delhi - IITM",107,Moderately Polluted,PM10,100,1
2026-09-01T04:00:00+05:30,01-09-2026 04:00:00,"Dr. Karni Singh Shooting Range, Delhi - DPCC",107,Moderately Polluted,PM10,100,1
2026-09-01T04:00:00+05:30,01-09-2026 04:00:00,"Major Dhyan Chand National Stadium, Delhi - DPCC",104,Moderately Polluted,PM10,100,1
2026-09-01T04:00:00+05:30,01-09-2026 04:00:00,"Pusa, Delhi - IITM",104,Moderately Polluted,PM10,100,1
2026-09-01T04:00:00+05:30,01-09-2026 04:00:00,"NSIT Dwarka, Delhi - CPCB",103,Moderately Polluted,CO,100,1
2026-09-01T04:00:00+05:30,01-09-2026 04:00:00,"Commonwealth Sports Complex, Delhi - DPCC",102,Moderately Polluted,PM10,100,1
2026-09-01T04:00:00+05:30,01-09-2026 04:00:00,"Mandir Marg, Delhi - DPCC",102,Moderately Polluted,PM10,100,1
2026-09-01T04:00:00+05:30,01-09-2026 04:00:00,"Bawana, Delhi - DPCC",101,Moderately Polluted,PM10,100,1
2026-09-01T04:00:00+05:30,01-09-2026 04:00:00,"IGNOU_Maidan Garhi, Delhi - DPCC",99,Satisfactory,PM10,100,0
2026-09-01T04:00:00+05:30,01-09-2026 04:00:00,"Chandni Chowk, Delhi - IITM",99,Satisfactory,CO,100,0
2026-09-01T04:00:00+05:30,01-09-2026 04:00:00,"DTU, Delhi - CPCB",96,Satisfactory,PM10,100,0
2026-09-01T04:00:00+05:30,01-09-2026 04:00:00,"JNU, Delhi - DPCC",96,Satisfactory,PM10,100,0
2026-09-01T04:00:00+05:30,01-09-2026 04:00:00,"NSUT Jaffarpur, Delhi - DPCC",92,Satisfactory,PM10,100,0
2026-09-01T04:00:00+05:30,01-09-2026 04:00:00,"Talkatora Garden, Delhi - DPCC",89,Satisfactory,PM10,100,0
2026-09-01T04:00:00+05:30,01-09-2026 04:00:00,"IHBAS, Dilshad Garden, Delhi - CPCB",88,Satisfactory,PM10,100,0
2026-09-01T04:00:00+05:30,01-09-2026 04:00:00,"Najafgarh, Delhi - DPCC",75,Satisfactory,PM10,100,0
2026-09-01T04:00:00+05:30,01-09-2026 04:00:00,"Aya Nagar, Delhi - IITM",68,Satisfactory,PM10,100,0
2026-09-01T04:00:00+05:30,01-09-2026 04:00:00,"Cantonment Area, Delhi - DPCC",63,Satisfactory,PM10,100,0
2026-09-01T04:00:00+05:30,01-09-2026 04:00:00,"ITO, Delhi - CPCB",60,Satisfactory,CO,100,0
2026-09-01T05:00:00+05:30,01-09-2026 05:00:00,"Wazirpur, Delhi - DPCC",224,Poor,PM10,100,1
2026-09-01T05:00:00+05:30,01-09-2026 05:00:00,"Dwarka-Sector 8, Delhi - DPCC",184,Moderately Polluted,PM10,100,1
2026-09-01T05:00:00+05:30,01-09-2026 05:00:00,"Rohini, Delhi - DPCC",149,Moderately Polluted,PM10,100,1
2026-09-01T05:00:00+05:30,01-09-2026 05:00:00,"CRRI Mathura Road, Delhi - IITM",148,Moderately Polluted,PM10,100,1
2026-09-01T05:00:00+05:30,01-09-2026 05:00:00,"Nehru Nagar, Delhi - DPCC",147,Moderately Polluted,PM10,100,1
2026-09-01T05:00:00+05:30,01-09-2026 05:00:00,"Mundka, Delhi - DPCC",146,Moderately Polluted,PM10,100,1
2026-09-01T05:00:00+05:30,01-09-2026 05:00:00,"IIT Delhi, Delhi - IITM",146,Moderately Polluted,PM10,100,1
2026-09-01T05:00:00+05:30,01-09-2026 05:00:00,"Okhla Phase-2, Delhi - DPCC",136,Moderately Polluted,PM10,100,1
2026-09-01T05:00:00+05:30,01-09-2026 05:00:00,"Sirifort, Delhi - CPCB",136,Moderately Polluted,PM10,100,1
2026-09-01T05:00:00+05:30,01-09-2026 05:00:00,"Jahangirpuri, Delhi - DPCC",135,Moderately Polluted,PM10,100,1
2026-09-01T05:00:00+05:30,01-09-2026 05:00:00,"Vivek Vihar, Delhi - DPCC",134,Moderately Polluted,PM10,100,1
2026-09-01T05:00:00+05:30,01-09-2026 05:00:00,"Ashok Vihar, Delhi - DPCC",131,Moderately Polluted,PM10,100,1
2026-09-01T05:00:00+05:30,01-09-2026 05:00:00,"Pusa, Delhi - DPCC",130,Moderately Polluted,PM10,100,1
2026-09-01T05:00:00+05:30,01-09-2026 05:00:00,"R K Puram, Delhi - DPCC",128,Moderately Polluted,PM10,100,1
2026-09-01T05:00:00+05:30,01-09-2026 05:00:00,"North Campus, DU, Delhi - IITM",126,Moderately Polluted,PM10,100,1
2026-09-01T05:00:00+05:30,01-09-2026 05:00:00,"Sonia Vihar, Delhi - DPCC",123,Moderately Polluted,PM10,100,1
2026-09-01T05:00:00+05:30,01-09-2026 05:00:00,"Narela, Delhi - DPCC",117,Moderately Polluted,PM10,100,1
2026-09-01T05:00:00+05:30,01-09-2026 05:00:00,"Patparganj, Delhi - DPCC",116,Moderately Polluted,PM10,100,1
2026-09-01T05:00:00+05:30,01-09-2026 05:00:00,"Punjabi Bagh, Delhi - DPCC",116,Moderately Polluted,PM10,100,1
2026-09-01T05:00:00+05:30,01-09-2026 05:00:00,"Shadipur, Delhi - CPCB",115,Moderately Polluted,PM10,100,1
2026-09-01T05:00:00+05:30,01-09-2026 05:00:00,"Burari Crossing, Delhi - IITM",113,Moderately Polluted,PM10,100,1
2026-09-01T05:00:00+05:30,01-09-2026 05:00:00,"IMD Lodhi Road, Delhi - IITM",110,Moderately Polluted,PM10,100,1
2026-09-01T05:00:00+05:30,01-09-2026 05:00:00,"Sri Aurobindo Marg, Delhi - DPCC",108,Moderately Polluted,PM10,100,1
2026-09-01T05:00:00+05:30,01-09-2026 05:00:00,"Jawaharlal Nehru Stadium, Delhi - DPCC",108,Moderately Polluted,PM10,100,1
2026-09-01T05:00:00+05:30,01-09-2026 05:00:00,"Dr. Karni Singh Shooting Range, Delhi - DPCC",107,Moderately Polluted,PM10,100,1
2026-09-01T05:00:00+05:30,01-09-2026 05:00:00,"IGI Airport (T3), Delhi - IITM",107,Moderately Polluted,PM10,100,1
2026-09-01T05:00:00+05:30,01-09-2026 05:00:00,"Major Dhyan Chand National Stadium, Delhi - DPCC",103,Moderately Polluted,PM10,100,1
2026-09-01T05:00:00+05:30,01-09-2026 05:00:00,"Pusa, Delhi - IITM",102,Moderately Polluted,PM10,100,1
2026-09-01T05:00:00+05:30,01-09-2026 05:00:00,"Commonwealth Sports Complex, Delhi - DPCC",102,Moderately Polluted,PM10,100,1
2026-09-01T05:00:00+05:30,01-09-2026 05:00:00,"NSIT Dwarka, Delhi - CPCB",102,Moderately Polluted,CO,100,1
2026-09-01T05:00:00+05:30,01-09-2026 05:00:00,"Mandir Marg, Delhi - DPCC",101,Moderately Polluted,PM10,100,1
2026-09-01T05:00:00+05:30,01-09-2026 05:00:00,"IGNOU_Maidan Garhi, Delhi - DPCC",100,Satisfactory,PM10,100,0
2026-09-01T05:00:00+05:30,01-09-2026 05:00:00,"Bawana, Delhi - DPCC",99,Satisfactory,PM10,100,0
2026-09-01T05:00:00+05:30,01-09-2026 05:00:00,"JNU, Delhi - DPCC",97,Satisfactory,PM10,100,0
2026-09-01T05:00:00+05:30,01-09-2026 05:00:00,"Chandni Chowk, Delhi - IITM",97,Satisfactory,CO,100,0
2026-09-01T05:00:00+05:30,01-09-2026 05:00:00,"DTU, Delhi - CPCB",96,Satisfactory,PM10,100,0
2026-09-01T05:00:00+05:30,01-09-2026 05:00:00,"NSUT Jaffarpur, Delhi - DPCC",92,Satisfactory,PM10,100,0
2026-09-01T05:00:00+05:30,01-09-2026 05:00:00,"Talkatora Garden, Delhi - DPCC",89,Satisfactory,PM10,100,0
2026-09-01T05:00:00+05:30,01-09-2026 05:00:00,"IHBAS, Dilshad Garden, Delhi - CPCB",88,Satisfactory,PM10,100,0
2026-09-01T05:00:00+05:30,01-09-2026 05:00:00,"Najafgarh, Delhi - DPCC",75,Satisfactory,PM10,100,0
2026-09-01T05:00:00+05:30,01-09-2026 05:00:00,"Aya Nagar, Delhi - IITM",68,Satisfactory,PM10,100,0
2026-09-01T05:00:00+05:30,01-09-2026 05:00:00,"Cantonment Area, Delhi - DPCC",61,Satisfactory,PM10,100,0
2026-09-01T05:00:00+05:30,01-09-2026 05:00:00,"ITO, Delhi - CPCB",60,Satisfactory,NO2,100,0
2026-09-01T09:00:00+05:30,01-09-2026 09:00:00,"Wazirpur, Delhi - DPCC",223,Poor,PM10,100,1
2026-09-01T09:00:00+05:30,01-09-2026 09:00:00,"Dwarka-Sector 8, Delhi - DPCC",182,Moderately Polluted,PM10,100,1
2026-09-01T09:00:00+05:30,01-09-2026 09:00:00,"Rohini, Delhi - DPCC",149,Moderately Polluted,PM10,100,1
2026-09-01T09:00:00+05:30,01-09-2026 09:00:00,"CRRI Mathura Road, Delhi - IITM",149,Moderately Polluted,PM10,100,1
2026-09-01T09:00:00+05:30,01-09-2026 09:00:00,"IIT Delhi, Delhi - IITM",146,Moderately Polluted,PM10,100,1
2026-09-01T09:00:00+05:30,01-09-2026 09:00:00,"Mundka, Delhi - DPCC",145,Moderately Polluted,PM10,100,1
2026-09-01T09:00:00+05:30,01-09-2026 09:00:00,"Nehru Nagar, Delhi - DPCC",139,Moderately Polluted,PM10,100,1
2026-09-01T09:00:00+05:30,01-09-2026 09:00:00,"Okhla Phase-2, Delhi - DPCC",138,Moderately Polluted,PM10,100,1
2026-09-01T09:00:00+05:30,01-09-2026 09:00:00,"Sirifort, Delhi - CPCB",137,Moderately Polluted,PM10,100,1
2026-09-01T09:00:00+05:30,01-09-2026 09:00:00,"Vivek Vihar, Delhi - DPCC",135,Moderately Polluted,PM10,100,1
2026-09-01T09:00:00+05:30,01-09-2026 09:00:00,"Jahangirpuri, Delhi - DPCC",135,Moderately Polluted,PM10,100,1
2026-09-01T09:00:00+05:30,01-09-2026 09:00:00,"Ashok Vihar, Delhi - DPCC",130,Moderately Polluted,PM10,100,1
2026-09-01T09:00:00+05:30,01-09-2026 09:00:00,"Pusa, Delhi - DPCC",129,Moderately Polluted,PM10,100,1
2026-09-01T09:00:00+05:30,01-09-2026 09:00:00,"R K Puram, Delhi - DPCC",127,Moderately Polluted,PM10,100,1
2026-09-01T09:00:00+05:30,01-09-2026 09:00:00,"North Campus, DU, Delhi - IITM",126,Moderately Polluted,PM10,100,1
2026-09-01T09:00:00+05:30,01-09-2026 09:00:00,"Sonia Vihar, Delhi - DPCC",123,Moderately Polluted,PM10,100,1
2026-09-01T09:00:00+05:30,01-09-2026 09:00:00,"Narela, Delhi - DPCC",118,Moderately Polluted,PM10,100,1
2026-09-01T09:00:00+05:30,01-09-2026 09:00:00,"Patparganj, Delhi - DPCC",117,Moderately Polluted,PM10,100,1
2026-09-01T09:00:00+05:30,01-09-2026 09:00:00,"Punjabi Bagh, Delhi - DPCC",117,Moderately Polluted,PM10,100,1
2026-09-01T09:00:00+05:30,01-09-2026 09:00:00,"Shadipur, Delhi - CPCB",114,Moderately Polluted,PM10,100,1
2026-09-01T09:00:00+05:30,01-09-2026 09:00:00,"Burari Crossing, Delhi - IITM",112,Moderately Polluted,PM10,100,1
2026-09-01T09:00:00+05:30,01-09-2026 09:00:00,"IMD Lodhi Road, Delhi - IITM",111,Moderately Polluted,PM10,100,1
2026-09-01T09:00:00+05:30,01-09-2026 09:00:00,"IGI Airport (T3), Delhi - IITM",110,Moderately Polluted,NO2,100,1
2026-09-01T09:00:00+05:30,01-09-2026 09:00:00,"Jawaharlal Nehru Stadium, Delhi - DPCC",108,Moderately Polluted,PM10,100,1
2026-09-01T09:00:00+05:30,01-09-2026 09:00:00,"Dr. Karni Singh Shooting Range, Delhi - DPCC",107,Moderately Polluted,PM10,100,1
2026-09-01T09:00:00+05:30,01-09-2026 09:00:00,"Sri Aurobindo Marg, Delhi - DPCC",106,Moderately Polluted,PM10,100,1
2026-09-01T09:00:00+05:30,01-09-2026 09:00:00,"NSIT Dwarka, Delhi - CPCB",103,Moderately Polluted,CO,100,1
2026-09-01T09:00:00+05:30,01-09-2026 09:00:00,"Major Dhyan Chand National Stadium, Delhi - DPCC",102,Moderately Polluted,PM10,100,1
2026-09-01T09:00:00+05:30,01-09-2026 09:00:00,"Pusa, Delhi - IITM",101,Moderately Polluted,PM10,100,1
2026-09-01T09:00:00+05:30,01-09-2026 09:00:00,"Mandir Marg, Delhi - DPCC",101,Moderately Polluted,PM10,100,1
2026-09-01T09:00:00+05:30,01-09-2026 09:00:00,"IGNOU_Maidan Garhi, Delhi - DPCC",100,Satisfactory,PM10,100,0
2026-09-01T09:00:00+05:30,01-09-2026 09:00:00,"Commonwealth Sports Complex, Delhi - DPCC",99,Satisfactory,PM10,100,0
2026-09-01T09:00:00+05:30,01-09-2026 09:00:00,"Bawana, Delhi - DPCC",99,Satisfactory,PM10,100,0
2026-09-01T09:00:00+05:30,01-09-2026 09:00:00,"DTU, Delhi - CPCB",98,Satisfactory,PM10,100,0
2026-09-01T09:00:00+05:30,01-09-2026 09:00:00,"JNU, Delhi - DPCC",96,Satisfactory,PM10,100,0
2026-09-01T09:00:00+05:30,01-09-2026 09:00:00,"NSUT Jaffarpur, Delhi - DPCC",93,Satisfactory,PM10,100,0
2026-09-01T09:00:00+05:30,01-09-2026 09:00:00,"Talkatora Garden, Delhi - DPCC",90,Satisfactory,PM10,100,0
2026-09-01T09:00:00+05:30,01-09-2026 09:00:00,"Chandni Chowk, Delhi - IITM",90,Satisfactory,CO,100,0
2026-09-01T09:00:00+05:30,01-09-2026 09:00:00,"IHBAS, Dilshad Garden, Delhi - CPCB",87,Satisfactory,PM10,100,0
2026-09-01T09:00:00+05:30,01-09-2026 09:00:00,"Najafgarh, Delhi - DPCC",75,Satisfactory,PM10,100,0
2026-09-01T09:00:00+05:30,01-09-2026 09:00:00,"Aya Nagar, Delhi - IITM",68,Satisfactory,PM10,100,0
2026-09-01T09:00:00+05:30,01-09-2026 09:00:00,"ITO, Delhi - CPCB",60,Satisfactory,NO2,100,0
2026-09-01T09:00:00+05:30,01-09-2026 09:00:00,"Cantonment Area, Delhi - DPCC",55,Satisfactory,PM10,100,0
2026-09-01T10:00:00+05:30,01-09-2026 10:00:00,"Wazirpur, Delhi - DPCC",228,Poor,PM10,100,1
2026-09-01T10:00:00+05:30,01-09-2026 10:00:00,"Dwarka-Sector 8, Delhi - DPCC",180,Moderately Polluted,PM10,100,1
2026-09-01T10:00:00+05:30,01-09-2026 10:00:00,"Rohini, Delhi - DPCC",149,Moderately Polluted,PM10,100,1
2026-09-01T10:00:00+05:30,01-09-2026 10:00:00,"CRRI Mathura Road, Delhi - IITM",149,Moderately Polluted,PM10,100,1
2026-09-01T10:00:00+05:30,01-09-2026 10:00:00,"IIT Delhi, Delhi - IITM",147,Moderately Polluted,PM10,100,1
2026-09-01T10:00:00+05:30,01-09-2026 10:00:00,"Mundka, Delhi - DPCC",144,Moderately Polluted,PM10,100,1
2026-09-01T10:00:00+05:30,01-09-2026 10:00:00,"Okhla Phase-2, Delhi - DPCC",138,Moderately Polluted,PM10,100,1
2026-09-01T10:00:00+05:30,01-09-2026 10:00:00,"Nehru Nagar, Delhi - DPCC",138,Moderately Polluted,PM10,100,1
2026-09-01T10:00:00+05:30,01-09-2026 10:00:00,"Sirifort, Delhi - CPCB",137,Moderately Polluted,PM10,100,1
2026-09-01T10:00:00+05:30,01-09-2026 10:00:00,"Vivek Vihar, Delhi - DPCC",135,Moderately Polluted,PM10,100,1
2026-09-01T10:00:00+05:30,01-09-2026 10:00:00,"Jahangirpuri, Delhi - DPCC",135,Moderately Polluted,PM10,100,1
2026-09-01T10:00:00+05:30,01-09-2026 10:00:00,"Ashok Vihar, Delhi - DPCC",130,Moderately Polluted,PM10,100,1
2026-09-01T10:00:00+05:30,01-09-2026 10:00:00,"Pusa, Delhi - DPCC",129,Moderately Polluted,PM10,100,1
2026-09-01T10:00:00+05:30,01-09-2026 10:00:00,"R K Puram, Delhi - DPCC",127,Moderately Polluted,PM10,100,1
2026-09-01T10:00:00+05:30,01-09-2026 10:00:00,"North Campus, DU, Delhi - IITM",126,Moderately Polluted,PM10,100,1
2026-09-01T10:00:00+05:30,01-09-2026 10:00:00,"Sonia Vihar, Delhi - DPCC",123,Moderately Polluted,PM10,100,1
2026-09-01T10:00:00+05:30,01-09-2026 10:00:00,"Narela, Delhi - DPCC",118,Moderately Polluted,PM10,100,1
2026-09-01T10:00:00+05:30,01-09-2026 10:00:00,"Punjabi Bagh, Delhi - DPCC",118,Moderately Polluted,PM10,100,1
2026-09-01T10:00:00+05:30,01-09-2026 10:00:00,"Patparganj, Delhi - DPCC",117,Moderately Polluted,PM10,100,1
2026-09-01T10:00:00+05:30,01-09-2026 10:00:00,"Shadipur, Delhi - CPCB",114,Moderately Polluted,PM10,100,1
2026-09-01T10:00:00+05:30,01-09-2026 10:00:00,"IMD Lodhi Road, Delhi - IITM",111,Moderately Polluted,PM10,100,1
2026-09-01T10:00:00+05:30,01-09-2026 10:00:00,"IGI Airport (T3), Delhi - IITM",111,Moderately Polluted,NO2,100,1
2026-09-01T10:00:00+05:30,01-09-2026 10:00:00,"Burari Crossing, Delhi - IITM",111,Moderately Polluted,PM10,100,1
2026-09-01T10:00:00+05:30,01-09-2026 10:00:00,"Dr. Karni Singh Shooting Range, Delhi - DPCC",107,Moderately Polluted,PM10,100,1
2026-09-01T10:00:00+05:30,01-09-2026 10:00:00,"Jawaharlal Nehru Stadium, Delhi - DPCC",107,Moderately Polluted,PM10,100,1
2026-09-01T10:00:00+05:30,01-09-2026 10:00:00,"Sri Aurobindo Marg, Delhi - DPCC",106,Moderately Polluted,PM10,100,1
2026-09-01T10:00:00+05:30,01-09-2026 10:00:00,"Major Dhyan Chand National Stadium, Delhi - DPCC",105,Moderately Polluted,PM10,100,1
2026-09-01T10:00:00+05:30,01-09-2026 10:00:00,"NSIT Dwarka, Delhi - CPCB",103,Moderately Polluted,CO,100,1
2026-09-01T10:00:00+05:30,01-09-2026 10:00:00,"Mandir Marg, Delhi - DPCC",101,Moderately Polluted,PM10,100,1
2026-09-01T10:00:00+05:30,01-09-2026 10:00:00,"Pusa, Delhi - IITM",101,Moderately Polluted,PM10,100,1
2026-09-01T10:00:00+05:30,01-09-2026 10:00:00,"IGNOU_Maidan Garhi, Delhi - DPCC",100,Satisfactory,PM10,100,0
2026-09-01T10:00:00+05:30,01-09-2026 10:00:00,"Bawana, Delhi - DPCC",99,Satisfactory,PM10,100,0
2026-09-01T10:00:00+05:30,01-09-2026 10:00:00,"DTU, Delhi - CPCB",98,Satisfactory,PM10,100,0
2026-09-01T10:00:00+05:30,01-09-2026 10:00:00,"Commonwealth Sports Complex, Delhi - DPCC",98,Satisfactory,PM10,100,0
2026-09-01T10:00:00+05:30,01-09-2026 10:00:00,"JNU, Delhi - DPCC",96,Satisfactory,PM10,100,0
2026-09-01T10:00:00+05:30,01-09-2026 10:00:00,"NSUT Jaffarpur, Delhi - DPCC",92,Satisfactory,PM10,100,0
2026-09-01T10:00:00+05:30,01-09-2026 10:00:00,"Talkatora Garden, Delhi - DPCC",90,Satisfactory,PM10,100,0
2026-09-01T10:00:00+05:30,01-09-2026 10:00:00,"Chandni Chowk, Delhi - IITM",88,Satisfactory,CO,100,0
2026-09-01T10:00:00+05:30,01-09-2026 10:00:00,"IHBAS, Dilshad Garden, Delhi - CPCB",87,Satisfactory,PM10,100,0
2026-09-01T10:00:00+05:30,01-09-2026 10:00:00,"Najafgarh, Delhi - DPCC",75,Satisfactory,PM10,100,0
2026-09-01T10:00:00+05:30,01-09-2026 10:00:00,"Aya Nagar, Delhi - IITM",68,Satisfactory,PM10,100,0
2026-09-01T10:00:00+05:30,01-09-2026 10:00:00,"ITO, Delhi - CPCB",59,Satisfactory,NO2,100,0
2026-09-01T10:00:00+05:30,01-09-2026 10:00:00,"Cantonment Area, Delhi - DPCC",55,Satisfactory,PM10,100,0
2026-09-01T11:00:00+05:30,01-09-2026 11:00:00,"Wazirpur, Delhi - DPCC",238,Poor,PM10,100,1
2026-09-01T11:00:00+05:30,01-09-2026 11:00:00,"Dwarka-Sector 8, Delhi - DPCC",179,Moderately Polluted,PM10,100,1
2026-09-01T11:00:00+05:30,01-09-2026 11:00:00,"CRRI Mathura Road, Delhi - IITM",149,Moderately Polluted,PM10,100,1
2026-09-01T11:00:00+05:30,01-09-2026 11:00:00,"IIT Delhi, Delhi - IITM",147,Moderately Polluted,PM10,100,1
2026-09-01T11:00:00+05:30,01-09-2026 11:00:00,"Rohini, Delhi - DPCC",147,Moderately Polluted,PM10,100,1
2026-09-01T11:00:00+05:30,01-09-2026 11:00:00,"Mundka, Delhi - DPCC",144,Moderately Polluted,PM10,100,1
2026-09-01T11:00:00+05:30,01-09-2026 11:00:00,"Okhla Phase-2, Delhi - DPCC",138,Moderately Polluted,PM10,100,1
2026-09-01T11:00:00+05:30,01-09-2026 11:00:00,"Nehru Nagar, Delhi - DPCC",137,Moderately Polluted,PM10,100,1
2026-09-01T11:00:00+05:30,01-09-2026 11:00:00,"Sirifort, Delhi - CPCB",136,Moderately Polluted,PM10,100,1
2026-09-01T11:00:00+05:30,01-09-2026 11:00:00,"Vivek Vihar, Delhi - DPCC",135,Moderately Polluted,PM10,100,1
2026-09-01T11:00:00+05:30,01-09-2026 11:00:00,"Jahangirpuri, Delhi - DPCC",134,Moderately Polluted,PM10,100,1
2026-09-01T11:00:00+05:30,01-09-2026 11:00:00,"Ashok Vihar, Delhi - DPCC",130,Moderately Polluted,PM10,100,1
2026-09-01T11:00:00+05:30,01-09-2026 11:00:00,"Pusa, Delhi - DPCC",129,Moderately Polluted,PM10,100,1
2026-09-01T11:00:00+05:30,01-09-2026 11:00:00,"R K Puram, Delhi - DPCC",127,Moderately Polluted,PM10,100,1
2026-09-01T11:00:00+05:30,01-09-2026 11:00:00,"North Campus, DU, Delhi - IITM",125,Moderately Polluted,PM10,100,1
2026-09-01T11:00:00+05:30,01-09-2026 11:00:00,"Sonia Vihar, Delhi - DPCC",122,Moderately Polluted,PM10,100,1
2026-09-01T11:00:00+05:30,01-09-2026 11:00:00,"Narela, Delhi - DPCC",118,Moderately Polluted,PM10,100,1
2026-09-01T11:00:00+05:30,01-09-2026 11:00:00,"Punjabi Bagh, Delhi - DPCC",118,Moderately Polluted,PM10,100,1
2026-09-01T11:00:00+05:30,01-09-2026 11:00:00,"Patparganj, Delhi - DPCC",117,Moderately Polluted,PM10,100,1
2026-09-01T11:00:00+05:30,01-09-2026 11:00:00,"Shadipur, Delhi - CPCB",114,Moderately Polluted,PM10,100,1
2026-09-01T11:00:00+05:30,01-09-2026 11:00:00,"IGI Airport (T3), Delhi - IITM",112,Moderately Polluted,NO2,100,1
2026-09-01T11:00:00+05:30,01-09-2026 11:00:00,"Burari Crossing, Delhi - IITM",110,Moderately Polluted,PM10,100,1
2026-09-01T11:00:00+05:30,01-09-2026 11:00:00,"IMD Lodhi Road, Delhi - IITM",110,Moderately Polluted,PM10,100,1
2026-09-01T11:00:00+05:30,01-09-2026 11:00:00,"Jawaharlal Nehru Stadium, Delhi - DPCC",107,Moderately Polluted,PM10,100,1
2026-09-01T11:00:00+05:30,01-09-2026 11:00:00,"Dr. Karni Singh Shooting Range, Delhi - DPCC",106,Moderately Polluted,PM10,100,1
2026-09-01T11:00:00+05:30,01-09-2026 11:00:00,"Sri Aurobindo Marg, Delhi - DPCC",105,Moderately Polluted,PM10,100,1
2026-09-01T11:00:00+05:30,01-09-2026 11:00:00,"Major Dhyan Chand National Stadium, Delhi - DPCC",104,Moderately Polluted,PM10,100,1
2026-09-01T11:00:00+05:30,01-09-2026 11:00:00,"Pusa, Delhi - IITM",101,Moderately Polluted,PM10,100,1
2026-09-01T11:00:00+05:30,01-09-2026 11:00:00,"NSIT Dwarka, Delhi - CPCB",101,Moderately Polluted,CO,100,1
2026-09-01T11:00:00+05:30,01-09-2026 11:00:00,"IGNOU_Maidan Garhi, Delhi - DPCC",100,Satisfactory,PM10,100,0
2026-09-01T11:00:00+05:30,01-09-2026 11:00:00,"Mandir Marg, Delhi - DPCC",100,Satisfactory,PM10,100,0
2026-09-01T11:00:00+05:30,01-09-2026 11:00:00,"Commonwealth Sports Complex, Delhi - DPCC",99,Satisfactory,PM10,100,0
2026-09-01T11:00:00+05:30,01-09-2026 11:00:00,"Bawana, Delhi - DPCC",99,Satisfactory,PM10,100,0
2026-09-01T11:00:00+05:30,01-09-2026 11:00:00,"DTU, Delhi - CPCB",98,Satisfactory,PM10,100,0
2026-09-01T11:00:00+05:30,01-09-2026 11:00:00,"JNU, Delhi - DPCC",96,Satisfactory,PM10,100,0
2026-09-01T11:00:00+05:30,01-09-2026 11:00:00,"NSUT Jaffarpur, Delhi - DPCC",91,Satisfactory,PM10,100,0
2026-09-01T11:00:00+05:30,01-09-2026 11:00:00,"Talkatora Garden, Delhi - DPCC",90,Satisfactory,PM10,100,0
2026-09-01T11:00:00+05:30,01-09-2026 11:00:00,"Chandni Chowk, Delhi - IITM",88,Satisfactory,CO,100,0
2026-09-01T11:00:00+05:30,01-09-2026 11:00:00,"IHBAS, Dilshad Garden, Delhi - CPCB",87,Satisfactory,PM10,100,0
2026-09-01T11:00:00+05:30,01-09-2026 11:00:00,"Najafgarh, Delhi - DPCC",74,Satisfactory,PM10,100,0
2026-09-01T11:00:00+05:30,01-09-2026 11:00:00,"Aya Nagar, Delhi - IITM",68,Satisfactory,PM10,100,0
2026-09-01T11:00:00+05:30,01-09-2026 11:00:00,"ITO, Delhi - CPCB",58,Satisfactory,NO2,100,0
2026-09-01T11:00:00+05:30,01-09-2026 11:00:00,"Cantonment Area, Delhi - DPCC",55,Satisfactory,PM10,100,0
2026-09-01T12:00:00+05:30,01-09-2026 12:00:00,"Wazirpur, Delhi - DPCC",236,Poor,PM10,100,1
2026-09-01T12:00:00+05:30,01-09-2026 12:00:00,"Dwarka-Sector 8, Delhi - DPCC",179,Moderately Polluted,PM10,100,1
2026-09-01T12:00:00+05:30,01-09-2026 12:00:00,"CRRI Mathura Road, Delhi - IITM",148,Moderately Polluted,PM10,100,1
2026-09-01T12:00:00+05:30,01-09-2026 12:00:00,"Rohini, Delhi - DPCC",146,Moderately Polluted,PM10,100,1
2026-09-01T12:00:00+05:30,01-09-2026 12:00:00,"IIT Delhi, Delhi - IITM",146,Moderately Polluted,PM10,100,1
2026-09-01T12:00:00+05:30,01-09-2026 12:00:00,"Mundka, Delhi - DPCC",144,Moderately Polluted,PM10,100,1
2026-09-01T12:00:00+05:30,01-09-2026 12:00:00,"Okhla Phase-2, Delhi - DPCC",138,Moderately Polluted,PM10,100,1
2026-09-01T12:00:00+05:30,01-09-2026 12:00:00,"Nehru Nagar, Delhi - DPCC",137,Moderately Polluted,PM10,100,1
2026-09-01T12:00:00+05:30,01-09-2026 12:00:00,"Sirifort, Delhi - CPCB",136,Moderately Polluted,PM10,100,1
2026-09-01T12:00:00+05:30,01-09-2026 12:00:00,"Jahangirpuri, Delhi - DPCC",134,Moderately Polluted,PM10,100,1
2026-09-01T12:00:00+05:30,01-09-2026 12:00:00,"Vivek Vihar, Delhi - DPCC",134,Moderately Polluted,PM10,100,1
2026-09-01T12:00:00+05:30,01-09-2026 12:00:00,"Pusa, Delhi - DPCC",129,Moderately Polluted,PM10,100,1
2026-09-01T12:00:00+05:30,01-09-2026 12:00:00,"Ashok Vihar, Delhi - DPCC",129,Moderately Polluted,PM10,100,1
2026-09-01T12:00:00+05:30,01-09-2026 12:00:00,"R K Puram, Delhi - DPCC",127,Moderately Polluted,PM10,100,1
2026-09-01T12:00:00+05:30,01-09-2026 12:00:00,"North Campus, DU, Delhi - IITM",124,Moderately Polluted,PM10,100,1
2026-09-01T12:00:00+05:30,01-09-2026 12:00:00,"Sonia Vihar, Delhi - DPCC",121,Moderately Polluted,PM10,100,1
2026-09-01T12:00:00+05:30,01-09-2026 12:00:00,"Punjabi Bagh, Delhi - DPCC",119,Moderately Polluted,PM10,100,1
2026-09-01T12:00:00+05:30,01-09-2026 12:00:00,"Narela, Delhi - DPCC",117,Moderately Polluted,PM10,100,1
2026-09-01T12:00:00+05:30,01-09-2026 12:00:00,"Patparganj, Delhi - DPCC",116,Moderately Polluted,PM10,100,1
2026-09-01T12:00:00+05:30,01-09-2026 12:00:00,"Shadipur, Delhi - CPCB",115,Moderately Polluted,PM10,100,1
2026-09-01T12:00:00+05:30,01-09-2026 12:00:00,"IGI Airport (T3), Delhi - IITM",114,Moderately Polluted,NO2,100,1
2026-09-01T12:00:00+05:30,01-09-2026 12:00:00,"Burari Crossing, Delhi - IITM",110,Moderately Polluted,PM10,100,1
2026-09-01T12:00:00+05:30,01-09-2026 12:00:00,"IMD Lodhi Road, Delhi - IITM",108,Moderately Polluted,PM10,100,1
2026-09-01T12:00:00+05:30,01-09-2026 12:00:00,"Dr. Karni Singh Shooting Range, Delhi - DPCC",106,Moderately Polluted,PM10,100,1
2026-09-01T12:00:00+05:30,01-09-2026 12:00:00,"Sri Aurobindo Marg, Delhi - DPCC",105,Moderately Polluted,PM10,100,1
2026-09-01T12:00:00+05:30,01-09-2026 12:00:00,"Jawaharlal Nehru Stadium, Delhi - DPCC",105,Moderately Polluted,PM10,100,1
2026-09-01T12:00:00+05:30,01-09-2026 12:00:00,"Major Dhyan Chand National Stadium, Delhi - DPCC",104,Moderately Polluted,PM10,100,1
2026-09-01T12:00:00+05:30,01-09-2026 12:00:00,"Mandir Marg, Delhi - DPCC",101,Moderately Polluted,PM10,100,1
2026-09-01T12:00:00+05:30,01-09-2026 12:00:00,"NSIT Dwarka, Delhi - CPCB",100,Satisfactory,CO,100,0
2026-09-01T12:00:00+05:30,01-09-2026 12:00:00,"IGNOU_Maidan Garhi, Delhi - DPCC",100,Satisfactory,PM10,100,0
2026-09-01T12:00:00+05:30,01-09-2026 12:00:00,"Commonwealth Sports Complex, Delhi - DPCC",100,Satisfactory,PM10,100,0
2026-09-01T12:00:00+05:30,01-09-2026 12:00:00,"Pusa, Delhi - IITM",100,Satisfactory,PM10,100,0
2026-09-01T12:00:00+05:30,01-09-2026 12:00:00,"Bawana, Delhi - DPCC",98,Satisfactory,PM10,100,0
2026-09-01T12:00:00+05:30,01-09-2026 12:00:00,"DTU, Delhi - CPCB",97,Satisfactory,PM10,100,0
2026-09-01T12:00:00+05:30,01-09-2026 12:00:00,"JNU, Delhi - DPCC",96,Satisfactory,PM10,100,0
2026-09-01T12:00:00+05:30,01-09-2026 12:00:00,"NSUT Jaffarpur, Delhi - DPCC",90,Satisfactory,PM10,100,0
2026-09-01T12:00:00+05:30,01-09-2026 12:00:00,"Talkatora Garden, Delhi - DPCC",89,Satisfactory,PM10,100,0
2026-09-01T12:00:00+05:30,01-09-2026 12:00:00,"Chandni Chowk, Delhi - IITM",88,Satisfactory,CO,100,0
2026-09-01T12:00:00+05:30,01-09-2026 12:00:00,"IHBAS, Dilshad Garden, Delhi - CPCB",87,Satisfactory,PM10,100,0
2026-09-01T12:00:00+05:30,01-09-2026 12:00:00,"Najafgarh, Delhi - DPCC",74,Satisfactory,PM10,100,0
2026-09-01T12:00:00+05:30,01-09-2026 12:00:00,"Aya Nagar, Delhi - IITM",67,Satisfactory,PM10,100,0
2026-09-01T12:00:00+05:30,01-09-2026 12:00:00,"ITO, Delhi - CPCB",58,Satisfactory,NO2,100,0
2026-09-01T12:00:00+05:30,01-09-2026 12:00:00,"Cantonment Area, Delhi - DPCC",55,Satisfactory,PM10,100,0
2026-09-01T13:00:00+05:30,01-09-2026 13:00:00,"Wazirpur, Delhi - DPCC",233,Poor,PM10,100,1
2026-09-01T13:00:00+05:30,01-09-2026 13:00:00,"Dwarka-Sector 8, Delhi - DPCC",178,Moderately Polluted,PM10,100,1
2026-09-01T13:00:00+05:30,01-09-2026 13:00:00,"CRRI Mathura Road, Delhi - IITM",147,Moderately Polluted,PM10,100,1
2026-09-01T13:00:00+05:30,01-09-2026 13:00:00,"Rohini, Delhi - DPCC",145,Moderately Polluted,PM10,100,1
2026-09-01T13:00:00+05:30,01-09-2026 13:00:00,"IIT Delhi, Delhi - IITM",144,Moderately Polluted,PM10,100,1
2026-09-01T13:00:00+05:30,01-09-2026 13:00:00,"Mundka, Delhi - DPCC",142,Moderately Polluted,PM10,100,1
2026-09-01T13:00:00+05:30,01-09-2026 13:00:00,"Okhla Phase-2, Delhi - DPCC",137,Moderately Polluted,PM10,100,1
2026-09-01T13:00:00+05:30,01-09-2026 13:00:00,"Nehru Nagar, Delhi - DPCC",136,Moderately Polluted,PM10,100,1
2026-09-01T13:00:00+05:30,01-09-2026 13:00:00,"Sirifort, Delhi - CPCB",135,Moderately Polluted,PM10,100,1
2026-09-01T13:00:00+05:30,01-09-2026 13:00:00,"Vivek Vihar, Delhi - DPCC",133,Moderately Polluted,PM10,100,1
2026-09-01T13:00:00+05:30,01-09-2026 13:00:00,"Jahangirpuri, Delhi - DPCC",133,Moderately Polluted,PM10,100,1
2026-09-01T13:00:00+05:30,01-09-2026 13:00:00,"Ashok Vihar, Delhi - DPCC",129,Moderately Polluted,PM10,100,1
2026-09-01T13:00:00+05:30,01-09-2026 13:00:00,"Pusa, Delhi - DPCC",129,Moderately Polluted,PM10,100,1
2026-09-01T13:00:00+05:30,01-09-2026 13:00:00,"R K Puram, Delhi - DPCC",127,Moderately Polluted,PM10,100,1
2026-09-01T13:00:00+05:30,01-09-2026 13:00:00,"North Campus, DU, Delhi - IITM",124,Moderately Polluted,PM10,100,1
2026-09-01T13:00:00+05:30,01-09-2026 13:00:00,"Sonia Vihar, Delhi - DPCC",121,Moderately Polluted,PM10,100,1
2026-09-01T13:00:00+05:30,01-09-2026 13:00:00,"Punjabi Bagh, Delhi - DPCC",119,Moderately Polluted,PM10,100,1
2026-09-01T13:00:00+05:30,01-09-2026 13:00:00,"Narela, Delhi - DPCC",117,Moderately Polluted,PM10,100,1
2026-09-01T13:00:00+05:30,01-09-2026 13:00:00,"Patparganj, Delhi - DPCC",115,Moderately Polluted,PM10,100,1
2026-09-01T13:00:00+05:30,01-09-2026 13:00:00,"Shadipur, Delhi - CPCB",114,Moderately Polluted,PM10,100,1
2026-09-01T13:00:00+05:30,01-09-2026 13:00:00,"IGI Airport (T3), Delhi - IITM",112,Moderately Polluted,NO2,100,1
2026-09-01T13:00:00+05:30,01-09-2026 13:00:00,"Burari Crossing, Delhi - IITM",109,Moderately Polluted,PM10,100,1
2026-09-01T13:00:00+05:30,01-09-2026 13:00:00,"IMD Lodhi Road, Delhi - IITM",107,Moderately Polluted,PM10,100,1
2026-09-01T13:00:00+05:30,01-09-2026 13:00:00,"Dr. Karni Singh Shooting Range, Delhi - DPCC",106,Moderately Polluted,PM10,100,1
2026-09-01T13:00:00+05:30,01-09-2026 13:00:00,"Jawaharlal Nehru Stadium, Delhi - DPCC",105,Moderately Polluted,PM10,100,1
2026-09-01T13:00:00+05:30,01-09-2026 13:00:00,"Sri Aurobindo Marg, Delhi - DPCC",104,Moderately Polluted,PM10,100,1
2026-09-01T13:00:00+05:30,01-09-2026 13:00:00,"Major Dhyan Chand National Stadium, Delhi - DPCC",103,Moderately Polluted,PM10,100,1
2026-09-01T13:00:00+05:30,01-09-2026 13:00:00,"Commonwealth Sports Complex, Delhi - DPCC",100,Satisfactory,PM10,100,0
2026-09-01T13:00:00+05:30,01-09-2026 13:00:00,"Mandir Marg, Delhi - DPCC",100,Satisfactory,PM10,100,0
2026-09-01T13:00:00+05:30,01-09-2026 13:00:00,"Pusa, Delhi - IITM",99,Satisfactory,PM10,100,0
2026-09-01T13:00:00+05:30,01-09-2026 13:00:00,"IGNOU_Maidan Garhi, Delhi - DPCC",99,Satisfactory,PM10,100,0
2026-09-01T13:00:00+05:30,01-09-2026 13:00:00,"NSIT Dwarka, Delhi - CPCB",97,Satisfactory,CO,100,0
2026-09-01T13:00:00+05:30,01-09-2026 13:00:00,"Bawana, Delhi - DPCC",96,Satisfactory,PM10,100,0
2026-09-01T13:00:00+05:30,01-09-2026 13:00:00,"DTU, Delhi - CPCB",96,Satisfactory,PM10,100,0
2026-09-01T13:00:00+05:30,01-09-2026 13:00:00,"JNU, Delhi - DPCC",95,Satisfactory,PM10,100,0
2026-09-01T13:00:00+05:30,01-09-2026 13:00:00,"Chandni Chowk, Delhi - IITM",89,Satisfactory,CO,100,0
2026-09-01T13:00:00+05:30,01-09-2026 13:00:00,"Talkatora Garden, Delhi - DPCC",89,Satisfactory,PM10,100,0
2026-09-01T13:00:00+05:30,01-09-2026 13:00:00,"NSUT Jaffarpur, Delhi - DPCC",89,Satisfactory,PM10,100,0
2026-09-01T13:00:00+05:30,01-09-2026 13:00:00,"IHBAS, Dilshad Garden, Delhi - CPCB",86,Satisfactory,PM10,100,0
2026-09-01T13:00:00+05:30,01-09-2026 13:00:00,"Najafgarh, Delhi - DPCC",74,Satisfactory,PM10,100,0
2026-09-01T13:00:00+05:30,01-09-2026 13:00:00,"Aya Nagar, Delhi - IITM",68,Satisfactory,PM10,100,0
2026-09-01T13:00:00+05:30,01-09-2026 13:00:00,"ITO, Delhi - CPCB",58,Satisfactory,NO2,100,0
2026-09-01T13:00:00+05:30,01-09-2026 13:00:00,"Cantonment Area, Delhi - DPCC",55,Satisfactory,PM10,100,0
2026-09-01T14:00:00+05:30,01-09-2026 14:00:00,"Wazirpur, Delhi - DPCC",231,Poor,PM10,100,1
2026-09-01T14:00:00+05:30,01-09-2026 14:00:00,"Dwarka-Sector 8, Delhi - DPCC",178,Moderately Polluted,PM10,100,1
2026-09-01T14:00:00+05:30,01-09-2026 14:00:00,"CRRI Mathura Road, Delhi - IITM",146,Moderately Polluted,PM10,100,1
2026-09-01T14:00:00+05:30,01-09-2026 14:00:00,"Rohini, Delhi - DPCC",144,Moderately Polluted,PM10,100,1
2026-09-01T14:00:00+05:30,01-09-2026 14:00:00,"IIT Delhi, Delhi - IITM",144,Moderately Polluted,PM10,100,1
2026-09-01T14:00:00+05:30,01-09-2026 14:00:00,"Mundka, Delhi - DPCC",141,Moderately Polluted,PM10,100,1
2026-09-01T14:00:00+05:30,01-09-2026 14:00:00,"Okhla Phase-2, Delhi - DPCC",136,Moderately Polluted,PM10,100,1
2026-09-01T14:00:00+05:30,01-09-2026 14:00:00,"Nehru Nagar, Delhi - DPCC",135,Moderately Polluted,PM10,100,1
2026-09-01T14:00:00+05:30,01-09-2026 14:00:00,"Sirifort, Delhi - CPCB",135,Moderately Polluted,PM10,100,1
2026-09-01T14:00:00+05:30,01-09-2026 14:00:00,"Jahangirpuri, Delhi - DPCC",132,Moderately Polluted,PM10,100,1
2026-09-01T14:00:00+05:30,01-09-2026 14:00:00,"Vivek Vihar, Delhi - DPCC",131,Moderately Polluted,PM10,100,1
2026-09-01T14:00:00+05:30,01-09-2026 14:00:00,"R K Puram, Delhi - DPCC",129,Moderately Polluted,PM10,100,1
2026-09-01T14:00:00+05:30,01-09-2026 14:00:00,"Ashok Vihar, Delhi - DPCC",128,Moderately Polluted,PM10,100,1
2026-09-01T14:00:00+05:30,01-09-2026 14:00:00,"Pusa, Delhi - DPCC",127,Moderately Polluted,PM10,100,1
2026-09-01T14:00:00+05:30,01-09-2026 14:00:00,"North Campus, DU, Delhi - IITM",123,Moderately Polluted,PM10,100,1
2026-09-01T14:00:00+05:30,01-09-2026 14:00:00,"Sonia Vihar, Delhi - DPCC",119,Moderately Polluted,PM10,100,1
2026-09-01T14:00:00+05:30,01-09-2026 14:00:00,"Punjabi Bagh, Delhi - DPCC",118,Moderately Polluted,PM10,100,1
2026-09-01T14:00:00+05:30,01-09-2026 14:00:00,"Narela, Delhi - DPCC",115,Moderately Polluted,PM10,100,1
2026-09-01T14:00:00+05:30,01-09-2026 14:00:00,"Patparganj, Delhi - DPCC",114,Moderately Polluted,PM10,100,1
2026-09-01T14:00:00+05:30,01-09-2026 14:00:00,"Shadipur, Delhi - CPCB",113,Moderately Polluted,PM10,100,1
2026-09-01T14:00:00+05:30,01-09-2026 14:00:00,"IGI Airport (T3), Delhi - IITM",112,Moderately Polluted,NO2,100,1
2026-09-01T14:00:00+05:30,01-09-2026 14:00:00,"Burari Crossing, Delhi - IITM",108,Moderately Polluted,PM10,100,1
2026-09-01T14:00:00+05:30,01-09-2026 14:00:00,"IMD Lodhi Road, Delhi - IITM",107,Moderately Polluted,PM10,100,1
2026-09-01T14:00:00+05:30,01-09-2026 14:00:00,"Jawaharlal Nehru Stadium, Delhi - DPCC",105,Moderately Polluted,PM10,100,1
2026-09-01T14:00:00+05:30,01-09-2026 14:00:00,"Dr. Karni Singh Shooting Range, Delhi - DPCC",105,Moderately Polluted,PM10,100,1
2026-09-01T14:00:00+05:30,01-09-2026 14:00:00,"Major Dhyan Chand National Stadium, Delhi - DPCC",103,Moderately Polluted,PM10,100,1
2026-09-01T14:00:00+05:30,01-09-2026 14:00:00,"Sri Aurobindo Marg, Delhi - DPCC",103,Moderately Polluted,PM10,100,1
2026-09-01T14:00:00+05:30,01-09-2026 14:00:00,"Mandir Marg, Delhi - DPCC",100,Satisfactory,PM10,100,0
2026-09-01T14:00:00+05:30,01-09-2026 14:00:00,"IGNOU_Maidan Garhi, Delhi - DPCC",99,Satisfactory,PM10,100,0
2026-09-01T14:00:00+05:30,01-09-2026 14:00:00,"Commonwealth Sports Complex, Delhi - DPCC",99,Satisfactory,PM10,100,0
2026-09-01T14:00:00+05:30,01-09-2026 14:00:00,"Pusa, Delhi - IITM",99,Satisfactory,PM10,100,0
2026-09-01T14:00:00+05:30,01-09-2026 14:00:00,"Bawana, Delhi - DPCC",97,Satisfactory,PM10,100,0
2026-09-01T14:00:00+05:30,01-09-2026 14:00:00,"DTU, Delhi - CPCB",95,Satisfactory,PM10,100,0
2026-09-01T14:00:00+05:30,01-09-2026 14:00:00,"JNU, Delhi - DPCC",95,Satisfactory,PM10,100,0
2026-09-01T14:00:00+05:30,01-09-2026 14:00:00,"NSIT Dwarka, Delhi - CPCB",93,Satisfactory,CO,100,0
2026-09-01T14:00:00+05:30,01-09-2026 14:00:00,"Chandni Chowk, Delhi - IITM",89,Satisfactory,CO,100,0
2026-09-01T14:00:00+05:30,01-09-2026 14:00:00,"NSUT Jaffarpur, Delhi - DPCC",88,Satisfactory,PM10,100,0
2026-09-01T14:00:00+05:30,01-09-2026 14:00:00,"Talkatora Garden, Delhi - DPCC",88,Satisfactory,PM10,100,0
2026-09-01T14:00:00+05:30,01-09-2026 14:00:00,"IHBAS, Dilshad Garden, Delhi - CPCB",85,Satisfactory,PM10,100,0
2026-09-01T14:00:00+05:30,01-09-2026 14:00:00,"Najafgarh, Delhi - DPCC",72,Satisfactory,PM10,100,0
2026-09-01T14:00:00+05:30,01-09-2026 14:00:00,"Aya Nagar, Delhi - IITM",67,Satisfactory,PM10,100,0
2026-09-01T14:00:00+05:30,01-09-2026 14:00:00,"ITO, Delhi - CPCB",58,Satisfactory,NO2,100,0
2026-09-01T14:00:00+05:30,01-09-2026 14:00:00,"Cantonment Area, Delhi - DPCC",55,Satisfactory,PM10,100,0
2026-09-01T15:00:00+05:30,01-09-2026 15:00:00,"Wazirpur, Delhi - DPCC",220,Poor,PM10,100,1
2026-09-01T15:00:00+05:30,01-09-2026 15:00:00,"Dwarka-Sector 8, Delhi - DPCC",178,Moderately Polluted,PM10,100,1
2026-09-01T15:00:00+05:30,01-09-2026 15:00:00,"CRRI Mathura Road, Delhi - IITM",145,Moderately Polluted,PM10,100,1
2026-09-01T15:00:00+05:30,01-09-2026 15:00:00,"IIT Delhi, Delhi - IITM",144,Moderately Polluted,PM10,100,1
2026-09-01T15:00:00+05:30,01-09-2026 15:00:00,"Rohini, Delhi - DPCC",143,Moderately Polluted,PM10,100,1
2026-09-01T15:00:00+05:30,01-09-2026 15:00:00,"Mundka, Delhi - DPCC",141,Moderately Polluted,PM10,100,1
2026-09-01T15:00:00+05:30,01-09-2026 15:00:00,"Sirifort, Delhi - CPCB",135,Moderately Polluted,PM10,100,1
2026-09-01T15:00:00+05:30,01-09-2026 15:00:00,"Okhla Phase-2, Delhi - DPCC",135,Moderately Polluted,PM10,100,1
2026-09-01T15:00:00+05:30,01-09-2026 15:00:00,"Nehru Nagar, Delhi - DPCC",134,Moderately Polluted,PM10,100,1
2026-09-01T15:00:00+05:30,01-09-2026 15:00:00,"Vivek Vihar, Delhi - DPCC",130,Moderately Polluted,PM10,100,1
2026-09-01T15:00:00+05:30,01-09-2026 15:00:00,"Jahangirpuri, Delhi - DPCC",130,Moderately Polluted,PM10,100,1
2026-09-01T15:00:00+05:30,01-09-2026 15:00:00,"R K Puram, Delhi - DPCC",129,Moderately Polluted,PM10,100,1
2026-09-01T15:00:00+05:30,01-09-2026 15:00:00,"Ashok Vihar, Delhi - DPCC",127,Moderately Polluted,PM10,100,1
2026-09-01T15:00:00+05:30,01-09-2026 15:00:00,"Pusa, Delhi - DPCC",126,Moderately Polluted,PM10,100,1
2026-09-01T15:00:00+05:30,01-09-2026 15:00:00,"North Campus, DU, Delhi - IITM",121,Moderately Polluted,PM10,100,1
2026-09-01T15:00:00+05:30,01-09-2026 15:00:00,"Sonia Vihar, Delhi - DPCC",118,Moderately Polluted,PM10,100,1
2026-09-01T15:00:00+05:30,01-09-2026 15:00:00,"Punjabi Bagh, Delhi - DPCC",117,Moderately Polluted,PM10,100,1
2026-09-01T15:00:00+05:30,01-09-2026 15:00:00,"Narela, Delhi - DPCC",114,Moderately Polluted,PM10,100,1
2026-09-01T15:00:00+05:30,01-09-2026 15:00:00,"Patparganj, Delhi - DPCC",113,Moderately Polluted,PM10,100,1
2026-09-01T15:00:00+05:30,01-09-2026 15:00:00,"Shadipur, Delhi - CPCB",113,Moderately Polluted,PM10,100,1
2026-09-01T15:00:00+05:30,01-09-2026 15:00:00,"IGI Airport (T3), Delhi - IITM",112,Moderately Polluted,NO2,100,1
2026-09-01T15:00:00+05:30,01-09-2026 15:00:00,"Burari Crossing, Delhi - IITM",107,Moderately Polluted,PM10,100,1
2026-09-01T15:00:00+05:30,01-09-2026 15:00:00,"IMD Lodhi Road, Delhi - IITM",107,Moderately Polluted,PM10,100,1
2026-09-01T15:00:00+05:30,01-09-2026 15:00:00,"Jawaharlal Nehru Stadium, Delhi - DPCC",105,Moderately Polluted,PM10,100,1
2026-09-01T15:00:00+05:30,01-09-2026 15:00:00,"Dr. Karni Singh Shooting Range, Delhi - DPCC",104,Moderately Polluted,PM10,100,1
2026-09-01T15:00:00+05:30,01-09-2026 15:00:00,"Major Dhyan Chand National Stadium, Delhi - DPCC",103,Moderately Polluted,PM10,100,1
2026-09-01T15:00:00+05:30,01-09-2026 15:00:00,"Sri Aurobindo Marg, Delhi - DPCC",103,Moderately Polluted,PM10,100,1
2026-09-01T15:00:00+05:30,01-09-2026 15:00:00,"Pusa, Delhi - IITM",99,Satisfactory,PM10,100,0
2026-09-01T15:00:00+05:30,01-09-2026 15:00:00,"IGNOU_Maidan Garhi, Delhi - DPCC",99,Satisfactory,PM10,100,0
2026-09-01T15:00:00+05:30,01-09-2026 15:00:00,"Commonwealth Sports Complex, Delhi - DPCC",99,Satisfactory,PM10,100,0
2026-09-01T15:00:00+05:30,01-09-2026 15:00:00,"Mandir Marg, Delhi - DPCC",99,Satisfactory,PM10,100,0
2026-09-01T15:00:00+05:30,01-09-2026 15:00:00,"Bawana, Delhi - DPCC",96,Satisfactory,PM10,100,0
2026-09-01T15:00:00+05:30,01-09-2026 15:00:00,"JNU, Delhi - DPCC",95,Satisfactory,PM10,100,0
2026-09-01T15:00:00+05:30,01-09-2026 15:00:00,"DTU, Delhi - CPCB",94,Satisfactory,PM10,100,0
2026-09-01T15:00:00+05:30,01-09-2026 15:00:00,"NSIT Dwarka, Delhi - CPCB",88,Satisfactory,CO,100,0
2026-09-01T15:00:00+05:30,01-09-2026 15:00:00,"Chandni Chowk, Delhi - IITM",88,Satisfactory,CO,100,0
2026-09-01T15:00:00+05:30,01-09-2026 15:00:00,"Talkatora Garden, Delhi - DPCC",88,Satisfactory,PM10,100,0
2026-09-01T15:00:00+05:30,01-09-2026 15:00:00,"NSUT Jaffarpur, Delhi - DPCC",87,Satisfactory,PM10,100,0
2026-09-01T15:00:00+05:30,01-09-2026 15:00:00,"IHBAS, Dilshad Garden, Delhi - CPCB",83,Satisfactory,PM10,100,0
2026-09-01T15:00:00+05:30,01-09-2026 15:00:00,"Najafgarh, Delhi - DPCC",71,Satisfactory,PM10,100,0
2026-09-01T15:00:00+05:30,01-09-2026 15:00:00,"Aya Nagar, Delhi - IITM",67,Satisfactory,PM10,100,0
2026-09-01T15:00:00+05:30,01-09-2026 15:00:00,"ITO, Delhi - CPCB",59,Satisfactory,NO2,100,0
2026-09-01T15:00:00+05:30,01-09-2026 15:00:00,"Cantonment Area, Delhi - DPCC",55,Satisfactory,PM10,100,0
2026-09-01T16:00:00+05:30,01-09-2026 16:00:00,"Wazirpur, Delhi - DPCC",219,Poor,PM10,100,1
2026-09-01T16:00:00+05:30,01-09-2026 16:00:00,"Dwarka-Sector 8, Delhi - DPCC",179,Moderately Polluted,PM10,100,1
2026-09-01T16:00:00+05:30,01-09-2026 16:00:00,"CRRI Mathura Road, Delhi - IITM",144,Moderately Polluted,PM10,100,1
2026-09-01T16:00:00+05:30,01-09-2026 16:00:00,"IIT Delhi, Delhi - IITM",143,Moderately Polluted,PM10,100,1
2026-09-01T16:00:00+05:30,01-09-2026 16:00:00,"Rohini, Delhi - DPCC",142,Moderately Polluted,PM10,100,1
2026-09-01T16:00:00+05:30,01-09-2026 16:00:00,"Mundka, Delhi - DPCC",140,Moderately Polluted,PM10,100,1
2026-09-01T16:00:00+05:30,01-09-2026 16:00:00,"Okhla Phase-2, Delhi - DPCC",134,Moderately Polluted,PM10,100,1
2026-09-01T16:00:00+05:30,01-09-2026 16:00:00,"Sirifort, Delhi - CPCB",134,Moderately Polluted,PM10,100,1
2026-09-01T16:00:00+05:30,01-09-2026 16:00:00,"Nehru Nagar, Delhi - DPCC",133,Moderately Polluted,PM10,100,1
2026-09-01T16:00:00+05:30,01-09-2026 16:00:00,"Jahangirpuri, Delhi - DPCC",129,Moderately Polluted,PM10,100,1
2026-09-01T16:00:00+05:30,01-09-2026 16:00:00,"R K Puram, Delhi - DPCC",128,Moderately Polluted,PM10,100,1
2026-09-01T16:00:00+05:30,01-09-2026 16:00:00,"Vivek Vihar, Delhi - DPCC",127,Moderately Polluted,PM10,100,1
2026-09-01T16:00:00+05:30,01-09-2026 16:00:00,"Ashok Vihar, Delhi - DPCC",127,Moderately Polluted,PM10,100,1
2026-09-01T16:00:00+05:30,01-09-2026 16:00:00,"Pusa, Delhi - DPCC",124,Moderately Polluted,PM10,100,1
2026-09-01T16:00:00+05:30,01-09-2026 16:00:00,"North Campus, DU, Delhi - IITM",120,Moderately Polluted,PM10,100,1
2026-09-01T16:00:00+05:30,01-09-2026 16:00:00,"Sonia Vihar, Delhi - DPCC",117,Moderately Polluted,PM10,100,1
2026-09-01T16:00:00+05:30,01-09-2026 16:00:00,"Punjabi Bagh, Delhi - DPCC",117,Moderately Polluted,PM10,100,1
2026-09-01T16:00:00+05:30,01-09-2026 16:00:00,"Narela, Delhi - DPCC",113,Moderately Polluted,PM10,100,1
2026-09-01T16:00:00+05:30,01-09-2026 16:00:00,"Patparganj, Delhi - DPCC",113,Moderately Polluted,PM10,100,1
2026-09-01T16:00:00+05:30,01-09-2026 16:00:00,"Shadipur, Delhi - CPCB",113,Moderately Polluted,PM10,100,1
2026-09-01T16:00:00+05:30,01-09-2026 16:00:00,"IGI Airport (T3), Delhi - IITM",112,Moderately Polluted,NO2,100,1
2026-09-01T16:00:00+05:30,01-09-2026 16:00:00,"IMD Lodhi Road, Delhi - IITM",106,Moderately Polluted,PM10,100,1
2026-09-01T16:00:00+05:30,01-09-2026 16:00:00,"Jawaharlal Nehru Stadium, Delhi - DPCC",106,Moderately Polluted,PM10,100,1
2026-09-01T16:00:00+05:30,01-09-2026 16:00:00,"Burari Crossing, Delhi - IITM",105,Moderately Polluted,PM10,100,1
2026-09-01T16:00:00+05:30,01-09-2026 16:00:00,"Dr. Karni Singh Shooting Range, Delhi - DPCC",104,Moderately Polluted,PM10,100,1
2026-09-01T16:00:00+05:30,01-09-2026 16:00:00,"Major Dhyan Chand National Stadium, Delhi - DPCC",102,Moderately Polluted,PM10,100,1
2026-09-01T16:00:00+05:30,01-09-2026 16:00:00,"Sri Aurobindo Marg, Delhi - DPCC",102,Moderately Polluted,PM10,100,1
2026-09-01T16:00:00+05:30,01-09-2026 16:00:00,"Pusa, Delhi - IITM",100,Satisfactory,OZONE,100,0
2026-09-01T16:00:00+05:30,01-09-2026 16:00:00,"Mandir Marg, Delhi - DPCC",99,Satisfactory,PM10,100,0
2026-09-01T16:00:00+05:30,01-09-2026 16:00:00,"Commonwealth Sports Complex, Delhi - DPCC",98,Satisfactory,PM10,100,0
2026-09-01T16:00:00+05:30,01-09-2026 16:00:00,"IGNOU_Maidan Garhi, Delhi - DPCC",98,Satisfactory,PM10,100,0
2026-09-01T16:00:00+05:30,01-09-2026 16:00:00,"Bawana, Delhi - DPCC",94,Satisfactory,PM10,100,0
2026-09-01T16:00:00+05:30,01-09-2026 16:00:00,"JNU, Delhi - DPCC",94,Satisfactory,PM10,100,0
2026-09-01T16:00:00+05:30,01-09-2026 16:00:00,"DTU, Delhi - CPCB",92,Satisfactory,PM10,100,0
2026-09-01T16:00:00+05:30,01-09-2026 16:00:00,"Chandni Chowk, Delhi - IITM",88,Satisfactory,CO,100,0
2026-09-01T16:00:00+05:30,01-09-2026 16:00:00,"Talkatora Garden, Delhi - DPCC",87,Satisfactory,PM10,100,0
2026-09-01T16:00:00+05:30,01-09-2026 16:00:00,"NSUT Jaffarpur, Delhi - DPCC",86,Satisfactory,PM10,100,0
2026-09-01T16:00:00+05:30,01-09-2026 16:00:00,"NSIT Dwarka, Delhi - CPCB",82,Satisfactory,CO,100,0
2026-09-01T16:00:00+05:30,01-09-2026 16:00:00,"IHBAS, Dilshad Garden, Delhi - CPCB",82,Satisfactory,PM10,100,0
2026-09-01T16:00:00+05:30,01-09-2026 16:00:00,"Najafgarh, Delhi - DPCC",71,Satisfactory,PM10,100,0
2026-09-01T16:00:00+05:30,01-09-2026 16:00:00,"Aya Nagar, Delhi - IITM",67,Satisfactory,PM10,100,0
2026-09-01T16:00:00+05:30,01-09-2026 16:00:00,"ITO, Delhi - CPCB",59,Satisfactory,NO2,100,0
2026-09-01T16:00:00+05:30,01-09-2026 16:00:00,"Cantonment Area, Delhi - DPCC",55,Satisfactory,PM10,100,0
2026-09-01T16:00:00+05:30,01-09-2026 16:00:00,"Alipur, Delhi - DPCC",22,Good,OZONE,100,0
2026-09-01T17:00:00+05:30,01-09-2026 17:00:00,"Wazirpur, Delhi - DPCC",216,Poor,PM10,100,1
2026-09-01T17:00:00+05:30,01-09-2026 17:00:00,"Dwarka-Sector 8, Delhi - DPCC",180,Moderately Polluted,PM10,100,1
2026-09-01T17:00:00+05:30,01-09-2026 17:00:00,"IIT Delhi, Delhi - IITM",143,Moderately Polluted,PM10,100,1
2026-09-01T17:00:00+05:30,01-09-2026 17:00:00,"CRRI Mathura Road, Delhi - IITM",142,Moderately Polluted,PM10,100,1
2026-09-01T17:00:00+05:30,01-09-2026 17:00:00,"Rohini, Delhi - DPCC",141,Moderately Polluted,PM10,100,1
2026-09-01T17:00:00+05:30,01-09-2026 17:00:00,"Mundka, Delhi - DPCC",139,Moderately Polluted,PM10,100,1
2026-09-01T17:00:00+05:30,01-09-2026 17:00:00,"Okhla Phase-2, Delhi - DPCC",133,Moderately Polluted,PM10,100,1
2026-09-01T17:00:00+05:30,01-09-2026 17:00:00,"Sirifort, Delhi - CPCB",133,Moderately Polluted,PM10,100,1
2026-09-01T17:00:00+05:30,01-09-2026 17:00:00,"Nehru Nagar, Delhi - DPCC",133,Moderately Polluted,PM10,100,1
2026-09-01T17:00:00+05:30,01-09-2026 17:00:00,"Jahangirpuri, Delhi - DPCC",127,Moderately Polluted,PM10,100,1
2026-09-01T17:00:00+05:30,01-09-2026 17:00:00,"R K Puram, Delhi - DPCC",127,Moderately Polluted,PM10,100,1
2026-09-01T17:00:00+05:30,01-09-2026 17:00:00,"Vivek Vihar, Delhi - DPCC",126,Moderately Polluted,PM10,100,1
2026-09-01T17:00:00+05:30,01-09-2026 17:00:00,"Ashok Vihar, Delhi - DPCC",126,Moderately Polluted,PM10,100,1
2026-09-01T17:00:00+05:30,01-09-2026 17:00:00,"Pusa, Delhi - DPCC",123,Moderately Polluted,PM10,100,1
2026-09-01T17:00:00+05:30,01-09-2026 17:00:00,"North Campus, DU, Delhi - IITM",119,Moderately Polluted,PM10,100,1
2026-09-01T17:00:00+05:30,01-09-2026 17:00:00,"Punjabi Bagh, Delhi - DPCC",117,Moderately Polluted,PM10,100,1
2026-09-01T17:00:00+05:30,01-09-2026 17:00:00,"Sonia Vihar, Delhi - DPCC",116,Moderately Polluted,PM10,100,1
2026-09-01T17:00:00+05:30,01-09-2026 17:00:00,"Shadipur, Delhi - CPCB",113,Moderately Polluted,PM10,100,1
2026-09-01T17:00:00+05:30,01-09-2026 17:00:00,"Narela, Delhi - DPCC",112,Moderately Polluted,PM10,100,1
2026-09-01T17:00:00+05:30,01-09-2026 17:00:00,"IGI Airport (T3), Delhi - IITM",112,Moderately Polluted,NO2,100,1
2026-09-01T17:00:00+05:30,01-09-2026 17:00:00,"Patparganj, Delhi - DPCC",111,Moderately Polluted,PM10,100,1
2026-09-01T17:00:00+05:30,01-09-2026 17:00:00,"Pusa, Delhi - IITM",110,Moderately Polluted,OZONE,100,1
2026-09-01T17:00:00+05:30,01-09-2026 17:00:00,"Jawaharlal Nehru Stadium, Delhi - DPCC",106,Moderately Polluted,PM10,100,1
2026-09-01T17:00:00+05:30,01-09-2026 17:00:00,"IMD Lodhi Road, Delhi - IITM",105,Moderately Polluted,PM10,100,1
2026-09-01T17:00:00+05:30,01-09-2026 17:00:00,"Dr. Karni Singh Shooting Range, Delhi - DPCC",104,Moderately Polluted,PM10,100,1
2026-09-01T17:00:00+05:30,01-09-2026 17:00:00,"Burari Crossing, Delhi - IITM",104,Moderately Polluted,PM10,100,1
2026-09-01T17:00:00+05:30,01-09-2026 17:00:00,"Sri Aurobindo Marg, Delhi - DPCC",102,Moderately Polluted,PM10,100,1
2026-09-01T17:00:00+05:30,01-09-2026 17:00:00,"Major Dhyan Chand National Stadium, Delhi - DPCC",101,Moderately Polluted,PM10,100,1
2026-09-01T17:00:00+05:30,01-09-2026 17:00:00,"IGNOU_Maidan Garhi, Delhi - DPCC",99,Satisfactory,PM10,100,0
2026-09-01T17:00:00+05:30,01-09-2026 17:00:00,"Commonwealth Sports Complex, Delhi - DPCC",98,Satisfactory,PM10,100,0
2026-09-01T17:00:00+05:30,01-09-2026 17:00:00,"Mandir Marg, Delhi - DPCC",98,Satisfactory,PM10,100,0
2026-09-01T17:00:00+05:30,01-09-2026 17:00:00,"Bawana, Delhi - DPCC",94,Satisfactory,PM10,100,0
2026-09-01T17:00:00+05:30,01-09-2026 17:00:00,"JNU, Delhi - DPCC",94,Satisfactory,PM10,100,0
2026-09-01T17:00:00+05:30,01-09-2026 17:00:00,"DTU, Delhi - CPCB",92,Satisfactory,PM10,100,0
2026-09-01T17:00:00+05:30,01-09-2026 17:00:00,"Chandni Chowk, Delhi - IITM",87,Satisfactory,CO,100,0
2026-09-01T17:00:00+05:30,01-09-2026 17:00:00,"NSUT Jaffarpur, Delhi - DPCC",86,Satisfactory,PM10,100,0
2026-09-01T17:00:00+05:30,01-09-2026 17:00:00,"Talkatora Garden, Delhi - DPCC",86,Satisfactory,PM10,100,0
2026-09-01T17:00:00+05:30,01-09-2026 17:00:00,"IHBAS, Dilshad Garden, Delhi - CPCB",82,Satisfactory,PM10,100,0
2026-09-01T17:00:00+05:30,01-09-2026 17:00:00,"NSIT Dwarka, Delhi - CPCB",76,Satisfactory,CO,100,0
2026-09-01T17:00:00+05:30,01-09-2026 17:00:00,"Najafgarh, Delhi - DPCC",71,Satisfactory,PM10,100,0
2026-09-01T17:00:00+05:30,01-09-2026 17:00:00,"Aya Nagar, Delhi - IITM",67,Satisfactory,PM10,100,0
2026-09-01T17:00:00+05:30,01-09-2026 17:00:00,"ITO, Delhi - CPCB",59,Satisfactory,NO2,100,0
2026-09-01T17:00:00+05:30,01-09-2026 17:00:00,"Cantonment Area, Delhi - DPCC",57,Satisfactory,PM10,100,0
2026-09-01T17:00:00+05:30,01-09-2026 17:00:00,"Alipur, Delhi - DPCC",22,Good,OZONE,100,0
2026-09-01T18:00:00+05:30,01-09-2026 18:00:00,"Wazirpur, Delhi - DPCC",214,Poor,PM10,100,1
2026-09-01T18:00:00+05:30,01-09-2026 18:00:00,"Dwarka-Sector 8, Delhi - DPCC",181,Moderately Polluted,PM10,100,1
2026-09-01T18:00:00+05:30,01-09-2026 18:00:00,"IIT Delhi, Delhi - IITM",144,Moderately Polluted,PM10,100,1
2026-09-01T18:00:00+05:30,01-09-2026 18:00:00,"Rohini, Delhi - DPCC",142,Moderately Polluted,PM10,100,1
2026-09-01T18:00:00+05:30,01-09-2026 18:00:00,"CRRI Mathura Road, Delhi - IITM",141,Moderately Polluted,PM10,100,1
2026-09-01T18:00:00+05:30,01-09-2026 18:00:00,"Mundka, Delhi - DPCC",138,Moderately Polluted,PM10,100,1
2026-09-01T18:00:00+05:30,01-09-2026 18:00:00,"Sirifort, Delhi - CPCB",134,Moderately Polluted,PM10,100,1
2026-09-01T18:00:00+05:30,01-09-2026 18:00:00,"Okhla Phase-2, Delhi - DPCC",133,Moderately Polluted,PM10,100,1
2026-09-01T18:00:00+05:30,01-09-2026 18:00:00,"Nehru Nagar, Delhi - DPCC",132,Moderately Polluted,PM10,100,1
2026-09-01T18:00:00+05:30,01-09-2026 18:00:00,"R K Puram, Delhi - DPCC",127,Moderately Polluted,PM10,100,1
2026-09-01T18:00:00+05:30,01-09-2026 18:00:00,"Jahangirpuri, Delhi - DPCC",126,Moderately Polluted,PM10,100,1
2026-09-01T18:00:00+05:30,01-09-2026 18:00:00,"Ashok Vihar, Delhi - DPCC",126,Moderately Polluted,PM10,100,1
2026-09-01T18:00:00+05:30,01-09-2026 18:00:00,"Vivek Vihar, Delhi - DPCC",124,Moderately Polluted,PM10,100,1
2026-09-01T18:00:00+05:30,01-09-2026 18:00:00,"Pusa, Delhi - DPCC",122,Moderately Polluted,PM10,100,1
2026-09-01T18:00:00+05:30,01-09-2026 18:00:00,"North Campus, DU, Delhi - IITM",119,Moderately Polluted,PM10,100,1
2026-09-01T18:00:00+05:30,01-09-2026 18:00:00,"Punjabi Bagh, Delhi - DPCC",117,Moderately Polluted,PM10,100,1
2026-09-01T18:00:00+05:30,01-09-2026 18:00:00,"Sonia Vihar, Delhi - DPCC",114,Moderately Polluted,PM10,100,1
2026-09-01T18:00:00+05:30,01-09-2026 18:00:00,"IGI Airport (T3), Delhi - IITM",113,Moderately Polluted,NO2,100,1
2026-09-01T18:00:00+05:30,01-09-2026 18:00:00,"Shadipur, Delhi - CPCB",113,Moderately Polluted,PM10,100,1
2026-09-01T18:00:00+05:30,01-09-2026 18:00:00,"Pusa, Delhi - IITM",112,Moderately Polluted,OZONE,100,1
2026-09-01T18:00:00+05:30,01-09-2026 18:00:00,"Narela, Delhi - DPCC",112,Moderately Polluted,PM10,100,1
2026-09-01T18:00:00+05:30,01-09-2026 18:00:00,"Patparganj, Delhi - DPCC",110,Moderately Polluted,PM10,100,1
2026-09-01T18:00:00+05:30,01-09-2026 18:00:00,"Jawaharlal Nehru Stadium, Delhi - DPCC",106,Moderately Polluted,PM10,100,1
2026-09-01T18:00:00+05:30,01-09-2026 18:00:00,"IMD Lodhi Road, Delhi - IITM",105,Moderately Polluted,PM10,100,1
2026-09-01T18:00:00+05:30,01-09-2026 18:00:00,"Dr. Karni Singh Shooting Range, Delhi - DPCC",104,Moderately Polluted,PM10,100,1
2026-09-01T18:00:00+05:30,01-09-2026 18:00:00,"Burari Crossing, Delhi - IITM",103,Moderately Polluted,PM10,100,1
2026-09-01T18:00:00+05:30,01-09-2026 18:00:00,"Sri Aurobindo Marg, Delhi - DPCC",102,Moderately Polluted,PM10,100,1
2026-09-01T18:00:00+05:30,01-09-2026 18:00:00,"Major Dhyan Chand National Stadium, Delhi - DPCC",102,Moderately Polluted,PM10,100,1
2026-09-01T18:00:00+05:30,01-09-2026 18:00:00,"IGNOU_Maidan Garhi, Delhi - DPCC",99,Satisfactory,PM10,100,0
2026-09-01T18:00:00+05:30,01-09-2026 18:00:00,"Mandir Marg, Delhi - DPCC",98,Satisfactory,PM10,100,0
2026-09-01T18:00:00+05:30,01-09-2026 18:00:00,"Commonwealth Sports Complex, Delhi - DPCC",98,Satisfactory,PM10,100,0
2026-09-01T18:00:00+05:30,01-09-2026 18:00:00,"Bawana, Delhi - DPCC",96,Satisfactory,PM10,100,0
2026-09-01T18:00:00+05:30,01-09-2026 18:00:00,"JNU, Delhi - DPCC",95,Satisfactory,PM10,100,0
2026-09-01T18:00:00+05:30,01-09-2026 18:00:00,"DTU, Delhi - CPCB",91,Satisfactory,PM10,100,0
2026-09-01T18:00:00+05:30,01-09-2026 18:00:00,"Chandni Chowk, Delhi - IITM",87,Satisfactory,CO,100,0
2026-09-01T18:00:00+05:30,01-09-2026 18:00:00,"NSUT Jaffarpur, Delhi - DPCC",86,Satisfactory,PM10,100,0
2026-09-01T18:00:00+05:30,01-09-2026 18:00:00,"Talkatora Garden, Delhi - DPCC",85,Satisfactory,PM10,100,0
2026-09-01T18:00:00+05:30,01-09-2026 18:00:00,"IHBAS, Dilshad Garden, Delhi - CPCB",81,Satisfactory,PM10,100,0
2026-09-01T18:00:00+05:30,01-09-2026 18:00:00,"NSIT Dwarka, Delhi - CPCB",75,Satisfactory,PM10,100,0
2026-09-01T18:00:00+05:30,01-09-2026 18:00:00,"Najafgarh, Delhi - DPCC",71,Satisfactory,PM10,100,0
2026-09-01T18:00:00+05:30,01-09-2026 18:00:00,"Aya Nagar, Delhi - IITM",67,Satisfactory,PM10,100,0
2026-09-01T18:00:00+05:30,01-09-2026 18:00:00,"ITO, Delhi - CPCB",58,Satisfactory,NO2,100,0
2026-09-01T18:00:00+05:30,01-09-2026 18:00:00,"Cantonment Area, Delhi - DPCC",58,Satisfactory,PM10,100,0
2026-09-01T18:00:00+05:30,01-09-2026 18:00:00,"Alipur, Delhi - DPCC",21,Good,OZONE,100,0
2026-09-01T19:00:00+05:30,01-09-2026 19:00:00,"Wazirpur, Delhi - DPCC",211,Poor,PM10,100,1
2026-09-01T19:00:00+05:30,01-09-2026 19:00:00,"Dwarka-Sector 8, Delhi - DPCC",181,Moderately Polluted,PM10,100,1
2026-09-01T19:00:00+05:30,01-09-2026 19:00:00,"IIT Delhi, Delhi - IITM",145,Moderately Polluted,PM10,100,1
2026-09-01T19:00:00+05:30,01-09-2026 19:00:00,"Rohini, Delhi - DPCC",142,Moderately Polluted,PM10,100,1
2026-09-01T19:00:00+05:30,01-09-2026 19:00:00,"CRRI Mathura Road, Delhi - IITM",140,Moderately Polluted,PM10,100,1
2026-09-01T19:00:00+05:30,01-09-2026 19:00:00,"Mundka, Delhi - DPCC",137,Moderately Polluted,PM10,100,1
2026-09-01T19:00:00+05:30,01-09-2026 19:00:00,"Sirifort, Delhi - CPCB",133,Moderately Polluted,PM10,100,1
2026-09-01T19:00:00+05:30,01-09-2026 19:00:00,"Okhla Phase-2, Delhi - DPCC",133,Moderately Polluted,PM10,100,1
2026-09-01T19:00:00+05:30,01-09-2026 19:00:00,"Nehru Nagar, Delhi - DPCC",133,Moderately Polluted,PM10,100,1
2026-09-01T19:00:00+05:30,01-09-2026 19:00:00,"R K Puram, Delhi - DPCC",128,Moderately Polluted,PM10,100,1
2026-09-01T19:00:00+05:30,01-09-2026 19:00:00,"Ashok Vihar, Delhi - DPCC",126,Moderately Polluted,PM10,100,1
2026-09-01T19:00:00+05:30,01-09-2026 19:00:00,"Jahangirpuri, Delhi - DPCC",125,Moderately Polluted,PM10,100,1
2026-09-01T19:00:00+05:30,01-09-2026 19:00:00,"Vivek Vihar, Delhi - DPCC",123,Moderately Polluted,PM10,100,1
2026-09-01T19:00:00+05:30,01-09-2026 19:00:00,"Pusa, Delhi - DPCC",121,Moderately Polluted,PM10,100,1
2026-09-01T19:00:00+05:30,01-09-2026 19:00:00,"North Campus, DU, Delhi - IITM",119,Moderately Polluted,PM10,100,1
2026-09-01T19:00:00+05:30,01-09-2026 19:00:00,"Punjabi Bagh, Delhi - DPCC",117,Moderately Polluted,PM10,100,1
2026-09-01T19:00:00+05:30,01-09-2026 19:00:00,"IGI Airport (T3), Delhi - IITM",116,Moderately Polluted,NO2,100,1
2026-09-01T19:00:00+05:30,01-09-2026 19:00:00,"Shadipur, Delhi - CPCB",115,Moderately Polluted,PM10,100,1
2026-09-01T19:00:00+05:30,01-09-2026 19:00:00,"Pusa, Delhi - IITM",114,Moderately Polluted,OZONE,100,1
2026-09-01T19:00:00+05:30,01-09-2026 19:00:00,"Sonia Vihar, Delhi - DPCC",114,Moderately Polluted,PM10,100,1
2026-09-01T19:00:00+05:30,01-09-2026 19:00:00,"Narela, Delhi - DPCC",111,Moderately Polluted,PM10,100,1
2026-09-01T19:00:00+05:30,01-09-2026 19:00:00,"Patparganj, Delhi - DPCC",110,Moderately Polluted,PM10,100,1
2026-09-01T19:00:00+05:30,01-09-2026 19:00:00,"Dr. Karni Singh Shooting Range, Delhi - DPCC",106,Moderately Polluted,PM10,100,1
2026-09-01T19:00:00+05:30,01-09-2026 19:00:00,"Jawaharlal Nehru Stadium, Delhi - DPCC",106,Moderately Polluted,PM10,100,1
2026-09-01T19:00:00+05:30,01-09-2026 19:00:00,"IMD Lodhi Road, Delhi - IITM",104,Moderately Polluted,PM10,100,1
2026-09-01T19:00:00+05:30,01-09-2026 19:00:00,"Burari Crossing, Delhi - IITM",103,Moderately Polluted,PM10,100,1
2026-09-01T19:00:00+05:30,01-09-2026 19:00:00,"Major Dhyan Chand National Stadium, Delhi - DPCC",103,Moderately Polluted,PM10,100,1
2026-09-01T19:00:00+05:30,01-09-2026 19:00:00,"Sri Aurobindo Marg, Delhi - DPCC",102,Moderately Polluted,PM10,100,1
2026-09-01T19:00:00+05:30,01-09-2026 19:00:00,"IGNOU_Maidan Garhi, Delhi - DPCC",99,Satisfactory,PM10,100,0
2026-09-01T19:00:00+05:30,01-09-2026 19:00:00,"Commonwealth Sports Complex, Delhi - DPCC",98,Satisfactory,PM10,100,0
2026-09-01T19:00:00+05:30,01-09-2026 19:00:00,"Mandir Marg, Delhi - DPCC",97,Satisfactory,PM10,100,0
2026-09-01T19:00:00+05:30,01-09-2026 19:00:00,"Bawana, Delhi - DPCC",97,Satisfactory,PM10,100,0
2026-09-01T19:00:00+05:30,01-09-2026 19:00:00,"JNU, Delhi - DPCC",95,Satisfactory,PM10,100,0
2026-09-01T19:00:00+05:30,01-09-2026 19:00:00,"DTU, Delhi - CPCB",91,Satisfactory,PM10,100,0
2026-09-01T19:00:00+05:30,01-09-2026 19:00:00,"Chandni Chowk, Delhi - IITM",89,Satisfactory,CO,100,0
2026-09-01T19:00:00+05:30,01-09-2026 19:00:00,"NSUT Jaffarpur, Delhi - DPCC",86,Satisfactory,PM10,100,0
2026-09-01T19:00:00+05:30,01-09-2026 19:00:00,"Talkatora Garden, Delhi - DPCC",85,Satisfactory,PM10,100,0
2026-09-01T19:00:00+05:30,01-09-2026 19:00:00,"IHBAS, Dilshad Garden, Delhi - CPCB",81,Satisfactory,PM10,100,0
2026-09-01T19:00:00+05:30,01-09-2026 19:00:00,"NSIT Dwarka, Delhi - CPCB",75,Satisfactory,PM10,100,0
2026-09-01T19:00:00+05:30,01-09-2026 19:00:00,"Najafgarh, Delhi - DPCC",72,Satisfactory,PM10,100,0
2026-09-01T19:00:00+05:30,01-09-2026 19:00:00,"Aya Nagar, Delhi - IITM",68,Satisfactory,PM10,100,0
2026-09-01T19:00:00+05:30,01-09-2026 19:00:00,"Cantonment Area, Delhi - DPCC",60,Satisfactory,PM10,100,0
2026-09-01T19:00:00+05:30,01-09-2026 19:00:00,"ITO, Delhi - CPCB",58,Satisfactory,NO2,100,0
2026-09-01T19:00:00+05:30,01-09-2026 19:00:00,"Alipur, Delhi - DPCC",22,Good,OZONE,100,0
2026-09-01T20:00:00+05:30,01-09-2026 20:00:00,"Wazirpur, Delhi - DPCC",210,Poor,PM10,100,1
2026-09-01T20:00:00+05:30,01-09-2026 20:00:00,"Dwarka-Sector 8, Delhi - DPCC",184,Moderately Polluted,PM10,100,1
2026-09-01T20:00:00+05:30,01-09-2026 20:00:00,"IIT Delhi, Delhi - IITM",147,Moderately Polluted,PM10,100,1
2026-09-01T20:00:00+05:30,01-09-2026 20:00:00,"Rohini, Delhi - DPCC",142,Moderately Polluted,PM10,100,1
2026-09-01T20:00:00+05:30,01-09-2026 20:00:00,"CRRI Mathura Road, Delhi - IITM",137,Moderately Polluted,PM10,100,1
2026-09-01T20:00:00+05:30,01-09-2026 20:00:00,"Mundka, Delhi - DPCC",136,Moderately Polluted,PM10,100,1
2026-09-01T20:00:00+05:30,01-09-2026 20:00:00,"Nehru Nagar, Delhi - DPCC",133,Moderately Polluted,PM10,100,1
2026-09-01T20:00:00+05:30,01-09-2026 20:00:00,"Okhla Phase-2, Delhi - DPCC",133,Moderately Polluted,PM10,100,1
2026-09-01T20:00:00+05:30,01-09-2026 20:00:00,"Sirifort, Delhi - CPCB",130,Moderately Polluted,PM10,100,1
2026-09-01T20:00:00+05:30,01-09-2026 20:00:00,"R K Puram, Delhi - DPCC",130,Moderately Polluted,PM10,100,1
2026-09-01T20:00:00+05:30,01-09-2026 20:00:00,"Ashok Vihar, Delhi - DPCC",125,Moderately Polluted,PM10,100,1
2026-09-01T20:00:00+05:30,01-09-2026 20:00:00,"Vivek Vihar, Delhi - DPCC",122,Moderately Polluted,PM10,100,1
2026-09-01T20:00:00+05:30,01-09-2026 20:00:00,"Jahangirpuri, Delhi - DPCC",122,Moderately Polluted,PM10,100,1
2026-09-01T20:00:00+05:30,01-09-2026 20:00:00,"Punjabi Bagh, Delhi - DPCC",119,Moderately Polluted,PM10,100,1
2026-09-01T20:00:00+05:30,01-09-2026 20:00:00,"Pusa, Delhi - DPCC",119,Moderately Polluted,PM10,100,1
2026-09-01T20:00:00+05:30,01-09-2026 20:00:00,"IGI Airport (T3), Delhi - IITM",117,Moderately Polluted,NO2,100,1
2026-09-01T20:00:00+05:30,01-09-2026 20:00:00,"North Campus, DU, Delhi - IITM",117,Moderately Polluted,PM10,100,1
2026-09-01T20:00:00+05:30,01-09-2026 20:00:00,"Shadipur, Delhi - CPCB",116,Moderately Polluted,PM10,100,1
2026-09-01T20:00:00+05:30,01-09-2026 20:00:00,"Pusa, Delhi - IITM",113,Moderately Polluted,OZONE,100,1
2026-09-01T20:00:00+05:30,01-09-2026 20:00:00,"Sonia Vihar, Delhi - DPCC",112,Moderately Polluted,PM10,100,1
2026-09-01T20:00:00+05:30,01-09-2026 20:00:00,"Patparganj, Delhi - DPCC",109,Moderately Polluted,PM10,100,1
2026-09-01T20:00:00+05:30,01-09-2026 20:00:00,"Narela, Delhi - DPCC",108,Moderately Polluted,PM10,100,1
2026-09-01T20:00:00+05:30,01-09-2026 20:00:00,"Dr. Karni Singh Shooting Range, Delhi - DPCC",105,Moderately Polluted,PM10,100,1
2026-09-01T20:00:00+05:30,01-09-2026 20:00:00,"Jawaharlal Nehru Stadium, Delhi - DPCC",104,Moderately Polluted,PM10,100,1
2026-09-01T20:00:00+05:30,01-09-2026 20:00:00,"IMD Lodhi Road, Delhi - IITM",103,Moderately Polluted,PM10,100,1
2026-09-01T20:00:00+05:30,01-09-2026 20:00:00,"Sri Aurobindo Marg, Delhi - DPCC",103,Moderately Polluted,PM10,100,1
2026-09-01T20:00:00+05:30,01-09-2026 20:00:00,"Burari Crossing, Delhi - IITM",102,Moderately Polluted,PM10,100,1
2026-09-01T20:00:00+05:30,01-09-2026 20:00:00,"Major Dhyan Chand National Stadium, Delhi - DPCC",101,Moderately Polluted,PM10,100,1
2026-09-01T20:00:00+05:30,01-09-2026 20:00:00,"IGNOU_Maidan Garhi, Delhi - DPCC",99,Satisfactory,PM10,100,0
2026-09-01T20:00:00+05:30,01-09-2026 20:00:00,"Mandir Marg, Delhi - DPCC",98,Satisfactory,PM10,100,0
2026-09-01T20:00:00+05:30,01-09-2026 20:00:00,"Commonwealth Sports Complex, Delhi - DPCC",98,Satisfactory,PM10,100,0
2026-09-01T20:00:00+05:30,01-09-2026 20:00:00,"Bawana, Delhi - DPCC",97,Satisfactory,PM10,100,0
2026-09-01T20:00:00+05:30,01-09-2026 20:00:00,"JNU, Delhi - DPCC",96,Satisfactory,PM10,100,0
2026-09-01T20:00:00+05:30,01-09-2026 20:00:00,"Chandni Chowk, Delhi - IITM",91,Satisfactory,CO,100,0
2026-09-01T20:00:00+05:30,01-09-2026 20:00:00,"DTU, Delhi - CPCB",90,Satisfactory,PM10,100,0
2026-09-01T20:00:00+05:30,01-09-2026 20:00:00,"NSUT Jaffarpur, Delhi - DPCC",87,Satisfactory,PM10,100,0
2026-09-01T20:00:00+05:30,01-09-2026 20:00:00,"Talkatora Garden, Delhi - DPCC",85,Satisfactory,PM10,100,0
2026-09-01T20:00:00+05:30,01-09-2026 20:00:00,"IHBAS, Dilshad Garden, Delhi - CPCB",81,Satisfactory,PM10,100,0
2026-09-01T20:00:00+05:30,01-09-2026 20:00:00,"NSIT Dwarka, Delhi - CPCB",80,Satisfactory,OZONE,100,0
2026-09-01T20:00:00+05:30,01-09-2026 20:00:00,"Najafgarh, Delhi - DPCC",72,Satisfactory,PM10,100,0
2026-09-01T20:00:00+05:30,01-09-2026 20:00:00,"Aya Nagar, Delhi - IITM",70,Satisfactory,PM10,100,0
2026-09-01T20:00:00+05:30,01-09-2026 20:00:00,"Cantonment Area, Delhi - DPCC",60,Satisfactory,PM10,100,0
2026-09-01T20:00:00+05:30,01-09-2026 20:00:00,"ITO, Delhi - CPCB",58,Satisfactory,NO2,100,0
2026-09-01T20:00:00+05:30,01-09-2026 20:00:00,"Alipur, Delhi - DPCC",43,Good,CO,100,0
2026-09-01T21:00:00+05:30,01-09-2026 21:00:00,"Wazirpur, Delhi - DPCC",208,Poor,PM10,100,1
2026-09-01T21:00:00+05:30,01-09-2026 21:00:00,"Dwarka-Sector 8, Delhi - DPCC",174,Moderately Polluted,PM10,100,1
2026-09-01T21:00:00+05:30,01-09-2026 21:00:00,"IIT Delhi, Delhi - IITM",145,Moderately Polluted,PM10,100,1
2026-09-01T21:00:00+05:30,01-09-2026 21:00:00,"Rohini, Delhi - DPCC",140,Moderately Polluted,PM10,100,1
2026-09-01T21:00:00+05:30,01-09-2026 21:00:00,"Mundka, Delhi - DPCC",135,Moderately Polluted,PM10,100,1
2026-09-01T21:00:00+05:30,01-09-2026 21:00:00,"CRRI Mathura Road, Delhi - IITM",132,Moderately Polluted,PM10,100,1
2026-09-01T21:00:00+05:30,01-09-2026 21:00:00,"Okhla Phase-2, Delhi - DPCC",129,Moderately Polluted,PM10,100,1
2026-09-01T21:00:00+05:30,01-09-2026 21:00:00,"Nehru Nagar, Delhi - DPCC",127,Moderately Polluted,PM10,100,1
2026-09-01T21:00:00+05:30,01-09-2026 21:00:00,"R K Puram, Delhi - DPCC",127,Moderately Polluted,PM10,100,1
2026-09-01T21:00:00+05:30,01-09-2026 21:00:00,"Ashok Vihar, Delhi - DPCC",124,Moderately Polluted,PM10,100,1
2026-09-01T21:00:00+05:30,01-09-2026 21:00:00,"Sirifort, Delhi - CPCB",123,Moderately Polluted,PM10,100,1
2026-09-01T21:00:00+05:30,01-09-2026 21:00:00,"Vivek Vihar, Delhi - DPCC",120,Moderately Polluted,PM10,100,1
2026-09-01T21:00:00+05:30,01-09-2026 21:00:00,"Punjabi Bagh, Delhi - DPCC",118,Moderately Polluted,PM10,100,1
2026-09-01T21:00:00+05:30,01-09-2026 21:00:00,"Jahangirpuri, Delhi - DPCC",116,Moderately Polluted,PM10,100,1
2026-09-01T21:00:00+05:30,01-09-2026 21:00:00,"North Campus, DU, Delhi - IITM",114,Moderately Polluted,PM10,100,1
2026-09-01T21:00:00+05:30,01-09-2026 21:00:00,"Pusa, Delhi - DPCC",114,Moderately Polluted,PM10,100,1
2026-09-01T21:00:00+05:30,01-09-2026 21:00:00,"IGI Airport (T3), Delhi - IITM",113,Moderately Polluted,NO2,100,1
2026-09-01T21:00:00+05:30,01-09-2026 21:00:00,"Sonia Vihar, Delhi - DPCC",111,Moderately Polluted,PM10,100,1
2026-09-01T21:00:00+05:30,01-09-2026 21:00:00,"Pusa, Delhi - IITM",108,Moderately Polluted,OZONE,100,1
2026-09-01T21:00:00+05:30,01-09-2026 21:00:00,"Narela, Delhi - DPCC",106,Moderately Polluted,PM10,100,1
2026-09-01T21:00:00+05:30,01-09-2026 21:00:00,"Shadipur, Delhi - CPCB",106,Moderately Polluted,PM10,100,1
2026-09-01T21:00:00+05:30,01-09-2026 21:00:00,"Patparganj, Delhi - DPCC",105,Moderately Polluted,PM10,100,1
2026-09-01T21:00:00+05:30,01-09-2026 21:00:00,"Dr. Karni Singh Shooting Range, Delhi - DPCC",104,Moderately Polluted,PM10,100,1
2026-09-01T21:00:00+05:30,01-09-2026 21:00:00,"IMD Lodhi Road, Delhi - IITM",102,Moderately Polluted,PM10,100,1
2026-09-01T21:00:00+05:30,01-09-2026 21:00:00,"Jawaharlal Nehru Stadium, Delhi - DPCC",101,Moderately Polluted,PM10,100,1
2026-09-01T21:00:00+05:30,01-09-2026 21:00:00,"Sri Aurobindo Marg, Delhi - DPCC",101,Moderately Polluted,PM10,100,1
2026-09-01T21:00:00+05:30,01-09-2026 21:00:00,"Burari Crossing, Delhi - IITM",99,Satisfactory,PM10,100,0
2026-09-01T21:00:00+05:30,01-09-2026 21:00:00,"IGNOU_Maidan Garhi, Delhi - DPCC",99,Satisfactory,PM10,100,0
2026-09-01T21:00:00+05:30,01-09-2026 21:00:00,"NSIT Dwarka, Delhi - CPCB",97,Satisfactory,OZONE,100,0
2026-09-01T21:00:00+05:30,01-09-2026 21:00:00,"Major Dhyan Chand National Stadium, Delhi - DPCC",97,Satisfactory,PM10,100,0
2026-09-01T21:00:00+05:30,01-09-2026 21:00:00,"Bawana, Delhi - DPCC",96,Satisfactory,PM10,100,0
2026-09-01T21:00:00+05:30,01-09-2026 21:00:00,"JNU, Delhi - DPCC",96,Satisfactory,PM10,100,0
2026-09-01T21:00:00+05:30,01-09-2026 21:00:00,"Mandir Marg, Delhi - DPCC",96,Satisfactory,PM10,100,0
2026-09-01T21:00:00+05:30,01-09-2026 21:00:00,"Commonwealth Sports Complex, Delhi - DPCC",95,Satisfactory,PM10,100,0
2026-09-01T21:00:00+05:30,01-09-2026 21:00:00,"Chandni Chowk, Delhi - IITM",93,Satisfactory,CO,100,0
2026-09-01T21:00:00+05:30,01-09-2026 21:00:00,"DTU, Delhi - CPCB",89,Satisfactory,PM10,100,0
2026-09-01T21:00:00+05:30,01-09-2026 21:00:00,"NSUT Jaffarpur, Delhi - DPCC",88,Satisfactory,PM10,100,0
2026-09-01T21:00:00+05:30,01-09-2026 21:00:00,"Talkatora Garden, Delhi - DPCC",84,Satisfactory,PM10,100,0
2026-09-01T21:00:00+05:30,01-09-2026 21:00:00,"IHBAS, Dilshad Garden, Delhi - CPCB",80,Satisfactory,PM10,100,0
2026-09-01T21:00:00+05:30,01-09-2026 21:00:00,"Najafgarh, Delhi - DPCC",73,Satisfactory,PM10,100,0
2026-09-01T21:00:00+05:30,01-09-2026 21:00:00,"Aya Nagar, Delhi - IITM",70,Satisfactory,PM10,100,0
2026-09-01T21:00:00+05:30,01-09-2026 21:00:00,"ITO, Delhi - CPCB",58,Satisfactory,NO2,100,0
2026-09-01T21:00:00+05:30,01-09-2026 21:00:00,"Cantonment Area, Delhi - DPCC",57,Satisfactory,PM10,100,0
2026-09-01T21:00:00+05:30,01-09-2026 21:00:00,"Alipur, Delhi - DPCC",44,Good,CO,100,0
2026-09-01T22:00:00+05:30,01-09-2026 22:00:00,"Wazirpur, Delhi - DPCC",208,Poor,PM10,100,1
2026-09-01T22:00:00+05:30,01-09-2026 22:00:00,"Dwarka-Sector 8, Delhi - DPCC",155,Moderately Polluted,PM10,100,1
2026-09-01T22:00:00+05:30,01-09-2026 22:00:00,"IIT Delhi, Delhi - IITM",142,Moderately Polluted,PM10,100,1
2026-09-01T22:00:00+05:30,01-09-2026 22:00:00,"Rohini, Delhi - DPCC",138,Moderately Polluted,PM10,100,1
2026-09-01T22:00:00+05:30,01-09-2026 22:00:00,"Mundka, Delhi - DPCC",134,Moderately Polluted,PM10,100,1
2026-09-01T22:00:00+05:30,01-09-2026 22:00:00,"CRRI Mathura Road, Delhi - IITM",128,Moderately Polluted,PM10,100,1
2026-09-01T22:00:00+05:30,01-09-2026 22:00:00,"Okhla Phase-2, Delhi - DPCC",123,Moderately Polluted,PM10,100,1
2026-09-01T22:00:00+05:30,01-09-2026 22:00:00,"Nehru Nagar, Delhi - DPCC",122,Moderately Polluted,PM10,100,1
2026-09-01T22:00:00+05:30,01-09-2026 22:00:00,"R K Puram, Delhi - DPCC",122,Moderately Polluted,PM10,100,1
2026-09-01T22:00:00+05:30,01-09-2026 22:00:00,"Ashok Vihar, Delhi - DPCC",121,Moderately Polluted,PM10,100,1
2026-09-01T22:00:00+05:30,01-09-2026 22:00:00,"Vivek Vihar, Delhi - DPCC",118,Moderately Polluted,PM10,100,1
2026-09-01T22:00:00+05:30,01-09-2026 22:00:00,"Sirifort, Delhi - CPCB",117,Moderately Polluted,PM10,100,1
2026-09-01T22:00:00+05:30,01-09-2026 22:00:00,"Punjabi Bagh, Delhi - DPCC",116,Moderately Polluted,PM10,100,1
2026-09-01T22:00:00+05:30,01-09-2026 22:00:00,"NSIT Dwarka, Delhi - CPCB",114,Moderately Polluted,OZONE,100,1
2026-09-01T22:00:00+05:30,01-09-2026 22:00:00,"Jahangirpuri, Delhi - DPCC",114,Moderately Polluted,PM10,100,1
2026-09-01T22:00:00+05:30,01-09-2026 22:00:00,"Pusa, Delhi - DPCC",112,Moderately Polluted,PM10,100,1
2026-09-01T22:00:00+05:30,01-09-2026 22:00:00,"North Campus, DU, Delhi - IITM",111,Moderately Polluted,PM10,100,1
2026-09-01T22:00:00+05:30,01-09-2026 22:00:00,"Sonia Vihar, Delhi - DPCC",111,Moderately Polluted,PM10,100,1
2026-09-01T22:00:00+05:30,01-09-2026 22:00:00,"IGI Airport (T3), Delhi - IITM",110,Moderately Polluted,NO2,100,1
2026-09-01T22:00:00+05:30,01-09-2026 22:00:00,"Narela, Delhi - DPCC",104,Moderately Polluted,PM10,100,1
2026-09-01T22:00:00+05:30,01-09-2026 22:00:00,"Dr. Karni Singh Shooting Range, Delhi - DPCC",102,Moderately Polluted,PM10,100,1
2026-09-01T22:00:00+05:30,01-09-2026 22:00:00,"Patparganj, Delhi - DPCC",102,Moderately Polluted,PM10,100,1
2026-09-01T22:00:00+05:30,01-09-2026 22:00:00,"Sri Aurobindo Marg, Delhi - DPCC",99,Satisfactory,PM10,100,0
2026-09-01T22:00:00+05:30,01-09-2026 22:00:00,"IMD Lodhi Road, Delhi - IITM",99,Satisfactory,PM10,100,0
2026-09-01T22:00:00+05:30,01-09-2026 22:00:00,"Jawaharlal Nehru Stadium, Delhi - DPCC",98,Satisfactory,PM10,100,0
2026-09-01T22:00:00+05:30,01-09-2026 22:00:00,"Pusa, Delhi - IITM",98,Satisfactory,OZONE,100,0
2026-09-01T22:00:00+05:30,01-09-2026 22:00:00,"IGNOU_Maidan Garhi, Delhi - DPCC",97,Satisfactory,PM10,100,0
2026-09-01T22:00:00+05:30,01-09-2026 22:00:00,"Shadipur, Delhi - CPCB",96,Satisfactory,PM10,100,0
2026-09-01T22:00:00+05:30,01-09-2026 22:00:00,"Chandni Chowk, Delhi - IITM",96,Satisfactory,CO,100,0
2026-09-01T22:00:00+05:30,01-09-2026 22:00:00,"Burari Crossing, Delhi - IITM",96,Satisfactory,PM10,100,0
2026-09-01T22:00:00+05:30,01-09-2026 22:00:00,"Mandir Marg, Delhi - DPCC",95,Satisfactory,PM10,100,0
2026-09-01T22:00:00+05:30,01-09-2026 22:00:00,"Bawana, Delhi - DPCC",95,Satisfactory,PM10,100,0
2026-09-01T22:00:00+05:30,01-09-2026 22:00:00,"Major Dhyan Chand National Stadium, Delhi - DPCC",94,Satisfactory,PM10,100,0
2026-09-01T22:00:00+05:30,01-09-2026 22:00:00,"JNU, Delhi - DPCC",94,Satisfactory,PM10,100,0
2026-09-01T22:00:00+05:30,01-09-2026 22:00:00,"Commonwealth Sports Complex, Delhi - DPCC",92,Satisfactory,PM10,100,0
2026-09-01T22:00:00+05:30,01-09-2026 22:00:00,"NSUT Jaffarpur, Delhi - DPCC",89,Satisfactory,PM10,100,0
2026-09-01T22:00:00+05:30,01-09-2026 22:00:00,"DTU, Delhi - CPCB",88,Satisfactory,PM10,100,0
2026-09-01T22:00:00+05:30,01-09-2026 22:00:00,"Talkatora Garden, Delhi - DPCC",83,Satisfactory,PM10,100,0
2026-09-01T22:00:00+05:30,01-09-2026 22:00:00,"IHBAS, Dilshad Garden, Delhi - CPCB",79,Satisfactory,PM10,100,0
2026-09-01T22:00:00+05:30,01-09-2026 22:00:00,"Najafgarh, Delhi - DPCC",73,Satisfactory,PM10,100,0
2026-09-01T22:00:00+05:30,01-09-2026 22:00:00,"Aya Nagar, Delhi - IITM",68,Satisfactory,PM10,100,0
2026-09-01T22:00:00+05:30,01-09-2026 22:00:00,"ITO, Delhi - CPCB",58,Satisfactory,NO2,100,0
2026-09-01T22:00:00+05:30,01-09-2026 22:00:00,"Cantonment Area, Delhi - DPCC",53,Satisfactory,PM10,100,0
2026-09-01T22:00:00+05:30,01-09-2026 22:00:00,"Alipur, Delhi - DPCC",44,Good,CO,100,0
2026-09-01T23:00:00+05:30,01-09-2026 23:00:00,"Wazirpur, Delhi - DPCC",203,Poor,PM10,100,1
2026-09-01T23:00:00+05:30,01-09-2026 23:00:00,"IIT Delhi, Delhi - IITM",138,Moderately Polluted,PM10,100,1
2026-09-01T23:00:00+05:30,01-09-2026 23:00:00,"Rohini, Delhi - DPCC",137,Moderately Polluted,PM10,100,1
2026-09-01T23:00:00+05:30,01-09-2026 23:00:00,"Dwarka-Sector 8, Delhi - DPCC",136,Moderately Polluted,PM10,100,1
2026-09-01T23:00:00+05:30,01-09-2026 23:00:00,"NSIT Dwarka, Delhi - CPCB",127,Moderately Polluted,OZONE,100,1
2026-09-01T23:00:00+05:30,01-09-2026 23:00:00,"Mundka, Delhi - DPCC",125,Moderately Polluted,PM10,100,1
2026-09-01T23:00:00+05:30,01-09-2026 23:00:00,"CRRI Mathura Road, Delhi - IITM",122,Moderately Polluted,PM10,100,1
2026-09-01T23:00:00+05:30,01-09-2026 23:00:00,"Ashok Vihar, Delhi - DPCC",118,Moderately Polluted,PM10,100,1
2026-09-01T23:00:00+05:30,01-09-2026 23:00:00,"Nehru Nagar, Delhi - DPCC",118,Moderately Polluted,PM10,100,1
2026-09-01T23:00:00+05:30,01-09-2026 23:00:00,"R K Puram, Delhi - DPCC",117,Moderately Polluted,PM10,100,1
2026-09-01T23:00:00+05:30,01-09-2026 23:00:00,"Okhla Phase-2, Delhi - DPCC",115,Moderately Polluted,PM10,100,1
2026-09-01T23:00:00+05:30,01-09-2026 23:00:00,"Sirifort, Delhi - CPCB",114,Moderately Polluted,PM10,100,1
2026-09-01T23:00:00+05:30,01-09-2026 23:00:00,"Vivek Vihar, Delhi - DPCC",114,Moderately Polluted,PM10,100,1
2026-09-01T23:00:00+05:30,01-09-2026 23:00:00,"Punjabi Bagh, Delhi - DPCC",113,Moderately Polluted,PM10,100,1
2026-09-01T23:00:00+05:30,01-09-2026 23:00:00,"Jahangirpuri, Delhi - DPCC",112,Moderately Polluted,PM10,100,1
2026-09-01T23:00:00+05:30,01-09-2026 23:00:00,"Sonia Vihar, Delhi - DPCC",110,Moderately Polluted,PM10,100,1
2026-09-01T23:00:00+05:30,01-09-2026 23:00:00,"North Campus, DU, Delhi - IITM",109,Moderately Polluted,PM10,100,1
2026-09-01T23:00:00+05:30,01-09-2026 23:00:00,"Pusa, Delhi - DPCC",108,Moderately Polluted,PM10,100,1
2026-09-01T23:00:00+05:30,01-09-2026 23:00:00,"Burari Crossing, Delhi - IITM",107,Moderately Polluted,CO,100,1
2026-09-01T23:00:00+05:30,01-09-2026 23:00:00,"IGI Airport (T3), Delhi - IITM",106,Moderately Polluted,NO2,100,1
2026-09-01T23:00:00+05:30,01-09-2026 23:00:00,"Narela, Delhi - DPCC",102,Moderately Polluted,PM10,100,1
2026-09-01T23:00:00+05:30,01-09-2026 23:00:00,"Dr. Karni Singh Shooting Range, Delhi - DPCC",101,Moderately Polluted,PM10,100,1
2026-09-01T23:00:00+05:30,01-09-2026 23:00:00,"Patparganj, Delhi - DPCC",99,Satisfactory,PM10,100,0
2026-09-01T23:00:00+05:30,01-09-2026 23:00:00,"Chandni Chowk, Delhi - IITM",98,Satisfactory,CO,100,0
2026-09-01T23:00:00+05:30,01-09-2026 23:00:00,"IMD Lodhi Road, Delhi - IITM",97,Satisfactory,PM10,100,0
2026-09-01T23:00:00+05:30,01-09-2026 23:00:00,"Sri Aurobindo Marg, Delhi - DPCC",96,Satisfactory,PM10,100,0
2026-09-01T23:00:00+05:30,01-09-2026 23:00:00,"Jawaharlal Nehru Stadium, Delhi - DPCC",95,Satisfactory,PM10,100,0
2026-09-01T23:00:00+05:30,01-09-2026 23:00:00,"IGNOU_Maidan Garhi, Delhi - DPCC",94,Satisfactory,PM10,100,0
2026-09-01T23:00:00+05:30,01-09-2026 23:00:00,"Mandir Marg, Delhi - DPCC",94,Satisfactory,PM10,100,0
2026-09-01T23:00:00+05:30,01-09-2026 23:00:00,"Bawana, Delhi - DPCC",94,Satisfactory,PM10,100,0
2026-09-01T23:00:00+05:30,01-09-2026 23:00:00,"Major Dhyan Chand National Stadium, Delhi - DPCC",92,Satisfactory,PM10,100,0
2026-09-01T23:00:00+05:30,01-09-2026 23:00:00,"JNU, Delhi - DPCC",91,Satisfactory,PM10,100,0
2026-09-01T23:00:00+05:30,01-09-2026 23:00:00,"Commonwealth Sports Complex, Delhi - DPCC",90,Satisfactory,PM10,100,0
2026-09-01T23:00:00+05:30,01-09-2026 23:00:00,"Pusa, Delhi - IITM",89,Satisfactory,PM10,100,0
2026-09-01T23:00:00+05:30,01-09-2026 23:00:00,"Shadipur, Delhi - CPCB",88,Satisfactory,PM10,100,0
2026-09-01T23:00:00+05:30,01-09-2026 23:00:00,"DTU, Delhi - CPCB",87,Satisfactory,PM10,100,0
2026-09-01T23:00:00+05:30,01-09-2026 23:00:00,"NSUT Jaffarpur, Delhi - DPCC",87,Satisfactory,PM10,100,0
2026-09-01T23:00:00+05:30,01-09-2026 23:00:00,"Talkatora Garden, Delhi - DPCC",82,Satisfactory,PM10,100,0
2026-09-01T23:00:00+05:30,01-09-2026 23:00:00,"IHBAS, Dilshad Garden, Delhi - CPCB",77,Satisfactory,PM10,100,0
2026-09-01T23:00:00+05:30,01-09-2026 23:00:00,"Najafgarh, Delhi - DPCC",72,Satisfactory,PM10,100,0
2026-09-01T23:00:00+05:30,01-09-2026 23:00:00,"Aya Nagar, Delhi - IITM",66,Satisfactory,PM10,100,0
2026-09-01T23:00:00+05:30,01-09-2026 23:00:00,"ITO, Delhi - CPCB",59,Satisfactory,CO,100,0
2026-09-01T23:00:00+05:30,01-09-2026 23:00:00,"Cantonment Area, Delhi - DPCC",50,Good,PM10,100,0
2026-09-01T23:00:00+05:30,01-09-2026 23:00:00,"Alipur, Delhi - DPCC",46,Good,CO,100,0
2026-09-02T00:00:00+05:30,02-09-2026 00:00:00,"Wazirpur, Delhi - DPCC",195,Moderately Polluted,PM10,100,1
2026-09-02T00:00:00+05:30,02-09-2026 00:00:00,"NSIT Dwarka, Delhi - CPCB",143,Moderately Polluted,OZONE,100,1
2026-09-02T00:00:00+05:30,02-09-2026 00:00:00,"IIT Delhi, Delhi - IITM",134,Moderately Polluted,PM10,100,1
2026-09-02T00:00:00+05:30,02-09-2026 00:00:00,"Rohini, Delhi - DPCC",134,Moderately Polluted,PM10,100,1
2026-09-02T00:00:00+05:30,02-09-2026 00:00:00,"Dwarka-Sector 8, Delhi - DPCC",126,Moderately Polluted,PM10,100,1
2026-09-02T00:00:00+05:30,02-09-2026 00:00:00,"Mundka, Delhi - DPCC",118,Moderately Polluted,PM10,100,1
2026-09-02T00:00:00+05:30,02-09-2026 00:00:00,"CRRI Mathura Road, Delhi - IITM",117,Moderately Polluted,PM10,100,1
2026-09-02T00:00:00+05:30,02-09-2026 00:00:00,"Nehru Nagar, Delhi - DPCC",117,Moderately Polluted,PM10,100,1
2026-09-02T00:00:00+05:30,02-09-2026 00:00:00,"R K Puram, Delhi - DPCC",116,Moderately Polluted,PM10,100,1
2026-09-02T00:00:00+05:30,02-09-2026 00:00:00,"Ashok Vihar, Delhi - DPCC",115,Moderately Polluted,PM10,100,1
2026-09-02T00:00:00+05:30,02-09-2026 00:00:00,"Jahangirpuri, Delhi - DPCC",111,Moderately Polluted,CO,100,1
2026-09-02T00:00:00+05:30,02-09-2026 00:00:00,"Okhla Phase-2, Delhi - DPCC",111,Moderately Polluted,PM10,100,1
2026-09-02T00:00:00+05:30,02-09-2026 00:00:00,"Punjabi Bagh, Delhi - DPCC",110,Moderately Polluted,PM10,100,1
2026-09-02T00:00:00+05:30,02-09-2026 00:00:00,"Sonia Vihar, Delhi - DPCC",110,Moderately Polluted,PM10,100,1
2026-09-02T00:00:00+05:30,02-09-2026 00:00:00,"Sirifort, Delhi - CPCB",110,Moderately Polluted,PM10,100,1
2026-09-02T00:00:00+05:30,02-09-2026 00:00:00,"Pusa, Delhi - DPCC",109,Moderately Polluted,PM10,100,1
2026-09-02T00:00:00+05:30,02-09-2026 00:00:00,"Vivek Vihar, Delhi - DPCC",109,Moderately Polluted,PM10,100,1
2026-09-02T00:00:00+05:30,02-09-2026 00:00:00,"Burari Crossing, Delhi - IITM",107,Moderately Polluted,CO,100,1
2026-09-02T00:00:00+05:30,02-09-2026 00:00:00,"North Campus, DU, Delhi - IITM",107,Moderately Polluted,PM10,100,1
2026-09-02T00:00:00+05:30,02-09-2026 00:00:00,"IGI Airport (T3), Delhi - IITM",103,Moderately Polluted,NO2,100,1
2026-09-02T00:00:00+05:30,02-09-2026 00:00:00,"Chandni Chowk, Delhi - IITM",100,Satisfactory,CO,100,0
2026-09-02T00:00:00+05:30,02-09-2026 00:00:00,"Dr. Karni Singh Shooting Range, Delhi - DPCC",98,Satisfactory,PM10,100,0
2026-09-02T00:00:00+05:30,02-09-2026 00:00:00,"Narela, Delhi - DPCC",98,Satisfactory,PM10,100,0
2026-09-02T00:00:00+05:30,02-09-2026 00:00:00,"Patparganj, Delhi - DPCC",97,Satisfactory,PM10,100,0
2026-09-02T00:00:00+05:30,02-09-2026 00:00:00,"IMD Lodhi Road, Delhi - IITM",94,Satisfactory,PM10,100,0
2026-09-02T00:00:00+05:30,02-09-2026 00:00:00,"Mandir Marg, Delhi - DPCC",93,Satisfactory,PM10,100,0
2026-09-02T00:00:00+05:30,02-09-2026 00:00:00,"Sri Aurobindo Marg, Delhi - DPCC",93,Satisfactory,PM10,100,0
2026-09-02T00:00:00+05:30,02-09-2026 00:00:00,"Jawaharlal Nehru Stadium, Delhi - DPCC",92,Satisfactory,PM10,100,0
2026-09-02T00:00:00+05:30,02-09-2026 00:00:00,"IGNOU_Maidan Garhi, Delhi - DPCC",92,Satisfactory,PM10,100,0
2026-09-02T00:00:00+05:30,02-09-2026 00:00:00,"Bawana, Delhi - DPCC",91,Satisfactory,PM10,100,0
2026-09-02T00:00:00+05:30,02-09-2026 00:00:00,"Major Dhyan Chand National Stadium, Delhi - DPCC",89,Satisfactory,PM10,100,0
2026-09-02T00:00:00+05:30,02-09-2026 00:00:00,"JNU, Delhi - DPCC",88,Satisfactory,PM10,100,0
2026-09-02T00:00:00+05:30,02-09-2026 00:00:00,"Commonwealth Sports Complex, Delhi - DPCC",88,Satisfactory,PM10,100,0
2026-09-02T00:00:00+05:30,02-09-2026 00:00:00,"Pusa, Delhi - IITM",87,Satisfactory,PM10,100,0
2026-09-02T00:00:00+05:30,02-09-2026 00:00:00,"DTU, Delhi - CPCB",86,Satisfactory,PM10,100,0
2026-09-02T00:00:00+05:30,02-09-2026 00:00:00,"NSUT Jaffarpur, Delhi - DPCC",85,Satisfactory,PM10,100,0
2026-09-02T00:00:00+05:30,02-09-2026 00:00:00,"Shadipur, Delhi - CPCB",83,Satisfactory,PM10,100,0
2026-09-02T00:00:00+05:30,02-09-2026 00:00:00,"Talkatora Garden, Delhi - DPCC",81,Satisfactory,PM10,100,0
2026-09-02T00:00:00+05:30,02-09-2026 00:00:00,"IHBAS, Dilshad Garden, Delhi - CPCB",76,Satisfactory,PM10,100,0
2026-09-02T00:00:00+05:30,02-09-2026 00:00:00,"Najafgarh, Delhi - DPCC",70,Satisfactory,PM10,100,0
2026-09-02T00:00:00+05:30,02-09-2026 00:00:00,"Aya Nagar, Delhi - IITM",66,Satisfactory,PM10,100,0
2026-09-02T00:00:00+05:30,02-09-2026 00:00:00,"ITO, Delhi - CPCB",63,Satisfactory,CO,100,0
2026-09-02T00:00:00+05:30,02-09-2026 00:00:00,"Cantonment Area, Delhi - DPCC",48,Good,PM10,100,0
2026-09-02T00:00:00+05:30,02-09-2026 00:00:00,"Alipur, Delhi - DPCC",47,Good,CO,100,0
2026-09-02T01:00:00+05:30,02-09-2026 01:00:00,"Wazirpur, Delhi - DPCC",191,Moderately Polluted,PM10,100,1
2026-09-02T01:00:00+05:30,02-09-2026 01:00:00,"Rohini, Delhi - DPCC",132,Moderately Polluted,PM10,100,1
2026-09-02T01:00:00+05:30,02-09-2026 01:00:00,"IIT Delhi, Delhi - IITM",130,Moderately Polluted,PM10,100,1
2026-09-02T01:00:00+05:30,02-09-2026 01:00:00,"NSIT Dwarka, Delhi - CPCB",130,Moderately Polluted,OZONE,100,1
2026-09-02T01:00:00+05:30,02-09-2026 01:00:00,"Dwarka-Sector 8, Delhi - DPCC",119,Moderately Polluted,PM10,100,1
2026-09-02T01:00:00+05:30,02-09-2026 01:00:00,"R K Puram, Delhi - DPCC",115,Moderately Polluted,PM10,100,1
2026-09-02T01:00:00+05:30,02-09-2026 01:00:00,"Nehru Nagar, Delhi - DPCC",114,Moderately Polluted,PM10,100,1
2026-09-02T01:00:00+05:30,02-09-2026 01:00:00,"Ashok Vihar, Delhi - DPCC",113,Moderately Polluted,PM10,100,1
2026-09-02T01:00:00+05:30,02-09-2026 01:00:00,"Jahangirpuri, Delhi - DPCC",112,Moderately Polluted,CO,100,1
2026-09-02T01:00:00+05:30,02-09-2026 01:00:00,"CRRI Mathura Road, Delhi - IITM",111,Moderately Polluted,PM10,100,1
2026-09-02T01:00:00+05:30,02-09-2026 01:00:00,"Mundka, Delhi - DPCC",110,Moderately Polluted,PM10,100,1
2026-09-02T01:00:00+05:30,02-09-2026 01:00:00,"Sonia Vihar, Delhi - DPCC",108,Moderately Polluted,PM10,100,1
2026-09-02T01:00:00+05:30,02-09-2026 01:00:00,"Punjabi Bagh, Delhi - DPCC",108,Moderately Polluted,PM10,100,1
2026-09-02T01:00:00+05:30,02-09-2026 01:00:00,"Sirifort, Delhi - CPCB",108,Moderately Polluted,PM10,100,1
2026-09-02T01:00:00+05:30,02-09-2026 01:00:00,"Pusa, Delhi - DPCC",108,Moderately Polluted,PM10,100,1
2026-09-02T01:00:00+05:30,02-09-2026 01:00:00,"Burari Crossing, Delhi - IITM",107,Moderately Polluted,CO,100,1
2026-09-02T01:00:00+05:30,02-09-2026 01:00:00,"North Campus, DU, Delhi - IITM",106,Moderately Polluted,PM10,100,1
2026-09-02T01:00:00+05:30,02-09-2026 01:00:00,"Okhla Phase-2, Delhi - DPCC",106,Moderately Polluted,PM10,100,1
2026-09-02T01:00:00+05:30,02-09-2026 01:00:00,"Vivek Vihar, Delhi - DPCC",103,Moderately Polluted,PM10,100,1
2026-09-02T01:00:00+05:30,02-09-2026 01:00:00,"IGI Airport (T3), Delhi - IITM",102,Moderately Polluted,NO2,100,1
2026-09-02T01:00:00+05:30,02-09-2026 01:00:00,"Chandni Chowk, Delhi - IITM",101,Moderately Polluted,CO,100,1
2026-09-02T01:00:00+05:30,02-09-2026 01:00:00,"Narela, Delhi - DPCC",96,Satisfactory,PM10,100,0
2026-09-02T01:00:00+05:30,02-09-2026 01:00:00,"Dr. Karni Singh Shooting Range, Delhi - DPCC",95,Satisfactory,PM10,100,0
2026-09-02T01:00:00+05:30,02-09-2026 01:00:00,"Patparganj, Delhi - DPCC",94,Satisfactory,PM10,100,0
2026-09-02T01:00:00+05:30,02-09-2026 01:00:00,"Sri Aurobindo Marg, Delhi - DPCC",91,Satisfactory,PM10,100,0
2026-09-02T01:00:00+05:30,02-09-2026 01:00:00,"IMD Lodhi Road, Delhi - IITM",91,Satisfactory,PM10,100,0
2026-09-02T01:00:00+05:30,02-09-2026 01:00:00,"Mandir Marg, Delhi - DPCC",91,Satisfactory,PM10,100,0
2026-09-02T01:00:00+05:30,02-09-2026 01:00:00,"Bawana, Delhi - DPCC",90,Satisfactory,PM10,100,0
2026-09-02T01:00:00+05:30,02-09-2026 01:00:00,"Jawaharlal Nehru Stadium, Delhi - DPCC",89,Satisfactory,PM10,100,0
2026-09-02T01:00:00+05:30,02-09-2026 01:00:00,"IGNOU_Maidan Garhi, Delhi - DPCC",88,Satisfactory,PM10,100,0
2026-09-02T01:00:00+05:30,02-09-2026 01:00:00,"Major Dhyan Chand National Stadium, Delhi - DPCC",87,Satisfactory,PM10,100,0
2026-09-02T01:00:00+05:30,02-09-2026 01:00:00,"Commonwealth Sports Complex, Delhi - DPCC",86,Satisfactory,PM10,100,0
2026-09-02T01:00:00+05:30,02-09-2026 01:00:00,"Pusa, Delhi - IITM",84,Satisfactory,PM10,100,0
2026-09-02T01:00:00+05:30,02-09-2026 01:00:00,"DTU, Delhi - CPCB",84,Satisfactory,PM10,100,0
2026-09-02T01:00:00+05:30,02-09-2026 01:00:00,"JNU, Delhi - DPCC",84,Satisfactory,PM10,100,0
2026-09-02T01:00:00+05:30,02-09-2026 01:00:00,"NSUT Jaffarpur, Delhi - DPCC",83,Satisfactory,PM10,100,0
2026-09-02T01:00:00+05:30,02-09-2026 01:00:00,"Talkatora Garden, Delhi - DPCC",80,Satisfactory,PM10,100,0
2026-09-02T01:00:00+05:30,02-09-2026 01:00:00,"Shadipur, Delhi - CPCB",80,Satisfactory,PM10,100,0
2026-09-02T01:00:00+05:30,02-09-2026 01:00:00,"IHBAS, Dilshad Garden, Delhi - CPCB",74,Satisfactory,PM10,100,0
2026-09-02T01:00:00+05:30,02-09-2026 01:00:00,"Najafgarh, Delhi - DPCC",68,Satisfactory,PM10,100,0
2026-09-02T01:00:00+05:30,02-09-2026 01:00:00,"ITO, Delhi - CPCB",65,Satisfactory,CO,100,0
2026-09-02T01:00:00+05:30,02-09-2026 01:00:00,"Aya Nagar, Delhi - IITM",64,Satisfactory,PM10,100,0
2026-09-02T01:00:00+05:30,02-09-2026 01:00:00,"Alipur, Delhi - DPCC",47,Good,CO,100,0
2026-09-02T01:00:00+05:30,02-09-2026 01:00:00,"Cantonment Area, Delhi - DPCC",46,Good,PM10,100,0
2026-09-02T02:00:00+05:30,02-09-2026 02:00:00,"Wazirpur, Delhi - DPCC",188,Moderately Polluted,PM10,100,1
2026-09-02T02:00:00+05:30,02-09-2026 02:00:00,"Rohini, Delhi - DPCC",131,Moderately Polluted,PM10,100,1
2026-09-02T02:00:00+05:30,02-09-2026 02:00:00,"IIT Delhi, Delhi - IITM",126,Moderately Polluted,PM10,100,1
2026-09-02T02:00:00+05:30,02-09-2026 02:00:00,"Dwarka-Sector 8, Delhi - DPCC",116,Moderately Polluted,PM10,100,1
2026-09-02T02:00:00+05:30,02-09-2026 02:00:00,"NSIT Dwarka, Delhi - CPCB",113,Moderately Polluted,OZONE,100,1
2026-09-02T02:00:00+05:30,02-09-2026 02:00:00,"Ashok Vihar, Delhi - DPCC",113,Moderately Polluted,PM10,100,1
2026-09-02T02:00:00+05:30,02-09-2026 02:00:00,"Jahangirpuri, Delhi - DPCC",113,Moderately Polluted,CO,100,1
2026-09-02T02:00:00+05:30,02-09-2026 02:00:00,"Nehru Nagar, Delhi - DPCC",111,Moderately Polluted,PM10,100,1
2026-09-02T02:00:00+05:30,02-09-2026 02:00:00,"R K Puram, Delhi - DPCC",111,Moderately Polluted,PM10,100,1
2026-09-02T02:00:00+05:30,02-09-2026 02:00:00,"Burari Crossing, Delhi - IITM",108,Moderately Polluted,CO,100,1
2026-09-02T02:00:00+05:30,02-09-2026 02:00:00,"Mundka, Delhi - DPCC",108,Moderately Polluted,PM10,100,1
2026-09-02T02:00:00+05:30,02-09-2026 02:00:00,"CRRI Mathura Road, Delhi - IITM",107,Moderately Polluted,PM10,100,1
2026-09-02T02:00:00+05:30,02-09-2026 02:00:00,"Punjabi Bagh, Delhi - DPCC",107,Moderately Polluted,PM10,100,1
2026-09-02T02:00:00+05:30,02-09-2026 02:00:00,"Sonia Vihar, Delhi - DPCC",106,Moderately Polluted,PM10,100,1
2026-09-02T02:00:00+05:30,02-09-2026 02:00:00,"Pusa, Delhi - DPCC",105,Moderately Polluted,PM10,100,1
2026-09-02T02:00:00+05:30,02-09-2026 02:00:00,"Sirifort, Delhi - CPCB",104,Moderately Polluted,PM10,100,1
2026-09-02T02:00:00+05:30,02-09-2026 02:00:00,"North Campus, DU, Delhi - IITM",103,Moderately Polluted,PM10,100,1
2026-09-02T02:00:00+05:30,02-09-2026 02:00:00,"Okhla Phase-2, Delhi - DPCC",102,Moderately Polluted,PM10,100,1
2026-09-02T02:00:00+05:30,02-09-2026 02:00:00,"Chandni Chowk, Delhi - IITM",102,Moderately Polluted,CO,100,1
2026-09-02T02:00:00+05:30,02-09-2026 02:00:00,"IGI Airport (T3), Delhi - IITM",102,Moderately Polluted,NO2,100,1
2026-09-02T02:00:00+05:30,02-09-2026 02:00:00,"Vivek Vihar, Delhi - DPCC",99,Satisfactory,PM10,100,0
2026-09-02T02:00:00+05:30,02-09-2026 02:00:00,"Narela, Delhi - DPCC",93,Satisfactory,PM10,100,0
2026-09-02T02:00:00+05:30,02-09-2026 02:00:00,"Dr. Karni Singh Shooting Range, Delhi - DPCC",92,Satisfactory,PM10,100,0
2026-09-02T02:00:00+05:30,02-09-2026 02:00:00,"Patparganj, Delhi - DPCC",90,Satisfactory,PM10,100,0
2026-09-02T02:00:00+05:30,02-09-2026 02:00:00,"Mandir Marg, Delhi - DPCC",90,Satisfactory,PM10,100,0
2026-09-02T02:00:00+05:30,02-09-2026 02:00:00,"Sri Aurobindo Marg, Delhi - DPCC",89,Satisfactory,PM10,100,0
2026-09-02T02:00:00+05:30,02-09-2026 02:00:00,"Bawana, Delhi - DPCC",88,Satisfactory,PM10,100,0
2026-09-02T02:00:00+05:30,02-09-2026 02:00:00,"IMD Lodhi Road, Delhi - IITM",88,Satisfactory,PM10,100,0
2026-09-02T02:00:00+05:30,02-09-2026 02:00:00,"Jawaharlal Nehru Stadium, Delhi - DPCC",86,Satisfactory,PM10,100,0
2026-09-02T02:00:00+05:30,02-09-2026 02:00:00,"IGNOU_Maidan Garhi, Delhi - DPCC",85,Satisfactory,PM10,100,0
2026-09-02T02:00:00+05:30,02-09-2026 02:00:00,"Major Dhyan Chand National Stadium, Delhi - DPCC",84,Satisfactory,PM10,100,0
2026-09-02T02:00:00+05:30,02-09-2026 02:00:00,"Commonwealth Sports Complex, Delhi - DPCC",84,Satisfactory,PM10,100,0
2026-09-02T02:00:00+05:30,02-09-2026 02:00:00,"Pusa, Delhi - IITM",82,Satisfactory,PM10,100,0
2026-09-02T02:00:00+05:30,02-09-2026 02:00:00,"DTU, Delhi - CPCB",82,Satisfactory,PM10,100,0
2026-09-02T02:00:00+05:30,02-09-2026 02:00:00,"NSUT Jaffarpur, Delhi - DPCC",81,Satisfactory,PM10,100,0
2026-09-02T02:00:00+05:30,02-09-2026 02:00:00,"JNU, Delhi - DPCC",80,Satisfactory,PM10,100,0
2026-09-02T02:00:00+05:30,02-09-2026 02:00:00,"Shadipur, Delhi - CPCB",80,Satisfactory,PM10,100,0
2026-09-02T02:00:00+05:30,02-09-2026 02:00:00,"Talkatora Garden, Delhi - DPCC",78,Satisfactory,PM10,100,0
2026-09-02T02:00:00+05:30,02-09-2026 02:00:00,"IHBAS, Dilshad Garden, Delhi - CPCB",73,Satisfactory,PM10,100,0
2026-09-02T02:00:00+05:30,02-09-2026 02:00:00,"Najafgarh, Delhi - DPCC",66,Satisfactory,PM10,100,0
2026-09-02T02:00:00+05:30,02-09-2026 02:00:00,"ITO, Delhi - CPCB",65,Satisfactory,CO,100,0
2026-09-02T02:00:00+05:30,02-09-2026 02:00:00,"Aya Nagar, Delhi - IITM",62,Satisfactory,PM10,100,0
2026-09-02T02:00:00+05:30,02-09-2026 02:00:00,"Alipur, Delhi - DPCC",47,Good,CO,100,0
2026-09-02T02:00:00+05:30,02-09-2026 02:00:00,"Cantonment Area, Delhi - DPCC",45,Good,PM10,100,0
2026-09-02T03:00:00+05:30,02-09-2026 03:00:00,"Wazirpur, Delhi - DPCC",187,Moderately Polluted,PM10,100,1
2026-09-02T03:00:00+05:30,02-09-2026 03:00:00,"Rohini, Delhi - DPCC",130,Moderately Polluted,PM10,100,1
2026-09-02T03:00:00+05:30,02-09-2026 03:00:00,"IIT Delhi, Delhi - IITM",123,Moderately Polluted,PM10,100,1
2026-09-02T03:00:00+05:30,02-09-2026 03:00:00,"Dwarka-Sector 8, Delhi - DPCC",114,Moderately Polluted,PM10,100,1
2026-09-02T03:00:00+05:30,02-09-2026 03:00:00,"Jahangirpuri, Delhi - DPCC",113,Moderately Polluted,CO,100,1
2026-09-02T03:00:00+05:30,02-09-2026 03:00:00,"Ashok Vihar, Delhi - DPCC",112,Moderately Polluted,PM10,100,1
2026-09-02T03:00:00+05:30,02-09-2026 03:00:00,"Nehru Nagar, Delhi - DPCC",110,Moderately Polluted,PM10,100,1
2026-09-02T03:00:00+05:30,02-09-2026 03:00:00,"Burari Crossing, Delhi - IITM",108,Moderately Polluted,CO,100,1
2026-09-02T03:00:00+05:30,02-09-2026 03:00:00,"R K Puram, Delhi - DPCC",108,Moderately Polluted,PM10,100,1
2026-09-02T03:00:00+05:30,02-09-2026 03:00:00,"Sonia Vihar, Delhi - DPCC",107,Moderately Polluted,PM10,100,1
2026-09-02T03:00:00+05:30,02-09-2026 03:00:00,"Mundka, Delhi - DPCC",106,Moderately Polluted,PM10,100,1
2026-09-02T03:00:00+05:30,02-09-2026 03:00:00,"CRRI Mathura Road, Delhi - IITM",105,Moderately Polluted,PM10,100,1
2026-09-02T03:00:00+05:30,02-09-2026 03:00:00,"Punjabi Bagh, Delhi - DPCC",105,Moderately Polluted,PM10,100,1
2026-09-02T03:00:00+05:30,02-09-2026 03:00:00,"Pusa, Delhi - DPCC",104,Moderately Polluted,PM10,100,1
2026-09-02T03:00:00+05:30,02-09-2026 03:00:00,"IGI Airport (T3), Delhi - IITM",102,Moderately Polluted,NO2,100,1
2026-09-02T03:00:00+05:30,02-09-2026 03:00:00,"North Campus, DU, Delhi - IITM",102,Moderately Polluted,PM10,100,1
2026-09-02T03:00:00+05:30,02-09-2026 03:00:00,"Sirifort, Delhi - CPCB",101,Moderately Polluted,PM10,100,1
2026-09-02T03:00:00+05:30,02-09-2026 03:00:00,"Chandni Chowk, Delhi - IITM",101,Moderately Polluted,CO,100,1
2026-09-02T03:00:00+05:30,02-09-2026 03:00:00,"Okhla Phase-2, Delhi - DPCC",100,Satisfactory,PM10,100,0
2026-09-02T03:00:00+05:30,02-09-2026 03:00:00,"NSIT Dwarka, Delhi - CPCB",98,Satisfactory,OZONE,100,0
2026-09-02T03:00:00+05:30,02-09-2026 03:00:00,"Vivek Vihar, Delhi - DPCC",97,Satisfactory,PM10,100,0
2026-09-02T03:00:00+05:30,02-09-2026 03:00:00,"Narela, Delhi - DPCC",92,Satisfactory,PM10,100,0
2026-09-02T03:00:00+05:30,02-09-2026 03:00:00,"Dr. Karni Singh Shooting Range, Delhi - DPCC",90,Satisfactory,PM10,100,0
2026-09-02T03:00:00+05:30,02-09-2026 03:00:00,"Mandir Marg, Delhi - DPCC",88,Satisfactory,PM10,100,0
2026-09-02T03:00:00+05:30,02-09-2026 03:00:00,"Patparganj, Delhi - DPCC",87,Satisfactory,PM10,100,0
2026-09-02T03:00:00+05:30,02-09-2026 03:00:00,"IMD Lodhi Road, Delhi - IITM",87,Satisfactory,PM10,100,0
2026-09-02T03:00:00+05:30,02-09-2026 03:00:00,"Bawana, Delhi - DPCC",86,Satisfactory,PM10,100,0
2026-09-02T03:00:00+05:30,02-09-2026 03:00:00,"Sri Aurobindo Marg, Delhi - DPCC",85,Satisfactory,PM10,100,0
2026-09-02T03:00:00+05:30,02-09-2026 03:00:00,"Major Dhyan Chand National Stadium, Delhi - DPCC",82,Satisfactory,PM10,100,0
2026-09-02T03:00:00+05:30,02-09-2026 03:00:00,"Jawaharlal Nehru Stadium, Delhi - DPCC",82,Satisfactory,CO,100,0
2026-09-02T03:00:00+05:30,02-09-2026 03:00:00,"DTU, Delhi - CPCB",81,Satisfactory,PM10,100,0
2026-09-02T03:00:00+05:30,02-09-2026 03:00:00,"IGNOU_Maidan Garhi, Delhi - DPCC",81,Satisfactory,PM10,100,0
2026-09-02T03:00:00+05:30,02-09-2026 03:00:00,"Commonwealth Sports Complex, Delhi - DPCC",81,Satisfactory,PM10,100,0
2026-09-02T03:00:00+05:30,02-09-2026 03:00:00,"Pusa, Delhi - IITM",80,Satisfactory,PM10,100,0
2026-09-02T03:00:00+05:30,02-09-2026 03:00:00,"NSUT Jaffarpur, Delhi - DPCC",79,Satisfactory,PM10,100,0
2026-09-02T03:00:00+05:30,02-09-2026 03:00:00,"Shadipur, Delhi - CPCB",78,Satisfactory,PM10,100,0
2026-09-02T03:00:00+05:30,02-09-2026 03:00:00,"JNU, Delhi - DPCC",76,Satisfactory,PM10,100,0
2026-09-02T03:00:00+05:30,02-09-2026 03:00:00,"Talkatora Garden, Delhi - DPCC",76,Satisfactory,PM10,100,0
2026-09-02T03:00:00+05:30,02-09-2026 03:00:00,"IHBAS, Dilshad Garden, Delhi - CPCB",72,Satisfactory,PM10,100,0
2026-09-02T03:00:00+05:30,02-09-2026 03:00:00,"Najafgarh, Delhi - DPCC",65,Satisfactory,PM10,100,0
2026-09-02T03:00:00+05:30,02-09-2026 03:00:00,"ITO, Delhi - CPCB",63,Satisfactory,CO,100,0
2026-09-02T03:00:00+05:30,02-09-2026 03:00:00,"Aya Nagar, Delhi - IITM",61,Satisfactory,PM10,100,0
2026-09-02T03:00:00+05:30,02-09-2026 03:00:00,"Alipur, Delhi - DPCC",47,Good,CO,100,0
2026-09-02T03:00:00+05:30,02-09-2026 03:00:00,"Cantonment Area, Delhi - DPCC",45,Good,PM10,100,0
2026-09-02T04:00:00+05:30,02-09-2026 04:00:00,"Wazirpur, Delhi - DPCC",186,Moderately Polluted,PM10,100,1
2026-09-02T04:00:00+05:30,02-09-2026 04:00:00,"Rohini, Delhi - DPCC",129,Moderately Polluted,PM10,100,1
2026-09-02T04:00:00+05:30,02-09-2026 04:00:00,"IIT Delhi, Delhi - IITM",122,Moderately Polluted,PM10,100,1
2026-09-02T04:00:00+05:30,02-09-2026 04:00:00,"Jahangirpuri, Delhi - DPCC",113,Moderately Polluted,CO,100,1
2026-09-02T04:00:00+05:30,02-09-2026 04:00:00,"Ashok Vihar, Delhi - DPCC",113,Moderately Polluted,PM10,100,1
2026-09-02T04:00:00+05:30,02-09-2026 04:00:00,"Dwarka-Sector 8, Delhi - DPCC",112,Moderately Polluted,PM10,100,1
2026-09-02T04:00:00+05:30,02-09-2026 04:00:00,"Nehru Nagar, Delhi - DPCC",109,Moderately Polluted,PM10,100,1
2026-09-02T04:00:00+05:30,02-09-2026 04:00:00,"Burari Crossing, Delhi - IITM",108,Moderately Polluted,CO,100,1
2026-09-02T04:00:00+05:30,02-09-2026 04:00:00,"Sonia Vihar, Delhi - DPCC",107,Moderately Polluted,PM10,100,1
2026-09-02T04:00:00+05:30,02-09-2026 04:00:00,"Punjabi Bagh, Delhi - DPCC",106,Moderately Polluted,PM10,100,1
2026-09-02T04:00:00+05:30,02-09-2026 04:00:00,"R K Puram, Delhi - DPCC",106,Moderately Polluted,PM10,100,1
2026-09-02T04:00:00+05:30,02-09-2026 04:00:00,"Mundka, Delhi - DPCC",105,Moderately Polluted,PM10,100,1
2026-09-02T04:00:00+05:30,02-09-2026 04:00:00,"North Campus, DU, Delhi - IITM",103,Moderately Polluted,PM10,100,1
2026-09-02T04:00:00+05:30,02-09-2026 04:00:00,"CRRI Mathura Road, Delhi - IITM",103,Moderately Polluted,PM10,100,1
2026-09-02T04:00:00+05:30,02-09-2026 04:00:00,"IGI Airport (T3), Delhi - IITM",103,Moderately Polluted,NO2,100,1
2026-09-02T04:00:00+05:30,02-09-2026 04:00:00,"Pusa, Delhi - DPCC",103,Moderately Polluted,PM10,100,1
2026-09-02T04:00:00+05:30,02-09-2026 04:00:00,"Sirifort, Delhi - CPCB",100,Satisfactory,PM10,100,0
2026-09-02T04:00:00+05:30,02-09-2026 04:00:00,"Chandni Chowk, Delhi - IITM",100,Satisfactory,CO,100,0
2026-09-02T04:00:00+05:30,02-09-2026 04:00:00,"Okhla Phase-2, Delhi - DPCC",99,Satisfactory,PM10,100,0
2026-09-02T04:00:00+05:30,02-09-2026 04:00:00,"Vivek Vihar, Delhi - DPCC",97,Satisfactory,PM10,100,0
2026-09-02T04:00:00+05:30,02-09-2026 04:00:00,"Narela, Delhi - DPCC",89,Satisfactory,PM10,100,0
2026-09-02T04:00:00+05:30,02-09-2026 04:00:00,"Dr. Karni Singh Shooting Range, Delhi - DPCC",89,Satisfactory,PM10,100,0
2026-09-02T04:00:00+05:30,02-09-2026 04:00:00,"Mandir Marg, Delhi - DPCC",88,Satisfactory,PM10,100,0
2026-09-02T04:00:00+05:30,02-09-2026 04:00:00,"IMD Lodhi Road, Delhi - IITM",87,Satisfactory,PM10,100,0
2026-09-02T04:00:00+05:30,02-09-2026 04:00:00,"Patparganj, Delhi - DPCC",86,Satisfactory,PM10,100,0
2026-09-02T04:00:00+05:30,02-09-2026 04:00:00,"Bawana, Delhi - DPCC",85,Satisfactory,PM10,100,0
2026-09-02T04:00:00+05:30,02-09-2026 04:00:00,"Sri Aurobindo Marg, Delhi - DPCC",84,Satisfactory,PM10,100,0
2026-09-02T04:00:00+05:30,02-09-2026 04:00:00,"Jawaharlal Nehru Stadium, Delhi - DPCC",81,Satisfactory,PM10,100,0
2026-09-02T04:00:00+05:30,02-09-2026 04:00:00,"Major Dhyan Chand National Stadium, Delhi - DPCC",80,Satisfactory,PM10,100,0
2026-09-02T04:00:00+05:30,02-09-2026 04:00:00,"Pusa, Delhi - IITM",80,Satisfactory,PM10,100,0
2026-09-02T04:00:00+05:30,02-09-2026 04:00:00,"DTU, Delhi - CPCB",80,Satisfactory,PM10,100,0
2026-09-02T04:00:00+05:30,02-09-2026 04:00:00,"NSIT Dwarka, Delhi - CPCB",80,Satisfactory,CO,100,0
2026-09-02T04:00:00+05:30,02-09-2026 04:00:00,"Commonwealth Sports Complex, Delhi - DPCC",80,Satisfactory,PM10,100,0
2026-09-02T04:00:00+05:30,02-09-2026 04:00:00,"IGNOU_Maidan Garhi, Delhi - DPCC",79,Satisfactory,PM10,100,0
2026-09-02T04:00:00+05:30,02-09-2026 04:00:00,"Shadipur, Delhi - CPCB",78,Satisfactory,PM10,100,0
2026-09-02T04:00:00+05:30,02-09-2026 04:00:00,"NSUT Jaffarpur, Delhi - DPCC",78,Satisfactory,PM10,100,0
2026-09-02T04:00:00+05:30,02-09-2026 04:00:00,"JNU, Delhi - DPCC",74,Satisfactory,PM10,100,0
2026-09-02T04:00:00+05:30,02-09-2026 04:00:00,"Talkatora Garden, Delhi - DPCC",74,Satisfactory,PM10,100,0
2026-09-02T04:00:00+05:30,02-09-2026 04:00:00,"IHBAS, Dilshad Garden, Delhi - CPCB",70,Satisfactory,PM10,100,0
2026-09-02T04:00:00+05:30,02-09-2026 04:00:00,"Najafgarh, Delhi - DPCC",64,Satisfactory,PM10,100,0
2026-09-02T04:00:00+05:30,02-09-2026 04:00:00,"Aya Nagar, Delhi - IITM",61,Satisfactory,PM10,100,0
2026-09-02T04:00:00+05:30,02-09-2026 04:00:00,"ITO, Delhi - CPCB",59,Satisfactory,CO,100,0
2026-09-02T04:00:00+05:30,02-09-2026 04:00:00,"Alipur, Delhi - DPCC",48,Good,CO,100,0
2026-09-02T04:00:00+05:30,02-09-2026 04:00:00,"Cantonment Area, Delhi - DPCC",44,Good,PM10,100,0
2026-09-02T05:00:00+05:30,02-09-2026 05:00:00,"Wazirpur, Delhi - DPCC",186,Moderately Polluted,PM10,100,1
2026-09-02T05:00:00+05:30,02-09-2026 05:00:00,"Rohini, Delhi - DPCC",127,Moderately Polluted,PM10,100,1
2026-09-02T05:00:00+05:30,02-09-2026 05:00:00,"IIT Delhi, Delhi - IITM",120,Moderately Polluted,PM10,100,1
2026-09-02T05:00:00+05:30,02-09-2026 05:00:00,"Ashok Vihar, Delhi - DPCC",113,Moderately Polluted,PM10,100,1
2026-09-02T05:00:00+05:30,02-09-2026 05:00:00,"Jahangirpuri, Delhi - DPCC",113,Moderately Polluted,CO,100,1
2026-09-02T05:00:00+05:30,02-09-2026 05:00:00,"Dwarka-Sector 8, Delhi - DPCC",112,Moderately Polluted,PM10,100,1
2026-09-02T05:00:00+05:30,02-09-2026 05:00:00,"Nehru Nagar, Delhi - DPCC",109,Moderately Polluted,PM10,100,1
2026-09-02T05:00:00+05:30,02-09-2026 05:00:00,"Burari Crossing, Delhi - IITM",108,Moderately Polluted,CO,100,1
2026-09-02T05:00:00+05:30,02-09-2026 05:00:00,"Punjabi Bagh, Delhi - DPCC",108,Moderately Polluted,PM10,100,1
2026-09-02T05:00:00+05:30,02-09-2026 05:00:00,"R K Puram, Delhi - DPCC",106,Moderately Polluted,PM10,100,1
2026-09-02T05:00:00+05:30,02-09-2026 05:00:00,"Sonia Vihar, Delhi - DPCC",106,Moderately Polluted,PM10,100,1
2026-09-02T05:00:00+05:30,02-09-2026 05:00:00,"North Campus, DU, Delhi - IITM",105,Moderately Polluted,PM10,100,1
2026-09-02T05:00:00+05:30,02-09-2026 05:00:00,"IGI Airport (T3), Delhi - IITM",103,Moderately Polluted,NO2,100,1
2026-09-02T05:00:00+05:30,02-09-2026 05:00:00,"Pusa, Delhi - DPCC",103,Moderately Polluted,PM10,100,1
2026-09-02T05:00:00+05:30,02-09-2026 05:00:00,"CRRI Mathura Road, Delhi - IITM",102,Moderately Polluted,PM10,100,1
2026-09-02T05:00:00+05:30,02-09-2026 05:00:00,"Mundka, Delhi - DPCC",102,Moderately Polluted,PM10,100,1
2026-09-02T05:00:00+05:30,02-09-2026 05:00:00,"Sirifort, Delhi - CPCB",100,Satisfactory,PM10,100,0
2026-09-02T05:00:00+05:30,02-09-2026 05:00:00,"Chandni Chowk, Delhi - IITM",99,Satisfactory,CO,100,0
2026-09-02T05:00:00+05:30,02-09-2026 05:00:00,"Okhla Phase-2, Delhi - DPCC",98,Satisfactory,PM10,100,0
2026-09-02T05:00:00+05:30,02-09-2026 05:00:00,"Vivek Vihar, Delhi - DPCC",96,Satisfactory,PM10,100,0
2026-09-02T05:00:00+05:30,02-09-2026 05:00:00,"Mandir Marg, Delhi - DPCC",88,Satisfactory,PM10,100,0
2026-09-02T05:00:00+05:30,02-09-2026 05:00:00,"Narela, Delhi - DPCC",88,Satisfactory,PM10,100,0
2026-09-02T05:00:00+05:30,02-09-2026 05:00:00,"IMD Lodhi Road, Delhi - IITM",88,Satisfactory,PM10,100,0
2026-09-02T05:00:00+05:30,02-09-2026 05:00:00,"Dr. Karni Singh Shooting Range, Delhi - DPCC",87,Satisfactory,PM10,100,0
2026-09-02T05:00:00+05:30,02-09-2026 05:00:00,"Patparganj, Delhi - DPCC",86,Satisfactory,PM10,100,0
2026-09-02T05:00:00+05:30,02-09-2026 05:00:00,"Bawana, Delhi - DPCC",84,Satisfactory,PM10,100,0
2026-09-02T05:00:00+05:30,02-09-2026 05:00:00,"NSIT Dwarka, Delhi - CPCB",83,Satisfactory,CO,100,0
2026-09-02T05:00:00+05:30,02-09-2026 05:00:00,"Sri Aurobindo Marg, Delhi - DPCC",82,Satisfactory,PM10,100,0
2026-09-02T05:00:00+05:30,02-09-2026 05:00:00,"Commonwealth Sports Complex, Delhi - DPCC",80,Satisfactory,PM10,100,0
2026-09-02T05:00:00+05:30,02-09-2026 05:00:00,"Major Dhyan Chand National Stadium, Delhi - DPCC",80,Satisfactory,PM10,100,0
2026-09-02T05:00:00+05:30,02-09-2026 05:00:00,"Pusa, Delhi - IITM",80,Satisfactory,PM10,100,0
2026-09-02T05:00:00+05:30,02-09-2026 05:00:00,"Jawaharlal Nehru Stadium, Delhi - DPCC",80,Satisfactory,PM10,100,0
2026-09-02T05:00:00+05:30,02-09-2026 05:00:00,"DTU, Delhi - CPCB",79,Satisfactory,PM10,100,0
2026-09-02T05:00:00+05:30,02-09-2026 05:00:00,"IGNOU_Maidan Garhi, Delhi - DPCC",78,Satisfactory,PM10,100,0
2026-09-02T05:00:00+05:30,02-09-2026 05:00:00,"Shadipur, Delhi - CPCB",78,Satisfactory,PM10,100,0
2026-09-02T05:00:00+05:30,02-09-2026 05:00:00,"NSUT Jaffarpur, Delhi - DPCC",77,Satisfactory,PM10,100,0
2026-09-02T05:00:00+05:30,02-09-2026 05:00:00,"Talkatora Garden, Delhi - DPCC",73,Satisfactory,PM10,100,0
2026-09-02T05:00:00+05:30,02-09-2026 05:00:00,"JNU, Delhi - DPCC",72,Satisfactory,PM10,100,0
2026-09-02T05:00:00+05:30,02-09-2026 05:00:00,"IHBAS, Dilshad Garden, Delhi - CPCB",69,Satisfactory,PM10,100,0
2026-09-02T05:00:00+05:30,02-09-2026 05:00:00,"Najafgarh, Delhi - DPCC",63,Satisfactory,PM10,100,0
2026-09-02T05:00:00+05:30,02-09-2026 05:00:00,"Aya Nagar, Delhi - IITM",61,Satisfactory,PM10,100,0
2026-09-02T05:00:00+05:30,02-09-2026 05:00:00,"ITO, Delhi - CPCB",59,Satisfactory,NO2,100,0
2026-09-02T05:00:00+05:30,02-09-2026 05:00:00,"Alipur, Delhi - DPCC",47,Good,CO,100,0
2026-09-02T05:00:00+05:30,02-09-2026 05:00:00,"Cantonment Area, Delhi - DPCC",44,Good,PM10,100,0
2026-09-02T09:00:00+05:30,02-09-2026 09:00:00,"Wazirpur, Delhi - DPCC",180,Moderately Polluted,PM10,100,1
2026-09-02T09:00:00+05:30,02-09-2026 09:00:00,"Rohini, Delhi - DPCC",124,Moderately Polluted,PM10,100,1
2026-09-02T09:00:00+05:30,02-09-2026 09:00:00,"IIT Delhi, Delhi - IITM",118,Moderately Polluted,PM10,100,1
2026-09-02T09:00:00+05:30,02-09-2026 09:00:00,"Punjabi Bagh, Delhi - DPCC",112,Moderately Polluted,PM10,100,1
2026-09-02T09:00:00+05:30,02-09-2026 09:00:00,"Jahangirpuri, Delhi - DPCC",111,Moderately Polluted,CO,100,1
2026-09-02T09:00:00+05:30,02-09-2026 09:00:00,"Dwarka-Sector 8, Delhi - DPCC",111,Moderately Polluted,PM10,100,1
2026-09-02T09:00:00+05:30,02-09-2026 09:00:00,"Ashok Vihar, Delhi - DPCC",110,Moderately Polluted,PM10,100,1
2026-09-02T09:00:00+05:30,02-09-2026 09:00:00,"Nehru Nagar, Delhi - DPCC",109,Moderately Polluted,PM10,100,1
2026-09-02T09:00:00+05:30,02-09-2026 09:00:00,"North Campus, DU, Delhi - IITM",108,Moderately Polluted,NO2,100,1
2026-09-02T09:00:00+05:30,02-09-2026 09:00:00,"R K Puram, Delhi - DPCC",107,Moderately Polluted,PM10,100,1
2026-09-02T09:00:00+05:30,02-09-2026 09:00:00,"Burari Crossing, Delhi - IITM",106,Moderately Polluted,CO,100,1
2026-09-02T09:00:00+05:30,02-09-2026 09:00:00,"NSIT Dwarka, Delhi - CPCB",104,Moderately Polluted,CO,100,1
2026-09-02T09:00:00+05:30,02-09-2026 09:00:00,"Pusa, Delhi - DPCC",104,Moderately Polluted,PM10,100,1
2026-09-02T09:00:00+05:30,02-09-2026 09:00:00,"IGI Airport (T3), Delhi - IITM",103,Moderately Polluted,NO2,100,1
2026-09-02T09:00:00+05:30,02-09-2026 09:00:00,"Alipur, Delhi - DPCC",101,Moderately Polluted,PM10,100,1
2026-09-02T09:00:00+05:30,02-09-2026 09:00:00,"Sonia Vihar, Delhi - DPCC",100,Satisfactory,PM10,100,0
2026-09-02T09:00:00+05:30,02-09-2026 09:00:00,"Sirifort, Delhi - CPCB",99,Satisfactory,PM10,100,0
2026-09-02T09:00:00+05:30,02-09-2026 09:00:00,"Okhla Phase-2, Delhi - DPCC",97,Satisfactory,PM10,100,0
2026-09-02T09:00:00+05:30,02-09-2026 09:00:00,"Mundka, Delhi - DPCC",97,Satisfactory,PM10,100,0
2026-09-02T09:00:00+05:30,02-09-2026 09:00:00,"CRRI Mathura Road, Delhi - IITM",96,Satisfactory,PM10,100,0
2026-09-02T09:00:00+05:30,02-09-2026 09:00:00,"Chandni Chowk, Delhi - IITM",96,Satisfactory,CO,100,0
2026-09-02T09:00:00+05:30,02-09-2026 09:00:00,"ITO, Delhi - CPCB",94,Satisfactory,PM10,100,0
2026-09-02T09:00:00+05:30,02-09-2026 09:00:00,"Vivek Vihar, Delhi - DPCC",92,Satisfactory,PM10,100,0
2026-09-02T09:00:00+05:30,02-09-2026 09:00:00,"Mandir Marg, Delhi - DPCC",91,Satisfactory,PM10,100,0
2026-09-02T09:00:00+05:30,02-09-2026 09:00:00,"IMD Lodhi Road, Delhi - IITM",90,Satisfactory,PM10,100,0
2026-09-02T09:00:00+05:30,02-09-2026 09:00:00,"Dr. Karni Singh Shooting Range, Delhi - DPCC",88,Satisfactory,PM10,100,0
2026-09-02T09:00:00+05:30,02-09-2026 09:00:00,"Narela, Delhi - DPCC",85,Satisfactory,PM10,100,0
2026-09-02T09:00:00+05:30,02-09-2026 09:00:00,"Pusa, Delhi - IITM",83,Satisfactory,PM10,100,0
2026-09-02T09:00:00+05:30,02-09-2026 09:00:00,"Commonwealth Sports Complex, Delhi - DPCC",83,Satisfactory,PM10,100,0
2026-09-02T09:00:00+05:30,02-09-2026 09:00:00,"Patparganj, Delhi - DPCC",82,Satisfactory,PM10,100,0
2026-09-02T09:00:00+05:30,02-09-2026 09:00:00,"Major Dhyan Chand National Stadium, Delhi - DPCC",81,Satisfactory,PM10,100,0
2026-09-02T09:00:00+05:30,02-09-2026 09:00:00,"Bawana, Delhi - DPCC",81,Satisfactory,PM10,100,0
2026-09-02T09:00:00+05:30,02-09-2026 09:00:00,"Shadipur, Delhi - CPCB",81,Satisfactory,PM10,100,0
2026-09-02T09:00:00+05:30,02-09-2026 09:00:00,"Jawaharlal Nehru Stadium, Delhi - DPCC",80,Satisfactory,PM10,100,0
2026-09-02T09:00:00+05:30,02-09-2026 09:00:00,"Sri Aurobindo Marg, Delhi - DPCC",79,Satisfactory,PM10,100,0
2026-09-02T09:00:00+05:30,02-09-2026 09:00:00,"NSUT Jaffarpur, Delhi - DPCC",79,Satisfactory,PM10,100,0
2026-09-02T09:00:00+05:30,02-09-2026 09:00:00,"DTU, Delhi - CPCB",75,Satisfactory,PM10,100,0
2026-09-02T09:00:00+05:30,02-09-2026 09:00:00,"IGNOU_Maidan Garhi, Delhi - DPCC",74,Satisfactory,PM10,100,0
2026-09-02T09:00:00+05:30,02-09-2026 09:00:00,"Talkatora Garden, Delhi - DPCC",73,Satisfactory,PM10,100,0
2026-09-02T09:00:00+05:30,02-09-2026 09:00:00,"JNU, Delhi - DPCC",69,Satisfactory,PM10,100,0
2026-09-02T09:00:00+05:30,02-09-2026 09:00:00,"IHBAS, Dilshad Garden, Delhi - CPCB",64,Satisfactory,PM10,100,0
2026-09-02T09:00:00+05:30,02-09-2026 09:00:00,"Najafgarh, Delhi - DPCC",63,Satisfactory,PM10,100,0
2026-09-02T09:00:00+05:30,02-09-2026 09:00:00,"Aya Nagar, Delhi - IITM",63,Satisfactory,PM10,100,0
2026-09-02T09:00:00+05:30,02-09-2026 09:00:00,"Cantonment Area, Delhi - DPCC",49,Good,PM10,100,0
2026-09-02T10:00:00+05:30,02-09-2026 10:00:00,"Wazirpur, Delhi - DPCC",169,Moderately Polluted,PM10,100,1
2026-09-02T10:00:00+05:30,02-09-2026 10:00:00,"Rohini, Delhi - DPCC",124,Moderately Polluted,PM10,100,1
2026-09-02T10:00:00+05:30,02-09-2026 10:00:00,"IIT Delhi, Delhi - IITM",117,Moderately Polluted,PM10,100,1
2026-09-02T10:00:00+05:30,02-09-2026 10:00:00,"Punjabi Bagh, Delhi - DPCC",113,Moderately Polluted,PM10,100,1
2026-09-02T10:00:00+05:30,02-09-2026 10:00:00,"Jahangirpuri, Delhi - DPCC",111,Moderately Polluted,CO,100,1
2026-09-02T10:00:00+05:30,02-09-2026 10:00:00,"North Campus, DU, Delhi - IITM",110,Moderately Polluted,NO2,100,1
2026-09-02T10:00:00+05:30,02-09-2026 10:00:00,"Ashok Vihar, Delhi - DPCC",110,Moderately Polluted,PM10,100,1
2026-09-02T10:00:00+05:30,02-09-2026 10:00:00,"Dwarka-Sector 8, Delhi - DPCC",109,Moderately Polluted,PM10,100,1
2026-09-02T10:00:00+05:30,02-09-2026 10:00:00,"Nehru Nagar, Delhi - DPCC",109,Moderately Polluted,PM10,100,1
2026-09-02T10:00:00+05:30,02-09-2026 10:00:00,"R K Puram, Delhi - DPCC",107,Moderately Polluted,PM10,100,1
2026-09-02T10:00:00+05:30,02-09-2026 10:00:00,"NSIT Dwarka, Delhi - CPCB",106,Moderately Polluted,CO,100,1
2026-09-02T10:00:00+05:30,02-09-2026 10:00:00,"Burari Crossing, Delhi - IITM",106,Moderately Polluted,CO,100,1
2026-09-02T10:00:00+05:30,02-09-2026 10:00:00,"IGI Airport (T3), Delhi - IITM",105,Moderately Polluted,NO2,100,1
2026-09-02T10:00:00+05:30,02-09-2026 10:00:00,"Pusa, Delhi - DPCC",105,Moderately Polluted,PM10,100,1
2026-09-02T10:00:00+05:30,02-09-2026 10:00:00,"Sirifort, Delhi - CPCB",101,Moderately Polluted,PM10,100,1
2026-09-02T10:00:00+05:30,02-09-2026 10:00:00,"Sonia Vihar, Delhi - DPCC",101,Moderately Polluted,PM10,100,1
2026-09-02T10:00:00+05:30,02-09-2026 10:00:00,"Alipur, Delhi - DPCC",99,Satisfactory,PM10,100,0
2026-09-02T10:00:00+05:30,02-09-2026 10:00:00,"Okhla Phase-2, Delhi - DPCC",97,Satisfactory,PM10,100,0
2026-09-02T10:00:00+05:30,02-09-2026 10:00:00,"Mundka, Delhi - DPCC",97,Satisfactory,PM10,100,0
2026-09-02T10:00:00+05:30,02-09-2026 10:00:00,"Chandni Chowk, Delhi - IITM",95,Satisfactory,CO,100,0
2026-09-02T10:00:00+05:30,02-09-2026 10:00:00,"CRRI Mathura Road, Delhi - IITM",95,Satisfactory,PM10,100,0
2026-09-02T10:00:00+05:30,02-09-2026 10:00:00,"ITO, Delhi - CPCB",95,Satisfactory,PM10,100,0
2026-09-02T10:00:00+05:30,02-09-2026 10:00:00,"Vivek Vihar, Delhi - DPCC",93,Satisfactory,PM10,100,0
2026-09-02T10:00:00+05:30,02-09-2026 10:00:00,"Mandir Marg, Delhi - DPCC",92,Satisfactory,PM10,100,0
2026-09-02T10:00:00+05:30,02-09-2026 10:00:00,"IMD Lodhi Road, Delhi - IITM",90,Satisfactory,PM10,100,0
2026-09-02T10:00:00+05:30,02-09-2026 10:00:00,"Dr. Karni Singh Shooting Range, Delhi - DPCC",88,Satisfactory,PM10,100,0
2026-09-02T10:00:00+05:30,02-09-2026 10:00:00,"Commonwealth Sports Complex, Delhi - DPCC",85,Satisfactory,PM10,100,0
2026-09-02T10:00:00+05:30,02-09-2026 10:00:00,"Narela, Delhi - DPCC",84,Satisfactory,PM10,100,0
2026-09-02T10:00:00+05:30,02-09-2026 10:00:00,"Pusa, Delhi - IITM",82,Satisfactory,PM10,100,0
2026-09-02T10:00:00+05:30,02-09-2026 10:00:00,"Shadipur, Delhi - CPCB",81,Satisfactory,PM10,100,0
2026-09-02T10:00:00+05:30,02-09-2026 10:00:00,"Patparganj, Delhi - DPCC",81,Satisfactory,PM10,100,0
2026-09-02T10:00:00+05:30,02-09-2026 10:00:00,"Jawaharlal Nehru Stadium, Delhi - DPCC",81,Satisfactory,CO,100,0
2026-09-02T10:00:00+05:30,02-09-2026 10:00:00,"Bawana, Delhi - DPCC",80,Satisfactory,PM10,100,0
2026-09-02T10:00:00+05:30,02-09-2026 10:00:00,"NSUT Jaffarpur, Delhi - DPCC",80,Satisfactory,PM10,100,0
2026-09-02T10:00:00+05:30,02-09-2026 10:00:00,"Major Dhyan Chand National Stadium, Delhi - DPCC",79,Satisfactory,PM10,100,0
2026-09-02T10:00:00+05:30,02-09-2026 10:00:00,"Sri Aurobindo Marg, Delhi - DPCC",79,Satisfactory,PM10,100,0
2026-09-02T10:00:00+05:30,02-09-2026 10:00:00,"IGNOU_Maidan Garhi, Delhi - DPCC",74,Satisfactory,PM10,100,0
2026-09-02T10:00:00+05:30,02-09-2026 10:00:00,"Talkatora Garden, Delhi - DPCC",74,Satisfactory,PM10,100,0
2026-09-02T10:00:00+05:30,02-09-2026 10:00:00,"DTU, Delhi - CPCB",74,Satisfactory,PM10,100,0
2026-09-02T10:00:00+05:30,02-09-2026 10:00:00,"JNU, Delhi - DPCC",69,Satisfactory,PM10,100,0
2026-09-02T10:00:00+05:30,02-09-2026 10:00:00,"Aya Nagar, Delhi - IITM",66,Satisfactory,PM10,100,0
2026-09-02T10:00:00+05:30,02-09-2026 10:00:00,"IHBAS, Dilshad Garden, Delhi - CPCB",65,Satisfactory,PM10,100,0
2026-09-02T10:00:00+05:30,02-09-2026 10:00:00,"Najafgarh, Delhi - DPCC",64,Satisfactory,PM10,100,0
2026-09-02T10:00:00+05:30,02-09-2026 10:00:00,"Cantonment Area, Delhi - DPCC",49,Good,PM10,100,0
2026-09-02T11:00:00+05:30,02-09-2026 11:00:00,"Wazirpur, Delhi - DPCC",159,Moderately Polluted,PM10,100,1
2026-09-02T11:00:00+05:30,02-09-2026 11:00:00,"Rohini, Delhi - DPCC",124,Moderately Polluted,PM10,100,1
2026-09-02T11:00:00+05:30,02-09-2026 11:00:00,"IIT Delhi, Delhi - IITM",116,Moderately Polluted,PM10,100,1
2026-09-02T11:00:00+05:30,02-09-2026 11:00:00,"Punjabi Bagh, Delhi - DPCC",112,Moderately Polluted,PM10,100,1
2026-09-02T11:00:00+05:30,02-09-2026 11:00:00,"Jahangirpuri, Delhi - DPCC",111,Moderately Polluted,CO,100,1
2026-09-02T11:00:00+05:30,02-09-2026 11:00:00,"North Campus, DU, Delhi - IITM",110,Moderately Polluted,NO2,100,1
2026-09-02T11:00:00+05:30,02-09-2026 11:00:00,"Ashok Vihar, Delhi - DPCC",109,Moderately Polluted,PM10,100,1
2026-09-02T11:00:00+05:30,02-09-2026 11:00:00,"Nehru Nagar, Delhi - DPCC",108,Moderately Polluted,PM10,100,1
2026-09-02T11:00:00+05:30,02-09-2026 11:00:00,"NSIT Dwarka, Delhi - CPCB",108,Moderately Polluted,CO,100,1
2026-09-02T11:00:00+05:30,02-09-2026 11:00:00,"Burari Crossing, Delhi - IITM",106,Moderately Polluted,CO,100,1
2026-09-02T11:00:00+05:30,02-09-2026 11:00:00,"IGI Airport (T3), Delhi - IITM",106,Moderately Polluted,NO2,100,1
2026-09-02T11:00:00+05:30,02-09-2026 11:00:00,"Dwarka-Sector 8, Delhi - DPCC",106,Moderately Polluted,PM10,100,1
2026-09-02T11:00:00+05:30,02-09-2026 11:00:00,"Pusa, Delhi - DPCC",105,Moderately Polluted,PM10,100,1
2026-09-02T11:00:00+05:30,02-09-2026 11:00:00,"R K Puram, Delhi - DPCC",104,Moderately Polluted,PM10,100,1
2026-09-02T11:00:00+05:30,02-09-2026 11:00:00,"Sonia Vihar, Delhi - DPCC",100,Satisfactory,PM10,100,0
2026-09-02T11:00:00+05:30,02-09-2026 11:00:00,"Sirifort, Delhi - CPCB",100,Satisfactory,PM10,100,0
2026-09-02T11:00:00+05:30,02-09-2026 11:00:00,"Alipur, Delhi - DPCC",98,Satisfactory,PM10,100,0
2026-09-02T11:00:00+05:30,02-09-2026 11:00:00,"Mundka, Delhi - DPCC",97,Satisfactory,PM10,100,0
2026-09-02T11:00:00+05:30,02-09-2026 11:00:00,"ITO, Delhi - CPCB",95,Satisfactory,PM10,100,0
2026-09-02T11:00:00+05:30,02-09-2026 11:00:00,"Okhla Phase-2, Delhi - DPCC",94,Satisfactory,PM10,100,0
2026-09-02T11:00:00+05:30,02-09-2026 11:00:00,"Chandni Chowk, Delhi - IITM",93,Satisfactory,CO,100,0
2026-09-02T11:00:00+05:30,02-09-2026 11:00:00,"Mandir Marg, Delhi - DPCC",92,Satisfactory,PM10,100,0
2026-09-02T11:00:00+05:30,02-09-2026 11:00:00,"CRRI Mathura Road, Delhi - IITM",92,Satisfactory,PM10,100,0
2026-09-02T11:00:00+05:30,02-09-2026 11:00:00,"IMD Lodhi Road, Delhi - IITM",91,Satisfactory,PM10,100,0
2026-09-02T11:00:00+05:30,02-09-2026 11:00:00,"Vivek Vihar, Delhi - DPCC",91,Satisfactory,PM10,100,0
2026-09-02T11:00:00+05:30,02-09-2026 11:00:00,"Dr. Karni Singh Shooting Range, Delhi - DPCC",88,Satisfactory,PM10,100,0
2026-09-02T11:00:00+05:30,02-09-2026 11:00:00,"Commonwealth Sports Complex, Delhi - DPCC",85,Satisfactory,PM10,100,0
2026-09-02T11:00:00+05:30,02-09-2026 11:00:00,"Narela, Delhi - DPCC",84,Satisfactory,PM10,100,0
2026-09-02T11:00:00+05:30,02-09-2026 11:00:00,"Jawaharlal Nehru Stadium, Delhi - DPCC",84,Satisfactory,CO,100,0
2026-09-02T11:00:00+05:30,02-09-2026 11:00:00,"NSUT Jaffarpur, Delhi - DPCC",82,Satisfactory,PM10,100,0
2026-09-02T11:00:00+05:30,02-09-2026 11:00:00,"Pusa, Delhi - IITM",82,Satisfactory,PM10,100,0
2026-09-02T11:00:00+05:30,02-09-2026 11:00:00,"Shadipur, Delhi - CPCB",81,Satisfactory,PM10,100,0
2026-09-02T11:00:00+05:30,02-09-2026 11:00:00,"Patparganj, Delhi - DPCC",80,Satisfactory,PM10,100,0
2026-09-02T11:00:00+05:30,02-09-2026 11:00:00,"Bawana, Delhi - DPCC",79,Satisfactory,PM10,100,0
2026-09-02T11:00:00+05:30,02-09-2026 11:00:00,"Major Dhyan Chand National Stadium, Delhi - DPCC",78,Satisfactory,PM10,100,0
2026-09-02T11:00:00+05:30,02-09-2026 11:00:00,"Sri Aurobindo Marg, Delhi - DPCC",78,Satisfactory,PM10,100,0
2026-09-02T11:00:00+05:30,02-09-2026 11:00:00,"IGNOU_Maidan Garhi, Delhi - DPCC",74,Satisfactory,PM10,100,0
2026-09-02T11:00:00+05:30,02-09-2026 11:00:00,"DTU, Delhi - CPCB",74,Satisfactory,PM10,100,0
2026-09-02T11:00:00+05:30,02-09-2026 11:00:00,"Talkatora Garden, Delhi - DPCC",73,Satisfactory,PM10,100,0
2026-09-02T11:00:00+05:30,02-09-2026 11:00:00,"JNU, Delhi - DPCC",69,Satisfactory,PM10,100,0
2026-09-02T11:00:00+05:30,02-09-2026 11:00:00,"Aya Nagar, Delhi - IITM",67,Satisfactory,PM10,100,0
2026-09-02T11:00:00+05:30,02-09-2026 11:00:00,"IHBAS, Dilshad Garden, Delhi - CPCB",64,Satisfactory,PM10,100,0
2026-09-02T11:00:00+05:30,02-09-2026 11:00:00,"Najafgarh, Delhi - DPCC",64,Satisfactory,PM10,100,0
2026-09-02T11:00:00+05:30,02-09-2026 11:00:00,"Cantonment Area, Delhi - DPCC",50,Good,PM10,100,0
2026-09-02T12:00:00+05:30,02-09-2026 12:00:00,"Wazirpur, Delhi - DPCC",156,Moderately Polluted,PM10,100,1
2026-09-02T12:00:00+05:30,02-09-2026 12:00:00,"Rohini, Delhi - DPCC",123,Moderately Polluted,PM10,100,1
2026-09-02T12:00:00+05:30,02-09-2026 12:00:00,"IIT Delhi, Delhi - IITM",115,Moderately Polluted,PM10,100,1
2026-09-02T12:00:00+05:30,02-09-2026 12:00:00,"Jahangirpuri, Delhi - DPCC",111,Moderately Polluted,CO,100,1
2026-09-02T12:00:00+05:30,02-09-2026 12:00:00,"Punjabi Bagh, Delhi - DPCC",110,Moderately Polluted,PM10,100,1
2026-09-02T12:00:00+05:30,02-09-2026 12:00:00,"North Campus, DU, Delhi - IITM",110,Moderately Polluted,NO2,100,1
2026-09-02T12:00:00+05:30,02-09-2026 12:00:00,"Ashok Vihar, Delhi - DPCC",108,Moderately Polluted,PM10,100,1
2026-09-02T12:00:00+05:30,02-09-2026 12:00:00,"Burari Crossing, Delhi - IITM",107,Moderately Polluted,CO,100,1
2026-09-02T12:00:00+05:30,02-09-2026 12:00:00,"IGI Airport (T3), Delhi - IITM",107,Moderately Polluted,NO2,100,1
2026-09-02T12:00:00+05:30,02-09-2026 12:00:00,"Pusa, Delhi - DPCC",106,Moderately Polluted,PM10,100,1
2026-09-02T12:00:00+05:30,02-09-2026 12:00:00,"Nehru Nagar, Delhi - DPCC",106,Moderately Polluted,PM10,100,1
2026-09-02T12:00:00+05:30,02-09-2026 12:00:00,"R K Puram, Delhi - DPCC",104,Moderately Polluted,PM10,100,1
2026-09-02T12:00:00+05:30,02-09-2026 12:00:00,"Dwarka-Sector 8, Delhi - DPCC",102,Moderately Polluted,PM10,100,1
2026-09-02T12:00:00+05:30,02-09-2026 12:00:00,"Sirifort, Delhi - CPCB",98,Satisfactory,PM10,100,0
2026-09-02T12:00:00+05:30,02-09-2026 12:00:00,"Sonia Vihar, Delhi - DPCC",97,Satisfactory,PM10,100,0
2026-09-02T12:00:00+05:30,02-09-2026 12:00:00,"Mundka, Delhi - DPCC",96,Satisfactory,PM10,100,0
2026-09-02T12:00:00+05:30,02-09-2026 12:00:00,"Alipur, Delhi - DPCC",95,Satisfactory,PM10,100,0
2026-09-02T12:00:00+05:30,02-09-2026 12:00:00,"ITO, Delhi - CPCB",94,Satisfactory,PM10,100,0
2026-09-02T12:00:00+05:30,02-09-2026 12:00:00,"Okhla Phase-2, Delhi - DPCC",93,Satisfactory,PM10,100,0
2026-09-02T12:00:00+05:30,02-09-2026 12:00:00,"Chandni Chowk, Delhi - IITM",91,Satisfactory,CO,100,0
2026-09-02T12:00:00+05:30,02-09-2026 12:00:00,"Mandir Marg, Delhi - DPCC",90,Satisfactory,PM10,100,0
2026-09-02T12:00:00+05:30,02-09-2026 12:00:00,"IMD Lodhi Road, Delhi - IITM",89,Satisfactory,PM10,100,0
2026-09-02T12:00:00+05:30,02-09-2026 12:00:00,"Vivek Vihar, Delhi - DPCC",89,Satisfactory,PM10,100,0
2026-09-02T12:00:00+05:30,02-09-2026 12:00:00,"CRRI Mathura Road, Delhi - IITM",87,Satisfactory,PM10,100,0
2026-09-02T12:00:00+05:30,02-09-2026 12:00:00,"Jawaharlal Nehru Stadium, Delhi - DPCC",86,Satisfactory,CO,100,0
2026-09-02T12:00:00+05:30,02-09-2026 12:00:00,"Dr. Karni Singh Shooting Range, Delhi - DPCC",85,Satisfactory,PM10,100,0
2026-09-02T12:00:00+05:30,02-09-2026 12:00:00,"Narela, Delhi - DPCC",84,Satisfactory,PM10,100,0
2026-09-02T12:00:00+05:30,02-09-2026 12:00:00,"Commonwealth Sports Complex, Delhi - DPCC",84,Satisfactory,PM10,100,0
2026-09-02T12:00:00+05:30,02-09-2026 12:00:00,"NSUT Jaffarpur, Delhi - DPCC",82,Satisfactory,PM10,100,0
2026-09-02T12:00:00+05:30,02-09-2026 12:00:00,"Bawana, Delhi - DPCC",80,Satisfactory,PM10,100,0
2026-09-02T12:00:00+05:30,02-09-2026 12:00:00,"Pusa, Delhi - IITM",80,Satisfactory,PM10,100,0
2026-09-02T12:00:00+05:30,02-09-2026 12:00:00,"Shadipur, Delhi - CPCB",80,Satisfactory,PM10,100,0
2026-09-02T12:00:00+05:30,02-09-2026 12:00:00,"Sri Aurobindo Marg, Delhi - DPCC",78,Satisfactory,PM10,100,0
2026-09-02T12:00:00+05:30,02-09-2026 12:00:00,"Patparganj, Delhi - DPCC",77,Satisfactory,PM10,100,0
2026-09-02T12:00:00+05:30,02-09-2026 12:00:00,"Major Dhyan Chand National Stadium, Delhi - DPCC",77,Satisfactory,PM10,100,0
2026-09-02T12:00:00+05:30,02-09-2026 12:00:00,"IGNOU_Maidan Garhi, Delhi - DPCC",74,Satisfactory,PM10,100,0
2026-09-02T12:00:00+05:30,02-09-2026 12:00:00,"DTU, Delhi - CPCB",74,Satisfactory,PM10,100,0
2026-09-02T12:00:00+05:30,02-09-2026 12:00:00,"Talkatora Garden, Delhi - DPCC",73,Satisfactory,PM10,100,0
2026-09-02T12:00:00+05:30,02-09-2026 12:00:00,"NSIT Dwarka, Delhi - CPCB",70,Satisfactory,PM10,100,0
2026-09-02T12:00:00+05:30,02-09-2026 12:00:00,"JNU, Delhi - DPCC",69,Satisfactory,PM10,100,0
2026-09-02T12:00:00+05:30,02-09-2026 12:00:00,"Aya Nagar, Delhi - IITM",66,Satisfactory,PM10,100,0
2026-09-02T12:00:00+05:30,02-09-2026 12:00:00,"Najafgarh, Delhi - DPCC",63,Satisfactory,PM10,100,0
2026-09-02T12:00:00+05:30,02-09-2026 12:00:00,"IHBAS, Dilshad Garden, Delhi - CPCB",63,Satisfactory,PM10,100,0
2026-09-02T12:00:00+05:30,02-09-2026 12:00:00,"Cantonment Area, Delhi - DPCC",50,Good,PM10,100,0
2026-09-02T13:00:00+05:30,02-09-2026 13:00:00,"Wazirpur, Delhi - DPCC",154,Moderately Polluted,PM10,100,1
2026-09-02T13:00:00+05:30,02-09-2026 13:00:00,"Rohini, Delhi - DPCC",122,Moderately Polluted,PM10,100,1
2026-09-02T13:00:00+05:30,02-09-2026 13:00:00,"Jahangirpuri, Delhi - DPCC",111,Moderately Polluted,CO,100,1
2026-09-02T13:00:00+05:30,02-09-2026 13:00:00,"IIT Delhi, Delhi - IITM",111,Moderately Polluted,PM10,100,1
2026-09-02T13:00:00+05:30,02-09-2026 13:00:00,"IGI Airport (T3), Delhi - IITM",109,Moderately Polluted,NO2,100,1
2026-09-02T13:00:00+05:30,02-09-2026 13:00:00,"Punjabi Bagh, Delhi - DPCC",109,Moderately Polluted,PM10,100,1
2026-09-02T13:00:00+05:30,02-09-2026 13:00:00,"Burari Crossing, Delhi - IITM",107,Moderately Polluted,CO,100,1
2026-09-02T13:00:00+05:30,02-09-2026 13:00:00,"Ashok Vihar, Delhi - DPCC",106,Moderately Polluted,PM10,100,1
2026-09-02T13:00:00+05:30,02-09-2026 13:00:00,"Pusa, Delhi - DPCC",106,Moderately Polluted,PM10,100,1
2026-09-02T13:00:00+05:30,02-09-2026 13:00:00,"Nehru Nagar, Delhi - DPCC",105,Moderately Polluted,PM10,100,1
2026-09-02T13:00:00+05:30,02-09-2026 13:00:00,"Dwarka-Sector 8, Delhi - DPCC",103,Moderately Polluted,PM10,100,1
2026-09-02T13:00:00+05:30,02-09-2026 13:00:00,"Mundka, Delhi - DPCC",97,Satisfactory,PM10,100,0
2026-09-02T13:00:00+05:30,02-09-2026 13:00:00,"Sirifort, Delhi - CPCB",97,Satisfactory,PM10,100,0
2026-09-02T13:00:00+05:30,02-09-2026 13:00:00,"Sonia Vihar, Delhi - DPCC",95,Satisfactory,PM10,100,0
2026-09-02T13:00:00+05:30,02-09-2026 13:00:00,"North Campus, DU, Delhi - IITM",95,Satisfactory,PM10,100,0
2026-09-02T13:00:00+05:30,02-09-2026 13:00:00,"ITO, Delhi - CPCB",93,Satisfactory,PM10,100,0
2026-09-02T13:00:00+05:30,02-09-2026 13:00:00,"Chandni Chowk, Delhi - IITM",92,Satisfactory,PM10,100,0
2026-09-02T13:00:00+05:30,02-09-2026 13:00:00,"Okhla Phase-2, Delhi - DPCC",92,Satisfactory,PM10,100,0
2026-09-02T13:00:00+05:30,02-09-2026 13:00:00,"Mandir Marg, Delhi - DPCC",88,Satisfactory,PM10,100,0
2026-09-02T13:00:00+05:30,02-09-2026 13:00:00,"Vivek Vihar, Delhi - DPCC",87,Satisfactory,PM10,100,0
2026-09-02T13:00:00+05:30,02-09-2026 13:00:00,"IMD Lodhi Road, Delhi - IITM",87,Satisfactory,PM10,100,0
2026-09-02T13:00:00+05:30,02-09-2026 13:00:00,"Jawaharlal Nehru Stadium, Delhi - DPCC",86,Satisfactory,CO,100,0
2026-09-02T13:00:00+05:30,02-09-2026 13:00:00,"Dr. Karni Singh Shooting Range, Delhi - DPCC",84,Satisfactory,PM10,100,0
2026-09-02T13:00:00+05:30,02-09-2026 13:00:00,"Commonwealth Sports Complex, Delhi - DPCC",84,Satisfactory,PM10,100,0
2026-09-02T13:00:00+05:30,02-09-2026 13:00:00,"CRRI Mathura Road, Delhi - IITM",84,Satisfactory,PM10,100,0
2026-09-02T13:00:00+05:30,02-09-2026 13:00:00,"NSUT Jaffarpur, Delhi - DPCC",82,Satisfactory,PM10,100,0
2026-09-02T13:00:00+05:30,02-09-2026 13:00:00,"Narela, Delhi - DPCC",81,Satisfactory,PM10,100,0
2026-09-02T13:00:00+05:30,02-09-2026 13:00:00,"Shadipur, Delhi - CPCB",80,Satisfactory,PM10,100,0
2026-09-02T13:00:00+05:30,02-09-2026 13:00:00,"Pusa, Delhi - IITM",79,Satisfactory,PM10,100,0
2026-09-02T13:00:00+05:30,02-09-2026 13:00:00,"Bawana, Delhi - DPCC",78,Satisfactory,PM10,100,0
2026-09-02T13:00:00+05:30,02-09-2026 13:00:00,"Sri Aurobindo Marg, Delhi - DPCC",77,Satisfactory,PM10,100,0
2026-09-02T13:00:00+05:30,02-09-2026 13:00:00,"Patparganj, Delhi - DPCC",75,Satisfactory,PM10,100,0
2026-09-02T13:00:00+05:30,02-09-2026 13:00:00,"Major Dhyan Chand National Stadium, Delhi - DPCC",74,Satisfactory,PM10,100,0
2026-09-02T13:00:00+05:30,02-09-2026 13:00:00,"IGNOU_Maidan Garhi, Delhi - DPCC",73,Satisfactory,PM10,100,0
2026-09-02T13:00:00+05:30,02-09-2026 13:00:00,"DTU, Delhi - CPCB",72,Satisfactory,PM10,100,0
2026-09-02T13:00:00+05:30,02-09-2026 13:00:00,"Talkatora Garden, Delhi - DPCC",71,Satisfactory,PM10,100,0
2026-09-02T13:00:00+05:30,02-09-2026 13:00:00,"NSIT Dwarka, Delhi - CPCB",70,Satisfactory,PM10,100,0
2026-09-02T13:00:00+05:30,02-09-2026 13:00:00,"Aya Nagar, Delhi - IITM",64,Satisfactory,PM10,100,0
2026-09-02T13:00:00+05:30,02-09-2026 13:00:00,"IHBAS, Dilshad Garden, Delhi - CPCB",62,Satisfactory,PM10,100,0
2026-09-02T13:00:00+05:30,02-09-2026 13:00:00,"Najafgarh, Delhi - DPCC",62,Satisfactory,PM10,100,0
2026-09-02T13:00:00+05:30,02-09-2026 13:00:00,"JNU, Delhi - DPCC",53,Satisfactory,CO,100,0
2026-09-02T13:00:00+05:30,02-09-2026 13:00:00,"Cantonment Area, Delhi - DPCC",51,Satisfactory,PM10,100,0
2026-09-02T13:00:00+05:30,02-09-2026 13:00:00,"Alipur, Delhi - DPCC",47,Good,CO,100,0
2026-09-02T13:00:00+05:30,02-09-2026 13:00:00,"R K Puram, Delhi - DPCC",4,Good,NH3,100,0
2026-09-02T14:00:00+05:30,02-09-2026 14:00:00,"Wazirpur, Delhi - DPCC",153,Moderately Polluted,PM10,100,1
2026-09-02T14:00:00+05:30,02-09-2026 14:00:00,"Rohini, Delhi - DPCC",121,Moderately Polluted,PM10,100,1
2026-09-02T14:00:00+05:30,02-09-2026 14:00:00,"North Campus, DU, Delhi - IITM",112,Moderately Polluted,NO2,100,1
2026-09-02T14:00:00+05:30,02-09-2026 14:00:00,"Jahangirpuri, Delhi - DPCC",111,Moderately Polluted,CO,100,1
2026-09-02T14:00:00+05:30,02-09-2026 14:00:00,"IGI Airport (T3), Delhi - IITM",108,Moderately Polluted,NO2,100,1
2026-09-02T14:00:00+05:30,02-09-2026 14:00:00,"IIT Delhi, Delhi - IITM",107,Moderately Polluted,PM10,100,1
2026-09-02T14:00:00+05:30,02-09-2026 14:00:00,"Punjabi Bagh, Delhi - DPCC",107,Moderately Polluted,PM10,100,1
2026-09-02T14:00:00+05:30,02-09-2026 14:00:00,"Ashok Vihar, Delhi - DPCC",104,Moderately Polluted,PM10,100,1
2026-09-02T14:00:00+05:30,02-09-2026 14:00:00,"Nehru Nagar, Delhi - DPCC",103,Moderately Polluted,PM10,100,1
2026-09-02T14:00:00+05:30,02-09-2026 14:00:00,"Pusa, Delhi - DPCC",103,Moderately Polluted,PM10,100,1
2026-09-02T14:00:00+05:30,02-09-2026 14:00:00,"Dwarka-Sector 8, Delhi - DPCC",101,Moderately Polluted,PM10,100,1
2026-09-02T14:00:00+05:30,02-09-2026 14:00:00,"Mundka, Delhi - DPCC",97,Satisfactory,PM10,100,0
2026-09-02T14:00:00+05:30,02-09-2026 14:00:00,"R K Puram, Delhi - DPCC",97,Satisfactory,PM10,100,0
2026-09-02T14:00:00+05:30,02-09-2026 14:00:00,"Sirifort, Delhi - CPCB",94,Satisfactory,PM10,100,0
2026-09-02T14:00:00+05:30,02-09-2026 14:00:00,"Chandni Chowk, Delhi - IITM",94,Satisfactory,PM10,100,0
2026-09-02T14:00:00+05:30,02-09-2026 14:00:00,"Alipur, Delhi - DPCC",94,Satisfactory,PM10,100,0
2026-09-02T14:00:00+05:30,02-09-2026 14:00:00,"Sonia Vihar, Delhi - DPCC",93,Satisfactory,PM10,100,0
2026-09-02T14:00:00+05:30,02-09-2026 14:00:00,"ITO, Delhi - CPCB",91,Satisfactory,PM10,100,0
2026-09-02T14:00:00+05:30,02-09-2026 14:00:00,"Okhla Phase-2, Delhi - DPCC",91,Satisfactory,PM10,100,0
2026-09-02T14:00:00+05:30,02-09-2026 14:00:00,"Vivek Vihar, Delhi - DPCC",85,Satisfactory,PM10,100,0
2026-09-02T14:00:00+05:30,02-09-2026 14:00:00,"Jawaharlal Nehru Stadium, Delhi - DPCC",85,Satisfactory,CO,100,0
2026-09-02T14:00:00+05:30,02-09-2026 14:00:00,"Mandir Marg, Delhi - DPCC",85,Satisfactory,PM10,100,0
2026-09-02T14:00:00+05:30,02-09-2026 14:00:00,"IMD Lodhi Road, Delhi - IITM",84,Satisfactory,PM10,100,0
2026-09-02T14:00:00+05:30,02-09-2026 14:00:00,"NSUT Jaffarpur, Delhi - DPCC",83,Satisfactory,PM10,100,0
2026-09-02T14:00:00+05:30,02-09-2026 14:00:00,"Commonwealth Sports Complex, Delhi - DPCC",83,Satisfactory,PM10,100,0
2026-09-02T14:00:00+05:30,02-09-2026 14:00:00,"CRRI Mathura Road, Delhi - IITM",80,Satisfactory,PM10,100,0
2026-09-02T14:00:00+05:30,02-09-2026 14:00:00,"Dr. Karni Singh Shooting Range, Delhi - DPCC",80,Satisfactory,PM10,100,0
2026-09-02T14:00:00+05:30,02-09-2026 14:00:00,"Narela, Delhi - DPCC",79,Satisfactory,PM10,100,0
2026-09-02T14:00:00+05:30,02-09-2026 14:00:00,"Shadipur, Delhi - CPCB",79,Satisfactory,PM10,100,0
2026-09-02T14:00:00+05:30,02-09-2026 14:00:00,"Pusa, Delhi - IITM",78,Satisfactory,NO2,100,0
2026-09-02T14:00:00+05:30,02-09-2026 14:00:00,"Bawana, Delhi - DPCC",75,Satisfactory,PM10,100,0
2026-09-02T14:00:00+05:30,02-09-2026 14:00:00,"Burari Crossing, Delhi - IITM",74,Satisfactory,PM10,100,0
2026-09-02T14:00:00+05:30,02-09-2026 14:00:00,"Sri Aurobindo Marg, Delhi - DPCC",74,Satisfactory,PM10,100,0
2026-09-02T14:00:00+05:30,02-09-2026 14:00:00,"Patparganj, Delhi - DPCC",73,Satisfactory,PM10,100,0
2026-09-02T14:00:00+05:30,02-09-2026 14:00:00,"Major Dhyan Chand National Stadium, Delhi - DPCC",71,Satisfactory,PM10,100,0
2026-09-02T14:00:00+05:30,02-09-2026 14:00:00,"DTU, Delhi - CPCB",71,Satisfactory,PM10,100,0
2026-09-02T14:00:00+05:30,02-09-2026 14:00:00,"IGNOU_Maidan Garhi, Delhi - DPCC",71,Satisfactory,PM10,100,0
2026-09-02T14:00:00+05:30,02-09-2026 14:00:00,"NSIT Dwarka, Delhi - CPCB",71,Satisfactory,PM10,100,0
2026-09-02T14:00:00+05:30,02-09-2026 14:00:00,"JNU, Delhi - DPCC",70,Satisfactory,PM10,100,0
2026-09-02T14:00:00+05:30,02-09-2026 14:00:00,"Talkatora Garden, Delhi - DPCC",69,Satisfactory,PM10,100,0
2026-09-02T14:00:00+05:30,02-09-2026 14:00:00,"Aya Nagar, Delhi - IITM",63,Satisfactory,PM10,100,0
2026-09-02T14:00:00+05:30,02-09-2026 14:00:00,"Najafgarh, Delhi - DPCC",62,Satisfactory,PM10,100,0
2026-09-02T14:00:00+05:30,02-09-2026 14:00:00,"IHBAS, Dilshad Garden, Delhi - CPCB",60,Satisfactory,PM10,100,0
2026-09-02T14:00:00+05:30,02-09-2026 14:00:00,"Cantonment Area, Delhi - DPCC",50,Good,PM10,100,0
2026-09-02T15:00:00+05:30,02-09-2026 15:00:00,"Wazirpur, Delhi - DPCC",151,Moderately Polluted,PM10,100,1
2026-09-02T15:00:00+05:30,02-09-2026 15:00:00,"Rohini, Delhi - DPCC",120,Moderately Polluted,PM10,100,1
2026-09-02T15:00:00+05:30,02-09-2026 15:00:00,"North Campus, DU, Delhi - IITM",113,Moderately Polluted,NO2,100,1
2026-09-02T15:00:00+05:30,02-09-2026 15:00:00,"Jahangirpuri, Delhi - DPCC",111,Moderately Polluted,CO,100,1
2026-09-02T15:00:00+05:30,02-09-2026 15:00:00,"Punjabi Bagh, Delhi - DPCC",107,Moderately Polluted,PM10,100,1
2026-09-02T15:00:00+05:30,02-09-2026 15:00:00,"IGI Airport (T3), Delhi - IITM",107,Moderately Polluted,NO2,100,1
2026-09-02T15:00:00+05:30,02-09-2026 15:00:00,"IIT Delhi, Delhi - IITM",103,Moderately Polluted,PM10,100,1
2026-09-02T15:00:00+05:30,02-09-2026 15:00:00,"NSIT Dwarka, Delhi - CPCB",102,Moderately Polluted,CO,100,1
2026-09-02T15:00:00+05:30,02-09-2026 15:00:00,"Ashok Vihar, Delhi - DPCC",102,Moderately Polluted,PM10,100,1
2026-09-02T15:00:00+05:30,02-09-2026 15:00:00,"Nehru Nagar, Delhi - DPCC",100,Satisfactory,PM10,100,0
2026-09-02T15:00:00+05:30,02-09-2026 15:00:00,"Pusa, Delhi - DPCC",99,Satisfactory,PM10,100,0
2026-09-02T15:00:00+05:30,02-09-2026 15:00:00,"Mundka, Delhi - DPCC",96,Satisfactory,PM10,100,0
2026-09-02T15:00:00+05:30,02-09-2026 15:00:00,"Dwarka-Sector 8, Delhi - DPCC",96,Satisfactory,PM10,100,0
2026-09-02T15:00:00+05:30,02-09-2026 15:00:00,"R K Puram, Delhi - DPCC",95,Satisfactory,PM10,100,0
2026-09-02T15:00:00+05:30,02-09-2026 15:00:00,"Chandni Chowk, Delhi - IITM",95,Satisfactory,PM10,100,0
2026-09-02T15:00:00+05:30,02-09-2026 15:00:00,"ITO, Delhi - CPCB",92,Satisfactory,PM10,100,0
2026-09-02T15:00:00+05:30,02-09-2026 15:00:00,"Alipur, Delhi - DPCC",92,Satisfactory,PM10,100,0
2026-09-02T15:00:00+05:30,02-09-2026 15:00:00,"Sirifort, Delhi - CPCB",92,Satisfactory,PM10,100,0
2026-09-02T15:00:00+05:30,02-09-2026 15:00:00,"Sonia Vihar, Delhi - DPCC",91,Satisfactory,PM10,100,0
2026-09-02T15:00:00+05:30,02-09-2026 15:00:00,"Okhla Phase-2, Delhi - DPCC",88,Satisfactory,PM10,100,0
2026-09-02T15:00:00+05:30,02-09-2026 15:00:00,"Jawaharlal Nehru Stadium, Delhi - DPCC",85,Satisfactory,CO,100,0
2026-09-02T15:00:00+05:30,02-09-2026 15:00:00,"NSUT Jaffarpur, Delhi - DPCC",84,Satisfactory,PM10,100,0
2026-09-02T15:00:00+05:30,02-09-2026 15:00:00,"Vivek Vihar, Delhi - DPCC",82,Satisfactory,PM10,100,0
2026-09-02T15:00:00+05:30,02-09-2026 15:00:00,"Commonwealth Sports Complex, Delhi - DPCC",82,Satisfactory,PM10,100,0
2026-09-02T15:00:00+05:30,02-09-2026 15:00:00,"Mandir Marg, Delhi - DPCC",82,Satisfactory,PM10,100,0
2026-09-02T15:00:00+05:30,02-09-2026 15:00:00,"Pusa, Delhi - IITM",82,Satisfactory,NO2,100,0
2026-09-02T15:00:00+05:30,02-09-2026 15:00:00,"IMD Lodhi Road, Delhi - IITM",81,Satisfactory,PM10,100,0
2026-09-02T15:00:00+05:30,02-09-2026 15:00:00,"Narela, Delhi - DPCC",78,Satisfactory,PM10,100,0
2026-09-02T15:00:00+05:30,02-09-2026 15:00:00,"Dr. Karni Singh Shooting Range, Delhi - DPCC",77,Satisfactory,PM10,100,0
2026-09-02T15:00:00+05:30,02-09-2026 15:00:00,"Shadipur, Delhi - CPCB",77,Satisfactory,PM10,100,0
2026-09-02T15:00:00+05:30,02-09-2026 15:00:00,"CRRI Mathura Road, Delhi - IITM",75,Satisfactory,PM10,100,0
2026-09-02T15:00:00+05:30,02-09-2026 15:00:00,"Bawana, Delhi - DPCC",74,Satisfactory,PM10,100,0
2026-09-02T15:00:00+05:30,02-09-2026 15:00:00,"Sri Aurobindo Marg, Delhi - DPCC",72,Satisfactory,PM10,100,0
2026-09-02T15:00:00+05:30,02-09-2026 15:00:00,"Burari Crossing, Delhi - IITM",71,Satisfactory,PM10,100,0
2026-09-02T15:00:00+05:30,02-09-2026 15:00:00,"Patparganj, Delhi - DPCC",70,Satisfactory,PM10,100,0
2026-09-02T15:00:00+05:30,02-09-2026 15:00:00,"Major Dhyan Chand National Stadium, Delhi - DPCC",69,Satisfactory,PM10,100,0
2026-09-02T15:00:00+05:30,02-09-2026 15:00:00,"IGNOU_Maidan Garhi, Delhi - DPCC",69,Satisfactory,PM10,100,0
2026-09-02T15:00:00+05:30,02-09-2026 15:00:00,"DTU, Delhi - CPCB",69,Satisfactory,PM10,100,0
2026-09-02T15:00:00+05:30,02-09-2026 15:00:00,"JNU, Delhi - DPCC",68,Satisfactory,PM10,100,0
2026-09-02T15:00:00+05:30,02-09-2026 15:00:00,"Talkatora Garden, Delhi - DPCC",67,Satisfactory,PM10,100,0
2026-09-02T15:00:00+05:30,02-09-2026 15:00:00,"Najafgarh, Delhi - DPCC",62,Satisfactory,PM10,100,0
2026-09-02T15:00:00+05:30,02-09-2026 15:00:00,"Aya Nagar, Delhi - IITM",59,Satisfactory,PM10,100,0
2026-09-02T15:00:00+05:30,02-09-2026 15:00:00,"IHBAS, Dilshad Garden, Delhi - CPCB",58,Satisfactory,PM10,100,0
2026-09-02T15:00:00+05:30,02-09-2026 15:00:00,"Cantonment Area, Delhi - DPCC",49,Good,PM10,100,0
2026-09-02T16:00:00+05:30,02-09-2026 16:00:00,"Wazirpur, Delhi - DPCC",150,Moderately Polluted,PM10,100,1
2026-09-02T16:00:00+05:30,02-09-2026 16:00:00,"Rohini, Delhi - DPCC",119,Moderately Polluted,PM10,100,1
2026-09-02T16:00:00+05:30,02-09-2026 16:00:00,"North Campus, DU, Delhi - IITM",115,Moderately Polluted,NO2,100,1
2026-09-02T16:00:00+05:30,02-09-2026 16:00:00,"Jahangirpuri, Delhi - DPCC",111,Moderately Polluted,CO,100,1
2026-09-02T16:00:00+05:30,02-09-2026 16:00:00,"IGI Airport (T3), Delhi - IITM",107,Moderately Polluted,NO2,100,1
2026-09-02T16:00:00+05:30,02-09-2026 16:00:00,"Punjabi Bagh, Delhi - DPCC",106,Moderately Polluted,PM10,100,1
2026-09-02T16:00:00+05:30,02-09-2026 16:00:00,"Ashok Vihar, Delhi - DPCC",102,Moderately Polluted,CO,100,1
2026-09-02T16:00:00+05:30,02-09-2026 16:00:00,"IIT Delhi, Delhi - IITM",99,Satisfactory,PM10,100,0
2026-09-02T16:00:00+05:30,02-09-2026 16:00:00,"Nehru Nagar, Delhi - DPCC",97,Satisfactory,PM10,100,0
2026-09-02T16:00:00+05:30,02-09-2026 16:00:00,"Pusa, Delhi - DPCC",96,Satisfactory,PM10,100,0
2026-09-02T16:00:00+05:30,02-09-2026 16:00:00,"Chandni Chowk, Delhi - IITM",96,Satisfactory,PM10,100,0
2026-09-02T16:00:00+05:30,02-09-2026 16:00:00,"NSIT Dwarka, Delhi - CPCB",96,Satisfactory,CO,100,0
2026-09-02T16:00:00+05:30,02-09-2026 16:00:00,"Mundka, Delhi - DPCC",94,Satisfactory,PM10,100,0
2026-09-02T16:00:00+05:30,02-09-2026 16:00:00,"R K Puram, Delhi - DPCC",91,Satisfactory,PM10,100,0
2026-09-02T16:00:00+05:30,02-09-2026 16:00:00,"Dwarka-Sector 8, Delhi - DPCC",89,Satisfactory,PM10,100,0
2026-09-02T16:00:00+05:30,02-09-2026 16:00:00,"ITO, Delhi - CPCB",89,Satisfactory,PM10,100,0
2026-09-02T16:00:00+05:30,02-09-2026 16:00:00,"Sonia Vihar, Delhi - DPCC",89,Satisfactory,PM10,100,0
2026-09-02T16:00:00+05:30,02-09-2026 16:00:00,"Alipur, Delhi - DPCC",89,Satisfactory,PM10,100,0
2026-09-02T16:00:00+05:30,02-09-2026 16:00:00,"Sirifort, Delhi - CPCB",88,Satisfactory,PM10,100,0
2026-09-02T16:00:00+05:30,02-09-2026 16:00:00,"Okhla Phase-2, Delhi - DPCC",85,Satisfactory,PM10,100,0
2026-09-02T16:00:00+05:30,02-09-2026 16:00:00,"NSUT Jaffarpur, Delhi - DPCC",84,Satisfactory,PM10,100,0
2026-09-02T16:00:00+05:30,02-09-2026 16:00:00,"Jawaharlal Nehru Stadium, Delhi - DPCC",84,Satisfactory,CO,100,0
2026-09-02T16:00:00+05:30,02-09-2026 16:00:00,"Pusa, Delhi - IITM",83,Satisfactory,NO2,100,0
2026-09-02T16:00:00+05:30,02-09-2026 16:00:00,"Vivek Vihar, Delhi - DPCC",80,Satisfactory,PM10,100,0
2026-09-02T16:00:00+05:30,02-09-2026 16:00:00,"Commonwealth Sports Complex, Delhi - DPCC",80,Satisfactory,PM10,100,0
2026-09-02T16:00:00+05:30,02-09-2026 16:00:00,"Mandir Marg, Delhi - DPCC",80,Satisfactory,PM10,100,0
2026-09-02T16:00:00+05:30,02-09-2026 16:00:00,"IMD Lodhi Road, Delhi - IITM",78,Satisfactory,PM10,100,0
2026-09-02T16:00:00+05:30,02-09-2026 16:00:00,"Narela, Delhi - DPCC",76,Satisfactory,PM10,100,0
2026-09-02T16:00:00+05:30,02-09-2026 16:00:00,"Shadipur, Delhi - CPCB",75,Satisfactory,PM10,100,0
2026-09-02T16:00:00+05:30,02-09-2026 16:00:00,"Dr. Karni Singh Shooting Range, Delhi - DPCC",73,Satisfactory,PM10,100,0
2026-09-02T16:00:00+05:30,02-09-2026 16:00:00,"CRRI Mathura Road, Delhi - IITM",73,Satisfactory,PM10,100,0
2026-09-02T16:00:00+05:30,02-09-2026 16:00:00,"Bawana, Delhi - DPCC",72,Satisfactory,PM10,100,0
2026-09-02T16:00:00+05:30,02-09-2026 16:00:00,"Sri Aurobindo Marg, Delhi - DPCC",69,Satisfactory,PM10,100,0
2026-09-02T16:00:00+05:30,02-09-2026 16:00:00,"Burari Crossing, Delhi - IITM",69,Satisfactory,PM10,100,0
2026-09-02T16:00:00+05:30,02-09-2026 16:00:00,"Patparganj, Delhi - DPCC",67,Satisfactory,PM10,100,0
2026-09-02T16:00:00+05:30,02-09-2026 16:00:00,"DTU, Delhi - CPCB",67,Satisfactory,PM10,100,0
2026-09-02T16:00:00+05:30,02-09-2026 16:00:00,"Major Dhyan Chand National Stadium, Delhi - DPCC",66,Satisfactory,PM10,100,0
2026-09-02T16:00:00+05:30,02-09-2026 16:00:00,"IGNOU_Maidan Garhi, Delhi - DPCC",66,Satisfactory,PM10,100,0
2026-09-02T16:00:00+05:30,02-09-2026 16:00:00,"JNU, Delhi - DPCC",66,Satisfactory,PM10,100,0
2026-09-02T16:00:00+05:30,02-09-2026 16:00:00,"Talkatora Garden, Delhi - DPCC",65,Satisfactory,PM10,100,0
2026-09-02T16:00:00+05:30,02-09-2026 16:00:00,"Najafgarh, Delhi - DPCC",61,Satisfactory,PM10,100,0
2026-09-02T16:00:00+05:30,02-09-2026 16:00:00,"Aya Nagar, Delhi - IITM",57,Satisfactory,PM10,100,0
2026-09-02T16:00:00+05:30,02-09-2026 16:00:00,"IHBAS, Dilshad Garden, Delhi - CPCB",56,Satisfactory,PM10,100,0
2026-09-02T16:00:00+05:30,02-09-2026 16:00:00,"Cantonment Area, Delhi - DPCC",47,Good,PM10,100,0
2026-09-02T17:00:00+05:30,02-09-2026 17:00:00,"Wazirpur, Delhi - DPCC",148,Moderately Polluted,PM10,100,1
2026-09-02T17:00:00+05:30,02-09-2026 17:00:00,"Rohini, Delhi - DPCC",116,Moderately Polluted,PM10,100,1
2026-09-02T17:00:00+05:30,02-09-2026 17:00:00,"North Campus, DU, Delhi - IITM",116,Moderately Polluted,NO2,100,1
2026-09-02T17:00:00+05:30,02-09-2026 17:00:00,"Jahangirpuri, Delhi - DPCC",111,Moderately Polluted,CO,100,1
2026-09-02T17:00:00+05:30,02-09-2026 17:00:00,"Punjabi Bagh, Delhi - DPCC",106,Moderately Polluted,PM10,100,1
2026-09-02T17:00:00+05:30,02-09-2026 17:00:00,"IGI Airport (T3), Delhi - IITM",106,Moderately Polluted,NO2,100,1
2026-09-02T17:00:00+05:30,02-09-2026 17:00:00,"Ashok Vihar, Delhi - DPCC",102,Moderately Polluted,CO,100,1
2026-09-02T17:00:00+05:30,02-09-2026 17:00:00,"Chandni Chowk, Delhi - IITM",96,Satisfactory,PM10,100,0
2026-09-02T17:00:00+05:30,02-09-2026 17:00:00,"IIT Delhi, Delhi - IITM",96,Satisfactory,PM10,100,0
2026-09-02T17:00:00+05:30,02-09-2026 17:00:00,"Nehru Nagar, Delhi - DPCC",95,Satisfactory,PM10,100,0
2026-09-02T17:00:00+05:30,02-09-2026 17:00:00,"Mundka, Delhi - DPCC",93,Satisfactory,PM10,100,0
2026-09-02T17:00:00+05:30,02-09-2026 17:00:00,"Pusa, Delhi - DPCC",93,Satisfactory,PM10,100,0
2026-09-02T17:00:00+05:30,02-09-2026 17:00:00,"NSIT Dwarka, Delhi - CPCB",90,Satisfactory,CO,100,0
2026-09-02T17:00:00+05:30,02-09-2026 17:00:00,"R K Puram, Delhi - DPCC",89,Satisfactory,PM10,100,0
2026-09-02T17:00:00+05:30,02-09-2026 17:00:00,"Sonia Vihar, Delhi - DPCC",87,Satisfactory,PM10,100,0
2026-09-02T17:00:00+05:30,02-09-2026 17:00:00,"ITO, Delhi - CPCB",87,Satisfactory,PM10,100,0
2026-09-02T17:00:00+05:30,02-09-2026 17:00:00,"Alipur, Delhi - DPCC",86,Satisfactory,PM10,100,0
2026-09-02T17:00:00+05:30,02-09-2026 17:00:00,"Sirifort, Delhi - CPCB",85,Satisfactory,PM10,100,0
2026-09-02T17:00:00+05:30,02-09-2026 17:00:00,"Jawaharlal Nehru Stadium, Delhi - DPCC",84,Satisfactory,CO,100,0
2026-09-02T17:00:00+05:30,02-09-2026 17:00:00,"Pusa, Delhi - IITM",84,Satisfactory,NO2,100,0
2026-09-02T17:00:00+05:30,02-09-2026 17:00:00,"NSUT Jaffarpur, Delhi - DPCC",83,Satisfactory,PM10,100,0
2026-09-02T17:00:00+05:30,02-09-2026 17:00:00,"Okhla Phase-2, Delhi - DPCC",83,Satisfactory,PM10,100,0
2026-09-02T17:00:00+05:30,02-09-2026 17:00:00,"Dwarka-Sector 8, Delhi - DPCC",83,Satisfactory,PM10,100,0
2026-09-02T17:00:00+05:30,02-09-2026 17:00:00,"Commonwealth Sports Complex, Delhi - DPCC",78,Satisfactory,PM10,100,0
2026-09-02T17:00:00+05:30,02-09-2026 17:00:00,"Mandir Marg, Delhi - DPCC",77,Satisfactory,PM10,100,0
2026-09-02T17:00:00+05:30,02-09-2026 17:00:00,"Vivek Vihar, Delhi - DPCC",77,Satisfactory,PM10,100,0
2026-09-02T17:00:00+05:30,02-09-2026 17:00:00,"Narela, Delhi - DPCC",75,Satisfactory,PM10,100,0
2026-09-02T17:00:00+05:30,02-09-2026 17:00:00,"IMD Lodhi Road, Delhi - IITM",75,Satisfactory,PM10,100,0
2026-09-02T17:00:00+05:30,02-09-2026 17:00:00,"Shadipur, Delhi - CPCB",73,Satisfactory,PM10,100,0
2026-09-02T17:00:00+05:30,02-09-2026 17:00:00,"CRRI Mathura Road, Delhi - IITM",71,Satisfactory,PM10,100,0
2026-09-02T17:00:00+05:30,02-09-2026 17:00:00,"Dr. Karni Singh Shooting Range, Delhi - DPCC",70,Satisfactory,PM10,100,0
2026-09-02T17:00:00+05:30,02-09-2026 17:00:00,"Bawana, Delhi - DPCC",70,Satisfactory,PM10,100,0
2026-09-02T17:00:00+05:30,02-09-2026 17:00:00,"Burari Crossing, Delhi - IITM",67,Satisfactory,PM10,100,0
2026-09-02T17:00:00+05:30,02-09-2026 17:00:00,"Sri Aurobindo Marg, Delhi - DPCC",66,Satisfactory,PM10,100,0
2026-09-02T17:00:00+05:30,02-09-2026 17:00:00,"Patparganj, Delhi - DPCC",65,Satisfactory,PM10,100,0
2026-09-02T17:00:00+05:30,02-09-2026 17:00:00,"DTU, Delhi - CPCB",65,Satisfactory,PM10,100,0
2026-09-02T17:00:00+05:30,02-09-2026 17:00:00,"Major Dhyan Chand National Stadium, Delhi - DPCC",63,Satisfactory,PM10,100,0
2026-09-02T17:00:00+05:30,02-09-2026 17:00:00,"IGNOU_Maidan Garhi, Delhi - DPCC",63,Satisfactory,PM10,100,0
2026-09-02T17:00:00+05:30,02-09-2026 17:00:00,"Talkatora Garden, Delhi - DPCC",63,Satisfactory,PM10,100,0
2026-09-02T17:00:00+05:30,02-09-2026 17:00:00,"JNU, Delhi - DPCC",63,Satisfactory,PM10,100,0
2026-09-02T17:00:00+05:30,02-09-2026 17:00:00,"Najafgarh, Delhi - DPCC",59,Satisfactory,PM10,100,0
2026-09-02T17:00:00+05:30,02-09-2026 17:00:00,"Aya Nagar, Delhi - IITM",56,Satisfactory,PM10,100,0
2026-09-02T17:00:00+05:30,02-09-2026 17:00:00,"IHBAS, Dilshad Garden, Delhi - CPCB",54,Satisfactory,PM10,100,0
2026-09-02T17:00:00+05:30,02-09-2026 17:00:00,"Cantonment Area, Delhi - DPCC",44,Good,PM10,100,0
2026-09-02T18:00:00+05:30,02-09-2026 18:00:00,"Wazirpur, Delhi - DPCC",146,Moderately Polluted,PM10,100,1
2026-09-02T18:00:00+05:30,02-09-2026 18:00:00,"North Campus, DU, Delhi - IITM",114,Moderately Polluted,NO2,100,1
2026-09-02T18:00:00+05:30,02-09-2026 18:00:00,"Rohini, Delhi - DPCC",113,Moderately Polluted,PM10,100,1
2026-09-02T18:00:00+05:30,02-09-2026 18:00:00,"IGI Airport (T3), Delhi - IITM",105,Moderately Polluted,NO2,100,1
2026-09-02T18:00:00+05:30,02-09-2026 18:00:00,"Punjabi Bagh, Delhi - DPCC",104,Moderately Polluted,PM10,100,1
2026-09-02T18:00:00+05:30,02-09-2026 18:00:00,"Chandni Chowk, Delhi - IITM",96,Satisfactory,PM10,100,0
2026-09-02T18:00:00+05:30,02-09-2026 18:00:00,"Ashok Vihar, Delhi - DPCC",95,Satisfactory,PM10,100,0
2026-09-02T18:00:00+05:30,02-09-2026 18:00:00,"Nehru Nagar, Delhi - DPCC",93,Satisfactory,PM10,100,0
2026-09-02T18:00:00+05:30,02-09-2026 18:00:00,"IIT Delhi, Delhi - IITM",92,Satisfactory,PM10,100,0
2026-09-02T18:00:00+05:30,02-09-2026 18:00:00,"Mundka, Delhi - DPCC",92,Satisfactory,PM10,100,0
2026-09-02T18:00:00+05:30,02-09-2026 18:00:00,"Pusa, Delhi - DPCC",90,Satisfactory,PM10,100,0
2026-09-02T18:00:00+05:30,02-09-2026 18:00:00,"R K Puram, Delhi - DPCC",86,Satisfactory,PM10,100,0
2026-09-02T18:00:00+05:30,02-09-2026 18:00:00,"Sonia Vihar, Delhi - DPCC",84,Satisfactory,PM10,100,0
2026-09-02T18:00:00+05:30,02-09-2026 18:00:00,"NSIT Dwarka, Delhi - CPCB",84,Satisfactory,CO,100,0
2026-09-02T18:00:00+05:30,02-09-2026 18:00:00,"NSUT Jaffarpur, Delhi - DPCC",83,Satisfactory,PM10,100,0
2026-09-02T18:00:00+05:30,02-09-2026 18:00:00,"Pusa, Delhi - IITM",83,Satisfactory,NO2,100,0
2026-09-02T18:00:00+05:30,02-09-2026 18:00:00,"Jawaharlal Nehru Stadium, Delhi - DPCC",83,Satisfactory,CO,100,0
2026-09-02T18:00:00+05:30,02-09-2026 18:00:00,"ITO, Delhi - CPCB",83,Satisfactory,PM10,100,0
2026-09-02T18:00:00+05:30,02-09-2026 18:00:00,"Alipur, Delhi - DPCC",83,Satisfactory,PM10,100,0
2026-09-02T18:00:00+05:30,02-09-2026 18:00:00,"Sirifort, Delhi - CPCB",81,Satisfactory,PM10,100,0
2026-09-02T18:00:00+05:30,02-09-2026 18:00:00,"Okhla Phase-2, Delhi - DPCC",80,Satisfactory,PM10,100,0
2026-09-02T18:00:00+05:30,02-09-2026 18:00:00,"Dwarka-Sector 8, Delhi - DPCC",79,Satisfactory,PM10,100,0
2026-09-02T18:00:00+05:30,02-09-2026 18:00:00,"Commonwealth Sports Complex, Delhi - DPCC",76,Satisfactory,PM10,100,0
2026-09-02T18:00:00+05:30,02-09-2026 18:00:00,"Jahangirpuri, Delhi - DPCC",76,Satisfactory,PM10,100,0
2026-09-02T18:00:00+05:30,02-09-2026 18:00:00,"Mandir Marg, Delhi - DPCC",75,Satisfactory,PM10,100,0
2026-09-02T18:00:00+05:30,02-09-2026 18:00:00,"Vivek Vihar, Delhi - DPCC",74,Satisfactory,PM10,100,0
2026-09-02T18:00:00+05:30,02-09-2026 18:00:00,"IMD Lodhi Road, Delhi - IITM",72,Satisfactory,PM10,100,0
2026-09-02T18:00:00+05:30,02-09-2026 18:00:00,"Narela, Delhi - DPCC",72,Satisfactory,PM10,100,0
2026-09-02T18:00:00+05:30,02-09-2026 18:00:00,"Shadipur, Delhi - CPCB",70,Satisfactory,PM10,100,0
2026-09-02T18:00:00+05:30,02-09-2026 18:00:00,"CRRI Mathura Road, Delhi - IITM",68,Satisfactory,PM10,100,0
2026-09-02T18:00:00+05:30,02-09-2026 18:00:00,"Dr. Karni Singh Shooting Range, Delhi - DPCC",68,Satisfactory,PM10,100,0
2026-09-02T18:00:00+05:30,02-09-2026 18:00:00,"Bawana, Delhi - DPCC",67,Satisfactory,PM10,100,0
2026-09-02T18:00:00+05:30,02-09-2026 18:00:00,"Burari Crossing, Delhi - IITM",66,Satisfactory,NO2,100,0
2026-09-02T18:00:00+05:30,02-09-2026 18:00:00,"Patparganj, Delhi - DPCC",64,Satisfactory,PM10,100,0
2026-09-02T18:00:00+05:30,02-09-2026 18:00:00,"Sri Aurobindo Marg, Delhi - DPCC",63,Satisfactory,PM10,100,0
2026-09-02T18:00:00+05:30,02-09-2026 18:00:00,"DTU, Delhi - CPCB",63,Satisfactory,PM10,100,0
2026-09-02T18:00:00+05:30,02-09-2026 18:00:00,"Talkatora Garden, Delhi - DPCC",61,Satisfactory,PM10,100,0
2026-09-02T18:00:00+05:30,02-09-2026 18:00:00,"Major Dhyan Chand National Stadium, Delhi - DPCC",60,Satisfactory,PM10,100,0
2026-09-02T18:00:00+05:30,02-09-2026 18:00:00,"JNU, Delhi - DPCC",60,Satisfactory,PM10,100,0
2026-09-02T18:00:00+05:30,02-09-2026 18:00:00,"IGNOU_Maidan Garhi, Delhi - DPCC",60,Satisfactory,PM10,100,0
2026-09-02T18:00:00+05:30,02-09-2026 18:00:00,"Najafgarh, Delhi - DPCC",57,Satisfactory,PM10,100,0
2026-09-02T18:00:00+05:30,02-09-2026 18:00:00,"Aya Nagar, Delhi - IITM",54,Satisfactory,PM10,100,0
2026-09-02T18:00:00+05:30,02-09-2026 18:00:00,"IHBAS, Dilshad Garden, Delhi - CPCB",52,Satisfactory,PM10,100,0
2026-09-02T18:00:00+05:30,02-09-2026 18:00:00,"Cantonment Area, Delhi - DPCC",41,Good,PM10,100,0
2026-09-02T19:00:00+05:30,02-09-2026 19:00:00,"Wazirpur, Delhi - DPCC",143,Moderately Polluted,PM10,100,1
2026-09-02T19:00:00+05:30,02-09-2026 19:00:00,"North Campus, DU, Delhi - IITM",113,Moderately Polluted,NO2,100,1
2026-09-02T19:00:00+05:30,02-09-2026 19:00:00,"Rohini, Delhi - DPCC",110,Moderately Polluted,PM10,100,1
2026-09-02T19:00:00+05:30,02-09-2026 19:00:00,"IGI Airport (T3), Delhi - IITM",103,Moderately Polluted,NO2,100,1
2026-09-02T19:00:00+05:30,02-09-2026 19:00:00,"Punjabi Bagh, Delhi - DPCC",103,Moderately Polluted,PM10,100,1
2026-09-02T19:00:00+05:30,02-09-2026 19:00:00,"Chandni Chowk, Delhi - IITM",97,Satisfactory,PM10,100,0
2026-09-02T19:00:00+05:30,02-09-2026 19:00:00,"Ashok Vihar, Delhi - DPCC",92,Satisfactory,PM10,100,0
2026-09-02T19:00:00+05:30,02-09-2026 19:00:00,"Mundka, Delhi - DPCC",91,Satisfactory,PM10,100,0
2026-09-02T19:00:00+05:30,02-09-2026 19:00:00,"Nehru Nagar, Delhi - DPCC",90,Satisfactory,PM10,100,0
2026-09-02T19:00:00+05:30,02-09-2026 19:00:00,"IIT Delhi, Delhi - IITM",88,Satisfactory,PM10,100,0
2026-09-02T19:00:00+05:30,02-09-2026 19:00:00,"Pusa, Delhi - DPCC",87,Satisfactory,PM10,100,0
2026-09-02T19:00:00+05:30,02-09-2026 19:00:00,"R K Puram, Delhi - DPCC",85,Satisfactory,PM10,100,0
2026-09-02T19:00:00+05:30,02-09-2026 19:00:00,"Jawaharlal Nehru Stadium, Delhi - DPCC",82,Satisfactory,CO,100,0
2026-09-02T19:00:00+05:30,02-09-2026 19:00:00,"NSUT Jaffarpur, Delhi - DPCC",82,Satisfactory,PM10,100,0
2026-09-02T19:00:00+05:30,02-09-2026 19:00:00,"Pusa, Delhi - IITM",82,Satisfactory,NO2,100,0
2026-09-02T19:00:00+05:30,02-09-2026 19:00:00,"Sonia Vihar, Delhi - DPCC",80,Satisfactory,PM10,100,0
2026-09-02T19:00:00+05:30,02-09-2026 19:00:00,"ITO, Delhi - CPCB",80,Satisfactory,PM10,100,0
2026-09-02T19:00:00+05:30,02-09-2026 19:00:00,"Sirifort, Delhi - CPCB",79,Satisfactory,PM10,100,0
2026-09-02T19:00:00+05:30,02-09-2026 19:00:00,"Okhla Phase-2, Delhi - DPCC",78,Satisfactory,PM10,100,0
2026-09-02T19:00:00+05:30,02-09-2026 19:00:00,"NSIT Dwarka, Delhi - CPCB",78,Satisfactory,CO,100,0
2026-09-02T19:00:00+05:30,02-09-2026 19:00:00,"Dwarka-Sector 8, Delhi - DPCC",76,Satisfactory,PM10,100,0
2026-09-02T19:00:00+05:30,02-09-2026 19:00:00,"Commonwealth Sports Complex, Delhi - DPCC",74,Satisfactory,PM10,100,0
2026-09-02T19:00:00+05:30,02-09-2026 19:00:00,"Mandir Marg, Delhi - DPCC",73,Satisfactory,PM10,100,0
2026-09-02T19:00:00+05:30,02-09-2026 19:00:00,"Vivek Vihar, Delhi - DPCC",72,Satisfactory,PM10,100,0
2026-09-02T19:00:00+05:30,02-09-2026 19:00:00,"Jahangirpuri, Delhi - DPCC",71,Satisfactory,PM10,100,0
2026-09-02T19:00:00+05:30,02-09-2026 19:00:00,"IMD Lodhi Road, Delhi - IITM",70,Satisfactory,PM10,100,0
2026-09-02T19:00:00+05:30,02-09-2026 19:00:00,"Narela, Delhi - DPCC",68,Satisfactory,PM10,100,0
2026-09-02T19:00:00+05:30,02-09-2026 19:00:00,"Shadipur, Delhi - CPCB",66,Satisfactory,PM10,100,0
2026-09-02T19:00:00+05:30,02-09-2026 19:00:00,"CRRI Mathura Road, Delhi - IITM",64,Satisfactory,PM10,100,0
2026-09-02T19:00:00+05:30,02-09-2026 19:00:00,"Burari Crossing, Delhi - IITM",64,Satisfactory,NO2,100,0
2026-09-02T19:00:00+05:30,02-09-2026 19:00:00,"Dr. Karni Singh Shooting Range, Delhi - DPCC",64,Satisfactory,PM10,100,0
2026-09-02T19:00:00+05:30,02-09-2026 19:00:00,"Bawana, Delhi - DPCC",64,Satisfactory,PM10,100,0
2026-09-02T19:00:00+05:30,02-09-2026 19:00:00,"Sri Aurobindo Marg, Delhi - DPCC",60,Satisfactory,PM10,100,0
2026-09-02T19:00:00+05:30,02-09-2026 19:00:00,"DTU, Delhi - CPCB",60,Satisfactory,PM10,100,0
2026-09-02T19:00:00+05:30,02-09-2026 19:00:00,"Patparganj, Delhi - DPCC",60,Satisfactory,PM10,100,0
2026-09-02T19:00:00+05:30,02-09-2026 19:00:00,"Talkatora Garden, Delhi - DPCC",59,Satisfactory,PM10,100,0
2026-09-02T19:00:00+05:30,02-09-2026 19:00:00,"IGNOU_Maidan Garhi, Delhi - DPCC",58,Satisfactory,PM10,100,0
2026-09-02T19:00:00+05:30,02-09-2026 19:00:00,"JNU, Delhi - DPCC",57,Satisfactory,PM10,100,0
2026-09-02T19:00:00+05:30,02-09-2026 19:00:00,"Major Dhyan Chand National Stadium, Delhi - DPCC",56,Satisfactory,PM10,100,0
2026-09-02T19:00:00+05:30,02-09-2026 19:00:00,"Najafgarh, Delhi - DPCC",55,Satisfactory,PM10,100,0
2026-09-02T19:00:00+05:30,02-09-2026 19:00:00,"Aya Nagar, Delhi - IITM",52,Satisfactory,PM10,100,0
2026-09-02T19:00:00+05:30,02-09-2026 19:00:00,"IHBAS, Dilshad Garden, Delhi - CPCB",49,Good,NO2,100,0
2026-09-02T19:00:00+05:30,02-09-2026 19:00:00,"Alipur, Delhi - DPCC",40,Good,NO2,100,0
2026-09-02T19:00:00+05:30,02-09-2026 19:00:00,"Cantonment Area, Delhi - DPCC",38,Good,PM10,100,0
2026-09-02T20:00:00+05:30,02-09-2026 20:00:00,"Wazirpur, Delhi - DPCC",140,Moderately Polluted,PM10,100,1
2026-09-02T20:00:00+05:30,02-09-2026 20:00:00,"North Campus, DU, Delhi - IITM",112,Moderately Polluted,NO2,100,1
2026-09-02T20:00:00+05:30,02-09-2026 20:00:00,"Burari Crossing, Delhi - IITM",107,Moderately Polluted,CO,100,1
2026-09-02T20:00:00+05:30,02-09-2026 20:00:00,"Rohini, Delhi - DPCC",107,Moderately Polluted,PM10,100,1
2026-09-02T20:00:00+05:30,02-09-2026 20:00:00,"IGI Airport (T3), Delhi - IITM",101,Moderately Polluted,NO2,100,1
2026-09-02T20:00:00+05:30,02-09-2026 20:00:00,"Punjabi Bagh, Delhi - DPCC",100,Satisfactory,PM10,100,0
2026-09-02T20:00:00+05:30,02-09-2026 20:00:00,"Chandni Chowk, Delhi - IITM",97,Satisfactory,PM10,100,0
2026-09-02T20:00:00+05:30,02-09-2026 20:00:00,"Ashok Vihar, Delhi - DPCC",90,Satisfactory,PM10,100,0
2026-09-02T20:00:00+05:30,02-09-2026 20:00:00,"Nehru Nagar, Delhi - DPCC",89,Satisfactory,PM10,100,0
2026-09-02T20:00:00+05:30,02-09-2026 20:00:00,"Mundka, Delhi - DPCC",88,Satisfactory,PM10,100,0
2026-09-02T20:00:00+05:30,02-09-2026 20:00:00,"IIT Delhi, Delhi - IITM",85,Satisfactory,PM10,100,0
2026-09-02T20:00:00+05:30,02-09-2026 20:00:00,"Pusa, Delhi - DPCC",85,Satisfactory,PM10,100,0
2026-09-02T20:00:00+05:30,02-09-2026 20:00:00,"R K Puram, Delhi - DPCC",81,Satisfactory,PM10,100,0
2026-09-02T20:00:00+05:30,02-09-2026 20:00:00,"Jawaharlal Nehru Stadium, Delhi - DPCC",81,Satisfactory,CO,100,0
2026-09-02T20:00:00+05:30,02-09-2026 20:00:00,"NSUT Jaffarpur, Delhi - DPCC",81,Satisfactory,PM10,100,0
2026-09-02T20:00:00+05:30,02-09-2026 20:00:00,"Pusa, Delhi - IITM",81,Satisfactory,NO2,100,0
2026-09-02T20:00:00+05:30,02-09-2026 20:00:00,"ITO, Delhi - CPCB",80,Satisfactory,PM10,100,0
2026-09-02T20:00:00+05:30,02-09-2026 20:00:00,"Sonia Vihar, Delhi - DPCC",78,Satisfactory,PM10,100,0
2026-09-02T20:00:00+05:30,02-09-2026 20:00:00,"Sirifort, Delhi - CPCB",77,Satisfactory,PM10,100,0
2026-09-02T20:00:00+05:30,02-09-2026 20:00:00,"Okhla Phase-2, Delhi - DPCC",76,Satisfactory,PM10,100,0
2026-09-02T20:00:00+05:30,02-09-2026 20:00:00,"Commonwealth Sports Complex, Delhi - DPCC",72,Satisfactory,PM10,100,0
2026-09-02T20:00:00+05:30,02-09-2026 20:00:00,"NSIT Dwarka, Delhi - CPCB",72,Satisfactory,CO,100,0
2026-09-02T20:00:00+05:30,02-09-2026 20:00:00,"Mandir Marg, Delhi - DPCC",71,Satisfactory,PM10,100,0
2026-09-02T20:00:00+05:30,02-09-2026 20:00:00,"IMD Lodhi Road, Delhi - IITM",70,Satisfactory,PM10,100,0
2026-09-02T20:00:00+05:30,02-09-2026 20:00:00,"Vivek Vihar, Delhi - DPCC",70,Satisfactory,PM10,100,0
2026-09-02T20:00:00+05:30,02-09-2026 20:00:00,"Dwarka-Sector 8, Delhi - DPCC",69,Satisfactory,PM10,100,0
2026-09-02T20:00:00+05:30,02-09-2026 20:00:00,"Jahangirpuri, Delhi - DPCC",69,Satisfactory,PM10,100,0
2026-09-02T20:00:00+05:30,02-09-2026 20:00:00,"Narela, Delhi - DPCC",65,Satisfactory,PM10,100,0
2026-09-02T20:00:00+05:30,02-09-2026 20:00:00,"Dr. Karni Singh Shooting Range, Delhi - DPCC",63,Satisfactory,PM10,100,0
2026-09-02T20:00:00+05:30,02-09-2026 20:00:00,"Shadipur, Delhi - CPCB",62,Satisfactory,PM10,100,0
2026-09-02T20:00:00+05:30,02-09-2026 20:00:00,"CRRI Mathura Road, Delhi - IITM",61,Satisfactory,PM10,100,0
2026-09-02T20:00:00+05:30,02-09-2026 20:00:00,"Patparganj, Delhi - DPCC",60,Satisfactory,PM10,100,0
2026-09-02T20:00:00+05:30,02-09-2026 20:00:00,"Bawana, Delhi - DPCC",60,Satisfactory,PM10,100,0
2026-09-02T20:00:00+05:30,02-09-2026 20:00:00,"Sri Aurobindo Marg, Delhi - DPCC",58,Satisfactory,PM10,100,0
2026-09-02T20:00:00+05:30,02-09-2026 20:00:00,"DTU, Delhi - CPCB",58,Satisfactory,PM10,100,0
2026-09-02T20:00:00+05:30,02-09-2026 20:00:00,"IGNOU_Maidan Garhi, Delhi - DPCC",57,Satisfactory,CO,100,0
2026-09-02T20:00:00+05:30,02-09-2026 20:00:00,"Talkatora Garden, Delhi - DPCC",57,Satisfactory,PM10,100,0
2026-09-02T20:00:00+05:30,02-09-2026 20:00:00,"Najafgarh, Delhi - DPCC",55,Satisfactory,PM10,100,0
2026-09-02T20:00:00+05:30,02-09-2026 20:00:00,"Major Dhyan Chand National Stadium, Delhi - DPCC",55,Satisfactory,PM10,100,0
2026-09-02T20:00:00+05:30,02-09-2026 20:00:00,"JNU, Delhi - DPCC",55,Satisfactory,PM10,100,0
2026-09-02T20:00:00+05:30,02-09-2026 20:00:00,"Aya Nagar, Delhi - IITM",55,Satisfactory,PM10,100,0
2026-09-02T20:00:00+05:30,02-09-2026 20:00:00,"IHBAS, Dilshad Garden, Delhi - CPCB",49,Good,NO2,100,0
2026-09-02T20:00:00+05:30,02-09-2026 20:00:00,"Cantonment Area, Delhi - DPCC",36,Good,PM10,100,0
2026-09-02T20:00:00+05:30,02-09-2026 20:00:00,"Alipur, Delhi - DPCC",6,Good,NH3,100,0
2026-09-02T21:00:00+05:30,02-09-2026 21:00:00,"Wazirpur, Delhi - DPCC",137,Moderately Polluted,PM10,100,1
2026-09-02T21:00:00+05:30,02-09-2026 21:00:00,"Jahangirpuri, Delhi - DPCC",111,Moderately Polluted,CO,100,1
2026-09-02T21:00:00+05:30,02-09-2026 21:00:00,"North Campus, DU, Delhi - IITM",109,Moderately Polluted,NO2,100,1
2026-09-02T21:00:00+05:30,02-09-2026 21:00:00,"Burari Crossing, Delhi - IITM",107,Moderately Polluted,CO,100,1
2026-09-02T21:00:00+05:30,02-09-2026 21:00:00,"Rohini, Delhi - DPCC",106,Moderately Polluted,PM10,100,1
2026-09-02T21:00:00+05:30,02-09-2026 21:00:00,"IGI Airport (T3), Delhi - IITM",102,Moderately Polluted,NO2,100,1
2026-09-02T21:00:00+05:30,02-09-2026 21:00:00,"Punjabi Bagh, Delhi - DPCC",100,Satisfactory,PM10,100,0
2026-09-02T21:00:00+05:30,02-09-2026 21:00:00,"Chandni Chowk, Delhi - IITM",97,Satisfactory,PM10,100,0
2026-09-02T21:00:00+05:30,02-09-2026 21:00:00,"Nehru Nagar, Delhi - DPCC",91,Satisfactory,PM10,100,0
2026-09-02T21:00:00+05:30,02-09-2026 21:00:00,"Ashok Vihar, Delhi - DPCC",88,Satisfactory,PM10,100,0
2026-09-02T21:00:00+05:30,02-09-2026 21:00:00,"Mundka, Delhi - DPCC",86,Satisfactory,PM10,100,0
2026-09-02T21:00:00+05:30,02-09-2026 21:00:00,"IIT Delhi, Delhi - IITM",85,Satisfactory,PM10,100,0
2026-09-02T21:00:00+05:30,02-09-2026 21:00:00,"Pusa, Delhi - DPCC",84,Satisfactory,PM10,100,0
2026-09-02T21:00:00+05:30,02-09-2026 21:00:00,"Jawaharlal Nehru Stadium, Delhi - DPCC",83,Satisfactory,CO,100,0
2026-09-02T21:00:00+05:30,02-09-2026 21:00:00,"R K Puram, Delhi - DPCC",82,Satisfactory,PM10,100,0
2026-09-02T21:00:00+05:30,02-09-2026 21:00:00,"Pusa, Delhi - IITM",81,Satisfactory,NO2,100,0
2026-09-02T21:00:00+05:30,02-09-2026 21:00:00,"ITO, Delhi - CPCB",79,Satisfactory,PM10,100,0
2026-09-02T21:00:00+05:30,02-09-2026 21:00:00,"NSUT Jaffarpur, Delhi - DPCC",79,Satisfactory,PM10,100,0
2026-09-02T21:00:00+05:30,02-09-2026 21:00:00,"Okhla Phase-2, Delhi - DPCC",78,Satisfactory,PM10,100,0
2026-09-02T21:00:00+05:30,02-09-2026 21:00:00,"Sirifort, Delhi - CPCB",78,Satisfactory,PM10,100,0
2026-09-02T21:00:00+05:30,02-09-2026 21:00:00,"Sonia Vihar, Delhi - DPCC",76,Satisfactory,PM10,100,0
2026-09-02T21:00:00+05:30,02-09-2026 21:00:00,"Commonwealth Sports Complex, Delhi - DPCC",75,Satisfactory,CO,100,0
2026-09-02T21:00:00+05:30,02-09-2026 21:00:00,"Aya Nagar, Delhi - IITM",74,Satisfactory,PM10,100,0
2026-09-02T21:00:00+05:30,02-09-2026 21:00:00,"Mandir Marg, Delhi - DPCC",71,Satisfactory,PM10,100,0
2026-09-02T21:00:00+05:30,02-09-2026 21:00:00,"IMD Lodhi Road, Delhi - IITM",70,Satisfactory,PM10,100,0
2026-09-02T21:00:00+05:30,02-09-2026 21:00:00,"Vivek Vihar, Delhi - DPCC",69,Satisfactory,PM10,100,0
2026-09-02T21:00:00+05:30,02-09-2026 21:00:00,"Dwarka-Sector 8, Delhi - DPCC",67,Satisfactory,PM10,100,0
2026-09-02T21:00:00+05:30,02-09-2026 21:00:00,"NSIT Dwarka, Delhi - CPCB",66,Satisfactory,CO,100,0
2026-09-02T21:00:00+05:30,02-09-2026 21:00:00,"Narela, Delhi - DPCC",65,Satisfactory,CO,100,0
2026-09-02T21:00:00+05:30,02-09-2026 21:00:00,"Patparganj, Delhi - DPCC",62,Satisfactory,PM10,100,0
2026-09-02T21:00:00+05:30,02-09-2026 21:00:00,"Dr. Karni Singh Shooting Range, Delhi - DPCC",62,Satisfactory,PM10,100,0
2026-09-02T21:00:00+05:30,02-09-2026 21:00:00,"CRRI Mathura Road, Delhi - IITM",61,Satisfactory,PM10,100,0
2026-09-02T21:00:00+05:30,02-09-2026 21:00:00,"Shadipur, Delhi - CPCB",60,Satisfactory,PM10,100,0
2026-09-02T21:00:00+05:30,02-09-2026 21:00:00,"Sri Aurobindo Marg, Delhi - DPCC",58,Satisfactory,PM10,100,0
2026-09-02T21:00:00+05:30,02-09-2026 21:00:00,"Bawana, Delhi - DPCC",58,Satisfactory,PM10,100,0
2026-09-02T21:00:00+05:30,02-09-2026 21:00:00,"IGNOU_Maidan Garhi, Delhi - DPCC",57,Satisfactory,CO,100,0
2026-09-02T21:00:00+05:30,02-09-2026 21:00:00,"Talkatora Garden, Delhi - DPCC",57,Satisfactory,PM10,100,0
2026-09-02T21:00:00+05:30,02-09-2026 21:00:00,"Major Dhyan Chand National Stadium, Delhi - DPCC",56,Satisfactory,PM10,100,0
2026-09-02T21:00:00+05:30,02-09-2026 21:00:00,"DTU, Delhi - CPCB",56,Satisfactory,PM10,100,0
2026-09-02T21:00:00+05:30,02-09-2026 21:00:00,"JNU, Delhi - DPCC",53,Satisfactory,PM10,100,0
2026-09-02T21:00:00+05:30,02-09-2026 21:00:00,"Najafgarh, Delhi - DPCC",53,Satisfactory,PM10,100,0
2026-09-02T21:00:00+05:30,02-09-2026 21:00:00,"IHBAS, Dilshad Garden, Delhi - CPCB",49,Good,NO2,100,0
2026-09-02T21:00:00+05:30,02-09-2026 21:00:00,"Cantonment Area, Delhi - DPCC",35,Good,PM10,100,0
2026-09-02T22:00:00+05:30,02-09-2026 22:00:00,"Wazirpur, Delhi - DPCC",134,Moderately Polluted,PM10,100,1
2026-09-02T22:00:00+05:30,02-09-2026 22:00:00,"Jahangirpuri, Delhi - DPCC",111,Moderately Polluted,CO,100,1
2026-09-02T22:00:00+05:30,02-09-2026 22:00:00,"Burari Crossing, Delhi - IITM",107,Moderately Polluted,CO,100,1
2026-09-02T22:00:00+05:30,02-09-2026 22:00:00,"North Campus, DU, Delhi - IITM",105,Moderately Polluted,NO2,100,1
2026-09-02T22:00:00+05:30,02-09-2026 22:00:00,"Rohini, Delhi - DPCC",104,Moderately Polluted,PM10,100,1
2026-09-02T22:00:00+05:30,02-09-2026 22:00:00,"Punjabi Bagh, Delhi - DPCC",101,Moderately Polluted,PM10,100,1
2026-09-02T22:00:00+05:30,02-09-2026 22:00:00,"IGI Airport (T3), Delhi - IITM",101,Moderately Polluted,NO2,100,1
2026-09-02T22:00:00+05:30,02-09-2026 22:00:00,"Chandni Chowk, Delhi - IITM",96,Satisfactory,PM10,100,0
2026-09-02T22:00:00+05:30,02-09-2026 22:00:00,"Nehru Nagar, Delhi - DPCC",91,Satisfactory,PM10,100,0
2026-09-02T22:00:00+05:30,02-09-2026 22:00:00,"Aya Nagar, Delhi - IITM",88,Satisfactory,PM10,100,0
2026-09-02T22:00:00+05:30,02-09-2026 22:00:00,"Ashok Vihar, Delhi - DPCC",86,Satisfactory,PM10,100,0
2026-09-02T22:00:00+05:30,02-09-2026 22:00:00,"IIT Delhi, Delhi - IITM",86,Satisfactory,PM10,100,0
2026-09-02T22:00:00+05:30,02-09-2026 22:00:00,"R K Puram, Delhi - DPCC",85,Satisfactory,PM10,100,0
2026-09-02T22:00:00+05:30,02-09-2026 22:00:00,"Jawaharlal Nehru Stadium, Delhi - DPCC",84,Satisfactory,CO,100,0
2026-09-02T22:00:00+05:30,02-09-2026 22:00:00,"Mundka, Delhi - DPCC",84,Satisfactory,PM10,100,0
2026-09-02T22:00:00+05:30,02-09-2026 22:00:00,"Pusa, Delhi - DPCC",83,Satisfactory,PM10,100,0
2026-09-02T22:00:00+05:30,02-09-2026 22:00:00,"Pusa, Delhi - IITM",80,Satisfactory,NO2,100,0
2026-09-02T22:00:00+05:30,02-09-2026 22:00:00,"Commonwealth Sports Complex, Delhi - DPCC",79,Satisfactory,CO,100,0
2026-09-02T22:00:00+05:30,02-09-2026 22:00:00,"ITO, Delhi - CPCB",78,Satisfactory,PM10,100,0
2026-09-02T22:00:00+05:30,02-09-2026 22:00:00,"Okhla Phase-2, Delhi - DPCC",78,Satisfactory,PM10,100,0
2026-09-02T22:00:00+05:30,02-09-2026 22:00:00,"Sirifort, Delhi - CPCB",77,Satisfactory,PM10,100,0
2026-09-02T22:00:00+05:30,02-09-2026 22:00:00,"NSUT Jaffarpur, Delhi - DPCC",77,Satisfactory,PM10,100,0
2026-09-02T22:00:00+05:30,02-09-2026 22:00:00,"Sonia Vihar, Delhi - DPCC",73,Satisfactory,PM10,100,0
2026-09-02T22:00:00+05:30,02-09-2026 22:00:00,"Mandir Marg, Delhi - DPCC",71,Satisfactory,PM10,100,0
2026-09-02T22:00:00+05:30,02-09-2026 22:00:00,"IMD Lodhi Road, Delhi - IITM",70,Satisfactory,PM10,100,0
2026-09-02T22:00:00+05:30,02-09-2026 22:00:00,"Vivek Vihar, Delhi - DPCC",68,Satisfactory,PM10,100,0
2026-09-02T22:00:00+05:30,02-09-2026 22:00:00,"Dwarka-Sector 8, Delhi - DPCC",68,Satisfactory,PM10,100,0
2026-09-02T22:00:00+05:30,02-09-2026 22:00:00,"Narela, Delhi - DPCC",66,Satisfactory,CO,100,0
2026-09-02T22:00:00+05:30,02-09-2026 22:00:00,"Patparganj, Delhi - DPCC",62,Satisfactory,PM10,100,0
2026-09-02T22:00:00+05:30,02-09-2026 22:00:00,"Dr. Karni Singh Shooting Range, Delhi - DPCC",62,Satisfactory,PM10,100,0
2026-09-02T22:00:00+05:30,02-09-2026 22:00:00,"Sri Aurobindo Marg, Delhi - DPCC",59,Satisfactory,PM10,100,0
2026-09-02T22:00:00+05:30,02-09-2026 22:00:00,"NSIT Dwarka, Delhi - CPCB",59,Satisfactory,PM10,100,0
2026-09-02T22:00:00+05:30,02-09-2026 22:00:00,"CRRI Mathura Road, Delhi - IITM",58,Satisfactory,PM10,100,0
2026-09-02T22:00:00+05:30,02-09-2026 22:00:00,"Shadipur, Delhi - CPCB",57,Satisfactory,PM10,100,0
2026-09-02T22:00:00+05:30,02-09-2026 22:00:00,"Talkatora Garden, Delhi - DPCC",57,Satisfactory,PM10,100,0
2026-09-02T22:00:00+05:30,02-09-2026 22:00:00,"IGNOU_Maidan Garhi, Delhi - DPCC",57,Satisfactory,CO,100,0
2026-09-02T22:00:00+05:30,02-09-2026 22:00:00,"Major Dhyan Chand National Stadium, Delhi - DPCC",56,Satisfactory,PM10,100,0
2026-09-02T22:00:00+05:30,02-09-2026 22:00:00,"Bawana, Delhi - DPCC",56,Satisfactory,PM10,100,0
2026-09-02T22:00:00+05:30,02-09-2026 22:00:00,"DTU, Delhi - CPCB",54,Satisfactory,PM10,100,0
2026-09-02T22:00:00+05:30,02-09-2026 22:00:00,"JNU, Delhi - DPCC",53,Satisfactory,CO,100,0
2026-09-02T22:00:00+05:30,02-09-2026 22:00:00,"Najafgarh, Delhi - DPCC",52,Satisfactory,PM10,100,0
2026-09-02T22:00:00+05:30,02-09-2026 22:00:00,"IHBAS, Dilshad Garden, Delhi - CPCB",49,Good,NO2,100,0
2026-09-02T22:00:00+05:30,02-09-2026 22:00:00,"Cantonment Area, Delhi - DPCC",35,Good,PM10,100,0
2026-09-02T23:00:00+05:30,02-09-2026 23:00:00,"Wazirpur, Delhi - DPCC",133,Moderately Polluted,PM10,100,1
2026-09-02T23:00:00+05:30,02-09-2026 23:00:00,"Jahangirpuri, Delhi - DPCC",111,Moderately Polluted,CO,100,1
2026-09-02T23:00:00+05:30,02-09-2026 23:00:00,"Burari Crossing, Delhi - IITM",107,Moderately Polluted,CO,100,1
2026-09-02T23:00:00+05:30,02-09-2026 23:00:00,"Punjabi Bagh, Delhi - DPCC",103,Moderately Polluted,PM10,100,1
2026-09-02T23:00:00+05:30,02-09-2026 23:00:00,"North Campus, DU, Delhi - IITM",103,Moderately Polluted,NO2,100,1
2026-09-02T23:00:00+05:30,02-09-2026 23:00:00,"Rohini, Delhi - DPCC",102,Moderately Polluted,PM10,100,1
2026-09-02T23:00:00+05:30,02-09-2026 23:00:00,"IGI Airport (T3), Delhi - IITM",100,Satisfactory,NO2,100,0
2026-09-02T23:00:00+05:30,02-09-2026 23:00:00,"Chandni Chowk, Delhi - IITM",94,Satisfactory,PM10,100,0
2026-09-02T23:00:00+05:30,02-09-2026 23:00:00,"Aya Nagar, Delhi - IITM",92,Satisfactory,PM10,100,0
2026-09-02T23:00:00+05:30,02-09-2026 23:00:00,"Nehru Nagar, Delhi - DPCC",91,Satisfactory,PM10,100,0
2026-09-02T23:00:00+05:30,02-09-2026 23:00:00,"IIT Delhi, Delhi - IITM",87,Satisfactory,PM10,100,0
2026-09-02T23:00:00+05:30,02-09-2026 23:00:00,"Jawaharlal Nehru Stadium, Delhi - DPCC",86,Satisfactory,CO,100,0
2026-09-02T23:00:00+05:30,02-09-2026 23:00:00,"R K Puram, Delhi - DPCC",86,Satisfactory,PM10,100,0
2026-09-02T23:00:00+05:30,02-09-2026 23:00:00,"Ashok Vihar, Delhi - DPCC",85,Satisfactory,PM10,100,0
2026-09-02T23:00:00+05:30,02-09-2026 23:00:00,"Mundka, Delhi - DPCC",83,Satisfactory,PM10,100,0
2026-09-02T23:00:00+05:30,02-09-2026 23:00:00,"Pusa, Delhi - DPCC",83,Satisfactory,PM10,100,0
2026-09-02T23:00:00+05:30,02-09-2026 23:00:00,"Commonwealth Sports Complex, Delhi - DPCC",80,Satisfactory,CO,100,0
2026-09-02T23:00:00+05:30,02-09-2026 23:00:00,"Pusa, Delhi - IITM",78,Satisfactory,NO2,100,0
2026-09-02T23:00:00+05:30,02-09-2026 23:00:00,"Okhla Phase-2, Delhi - DPCC",77,Satisfactory,PM10,100,0
2026-09-02T23:00:00+05:30,02-09-2026 23:00:00,"ITO, Delhi - CPCB",76,Satisfactory,PM10,100,0
2026-09-02T23:00:00+05:30,02-09-2026 23:00:00,"NSUT Jaffarpur, Delhi - DPCC",76,Satisfactory,PM10,100,0
2026-09-02T23:00:00+05:30,02-09-2026 23:00:00,"Sirifort, Delhi - CPCB",75,Satisfactory,PM10,100,0
2026-09-02T23:00:00+05:30,02-09-2026 23:00:00,"Sonia Vihar, Delhi - DPCC",71,Satisfactory,PM10,100,0
2026-09-02T23:00:00+05:30,02-09-2026 23:00:00,"Mandir Marg, Delhi - DPCC",71,Satisfactory,PM10,100,0
2026-09-02T23:00:00+05:30,02-09-2026 23:00:00,"IMD Lodhi Road, Delhi - IITM",71,Satisfactory,PM10,100,0
2026-09-02T23:00:00+05:30,02-09-2026 23:00:00,"Dwarka-Sector 8, Delhi - DPCC",69,Satisfactory,PM10,100,0
2026-09-02T23:00:00+05:30,02-09-2026 23:00:00,"Narela, Delhi - DPCC",67,Satisfactory,CO,100,0
2026-09-02T23:00:00+05:30,02-09-2026 23:00:00,"Vivek Vihar, Delhi - DPCC",67,Satisfactory,PM10,100,0
2026-09-02T23:00:00+05:30,02-09-2026 23:00:00,"Dr. Karni Singh Shooting Range, Delhi - DPCC",62,Satisfactory,PM10,100,0
2026-09-02T23:00:00+05:30,02-09-2026 23:00:00,"Patparganj, Delhi - DPCC",61,Satisfactory,PM10,100,0
2026-09-02T23:00:00+05:30,02-09-2026 23:00:00,"Sri Aurobindo Marg, Delhi - DPCC",59,Satisfactory,PM10,100,0
2026-09-02T23:00:00+05:30,02-09-2026 23:00:00,"NSIT Dwarka, Delhi - CPCB",59,Satisfactory,CO,100,0
2026-09-02T23:00:00+05:30,02-09-2026 23:00:00,"Talkatora Garden, Delhi - DPCC",58,Satisfactory,PM10,100,0
2026-09-02T23:00:00+05:30,02-09-2026 23:00:00,"Shadipur, Delhi - CPCB",57,Satisfactory,PM10,100,0
2026-09-02T23:00:00+05:30,02-09-2026 23:00:00,"IGNOU_Maidan Garhi, Delhi - DPCC",57,Satisfactory,CO,100,0
2026-09-02T23:00:00+05:30,02-09-2026 23:00:00,"CRRI Mathura Road, Delhi - IITM",57,Satisfactory,PM10,100,0
2026-09-02T23:00:00+05:30,02-09-2026 23:00:00,"Major Dhyan Chand National Stadium, Delhi - DPCC",56,Satisfactory,PM10,100,0
2026-09-02T23:00:00+05:30,02-09-2026 23:00:00,"JNU, Delhi - DPCC",56,Satisfactory,CO,100,0
2026-09-02T23:00:00+05:30,02-09-2026 23:00:00,"Bawana, Delhi - DPCC",54,Satisfactory,PM10,100,0
2026-09-02T23:00:00+05:30,02-09-2026 23:00:00,"DTU, Delhi - CPCB",53,Satisfactory,PM10,100,0
2026-09-02T23:00:00+05:30,02-09-2026 23:00:00,"Najafgarh, Delhi - DPCC",52,Satisfactory,PM10,100,0
2026-09-02T23:00:00+05:30,02-09-2026 23:00:00,"IHBAS, Dilshad Garden, Delhi - CPCB",49,Good,NO2,100,0
2026-09-02T23:00:00+05:30,02-09-2026 23:00:00,"Cantonment Area, Delhi - DPCC",35,Good,PM10,100,0
2026-09-03T00:00:00+05:30,03-09-2026 00:00:00,"Wazirpur, Delhi - DPCC",131,Moderately Polluted,PM10,100,1
2026-09-03T00:00:00+05:30,03-09-2026 00:00:00,"Jahangirpuri, Delhi - DPCC",112,Moderately Polluted,CO,100,1
2026-09-03T00:00:00+05:30,03-09-2026 00:00:00,"Burari Crossing, Delhi - IITM",108,Moderately Polluted,CO,100,1
2026-09-03T00:00:00+05:30,03-09-2026 00:00:00,"Punjabi Bagh, Delhi - DPCC",107,Moderately Polluted,PM10,100,1
2026-09-03T00:00:00+05:30,03-09-2026 00:00:00,"Rohini, Delhi - DPCC",100,Satisfactory,PM10,100,0
2026-09-03T00:00:00+05:30,03-09-2026 00:00:00,"IGI Airport (T3), Delhi - IITM",99,Satisfactory,NO2,100,0
2026-09-03T00:00:00+05:30,03-09-2026 00:00:00,"North Campus, DU, Delhi - IITM",99,Satisfactory,NO2,100,0
2026-09-03T00:00:00+05:30,03-09-2026 00:00:00,"Aya Nagar, Delhi - IITM",95,Satisfactory,PM10,100,0
2026-09-03T00:00:00+05:30,03-09-2026 00:00:00,"Chandni Chowk, Delhi - IITM",94,Satisfactory,PM10,100,0
2026-09-03T00:00:00+05:30,03-09-2026 00:00:00,"Nehru Nagar, Delhi - DPCC",90,Satisfactory,PM10,100,0
2026-09-03T00:00:00+05:30,03-09-2026 00:00:00,"Jawaharlal Nehru Stadium, Delhi - DPCC",88,Satisfactory,CO,100,0
2026-09-03T00:00:00+05:30,03-09-2026 00:00:00,"IIT Delhi, Delhi - IITM",87,Satisfactory,PM10,100,0
2026-09-03T00:00:00+05:30,03-09-2026 00:00:00,"R K Puram, Delhi - DPCC",86,Satisfactory,PM10,100,0
2026-09-03T00:00:00+05:30,03-09-2026 00:00:00,"Ashok Vihar, Delhi - DPCC",84,Satisfactory,PM10,100,0
2026-09-03T00:00:00+05:30,03-09-2026 00:00:00,"Mundka, Delhi - DPCC",83,Satisfactory,PM10,100,0
2026-09-03T00:00:00+05:30,03-09-2026 00:00:00,"Pusa, Delhi - DPCC",81,Satisfactory,PM10,100,0
2026-09-03T00:00:00+05:30,03-09-2026 00:00:00,"Commonwealth Sports Complex, Delhi - DPCC",81,Satisfactory,CO,100,0
2026-09-03T00:00:00+05:30,03-09-2026 00:00:00,"Okhla Phase-2, Delhi - DPCC",77,Satisfactory,PM10,100,0
2026-09-03T00:00:00+05:30,03-09-2026 00:00:00,"NSUT Jaffarpur, Delhi - DPCC",76,Satisfactory,PM10,100,0
2026-09-03T00:00:00+05:30,03-09-2026 00:00:00,"Pusa, Delhi - IITM",76,Satisfactory,NO2,100,0
2026-09-03T00:00:00+05:30,03-09-2026 00:00:00,"ITO, Delhi - CPCB",74,Satisfactory,PM10,100,0
2026-09-03T00:00:00+05:30,03-09-2026 00:00:00,"Sirifort, Delhi - CPCB",74,Satisfactory,PM10,100,0
2026-09-03T00:00:00+05:30,03-09-2026 00:00:00,"Mandir Marg, Delhi - DPCC",71,Satisfactory,PM10,100,0
2026-09-03T00:00:00+05:30,03-09-2026 00:00:00,"IMD Lodhi Road, Delhi - IITM",71,Satisfactory,PM10,100,0
2026-09-03T00:00:00+05:30,03-09-2026 00:00:00,"Sonia Vihar, Delhi - DPCC",70,Satisfactory,PM10,100,0
2026-09-03T00:00:00+05:30,03-09-2026 00:00:00,"Dwarka-Sector 8, Delhi - DPCC",70,Satisfactory,PM10,100,0
2026-09-03T00:00:00+05:30,03-09-2026 00:00:00,"Narela, Delhi - DPCC",67,Satisfactory,CO,100,0
2026-09-03T00:00:00+05:30,03-09-2026 00:00:00,"Vivek Vihar, Delhi - DPCC",66,Satisfactory,PM10,100,0
2026-09-03T00:00:00+05:30,03-09-2026 00:00:00,"Dr. Karni Singh Shooting Range, Delhi - DPCC",63,Satisfactory,PM10,100,0
2026-09-03T00:00:00+05:30,03-09-2026 00:00:00,"Sri Aurobindo Marg, Delhi - DPCC",61,Satisfactory,PM10,100,0
2026-09-03T00:00:00+05:30,03-09-2026 00:00:00,"Patparganj, Delhi - DPCC",61,Satisfactory,PM10,100,0
2026-09-03T00:00:00+05:30,03-09-2026 00:00:00,"JNU, Delhi - DPCC",59,Satisfactory,CO,100,0
2026-09-03T00:00:00+05:30,03-09-2026 00:00:00,"Talkatora Garden, Delhi - DPCC",58,Satisfactory,PM10,100,0
2026-09-03T00:00:00+05:30,03-09-2026 00:00:00,"NSIT Dwarka, Delhi - CPCB",58,Satisfactory,CO,100,0
2026-09-03T00:00:00+05:30,03-09-2026 00:00:00,"IGNOU_Maidan Garhi, Delhi - DPCC",58,Satisfactory,CO,100,0
2026-09-03T00:00:00+05:30,03-09-2026 00:00:00,"Shadipur, Delhi - CPCB",57,Satisfactory,PM10,100,0
2026-09-03T00:00:00+05:30,03-09-2026 00:00:00,"CRRI Mathura Road, Delhi - IITM",55,Satisfactory,PM10,100,0
2026-09-03T00:00:00+05:30,03-09-2026 00:00:00,"Major Dhyan Chand National Stadium, Delhi - DPCC",55,Satisfactory,PM10,100,0
2026-09-03T00:00:00+05:30,03-09-2026 00:00:00,"Najafgarh, Delhi - DPCC",53,Satisfactory,PM10,100,0
2026-09-03T00:00:00+05:30,03-09-2026 00:00:00,"Bawana, Delhi - DPCC",53,Satisfactory,PM10,100,0
2026-09-03T00:00:00+05:30,03-09-2026 00:00:00,"DTU, Delhi - CPCB",51,Satisfactory,PM10,100,0
2026-09-03T00:00:00+05:30,03-09-2026 00:00:00,"IHBAS, Dilshad Garden, Delhi - CPCB",49,Good,NO2,100,0
2026-09-03T00:00:00+05:30,03-09-2026 00:00:00,"Cantonment Area, Delhi - DPCC",35,Good,PM10,100,0
2026-09-03T01:00:00+05:30,03-09-2026 01:00:00,"Wazirpur, Delhi - DPCC",130,Moderately Polluted,PM10,100,1
2026-09-03T01:00:00+05:30,03-09-2026 01:00:00,"Jahangirpuri, Delhi - DPCC",112,Moderately Polluted,CO,100,1
2026-09-03T01:00:00+05:30,03-09-2026 01:00:00,"Aya Nagar, Delhi - IITM",111,Moderately Polluted,PM10,100,1
2026-09-03T01:00:00+05:30,03-09-2026 01:00:00,"Punjabi Bagh, Delhi - DPCC",108,Moderately Polluted,PM10,100,1
2026-09-03T01:00:00+05:30,03-09-2026 01:00:00,"Burari Crossing, Delhi - IITM",108,Moderately Polluted,CO,100,1
2026-09-03T01:00:00+05:30,03-09-2026 01:00:00,"Rohini, Delhi - DPCC",99,Satisfactory,PM10,100,0
2026-09-03T01:00:00+05:30,03-09-2026 01:00:00,"North Campus, DU, Delhi - IITM",96,Satisfactory,NO2,100,0
2026-09-03T01:00:00+05:30,03-09-2026 01:00:00,"IGI Airport (T3), Delhi - IITM",96,Satisfactory,NO2,100,0
2026-09-03T01:00:00+05:30,03-09-2026 01:00:00,"Chandni Chowk, Delhi - IITM",93,Satisfactory,PM10,100,0
2026-09-03T01:00:00+05:30,03-09-2026 01:00:00,"Nehru Nagar, Delhi - DPCC",88,Satisfactory,PM10,100,0
2026-09-03T01:00:00+05:30,03-09-2026 01:00:00,"IIT Delhi, Delhi - IITM",88,Satisfactory,PM10,100,0
2026-09-03T01:00:00+05:30,03-09-2026 01:00:00,"Jawaharlal Nehru Stadium, Delhi - DPCC",88,Satisfactory,CO,100,0
2026-09-03T01:00:00+05:30,03-09-2026 01:00:00,"R K Puram, Delhi - DPCC",85,Satisfactory,PM10,100,0
2026-09-03T01:00:00+05:30,03-09-2026 01:00:00,"Mundka, Delhi - DPCC",83,Satisfactory,PM10,100,0
2026-09-03T01:00:00+05:30,03-09-2026 01:00:00,"Ashok Vihar, Delhi - DPCC",83,Satisfactory,PM10,100,0
2026-09-03T01:00:00+05:30,03-09-2026 01:00:00,"Commonwealth Sports Complex, Delhi - DPCC",80,Satisfactory,CO,100,0
2026-09-03T01:00:00+05:30,03-09-2026 01:00:00,"Pusa, Delhi - DPCC",79,Satisfactory,PM10,100,0
2026-09-03T01:00:00+05:30,03-09-2026 01:00:00,"NSUT Jaffarpur, Delhi - DPCC",76,Satisfactory,PM10,100,0
2026-09-03T01:00:00+05:30,03-09-2026 01:00:00,"Okhla Phase-2, Delhi - DPCC",76,Satisfactory,PM10,100,0
2026-09-03T01:00:00+05:30,03-09-2026 01:00:00,"Pusa, Delhi - IITM",75,Satisfactory,NO2,100,0
2026-09-03T01:00:00+05:30,03-09-2026 01:00:00,"Sirifort, Delhi - CPCB",74,Satisfactory,PM10,100,0
2026-09-03T01:00:00+05:30,03-09-2026 01:00:00,"ITO, Delhi - CPCB",72,Satisfactory,PM10,100,0
2026-09-03T01:00:00+05:30,03-09-2026 01:00:00,"Mandir Marg, Delhi - DPCC",72,Satisfactory,PM10,100,0
2026-09-03T01:00:00+05:30,03-09-2026 01:00:00,"IMD Lodhi Road, Delhi - IITM",71,Satisfactory,PM10,100,0
2026-09-03T01:00:00+05:30,03-09-2026 01:00:00,"Dwarka-Sector 8, Delhi - DPCC",70,Satisfactory,PM10,100,0
2026-09-03T01:00:00+05:30,03-09-2026 01:00:00,"Sonia Vihar, Delhi - DPCC",68,Satisfactory,PM10,100,0
2026-09-03T01:00:00+05:30,03-09-2026 01:00:00,"Vivek Vihar, Delhi - DPCC",67,Satisfactory,CO,100,0
2026-09-03T01:00:00+05:30,03-09-2026 01:00:00,"Narela, Delhi - DPCC",66,Satisfactory,CO,100,0
2026-09-03T01:00:00+05:30,03-09-2026 01:00:00,"Dr. Karni Singh Shooting Range, Delhi - DPCC",66,Satisfactory,PM10,100,0
2026-09-03T01:00:00+05:30,03-09-2026 01:00:00,"Sri Aurobindo Marg, Delhi - DPCC",61,Satisfactory,PM10,100,0
2026-09-03T01:00:00+05:30,03-09-2026 01:00:00,"JNU, Delhi - DPCC",61,Satisfactory,CO,100,0
2026-09-03T01:00:00+05:30,03-09-2026 01:00:00,"Patparganj, Delhi - DPCC",60,Satisfactory,PM10,100,0
2026-09-03T01:00:00+05:30,03-09-2026 01:00:00,"Talkatora Garden, Delhi - DPCC",59,Satisfactory,PM10,100,0
2026-09-03T01:00:00+05:30,03-09-2026 01:00:00,"IGNOU_Maidan Garhi, Delhi - DPCC",58,Satisfactory,CO,100,0
2026-09-03T01:00:00+05:30,03-09-2026 01:00:00,"Shadipur, Delhi - CPCB",57,Satisfactory,PM10,100,0
2026-09-03T01:00:00+05:30,03-09-2026 01:00:00,"NSIT Dwarka, Delhi - CPCB",57,Satisfactory,PM10,100,0
2026-09-03T01:00:00+05:30,03-09-2026 01:00:00,"Major Dhyan Chand National Stadium, Delhi - DPCC",54,Satisfactory,PM10,100,0
2026-09-03T01:00:00+05:30,03-09-2026 01:00:00,"Najafgarh, Delhi - DPCC",53,Satisfactory,PM10,100,0
2026-09-03T01:00:00+05:30,03-09-2026 01:00:00,"CRRI Mathura Road, Delhi - IITM",53,Satisfactory,PM10,100,0
2026-09-03T01:00:00+05:30,03-09-2026 01:00:00,"Bawana, Delhi - DPCC",50,Good,PM10,100,0
2026-09-03T01:00:00+05:30,03-09-2026 01:00:00,"DTU, Delhi - CPCB",50,Good,PM10,100,0
2026-09-03T01:00:00+05:30,03-09-2026 01:00:00,"IHBAS, Dilshad Garden, Delhi - CPCB",49,Good,NO2,100,0
2026-09-03T01:00:00+05:30,03-09-2026 01:00:00,"Cantonment Area, Delhi - DPCC",36,Good,PM10,100,0
2026-09-03T02:00:00+05:30,03-09-2026 02:00:00,"Aya Nagar, Delhi - IITM",129,Moderately Polluted,PM10,100,1
2026-09-03T02:00:00+05:30,03-09-2026 02:00:00,"Wazirpur, Delhi - DPCC",128,Moderately Polluted,PM10,100,1
2026-09-03T02:00:00+05:30,03-09-2026 02:00:00,"Jahangirpuri, Delhi - DPCC",112,Moderately Polluted,CO,100,1
2026-09-03T02:00:00+05:30,03-09-2026 02:00:00,"Punjabi Bagh, Delhi - DPCC",109,Moderately Polluted,PM10,100,1
2026-09-03T02:00:00+05:30,03-09-2026 02:00:00,"Burari Crossing, Delhi - IITM",108,Moderately Polluted,CO,100,1
2026-09-03T02:00:00+05:30,03-09-2026 02:00:00,"Rohini, Delhi - DPCC",97,Satisfactory,PM10,100,0
2026-09-03T02:00:00+05:30,03-09-2026 02:00:00,"IGI Airport (T3), Delhi - IITM",94,Satisfactory,NO2,100,0
2026-09-03T02:00:00+05:30,03-09-2026 02:00:00,"Chandni Chowk, Delhi - IITM",93,Satisfactory,PM10,100,0
2026-09-03T02:00:00+05:30,03-09-2026 02:00:00,"North Campus, DU, Delhi - IITM",93,Satisfactory,NO2,100,0
2026-09-03T02:00:00+05:30,03-09-2026 02:00:00,"IIT Delhi, Delhi - IITM",89,Satisfactory,PM10,100,0
2026-09-03T02:00:00+05:30,03-09-2026 02:00:00,"Nehru Nagar, Delhi - DPCC",88,Satisfactory,PM10,100,0
2026-09-03T02:00:00+05:30,03-09-2026 02:00:00,"Jawaharlal Nehru Stadium, Delhi - DPCC",88,Satisfactory,CO,100,0
2026-09-03T02:00:00+05:30,03-09-2026 02:00:00,"R K Puram, Delhi - DPCC",86,Satisfactory,PM10,100,0
2026-09-03T02:00:00+05:30,03-09-2026 02:00:00,"Mundka, Delhi - DPCC",83,Satisfactory,PM10,100,0
2026-09-03T02:00:00+05:30,03-09-2026 02:00:00,"Ashok Vihar, Delhi - DPCC",82,Satisfactory,PM10,100,0
2026-09-03T02:00:00+05:30,03-09-2026 02:00:00,"Pusa, Delhi - DPCC",81,Satisfactory,PM10,100,0
2026-09-03T02:00:00+05:30,03-09-2026 02:00:00,"Commonwealth Sports Complex, Delhi - DPCC",78,Satisfactory,CO,100,0
2026-09-03T02:00:00+05:30,03-09-2026 02:00:00,"NSUT Jaffarpur, Delhi - DPCC",76,Satisfactory,PM10,100,0
2026-09-03T02:00:00+05:30,03-09-2026 02:00:00,"Sirifort, Delhi - CPCB",75,Satisfactory,PM10,100,0
2026-09-03T02:00:00+05:30,03-09-2026 02:00:00,"Okhla Phase-2, Delhi - DPCC",75,Satisfactory,PM10,100,0
2026-09-03T02:00:00+05:30,03-09-2026 02:00:00,"Mandir Marg, Delhi - DPCC",73,Satisfactory,PM10,100,0
2026-09-03T02:00:00+05:30,03-09-2026 02:00:00,"Pusa, Delhi - IITM",73,Satisfactory,NO2,100,0
2026-09-03T02:00:00+05:30,03-09-2026 02:00:00,"IMD Lodhi Road, Delhi - IITM",71,Satisfactory,PM10,100,0
2026-09-03T02:00:00+05:30,03-09-2026 02:00:00,"ITO, Delhi - CPCB",70,Satisfactory,PM10,100,0
2026-09-03T02:00:00+05:30,03-09-2026 02:00:00,"Dwarka-Sector 8, Delhi - DPCC",70,Satisfactory,PM10,100,0
2026-09-03T02:00:00+05:30,03-09-2026 02:00:00,"Vivek Vihar, Delhi - DPCC",68,Satisfactory,CO,100,0
2026-09-03T02:00:00+05:30,03-09-2026 02:00:00,"Dr. Karni Singh Shooting Range, Delhi - DPCC",67,Satisfactory,PM10,100,0
2026-09-03T02:00:00+05:30,03-09-2026 02:00:00,"Sonia Vihar, Delhi - DPCC",66,Satisfactory,PM10,100,0
2026-09-03T02:00:00+05:30,03-09-2026 02:00:00,"Narela, Delhi - DPCC",65,Satisfactory,CO,100,0
2026-09-03T02:00:00+05:30,03-09-2026 02:00:00,"JNU, Delhi - DPCC",62,Satisfactory,CO,100,0
2026-09-03T02:00:00+05:30,03-09-2026 02:00:00,"Sri Aurobindo Marg, Delhi - DPCC",62,Satisfactory,PM10,100,0
2026-09-03T02:00:00+05:30,03-09-2026 02:00:00,"Patparganj, Delhi - DPCC",60,Satisfactory,PM10,100,0
2026-09-03T02:00:00+05:30,03-09-2026 02:00:00,"Talkatora Garden, Delhi - DPCC",59,Satisfactory,CO,100,0
2026-09-03T02:00:00+05:30,03-09-2026 02:00:00,"IGNOU_Maidan Garhi, Delhi - DPCC",58,Satisfactory,CO,100,0
2026-09-03T02:00:00+05:30,03-09-2026 02:00:00,"Shadipur, Delhi - CPCB",57,Satisfactory,PM2.5,100,0
2026-09-03T02:00:00+05:30,03-09-2026 02:00:00,"NSIT Dwarka, Delhi - CPCB",57,Satisfactory,PM10,100,0
2026-09-03T02:00:00+05:30,03-09-2026 02:00:00,"Major Dhyan Chand National Stadium, Delhi - DPCC",53,Satisfactory,PM10,100,0
2026-09-03T02:00:00+05:30,03-09-2026 02:00:00,"Najafgarh, Delhi - DPCC",53,Satisfactory,PM10,100,0
2026-09-03T02:00:00+05:30,03-09-2026 02:00:00,"CRRI Mathura Road, Delhi - IITM",51,Satisfactory,PM10,100,0
2026-09-03T02:00:00+05:30,03-09-2026 02:00:00,"DTU, Delhi - CPCB",49,Good,PM10,100,0
2026-09-03T02:00:00+05:30,03-09-2026 02:00:00,"IHBAS, Dilshad Garden, Delhi - CPCB",49,Good,NO2,100,0
2026-09-03T02:00:00+05:30,03-09-2026 02:00:00,"Bawana, Delhi - DPCC",48,Good,PM10,100,0
2026-09-03T02:00:00+05:30,03-09-2026 02:00:00,"Cantonment Area, Delhi - DPCC",37,Good,PM10,100,0
2026-09-03T03:00:00+05:30,03-09-2026 03:00:00,"Aya Nagar, Delhi - IITM",149,Moderately Polluted,PM10,100,1
2026-09-03T03:00:00+05:30,03-09-2026 03:00:00,"Wazirpur, Delhi - DPCC",128,Moderately Polluted,PM10,100,1
2026-09-03T03:00:00+05:30,03-09-2026 03:00:00,"Punjabi Bagh, Delhi - DPCC",111,Moderately Polluted,PM10,100,1
2026-09-03T03:00:00+05:30,03-09-2026 03:00:00,"Burari Crossing, Delhi - IITM",108,Moderately Polluted,CO,100,1
2026-09-03T03:00:00+05:30,03-09-2026 03:00:00,"Rohini, Delhi - DPCC",95,Satisfactory,PM10,100,0
2026-09-03T03:00:00+05:30,03-09-2026 03:00:00,"IGI Airport (T3), Delhi - IITM",92,Satisfactory,NO2,100,0
2026-09-03T03:00:00+05:30,03-09-2026 03:00:00,"Chandni Chowk, Delhi - IITM",91,Satisfactory,PM10,100,0
2026-09-03T03:00:00+05:30,03-09-2026 03:00:00,"IIT Delhi, Delhi - IITM",90,Satisfactory,PM10,100,0
2026-09-03T03:00:00+05:30,03-09-2026 03:00:00,"North Campus, DU, Delhi - IITM",90,Satisfactory,NO2,100,0
2026-09-03T03:00:00+05:30,03-09-2026 03:00:00,"R K Puram, Delhi - DPCC",87,Satisfactory,PM10,100,0
2026-09-03T03:00:00+05:30,03-09-2026 03:00:00,"Nehru Nagar, Delhi - DPCC",87,Satisfactory,PM10,100,0
2026-09-03T03:00:00+05:30,03-09-2026 03:00:00,"Jawaharlal Nehru Stadium, Delhi - DPCC",87,Satisfactory,CO,100,0
2026-09-03T03:00:00+05:30,03-09-2026 03:00:00,"Mundka, Delhi - DPCC",82,Satisfactory,PM10,100,0
2026-09-03T03:00:00+05:30,03-09-2026 03:00:00,"Ashok Vihar, Delhi - DPCC",82,Satisfactory,PM10,100,0
2026-09-03T03:00:00+05:30,03-09-2026 03:00:00,"Pusa, Delhi - DPCC",81,Satisfactory,PM10,100,0
2026-09-03T03:00:00+05:30,03-09-2026 03:00:00,"NSUT Jaffarpur, Delhi - DPCC",76,Satisfactory,PM10,100,0
2026-09-03T03:00:00+05:30,03-09-2026 03:00:00,"Sirifort, Delhi - CPCB",75,Satisfactory,PM10,100,0
2026-09-03T03:00:00+05:30,03-09-2026 03:00:00,"Commonwealth Sports Complex, Delhi - DPCC",74,Satisfactory,CO,100,0
2026-09-03T03:00:00+05:30,03-09-2026 03:00:00,"Okhla Phase-2, Delhi - DPCC",73,Satisfactory,PM10,100,0
2026-09-03T03:00:00+05:30,03-09-2026 03:00:00,"Mandir Marg, Delhi - DPCC",73,Satisfactory,PM10,100,0
2026-09-03T03:00:00+05:30,03-09-2026 03:00:00,"Pusa, Delhi - IITM",71,Satisfactory,NO2,100,0
2026-09-03T03:00:00+05:30,03-09-2026 03:00:00,"Dwarka-Sector 8, Delhi - DPCC",70,Satisfactory,PM10,100,0
2026-09-03T03:00:00+05:30,03-09-2026 03:00:00,"ITO, Delhi - CPCB",69,Satisfactory,PM10,100,0
2026-09-03T03:00:00+05:30,03-09-2026 03:00:00,"Vivek Vihar, Delhi - DPCC",69,Satisfactory,CO,100,0
2026-09-03T03:00:00+05:30,03-09-2026 03:00:00,"IMD Lodhi Road, Delhi - IITM",69,Satisfactory,PM10,100,0
2026-09-03T03:00:00+05:30,03-09-2026 03:00:00,"Dr. Karni Singh Shooting Range, Delhi - DPCC",66,Satisfactory,PM10,100,0
2026-09-03T03:00:00+05:30,03-09-2026 03:00:00,"Sonia Vihar, Delhi - DPCC",65,Satisfactory,PM10,100,0
2026-09-03T03:00:00+05:30,03-09-2026 03:00:00,"Narela, Delhi - DPCC",64,Satisfactory,CO,100,0
2026-09-03T03:00:00+05:30,03-09-2026 03:00:00,"Sri Aurobindo Marg, Delhi - DPCC",63,Satisfactory,PM10,100,0
2026-09-03T03:00:00+05:30,03-09-2026 03:00:00,"Talkatora Garden, Delhi - DPCC",61,Satisfactory,CO,100,0
2026-09-03T03:00:00+05:30,03-09-2026 03:00:00,"JNU, Delhi - DPCC",61,Satisfactory,CO,100,0
2026-09-03T03:00:00+05:30,03-09-2026 03:00:00,"Patparganj, Delhi - DPCC",60,Satisfactory,PM10,100,0
2026-09-03T03:00:00+05:30,03-09-2026 03:00:00,"NSIT Dwarka, Delhi - CPCB",58,Satisfactory,PM10,100,0
2026-09-03T03:00:00+05:30,03-09-2026 03:00:00,"Shadipur, Delhi - CPCB",57,Satisfactory,PM2.5,100,0
2026-09-03T03:00:00+05:30,03-09-2026 03:00:00,"IGNOU_Maidan Garhi, Delhi - DPCC",57,Satisfactory,CO,100,0
2026-09-03T03:00:00+05:30,03-09-2026 03:00:00,"Jahangirpuri, Delhi - DPCC",55,Satisfactory,PM10,100,0
2026-09-03T03:00:00+05:30,03-09-2026 03:00:00,"Major Dhyan Chand National Stadium, Delhi - DPCC",52,Satisfactory,PM10,100,0
2026-09-03T03:00:00+05:30,03-09-2026 03:00:00,"Najafgarh, Delhi - DPCC",52,Satisfactory,PM10,100,0
2026-09-03T03:00:00+05:30,03-09-2026 03:00:00,"IHBAS, Dilshad Garden, Delhi - CPCB",49,Good,NO2,100,0
2026-09-03T03:00:00+05:30,03-09-2026 03:00:00,"CRRI Mathura Road, Delhi - IITM",49,Good,PM10,100,0
2026-09-03T03:00:00+05:30,03-09-2026 03:00:00,"Bawana, Delhi - DPCC",48,Good,PM10,100,0
2026-09-03T03:00:00+05:30,03-09-2026 03:00:00,"DTU, Delhi - CPCB",47,Good,PM10,100,0
2026-09-03T03:00:00+05:30,03-09-2026 03:00:00,"Cantonment Area, Delhi - DPCC",37,Good,PM10,100,0
2026-09-03T04:00:00+05:30,03-09-2026 04:00:00,"Aya Nagar, Delhi - IITM",166,Moderately Polluted,PM10,100,1
2026-09-03T04:00:00+05:30,03-09-2026 04:00:00,"Wazirpur, Delhi - DPCC",127,Moderately Polluted,PM10,100,1
2026-09-03T04:00:00+05:30,03-09-2026 04:00:00,"Punjabi Bagh, Delhi - DPCC",110,Moderately Polluted,PM10,100,1
2026-09-03T04:00:00+05:30,03-09-2026 04:00:00,"Burari Crossing, Delhi - IITM",107,Moderately Polluted,CO,100,1
2026-09-03T04:00:00+05:30,03-09-2026 04:00:00,"Rohini, Delhi - DPCC",95,Satisfactory,PM10,100,0
2026-09-03T04:00:00+05:30,03-09-2026 04:00:00,"IIT Delhi, Delhi - IITM",90,Satisfactory,PM10,100,0
2026-09-03T04:00:00+05:30,03-09-2026 04:00:00,"North Campus, DU, Delhi - IITM",90,Satisfactory,NO2,100,0
2026-09-03T04:00:00+05:30,03-09-2026 04:00:00,"IGI Airport (T3), Delhi - IITM",89,Satisfactory,NO2,100,0
2026-09-03T04:00:00+05:30,03-09-2026 04:00:00,"Chandni Chowk, Delhi - IITM",89,Satisfactory,PM10,100,0
2026-09-03T04:00:00+05:30,03-09-2026 04:00:00,"R K Puram, Delhi - DPCC",87,Satisfactory,PM10,100,0
2026-09-03T04:00:00+05:30,03-09-2026 04:00:00,"Nehru Nagar, Delhi - DPCC",87,Satisfactory,PM10,100,0
2026-09-03T04:00:00+05:30,03-09-2026 04:00:00,"Jawaharlal Nehru Stadium, Delhi - DPCC",85,Satisfactory,CO,100,0
2026-09-03T04:00:00+05:30,03-09-2026 04:00:00,"Mundka, Delhi - DPCC",81,Satisfactory,PM10,100,0
2026-09-03T04:00:00+05:30,03-09-2026 04:00:00,"Pusa, Delhi - DPCC",80,Satisfactory,PM10,100,0
2026-09-03T04:00:00+05:30,03-09-2026 04:00:00,"Ashok Vihar, Delhi - DPCC",80,Satisfactory,PM10,100,0
2026-09-03T04:00:00+05:30,03-09-2026 04:00:00,"Sirifort, Delhi - CPCB",75,Satisfactory,PM10,100,0
2026-09-03T04:00:00+05:30,03-09-2026 04:00:00,"NSUT Jaffarpur, Delhi - DPCC",75,Satisfactory,PM10,100,0
2026-09-03T04:00:00+05:30,03-09-2026 04:00:00,"Okhla Phase-2, Delhi - DPCC",73,Satisfactory,PM10,100,0
2026-09-03T04:00:00+05:30,03-09-2026 04:00:00,"Mandir Marg, Delhi - DPCC",73,Satisfactory,PM10,100,0
2026-09-03T04:00:00+05:30,03-09-2026 04:00:00,"Pusa, Delhi - IITM",70,Satisfactory,NO2,100,0
2026-09-03T04:00:00+05:30,03-09-2026 04:00:00,"Dwarka-Sector 8, Delhi - DPCC",70,Satisfactory,PM10,100,0
2026-09-03T04:00:00+05:30,03-09-2026 04:00:00,"Vivek Vihar, Delhi - DPCC",69,Satisfactory,CO,100,0
2026-09-03T04:00:00+05:30,03-09-2026 04:00:00,"Commonwealth Sports Complex, Delhi - DPCC",69,Satisfactory,CO,100,0
2026-09-03T04:00:00+05:30,03-09-2026 04:00:00,"ITO, Delhi - CPCB",68,Satisfactory,PM10,100,0
2026-09-03T04:00:00+05:30,03-09-2026 04:00:00,"IMD Lodhi Road, Delhi - IITM",68,Satisfactory,PM10,100,0
2026-09-03T04:00:00+05:30,03-09-2026 04:00:00,"Sonia Vihar, Delhi - DPCC",66,Satisfactory,PM10,100,0
2026-09-03T04:00:00+05:30,03-09-2026 04:00:00,"Dr. Karni Singh Shooting Range, Delhi - DPCC",66,Satisfactory,PM10,100,0
2026-09-03T04:00:00+05:30,03-09-2026 04:00:00,"Narela, Delhi - DPCC",63,Satisfactory,CO,100,0
2026-09-03T04:00:00+05:30,03-09-2026 04:00:00,"Sri Aurobindo Marg, Delhi - DPCC",63,Satisfactory,PM10,100,0
2026-09-03T04:00:00+05:30,03-09-2026 04:00:00,"Talkatora Garden, Delhi - DPCC",62,Satisfactory,CO,100,0
2026-09-03T04:00:00+05:30,03-09-2026 04:00:00,"JNU, Delhi - DPCC",60,Satisfactory,CO,100,0
2026-09-03T04:00:00+05:30,03-09-2026 04:00:00,"Patparganj, Delhi - DPCC",59,Satisfactory,PM10,100,0
2026-09-03T04:00:00+05:30,03-09-2026 04:00:00,"NSIT Dwarka, Delhi - CPCB",58,Satisfactory,PM10,100,0
2026-09-03T04:00:00+05:30,03-09-2026 04:00:00,"IGNOU_Maidan Garhi, Delhi - DPCC",57,Satisfactory,CO,100,0
2026-09-03T04:00:00+05:30,03-09-2026 04:00:00,"Shadipur, Delhi - CPCB",57,Satisfactory,PM10,100,0
2026-09-03T04:00:00+05:30,03-09-2026 04:00:00,"Jahangirpuri, Delhi - DPCC",54,Satisfactory,PM10,100,0
2026-09-03T04:00:00+05:30,03-09-2026 04:00:00,"Najafgarh, Delhi - DPCC",53,Satisfactory,PM10,100,0
2026-09-03T04:00:00+05:30,03-09-2026 04:00:00,"Major Dhyan Chand National Stadium, Delhi - DPCC",50,Good,PM10,100,0
2026-09-03T04:00:00+05:30,03-09-2026 04:00:00,"IHBAS, Dilshad Garden, Delhi - CPCB",49,Good,NO2,100,0
2026-09-03T04:00:00+05:30,03-09-2026 04:00:00,"Bawana, Delhi - DPCC",48,Good,PM10,100,0
2026-09-03T04:00:00+05:30,03-09-2026 04:00:00,"CRRI Mathura Road, Delhi - IITM",48,Good,PM10,100,0
2026-09-03T04:00:00+05:30,03-09-2026 04:00:00,"DTU, Delhi - CPCB",46,Good,PM10,100,0
2026-09-03T04:00:00+05:30,03-09-2026 04:00:00,"Cantonment Area, Delhi - DPCC",37,Good,PM10,100,0
2026-09-03T05:00:00+05:30,03-09-2026 05:00:00,"Aya Nagar, Delhi - IITM",174,Moderately Polluted,PM10,100,1
2026-09-03T05:00:00+05:30,03-09-2026 05:00:00,"Wazirpur, Delhi - DPCC",126,Moderately Polluted,PM10,100,1
2026-09-03T05:00:00+05:30,03-09-2026 05:00:00,"Punjabi Bagh, Delhi - DPCC",106,Moderately Polluted,PM10,100,1
2026-09-03T05:00:00+05:30,03-09-2026 05:00:00,"Rohini, Delhi - DPCC",95,Satisfactory,PM10,100,0
2026-09-03T05:00:00+05:30,03-09-2026 05:00:00,"IIT Delhi, Delhi - IITM",90,Satisfactory,PM10,100,0
2026-09-03T05:00:00+05:30,03-09-2026 05:00:00,"R K Puram, Delhi - DPCC",89,Satisfactory,PM10,100,0
2026-09-03T05:00:00+05:30,03-09-2026 05:00:00,"North Campus, DU, Delhi - IITM",89,Satisfactory,NO2,100,0
2026-09-03T05:00:00+05:30,03-09-2026 05:00:00,"Chandni Chowk, Delhi - IITM",87,Satisfactory,PM10,100,0
2026-09-03T05:00:00+05:30,03-09-2026 05:00:00,"Nehru Nagar, Delhi - DPCC",86,Satisfactory,PM10,100,0
2026-09-03T05:00:00+05:30,03-09-2026 05:00:00,"IGI Airport (T3), Delhi - IITM",86,Satisfactory,NO2,100,0
2026-09-03T05:00:00+05:30,03-09-2026 05:00:00,"Jawaharlal Nehru Stadium, Delhi - DPCC",83,Satisfactory,CO,100,0
2026-09-03T05:00:00+05:30,03-09-2026 05:00:00,"Mundka, Delhi - DPCC",81,Satisfactory,PM10,100,0
2026-09-03T05:00:00+05:30,03-09-2026 05:00:00,"Pusa, Delhi - DPCC",80,Satisfactory,PM10,100,0
2026-09-03T05:00:00+05:30,03-09-2026 05:00:00,"Ashok Vihar, Delhi - DPCC",78,Satisfactory,PM10,100,0
2026-09-03T05:00:00+05:30,03-09-2026 05:00:00,"NSUT Jaffarpur, Delhi - DPCC",76,Satisfactory,PM10,100,0
2026-09-03T05:00:00+05:30,03-09-2026 05:00:00,"Sirifort, Delhi - CPCB",74,Satisfactory,PM10,100,0
2026-09-03T05:00:00+05:30,03-09-2026 05:00:00,"Okhla Phase-2, Delhi - DPCC",72,Satisfactory,PM10,100,0
2026-09-03T05:00:00+05:30,03-09-2026 05:00:00,"Mandir Marg, Delhi - DPCC",72,Satisfactory,PM10,100,0
2026-09-03T05:00:00+05:30,03-09-2026 05:00:00,"Pusa, Delhi - IITM",69,Satisfactory,NO2,100,0
2026-09-03T05:00:00+05:30,03-09-2026 05:00:00,"Dwarka-Sector 8, Delhi - DPCC",69,Satisfactory,PM10,100,0
2026-09-03T05:00:00+05:30,03-09-2026 05:00:00,"Vivek Vihar, Delhi - DPCC",68,Satisfactory,CO,100,0
2026-09-03T05:00:00+05:30,03-09-2026 05:00:00,"Commonwealth Sports Complex, Delhi - DPCC",68,Satisfactory,PM10,100,0
2026-09-03T05:00:00+05:30,03-09-2026 05:00:00,"ITO, Delhi - CPCB",67,Satisfactory,PM10,100,0
2026-09-03T05:00:00+05:30,03-09-2026 05:00:00,"Dr. Karni Singh Shooting Range, Delhi - DPCC",67,Satisfactory,PM10,100,0
2026-09-03T05:00:00+05:30,03-09-2026 05:00:00,"Sonia Vihar, Delhi - DPCC",66,Satisfactory,PM10,100,0
2026-09-03T05:00:00+05:30,03-09-2026 05:00:00,"IMD Lodhi Road, Delhi - IITM",66,Satisfactory,PM10,100,0
2026-09-03T05:00:00+05:30,03-09-2026 05:00:00,"Sri Aurobindo Marg, Delhi - DPCC",64,Satisfactory,PM10,100,0
2026-09-03T05:00:00+05:30,03-09-2026 05:00:00,"Talkatora Garden, Delhi - DPCC",62,Satisfactory,CO,100,0
2026-09-03T05:00:00+05:30,03-09-2026 05:00:00,"Narela, Delhi - DPCC",62,Satisfactory,CO,100,0
2026-09-03T05:00:00+05:30,03-09-2026 05:00:00,"Burari Crossing, Delhi - IITM",59,Satisfactory,NO2,100,0
2026-09-03T05:00:00+05:30,03-09-2026 05:00:00,"Patparganj, Delhi - DPCC",58,Satisfactory,PM10,100,0
2026-09-03T05:00:00+05:30,03-09-2026 05:00:00,"JNU, Delhi - DPCC",58,Satisfactory,CO,100,0
2026-09-03T05:00:00+05:30,03-09-2026 05:00:00,"Shadipur, Delhi - CPCB",57,Satisfactory,PM10,100,0
2026-09-03T05:00:00+05:30,03-09-2026 05:00:00,"NSIT Dwarka, Delhi - CPCB",57,Satisfactory,PM10,100,0
2026-09-03T05:00:00+05:30,03-09-2026 05:00:00,"IGNOU_Maidan Garhi, Delhi - DPCC",56,Satisfactory,CO,100,0
2026-09-03T05:00:00+05:30,03-09-2026 05:00:00,"Jahangirpuri, Delhi - DPCC",55,Satisfactory,PM10,100,0
2026-09-03T05:00:00+05:30,03-09-2026 05:00:00,"Najafgarh, Delhi - DPCC",53,Satisfactory,PM10,100,0
2026-09-03T05:00:00+05:30,03-09-2026 05:00:00,"Major Dhyan Chand National Stadium, Delhi - DPCC",49,Good,PM10,100,0
2026-09-03T05:00:00+05:30,03-09-2026 05:00:00,"IHBAS, Dilshad Garden, Delhi - CPCB",49,Good,NO2,100,0
2026-09-03T05:00:00+05:30,03-09-2026 05:00:00,"Bawana, Delhi - DPCC",47,Good,PM10,100,0
2026-09-03T05:00:00+05:30,03-09-2026 05:00:00,"DTU, Delhi - CPCB",47,Good,PM10,100,0
2026-09-03T05:00:00+05:30,03-09-2026 05:00:00,"CRRI Mathura Road, Delhi - IITM",46,Good,PM10,100,0
2026-09-03T05:00:00+05:30,03-09-2026 05:00:00,"Cantonment Area, Delhi - DPCC",37,Good,PM10,100,0
2026-09-03T09:00:00+05:30,03-09-2026 09:00:00,"Aya Nagar, Delhi - IITM",202,Poor,PM10,100,1
2026-09-03T09:00:00+05:30,03-09-2026 09:00:00,"Wazirpur, Delhi - DPCC",124,Moderately Polluted,PM10,100,1
2026-09-03T09:00:00+05:30,03-09-2026 09:00:00,"Jahangirpuri, Delhi - DPCC",113,Moderately Polluted,CO,100,1
2026-09-03T09:00:00+05:30,03-09-2026 09:00:00,"Punjabi Bagh, Delhi - DPCC",103,Moderately Polluted,PM10,100,1
2026-09-03T09:00:00+05:30,03-09-2026 09:00:00,"Ashok Vihar, Delhi - DPCC",103,Moderately Polluted,CO,100,1
2026-09-03T09:00:00+05:30,03-09-2026 09:00:00,"Rohini, Delhi - DPCC",94,Satisfactory,PM10,100,0
2026-09-03T09:00:00+05:30,03-09-2026 09:00:00,"North Campus, DU, Delhi - IITM",88,Satisfactory,NO2,100,0
2026-09-03T09:00:00+05:30,03-09-2026 09:00:00,"R K Puram, Delhi - DPCC",85,Satisfactory,PM10,100,0
2026-09-03T09:00:00+05:30,03-09-2026 09:00:00,"IIT Delhi, Delhi - IITM",85,Satisfactory,PM10,100,0
2026-09-03T09:00:00+05:30,03-09-2026 09:00:00,"Chandni Chowk, Delhi - IITM",84,Satisfactory,CO,100,0
2026-09-03T09:00:00+05:30,03-09-2026 09:00:00,"Nehru Nagar, Delhi - DPCC",83,Satisfactory,PM10,100,0
2026-09-03T09:00:00+05:30,03-09-2026 09:00:00,"Jawaharlal Nehru Stadium, Delhi - DPCC",81,Satisfactory,CO,100,0
2026-09-03T09:00:00+05:30,03-09-2026 09:00:00,"IGI Airport (T3), Delhi - IITM",80,Satisfactory,NO2,100,0
2026-09-03T09:00:00+05:30,03-09-2026 09:00:00,"Mundka, Delhi - DPCC",77,Satisfactory,PM10,100,0
2026-09-03T09:00:00+05:30,03-09-2026 09:00:00,"NSUT Jaffarpur, Delhi - DPCC",76,Satisfactory,PM10,100,0
2026-09-03T09:00:00+05:30,03-09-2026 09:00:00,"Sonia Vihar, Delhi - DPCC",72,Satisfactory,PM10,100,0
2026-09-03T09:00:00+05:30,03-09-2026 09:00:00,"Dwarka-Sector 8, Delhi - DPCC",71,Satisfactory,PM10,100,0
2026-09-03T09:00:00+05:30,03-09-2026 09:00:00,"Pusa, Delhi - DPCC",71,Satisfactory,PM10,100,0
2026-09-03T09:00:00+05:30,03-09-2026 09:00:00,"Vivek Vihar, Delhi - DPCC",70,Satisfactory,CO,100,0
2026-09-03T09:00:00+05:30,03-09-2026 09:00:00,"Sirifort, Delhi - CPCB",69,Satisfactory,PM10,100,0
2026-09-03T09:00:00+05:30,03-09-2026 09:00:00,"Pusa, Delhi - IITM",69,Satisfactory,NO2,100,0
2026-09-03T09:00:00+05:30,03-09-2026 09:00:00,"Okhla Phase-2, Delhi - DPCC",68,Satisfactory,PM10,100,0
2026-09-03T09:00:00+05:30,03-09-2026 09:00:00,"Commonwealth Sports Complex, Delhi - DPCC",68,Satisfactory,PM10,100,0
2026-09-03T09:00:00+05:30,03-09-2026 09:00:00,"Mandir Marg, Delhi - DPCC",67,Satisfactory,PM10,100,0
2026-09-03T09:00:00+05:30,03-09-2026 09:00:00,"Dr. Karni Singh Shooting Range, Delhi - DPCC",64,Satisfactory,PM10,100,0
2026-09-03T09:00:00+05:30,03-09-2026 09:00:00,"ITO, Delhi - CPCB",63,Satisfactory,PM10,100,0
2026-09-03T09:00:00+05:30,03-09-2026 09:00:00,"Narela, Delhi - DPCC",63,Satisfactory,CO,100,0
2026-09-03T09:00:00+05:30,03-09-2026 09:00:00,"Sri Aurobindo Marg, Delhi - DPCC",62,Satisfactory,PM10,100,0
2026-09-03T09:00:00+05:30,03-09-2026 09:00:00,"Patparganj, Delhi - DPCC",60,Satisfactory,PM10,100,0
2026-09-03T09:00:00+05:30,03-09-2026 09:00:00,"Burari Crossing, Delhi - IITM",59,Satisfactory,NO2,100,0
2026-09-03T09:00:00+05:30,03-09-2026 09:00:00,"IMD Lodhi Road, Delhi - IITM",59,Satisfactory,PM10,100,0
2026-09-03T09:00:00+05:30,03-09-2026 09:00:00,"Talkatora Garden, Delhi - DPCC",59,Satisfactory,CO,100,0
2026-09-03T09:00:00+05:30,03-09-2026 09:00:00,"NSIT Dwarka, Delhi - CPCB",56,Satisfactory,PM10,100,0
2026-09-03T09:00:00+05:30,03-09-2026 09:00:00,"Shadipur, Delhi - CPCB",53,Satisfactory,PM10,100,0
2026-09-03T09:00:00+05:30,03-09-2026 09:00:00,"IGNOU_Maidan Garhi, Delhi - DPCC",53,Satisfactory,CO,100,0
2026-09-03T09:00:00+05:30,03-09-2026 09:00:00,"JNU, Delhi - DPCC",53,Satisfactory,PM10,100,0
2026-09-03T09:00:00+05:30,03-09-2026 09:00:00,"Najafgarh, Delhi - DPCC",52,Satisfactory,PM10,100,0
2026-09-03T09:00:00+05:30,03-09-2026 09:00:00,"IHBAS, Dilshad Garden, Delhi - CPCB",50,Good,NO2,100,0
2026-09-03T09:00:00+05:30,03-09-2026 09:00:00,"Bawana, Delhi - DPCC",47,Good,PM10,100,0
2026-09-03T09:00:00+05:30,03-09-2026 09:00:00,"DTU, Delhi - CPCB",46,Good,PM10,100,0
2026-09-03T09:00:00+05:30,03-09-2026 09:00:00,"Major Dhyan Chand National Stadium, Delhi - DPCC",44,Good,PM10,100,0
2026-09-03T09:00:00+05:30,03-09-2026 09:00:00,"CRRI Mathura Road, Delhi - IITM",42,Good,PM10,100,0
2026-09-03T09:00:00+05:30,03-09-2026 09:00:00,"Cantonment Area, Delhi - DPCC",35,Good,PM10,100,0
2026-09-03T10:00:00+05:30,03-09-2026 10:00:00,"Aya Nagar, Delhi - IITM",199,Moderately Polluted,PM10,100,1
2026-09-03T10:00:00+05:30,03-09-2026 10:00:00,"Wazirpur, Delhi - DPCC",123,Moderately Polluted,PM10,100,1
2026-09-03T10:00:00+05:30,03-09-2026 10:00:00,"Jahangirpuri, Delhi - DPCC",113,Moderately Polluted,CO,100,1
2026-09-03T10:00:00+05:30,03-09-2026 10:00:00,"Burari Crossing, Delhi - IITM",107,Moderately Polluted,CO,100,1
2026-09-03T10:00:00+05:30,03-09-2026 10:00:00,"Ashok Vihar, Delhi - DPCC",103,Moderately Polluted,CO,100,1
2026-09-03T10:00:00+05:30,03-09-2026 10:00:00,"Punjabi Bagh, Delhi - DPCC",101,Moderately Polluted,PM10,100,1
2026-09-03T10:00:00+05:30,03-09-2026 10:00:00,"Rohini, Delhi - DPCC",94,Satisfactory,PM10,100,0
2026-09-03T10:00:00+05:30,03-09-2026 10:00:00,"North Campus, DU, Delhi - IITM",88,Satisfactory,NO2,100,0
2026-09-03T10:00:00+05:30,03-09-2026 10:00:00,"Chandni Chowk, Delhi - IITM",84,Satisfactory,CO,100,0
2026-09-03T10:00:00+05:30,03-09-2026 10:00:00,"IIT Delhi, Delhi - IITM",84,Satisfactory,PM10,100,0
2026-09-03T10:00:00+05:30,03-09-2026 10:00:00,"Jawaharlal Nehru Stadium, Delhi - DPCC",83,Satisfactory,CO,100,0
2026-09-03T10:00:00+05:30,03-09-2026 10:00:00,"R K Puram, Delhi - DPCC",83,Satisfactory,PM10,100,0
2026-09-03T10:00:00+05:30,03-09-2026 10:00:00,"Nehru Nagar, Delhi - DPCC",82,Satisfactory,PM10,100,0
2026-09-03T10:00:00+05:30,03-09-2026 10:00:00,"IGI Airport (T3), Delhi - IITM",79,Satisfactory,NO2,100,0
2026-09-03T10:00:00+05:30,03-09-2026 10:00:00,"NSUT Jaffarpur, Delhi - DPCC",76,Satisfactory,PM10,100,0
2026-09-03T10:00:00+05:30,03-09-2026 10:00:00,"Mundka, Delhi - DPCC",75,Satisfactory,PM10,100,0
2026-09-03T10:00:00+05:30,03-09-2026 10:00:00,"Sonia Vihar, Delhi - DPCC",72,Satisfactory,PM2.5,100,0
2026-09-03T10:00:00+05:30,03-09-2026 10:00:00,"Dwarka-Sector 8, Delhi - DPCC",72,Satisfactory,PM10,100,0
2026-09-03T10:00:00+05:30,03-09-2026 10:00:00,"Pusa, Delhi - DPCC",71,Satisfactory,CO,100,0
2026-09-03T10:00:00+05:30,03-09-2026 10:00:00,"Vivek Vihar, Delhi - DPCC",71,Satisfactory,CO,100,0
2026-09-03T10:00:00+05:30,03-09-2026 10:00:00,"Commonwealth Sports Complex, Delhi - DPCC",69,Satisfactory,PM10,100,0
2026-09-03T10:00:00+05:30,03-09-2026 10:00:00,"Pusa, Delhi - IITM",69,Satisfactory,NO2,100,0
2026-09-03T10:00:00+05:30,03-09-2026 10:00:00,"Okhla Phase-2, Delhi - DPCC",68,Satisfactory,PM10,100,0
2026-09-03T10:00:00+05:30,03-09-2026 10:00:00,"Mandir Marg, Delhi - DPCC",67,Satisfactory,PM10,100,0
2026-09-03T10:00:00+05:30,03-09-2026 10:00:00,"Sirifort, Delhi - CPCB",67,Satisfactory,PM10,100,0
2026-09-03T10:00:00+05:30,03-09-2026 10:00:00,"Narela, Delhi - DPCC",64,Satisfactory,CO,100,0
2026-09-03T10:00:00+05:30,03-09-2026 10:00:00,"Dr. Karni Singh Shooting Range, Delhi - DPCC",64,Satisfactory,PM10,100,0
2026-09-03T10:00:00+05:30,03-09-2026 10:00:00,"ITO, Delhi - CPCB",62,Satisfactory,PM10,100,0
2026-09-03T10:00:00+05:30,03-09-2026 10:00:00,"Sri Aurobindo Marg, Delhi - DPCC",61,Satisfactory,PM10,100,0
2026-09-03T10:00:00+05:30,03-09-2026 10:00:00,"Patparganj, Delhi - DPCC",60,Satisfactory,PM10,100,0
2026-09-03T10:00:00+05:30,03-09-2026 10:00:00,"IMD Lodhi Road, Delhi - IITM",59,Satisfactory,PM10,100,0
2026-09-03T10:00:00+05:30,03-09-2026 10:00:00,"Talkatora Garden, Delhi - DPCC",58,Satisfactory,CO,100,0
2026-09-03T10:00:00+05:30,03-09-2026 10:00:00,"NSIT Dwarka, Delhi - CPCB",54,Satisfactory,CO,100,0
2026-09-03T10:00:00+05:30,03-09-2026 10:00:00,"Najafgarh, Delhi - DPCC",53,Satisfactory,PM10,100,0
2026-09-03T10:00:00+05:30,03-09-2026 10:00:00,"Shadipur, Delhi - CPCB",53,Satisfactory,PM10,100,0
2026-09-03T10:00:00+05:30,03-09-2026 10:00:00,"IGNOU_Maidan Garhi, Delhi - DPCC",53,Satisfactory,CO,100,0
2026-09-03T10:00:00+05:30,03-09-2026 10:00:00,"JNU, Delhi - DPCC",52,Satisfactory,PM10,100,0
2026-09-03T10:00:00+05:30,03-09-2026 10:00:00,"IHBAS, Dilshad Garden, Delhi - CPCB",50,Good,NO2,100,0
2026-09-03T10:00:00+05:30,03-09-2026 10:00:00,"Bawana, Delhi - DPCC",47,Good,PM10,100,0
2026-09-03T10:00:00+05:30,03-09-2026 10:00:00,"DTU, Delhi - CPCB",45,Good,PM10,100,0
2026-09-03T10:00:00+05:30,03-09-2026 10:00:00,"Major Dhyan Chand National Stadium, Delhi - DPCC",44,Good,PM10,100,0
2026-09-03T10:00:00+05:30,03-09-2026 10:00:00,"CRRI Mathura Road, Delhi - IITM",42,Good,PM10,100,0
2026-09-03T10:00:00+05:30,03-09-2026 10:00:00,"Cantonment Area, Delhi - DPCC",35,Good,PM10,100,0
2026-09-03T11:00:00+05:30,03-09-2026 11:00:00,"Aya Nagar, Delhi - IITM",199,Moderately Polluted,PM10,100,1
2026-09-03T11:00:00+05:30,03-09-2026 11:00:00,"Wazirpur, Delhi - DPCC",121,Moderately Polluted,PM10,100,1
2026-09-03T11:00:00+05:30,03-09-2026 11:00:00,"Jahangirpuri, Delhi - DPCC",114,Moderately Polluted,CO,100,1
2026-09-03T11:00:00+05:30,03-09-2026 11:00:00,"Burari Crossing, Delhi - IITM",107,Moderately Polluted,CO,100,1
2026-09-03T11:00:00+05:30,03-09-2026 11:00:00,"Punjabi Bagh, Delhi - DPCC",103,Moderately Polluted,PM10,100,1
2026-09-03T11:00:00+05:30,03-09-2026 11:00:00,"Rohini, Delhi - DPCC",93,Satisfactory,PM10,100,0
2026-09-03T11:00:00+05:30,03-09-2026 11:00:00,"North Campus, DU, Delhi - IITM",90,Satisfactory,NO2,100,0
2026-09-03T11:00:00+05:30,03-09-2026 11:00:00,"Jawaharlal Nehru Stadium, Delhi - DPCC",85,Satisfactory,CO,100,0
2026-09-03T11:00:00+05:30,03-09-2026 11:00:00,"Chandni Chowk, Delhi - IITM",85,Satisfactory,CO,100,0
2026-09-03T11:00:00+05:30,03-09-2026 11:00:00,"R K Puram, Delhi - DPCC",85,Satisfactory,PM10,100,0
2026-09-03T11:00:00+05:30,03-09-2026 11:00:00,"IIT Delhi, Delhi - IITM",84,Satisfactory,PM10,100,0
2026-09-03T11:00:00+05:30,03-09-2026 11:00:00,"Nehru Nagar, Delhi - DPCC",82,Satisfactory,PM10,100,0
2026-09-03T11:00:00+05:30,03-09-2026 11:00:00,"IGI Airport (T3), Delhi - IITM",78,Satisfactory,NO2,100,0
2026-09-03T11:00:00+05:30,03-09-2026 11:00:00,"NSUT Jaffarpur, Delhi - DPCC",77,Satisfactory,PM10,100,0
2026-09-03T11:00:00+05:30,03-09-2026 11:00:00,"Sonia Vihar, Delhi - DPCC",75,Satisfactory,PM2.5,100,0
2026-09-03T11:00:00+05:30,03-09-2026 11:00:00,"Ashok Vihar, Delhi - DPCC",75,Satisfactory,PM10,100,0
2026-09-03T11:00:00+05:30,03-09-2026 11:00:00,"Mundka, Delhi - DPCC",74,Satisfactory,PM10,100,0
2026-09-03T11:00:00+05:30,03-09-2026 11:00:00,"Pusa, Delhi - DPCC",73,Satisfactory,CO,100,0
2026-09-03T11:00:00+05:30,03-09-2026 11:00:00,"Dwarka-Sector 8, Delhi - DPCC",73,Satisfactory,PM10,100,0
2026-09-03T11:00:00+05:30,03-09-2026 11:00:00,"Vivek Vihar, Delhi - DPCC",71,Satisfactory,CO,100,0
2026-09-03T11:00:00+05:30,03-09-2026 11:00:00,"Pusa, Delhi - IITM",71,Satisfactory,NO2,100,0
2026-09-03T11:00:00+05:30,03-09-2026 11:00:00,"Okhla Phase-2, Delhi - DPCC",69,Satisfactory,PM10,100,0
2026-09-03T11:00:00+05:30,03-09-2026 11:00:00,"Commonwealth Sports Complex, Delhi - DPCC",69,Satisfactory,PM10,100,0
2026-09-03T11:00:00+05:30,03-09-2026 11:00:00,"Sirifort, Delhi - CPCB",68,Satisfactory,PM10,100,0
2026-09-03T11:00:00+05:30,03-09-2026 11:00:00,"Mandir Marg, Delhi - DPCC",67,Satisfactory,PM10,100,0
2026-09-03T11:00:00+05:30,03-09-2026 11:00:00,"Cantonment Area, Delhi - DPCC",64,Satisfactory,CO,100,0
2026-09-03T11:00:00+05:30,03-09-2026 11:00:00,"Dr. Karni Singh Shooting Range, Delhi - DPCC",64,Satisfactory,PM10,100,0
2026-09-03T11:00:00+05:30,03-09-2026 11:00:00,"Narela, Delhi - DPCC",64,Satisfactory,CO,100,0
2026-09-03T11:00:00+05:30,03-09-2026 11:00:00,"ITO, Delhi - CPCB",63,Satisfactory,PM10,100,0
2026-09-03T11:00:00+05:30,03-09-2026 11:00:00,"Sri Aurobindo Marg, Delhi - DPCC",62,Satisfactory,PM10,100,0
2026-09-03T11:00:00+05:30,03-09-2026 11:00:00,"Patparganj, Delhi - DPCC",59,Satisfactory,PM10,100,0
2026-09-03T11:00:00+05:30,03-09-2026 11:00:00,"Talkatora Garden, Delhi - DPCC",58,Satisfactory,CO,100,0
2026-09-03T11:00:00+05:30,03-09-2026 11:00:00,"IMD Lodhi Road, Delhi - IITM",57,Satisfactory,PM10,100,0
2026-09-03T11:00:00+05:30,03-09-2026 11:00:00,"NSIT Dwarka, Delhi - CPCB",56,Satisfactory,CO,100,0
2026-09-03T11:00:00+05:30,03-09-2026 11:00:00,"Shadipur, Delhi - CPCB",53,Satisfactory,PM10,100,0
2026-09-03T11:00:00+05:30,03-09-2026 11:00:00,"IGNOU_Maidan Garhi, Delhi - DPCC",53,Satisfactory,CO,100,0
2026-09-03T11:00:00+05:30,03-09-2026 11:00:00,"Najafgarh, Delhi - DPCC",53,Satisfactory,PM10,100,0
2026-09-03T11:00:00+05:30,03-09-2026 11:00:00,"JNU, Delhi - DPCC",52,Satisfactory,PM10,100,0
2026-09-03T11:00:00+05:30,03-09-2026 11:00:00,"IHBAS, Dilshad Garden, Delhi - CPCB",50,Good,NO2,100,0
2026-09-03T11:00:00+05:30,03-09-2026 11:00:00,"Bawana, Delhi - DPCC",48,Good,PM10,100,0
2026-09-03T11:00:00+05:30,03-09-2026 11:00:00,"DTU, Delhi - CPCB",44,Good,PM10,100,0
2026-09-03T11:00:00+05:30,03-09-2026 11:00:00,"Major Dhyan Chand National Stadium, Delhi - DPCC",43,Good,PM10,100,0
2026-09-03T11:00:00+05:30,03-09-2026 11:00:00,"CRRI Mathura Road, Delhi - IITM",42,Good,PM10,100,0
2026-09-03T12:00:00+05:30,03-09-2026 12:00:00,"Aya Nagar, Delhi - IITM",199,Moderately Polluted,PM10,100,1
2026-09-03T12:00:00+05:30,03-09-2026 12:00:00,"Wazirpur, Delhi - DPCC",123,Moderately Polluted,PM10,100,1
2026-09-03T12:00:00+05:30,03-09-2026 12:00:00,"Punjabi Bagh, Delhi - DPCC",104,Moderately Polluted,PM10,100,1
2026-09-03T12:00:00+05:30,03-09-2026 12:00:00,"Rohini, Delhi - DPCC",93,Satisfactory,PM10,100,0
2026-09-03T12:00:00+05:30,03-09-2026 12:00:00,"North Campus, DU, Delhi - IITM",92,Satisfactory,NO2,100,0
2026-09-03T12:00:00+05:30,03-09-2026 12:00:00,"Jawaharlal Nehru Stadium, Delhi - DPCC",86,Satisfactory,CO,100,0
2026-09-03T12:00:00+05:30,03-09-2026 12:00:00,"Chandni Chowk, Delhi - IITM",86,Satisfactory,CO,100,0
2026-09-03T12:00:00+05:30,03-09-2026 12:00:00,"IIT Delhi, Delhi - IITM",83,Satisfactory,PM10,100,0
2026-09-03T12:00:00+05:30,03-09-2026 12:00:00,"R K Puram, Delhi - DPCC",82,Satisfactory,PM10,100,0
2026-09-03T12:00:00+05:30,03-09-2026 12:00:00,"Nehru Nagar, Delhi - DPCC",82,Satisfactory,PM10,100,0
2026-09-03T12:00:00+05:30,03-09-2026 12:00:00,"NSUT Jaffarpur, Delhi - DPCC",78,Satisfactory,PM10,100,0
2026-09-03T12:00:00+05:30,03-09-2026 12:00:00,"Ashok Vihar, Delhi - DPCC",76,Satisfactory,PM10,100,0
2026-09-03T12:00:00+05:30,03-09-2026 12:00:00,"IGI Airport (T3), Delhi - IITM",76,Satisfactory,NO2,100,0
2026-09-03T12:00:00+05:30,03-09-2026 12:00:00,"Sonia Vihar, Delhi - DPCC",76,Satisfactory,PM2.5,100,0
2026-09-03T12:00:00+05:30,03-09-2026 12:00:00,"Mundka, Delhi - DPCC",74,Satisfactory,PM10,100,0
2026-09-03T12:00:00+05:30,03-09-2026 12:00:00,"Dwarka-Sector 8, Delhi - DPCC",74,Satisfactory,PM10,100,0
2026-09-03T12:00:00+05:30,03-09-2026 12:00:00,"Pusa, Delhi - DPCC",73,Satisfactory,CO,100,0
2026-09-03T12:00:00+05:30,03-09-2026 12:00:00,"Pusa, Delhi - IITM",72,Satisfactory,NO2,100,0
2026-09-03T12:00:00+05:30,03-09-2026 12:00:00,"Vivek Vihar, Delhi - DPCC",71,Satisfactory,CO,100,0
2026-09-03T12:00:00+05:30,03-09-2026 12:00:00,"Sirifort, Delhi - CPCB",69,Satisfactory,PM10,100,0
2026-09-03T12:00:00+05:30,03-09-2026 12:00:00,"Commonwealth Sports Complex, Delhi - DPCC",68,Satisfactory,PM10,100,0
2026-09-03T12:00:00+05:30,03-09-2026 12:00:00,"Mandir Marg, Delhi - DPCC",67,Satisfactory,PM10,100,0
2026-09-03T12:00:00+05:30,03-09-2026 12:00:00,"Okhla Phase-2, Delhi - DPCC",67,Satisfactory,PM10,100,0
2026-09-03T12:00:00+05:30,03-09-2026 12:00:00,"Cantonment Area, Delhi - DPCC",66,Satisfactory,CO,100,0
2026-09-03T12:00:00+05:30,03-09-2026 12:00:00,"Narela, Delhi - DPCC",64,Satisfactory,CO,100,0
2026-09-03T12:00:00+05:30,03-09-2026 12:00:00,"Dr. Karni Singh Shooting Range, Delhi - DPCC",63,Satisfactory,PM10,100,0
2026-09-03T12:00:00+05:30,03-09-2026 12:00:00,"ITO, Delhi - CPCB",63,Satisfactory,PM10,100,0
2026-09-03T12:00:00+05:30,03-09-2026 12:00:00,"Sri Aurobindo Marg, Delhi - DPCC",61,Satisfactory,PM10,100,0
2026-09-03T12:00:00+05:30,03-09-2026 12:00:00,"Burari Crossing, Delhi - IITM",60,Satisfactory,NO2,100,0
2026-09-03T12:00:00+05:30,03-09-2026 12:00:00,"Patparganj, Delhi - DPCC",60,Satisfactory,PM10,100,0
2026-09-03T12:00:00+05:30,03-09-2026 12:00:00,"NSIT Dwarka, Delhi - CPCB",58,Satisfactory,CO,100,0
2026-09-03T12:00:00+05:30,03-09-2026 12:00:00,"Talkatora Garden, Delhi - DPCC",57,Satisfactory,CO,100,0
2026-09-03T12:00:00+05:30,03-09-2026 12:00:00,"IMD Lodhi Road, Delhi - IITM",57,Satisfactory,PM10,100,0
2026-09-03T12:00:00+05:30,03-09-2026 12:00:00,"Jahangirpuri, Delhi - DPCC",57,Satisfactory,PM10,100,0
2026-09-03T12:00:00+05:30,03-09-2026 12:00:00,"Najafgarh, Delhi - DPCC",54,Satisfactory,PM10,100,0
2026-09-03T12:00:00+05:30,03-09-2026 12:00:00,"Shadipur, Delhi - CPCB",54,Satisfactory,PM10,100,0
2026-09-03T12:00:00+05:30,03-09-2026 12:00:00,"IGNOU_Maidan Garhi, Delhi - DPCC",53,Satisfactory,CO,100,0
2026-09-03T12:00:00+05:30,03-09-2026 12:00:00,"JNU, Delhi - DPCC",51,Satisfactory,PM10,100,0
2026-09-03T12:00:00+05:30,03-09-2026 12:00:00,"IHBAS, Dilshad Garden, Delhi - CPCB",50,Good,NO2,100,0
2026-09-03T12:00:00+05:30,03-09-2026 12:00:00,"Bawana, Delhi - DPCC",45,Good,PM10,100,0
2026-09-03T12:00:00+05:30,03-09-2026 12:00:00,"DTU, Delhi - CPCB",44,Good,PM10,100,0
2026-09-03T12:00:00+05:30,03-09-2026 12:00:00,"Major Dhyan Chand National Stadium, Delhi - DPCC",43,Good,PM10,100,0
2026-09-03T12:00:00+05:30,03-09-2026 12:00:00,"CRRI Mathura Road, Delhi - IITM",42,Good,PM10,100,0
2026-09-03T13:00:00+05:30,03-09-2026 13:00:00,"Aya Nagar, Delhi - IITM",199,Moderately Polluted,PM10,100,1
2026-09-03T13:00:00+05:30,03-09-2026 13:00:00,"Wazirpur, Delhi - DPCC",123,Moderately Polluted,PM10,100,1
2026-09-03T13:00:00+05:30,03-09-2026 13:00:00,"Punjabi Bagh, Delhi - DPCC",104,Moderately Polluted,PM10,100,1
2026-09-03T13:00:00+05:30,03-09-2026 13:00:00,"Rohini, Delhi - DPCC",95,Satisfactory,PM10,100,0
2026-09-03T13:00:00+05:30,03-09-2026 13:00:00,"North Campus, DU, Delhi - IITM",93,Satisfactory,NO2,100,0
2026-09-03T13:00:00+05:30,03-09-2026 13:00:00,"Burari Crossing, Delhi - IITM",91,Satisfactory,CO,100,0
2026-09-03T13:00:00+05:30,03-09-2026 13:00:00,"Jawaharlal Nehru Stadium, Delhi - DPCC",86,Satisfactory,CO,100,0
2026-09-03T13:00:00+05:30,03-09-2026 13:00:00,"Chandni Chowk, Delhi - IITM",86,Satisfactory,CO,100,0
2026-09-03T13:00:00+05:30,03-09-2026 13:00:00,"IIT Delhi, Delhi - IITM",85,Satisfactory,PM10,100,0
2026-09-03T13:00:00+05:30,03-09-2026 13:00:00,"R K Puram, Delhi - DPCC",80,Satisfactory,PM10,100,0
2026-09-03T13:00:00+05:30,03-09-2026 13:00:00,"Nehru Nagar, Delhi - DPCC",80,Satisfactory,PM10,100,0
2026-09-03T13:00:00+05:30,03-09-2026 13:00:00,"NSUT Jaffarpur, Delhi - DPCC",79,Satisfactory,PM10,100,0
2026-09-03T13:00:00+05:30,03-09-2026 13:00:00,"Sonia Vihar, Delhi - DPCC",77,Satisfactory,PM2.5,100,0
2026-09-03T13:00:00+05:30,03-09-2026 13:00:00,"Ashok Vihar, Delhi - DPCC",77,Satisfactory,PM10,100,0
2026-09-03T13:00:00+05:30,03-09-2026 13:00:00,"Mundka, Delhi - DPCC",74,Satisfactory,PM10,100,0
2026-09-03T13:00:00+05:30,03-09-2026 13:00:00,"Pusa, Delhi - DPCC",73,Satisfactory,CO,100,0
2026-09-03T13:00:00+05:30,03-09-2026 13:00:00,"Pusa, Delhi - IITM",73,Satisfactory,NO2,100,0
2026-09-03T13:00:00+05:30,03-09-2026 13:00:00,"Dwarka-Sector 8, Delhi - DPCC",73,Satisfactory,PM10,100,0
2026-09-03T13:00:00+05:30,03-09-2026 13:00:00,"IGI Airport (T3), Delhi - IITM",72,Satisfactory,NO2,100,0
2026-09-03T13:00:00+05:30,03-09-2026 13:00:00,"Vivek Vihar, Delhi - DPCC",70,Satisfactory,CO,100,0
2026-09-03T13:00:00+05:30,03-09-2026 13:00:00,"Sirifort, Delhi - CPCB",67,Satisfactory,PM10,100,0
2026-09-03T13:00:00+05:30,03-09-2026 13:00:00,"Commonwealth Sports Complex, Delhi - DPCC",67,Satisfactory,PM10,100,0
2026-09-03T13:00:00+05:30,03-09-2026 13:00:00,"Cantonment Area, Delhi - DPCC",66,Satisfactory,CO,100,0
2026-09-03T13:00:00+05:30,03-09-2026 13:00:00,"Okhla Phase-2, Delhi - DPCC",65,Satisfactory,PM10,100,0
2026-09-03T13:00:00+05:30,03-09-2026 13:00:00,"Mandir Marg, Delhi - DPCC",65,Satisfactory,PM10,100,0
2026-09-03T13:00:00+05:30,03-09-2026 13:00:00,"Narela, Delhi - DPCC",63,Satisfactory,CO,100,0
2026-09-03T13:00:00+05:30,03-09-2026 13:00:00,"ITO, Delhi - CPCB",62,Satisfactory,PM10,100,0
2026-09-03T13:00:00+05:30,03-09-2026 13:00:00,"Dr. Karni Singh Shooting Range, Delhi - DPCC",62,Satisfactory,PM10,100,0
2026-09-03T13:00:00+05:30,03-09-2026 13:00:00,"Sri Aurobindo Marg, Delhi - DPCC",60,Satisfactory,PM10,100,0
2026-09-03T13:00:00+05:30,03-09-2026 13:00:00,"Patparganj, Delhi - DPCC",59,Satisfactory,PM10,100,0
2026-09-03T13:00:00+05:30,03-09-2026 13:00:00,"NSIT Dwarka, Delhi - CPCB",59,Satisfactory,CO,100,0
2026-09-03T13:00:00+05:30,03-09-2026 13:00:00,"IMD Lodhi Road, Delhi - IITM",58,Satisfactory,PM10,100,0
2026-09-03T13:00:00+05:30,03-09-2026 13:00:00,"Jahangirpuri, Delhi - DPCC",58,Satisfactory,PM10,100,0
2026-09-03T13:00:00+05:30,03-09-2026 13:00:00,"Talkatora Garden, Delhi - DPCC",56,Satisfactory,CO,100,0
2026-09-03T13:00:00+05:30,03-09-2026 13:00:00,"Shadipur, Delhi - CPCB",54,Satisfactory,PM2.5,100,0
2026-09-03T13:00:00+05:30,03-09-2026 13:00:00,"Najafgarh, Delhi - DPCC",54,Satisfactory,PM10,100,0
2026-09-03T13:00:00+05:30,03-09-2026 13:00:00,"IGNOU_Maidan Garhi, Delhi - DPCC",53,Satisfactory,CO,100,0
2026-09-03T13:00:00+05:30,03-09-2026 13:00:00,"IHBAS, Dilshad Garden, Delhi - CPCB",50,Good,NO2,100,0
2026-09-03T13:00:00+05:30,03-09-2026 13:00:00,"JNU, Delhi - DPCC",49,Good,PM10,100,0
2026-09-03T13:00:00+05:30,03-09-2026 13:00:00,"Bawana, Delhi - DPCC",47,Good,PM10,100,0
2026-09-03T13:00:00+05:30,03-09-2026 13:00:00,"DTU, Delhi - CPCB",47,Good,PM10,100,0
2026-09-03T13:00:00+05:30,03-09-2026 13:00:00,"Major Dhyan Chand National Stadium, Delhi - DPCC",42,Good,PM10,100,0
2026-09-03T13:00:00+05:30,03-09-2026 13:00:00,"CRRI Mathura Road, Delhi - IITM",42,Good,PM10,100,0
2026-09-03T14:00:00+05:30,03-09-2026 14:00:00,"Aya Nagar, Delhi - IITM",199,Moderately Polluted,PM10,100,1
2026-09-03T14:00:00+05:30,03-09-2026 14:00:00,"Wazirpur, Delhi - DPCC",123,Moderately Polluted,PM10,100,1
2026-09-03T14:00:00+05:30,03-09-2026 14:00:00,"Punjabi Bagh, Delhi - DPCC",105,Moderately Polluted,PM10,100,1
2026-09-03T14:00:00+05:30,03-09-2026 14:00:00,"Rohini, Delhi - DPCC",96,Satisfactory,PM10,100,0
2026-09-03T14:00:00+05:30,03-09-2026 14:00:00,"North Campus, DU, Delhi - IITM",94,Satisfactory,NO2,100,0
2026-09-03T14:00:00+05:30,03-09-2026 14:00:00,"IIT Delhi, Delhi - IITM",87,Satisfactory,PM10,100,0
2026-09-03T14:00:00+05:30,03-09-2026 14:00:00,"Jawaharlal Nehru Stadium, Delhi - DPCC",87,Satisfactory,CO,100,0
2026-09-03T14:00:00+05:30,03-09-2026 14:00:00,"Chandni Chowk, Delhi - IITM",86,Satisfactory,CO,100,0
2026-09-03T14:00:00+05:30,03-09-2026 14:00:00,"Nehru Nagar, Delhi - DPCC",80,Satisfactory,PM10,100,0
2026-09-03T14:00:00+05:30,03-09-2026 14:00:00,"R K Puram, Delhi - DPCC",80,Satisfactory,PM10,100,0
2026-09-03T14:00:00+05:30,03-09-2026 14:00:00,"NSUT Jaffarpur, Delhi - DPCC",78,Satisfactory,PM10,100,0
2026-09-03T14:00:00+05:30,03-09-2026 14:00:00,"Ashok Vihar, Delhi - DPCC",78,Satisfactory,PM10,100,0
2026-09-03T14:00:00+05:30,03-09-2026 14:00:00,"Sonia Vihar, Delhi - DPCC",78,Satisfactory,PM10,100,0
2026-09-03T14:00:00+05:30,03-09-2026 14:00:00,"Burari Crossing, Delhi - IITM",74,Satisfactory,CO,100,0
2026-09-03T14:00:00+05:30,03-09-2026 14:00:00,"Mundka, Delhi - DPCC",73,Satisfactory,PM10,100,0
2026-09-03T14:00:00+05:30,03-09-2026 14:00:00,"Pusa, Delhi - IITM",73,Satisfactory,NO2,100,0
2026-09-03T14:00:00+05:30,03-09-2026 14:00:00,"Dwarka-Sector 8, Delhi - DPCC",73,Satisfactory,PM10,100,0
2026-09-03T14:00:00+05:30,03-09-2026 14:00:00,"Pusa, Delhi - DPCC",72,Satisfactory,CO,100,0
2026-09-03T14:00:00+05:30,03-09-2026 14:00:00,"IGI Airport (T3), Delhi - IITM",70,Satisfactory,NO2,100,0
2026-09-03T14:00:00+05:30,03-09-2026 14:00:00,"Vivek Vihar, Delhi - DPCC",69,Satisfactory,CO,100,0
2026-09-03T14:00:00+05:30,03-09-2026 14:00:00,"Sirifort, Delhi - CPCB",67,Satisfactory,PM10,100,0
2026-09-03T14:00:00+05:30,03-09-2026 14:00:00,"Mandir Marg, Delhi - DPCC",66,Satisfactory,PM10,100,0
2026-09-03T14:00:00+05:30,03-09-2026 14:00:00,"Commonwealth Sports Complex, Delhi - DPCC",66,Satisfactory,PM10,100,0
2026-09-03T14:00:00+05:30,03-09-2026 14:00:00,"Cantonment Area, Delhi - DPCC",65,Satisfactory,CO,100,0
2026-09-03T14:00:00+05:30,03-09-2026 14:00:00,"Okhla Phase-2, Delhi - DPCC",64,Satisfactory,PM10,100,0
2026-09-03T14:00:00+05:30,03-09-2026 14:00:00,"Dr. Karni Singh Shooting Range, Delhi - DPCC",63,Satisfactory,PM10,100,0
2026-09-03T14:00:00+05:30,03-09-2026 14:00:00,"ITO, Delhi - CPCB",63,Satisfactory,PM10,100,0
2026-09-03T14:00:00+05:30,03-09-2026 14:00:00,"Narela, Delhi - DPCC",63,Satisfactory,CO,100,0
2026-09-03T14:00:00+05:30,03-09-2026 14:00:00,"Jahangirpuri, Delhi - DPCC",62,Satisfactory,PM10,100,0
2026-09-03T14:00:00+05:30,03-09-2026 14:00:00,"Sri Aurobindo Marg, Delhi - DPCC",60,Satisfactory,PM10,100,0
2026-09-03T14:00:00+05:30,03-09-2026 14:00:00,"IMD Lodhi Road, Delhi - IITM",59,Satisfactory,PM10,100,0
2026-09-03T14:00:00+05:30,03-09-2026 14:00:00,"Patparganj, Delhi - DPCC",59,Satisfactory,PM10,100,0
2026-09-03T14:00:00+05:30,03-09-2026 14:00:00,"NSIT Dwarka, Delhi - CPCB",57,Satisfactory,CO,100,0
2026-09-03T14:00:00+05:30,03-09-2026 14:00:00,"Talkatora Garden, Delhi - DPCC",55,Satisfactory,CO,100,0
2026-09-03T14:00:00+05:30,03-09-2026 14:00:00,"Shadipur, Delhi - CPCB",54,Satisfactory,PM2.5,100,0
2026-09-03T14:00:00+05:30,03-09-2026 14:00:00,"IGNOU_Maidan Garhi, Delhi - DPCC",53,Satisfactory,CO,100,0
2026-09-03T14:00:00+05:30,03-09-2026 14:00:00,"Najafgarh, Delhi - DPCC",52,Satisfactory,PM10,100,0
2026-09-03T14:00:00+05:30,03-09-2026 14:00:00,"Bawana, Delhi - DPCC",51,Satisfactory,PM10,100,0
2026-09-03T14:00:00+05:30,03-09-2026 14:00:00,"IHBAS, Dilshad Garden, Delhi - CPCB",50,Good,NO2,100,0
2026-09-03T14:00:00+05:30,03-09-2026 14:00:00,"DTU, Delhi - CPCB",48,Good,PM10,100,0
2026-09-03T14:00:00+05:30,03-09-2026 14:00:00,"JNU, Delhi - DPCC",47,Good,CO,100,0
2026-09-03T14:00:00+05:30,03-09-2026 14:00:00,"Major Dhyan Chand National Stadium, Delhi - DPCC",43,Good,PM10,100,0
2026-09-03T14:00:00+05:30,03-09-2026 14:00:00,"CRRI Mathura Road, Delhi - IITM",43,Good,PM10,100,0
2026-09-03T15:00:00+05:30,03-09-2026 15:00:00,"Aya Nagar, Delhi - IITM",201,Poor,PM10,100,1
2026-09-03T15:00:00+05:30,03-09-2026 15:00:00,"Wazirpur, Delhi - DPCC",123,Moderately Polluted,PM10,100,1
2026-09-03T15:00:00+05:30,03-09-2026 15:00:00,"Punjabi Bagh, Delhi - DPCC",104,Moderately Polluted,PM10,100,1
2026-09-03T15:00:00+05:30,03-09-2026 15:00:00,"Rohini, Delhi - DPCC",96,Satisfactory,PM10,100,0
2026-09-03T15:00:00+05:30,03-09-2026 15:00:00,"North Campus, DU, Delhi - IITM",93,Satisfactory,NO2,100,0
2026-09-03T15:00:00+05:30,03-09-2026 15:00:00,"IIT Delhi, Delhi - IITM",88,Satisfactory,PM10,100,0
2026-09-03T15:00:00+05:30,03-09-2026 15:00:00,"Chandni Chowk, Delhi - IITM",86,Satisfactory,CO,100,0
2026-09-03T15:00:00+05:30,03-09-2026 15:00:00,"Jawaharlal Nehru Stadium, Delhi - DPCC",86,Satisfactory,CO,100,0
2026-09-03T15:00:00+05:30,03-09-2026 15:00:00,"R K Puram, Delhi - DPCC",81,Satisfactory,PM10,100,0
2026-09-03T15:00:00+05:30,03-09-2026 15:00:00,"Nehru Nagar, Delhi - DPCC",80,Satisfactory,PM10,100,0
2026-09-03T15:00:00+05:30,03-09-2026 15:00:00,"Sonia Vihar, Delhi - DPCC",79,Satisfactory,PM2.5,100,0
2026-09-03T15:00:00+05:30,03-09-2026 15:00:00,"Ashok Vihar, Delhi - DPCC",78,Satisfactory,PM10,100,0
2026-09-03T15:00:00+05:30,03-09-2026 15:00:00,"NSUT Jaffarpur, Delhi - DPCC",77,Satisfactory,PM10,100,0
2026-09-03T15:00:00+05:30,03-09-2026 15:00:00,"Mundka, Delhi - DPCC",74,Satisfactory,PM10,100,0
2026-09-03T15:00:00+05:30,03-09-2026 15:00:00,"Pusa, Delhi - DPCC",72,Satisfactory,CO,100,0
2026-09-03T15:00:00+05:30,03-09-2026 15:00:00,"Dwarka-Sector 8, Delhi - DPCC",72,Satisfactory,PM10,100,0
2026-09-03T15:00:00+05:30,03-09-2026 15:00:00,"Burari Crossing, Delhi - IITM",71,Satisfactory,OZONE,100,0
2026-09-03T15:00:00+05:30,03-09-2026 15:00:00,"IGI Airport (T3), Delhi - IITM",70,Satisfactory,OZONE,100,0
2026-09-03T15:00:00+05:30,03-09-2026 15:00:00,"Pusa, Delhi - IITM",70,Satisfactory,NO2,100,0
2026-09-03T15:00:00+05:30,03-09-2026 15:00:00,"Vivek Vihar, Delhi - DPCC",68,Satisfactory,CO,100,0
2026-09-03T15:00:00+05:30,03-09-2026 15:00:00,"Sirifort, Delhi - CPCB",68,Satisfactory,PM10,100,0
2026-09-03T15:00:00+05:30,03-09-2026 15:00:00,"Okhla Phase-2, Delhi - DPCC",66,Satisfactory,PM10,100,0
2026-09-03T15:00:00+05:30,03-09-2026 15:00:00,"Mandir Marg, Delhi - DPCC",66,Satisfactory,PM10,100,0
2026-09-03T15:00:00+05:30,03-09-2026 15:00:00,"Commonwealth Sports Complex, Delhi - DPCC",65,Satisfactory,PM10,100,0
2026-09-03T15:00:00+05:30,03-09-2026 15:00:00,"ITO, Delhi - CPCB",64,Satisfactory,PM10,100,0
2026-09-03T15:00:00+05:30,03-09-2026 15:00:00,"Dr. Karni Singh Shooting Range, Delhi - DPCC",64,Satisfactory,PM10,100,0
2026-09-03T15:00:00+05:30,03-09-2026 15:00:00,"Cantonment Area, Delhi - DPCC",63,Satisfactory,CO,100,0
2026-09-03T15:00:00+05:30,03-09-2026 15:00:00,"Jahangirpuri, Delhi - DPCC",62,Satisfactory,PM10,100,0
2026-09-03T15:00:00+05:30,03-09-2026 15:00:00,"Narela, Delhi - DPCC",62,Satisfactory,CO,100,0
2026-09-03T15:00:00+05:30,03-09-2026 15:00:00,"Sri Aurobindo Marg, Delhi - DPCC",60,Satisfactory,PM10,100,0
2026-09-03T15:00:00+05:30,03-09-2026 15:00:00,"IMD Lodhi Road, Delhi - IITM",60,Satisfactory,PM10,100,0
2026-09-03T15:00:00+05:30,03-09-2026 15:00:00,"Patparganj, Delhi - DPCC",59,Satisfactory,PM10,100,0
2026-09-03T15:00:00+05:30,03-09-2026 15:00:00,"NSIT Dwarka, Delhi - CPCB",56,Satisfactory,CO,100,0
2026-09-03T15:00:00+05:30,03-09-2026 15:00:00,"Talkatora Garden, Delhi - DPCC",54,Satisfactory,CO,100,0
2026-09-03T15:00:00+05:30,03-09-2026 15:00:00,"Shadipur, Delhi - CPCB",54,Satisfactory,PM2.5,100,0
2026-09-03T15:00:00+05:30,03-09-2026 15:00:00,"IGNOU_Maidan Garhi, Delhi - DPCC",53,Satisfactory,CO,100,0
2026-09-03T15:00:00+05:30,03-09-2026 15:00:00,"Najafgarh, Delhi - DPCC",52,Satisfactory,PM10,100,0
2026-09-03T15:00:00+05:30,03-09-2026 15:00:00,"Bawana, Delhi - DPCC",51,Satisfactory,PM10,100,0
2026-09-03T15:00:00+05:30,03-09-2026 15:00:00,"IHBAS, Dilshad Garden, Delhi - CPCB",50,Good,NO2,100,0
2026-09-03T15:00:00+05:30,03-09-2026 15:00:00,"DTU, Delhi - CPCB",49,Good,PM10,100,0
2026-09-03T15:00:00+05:30,03-09-2026 15:00:00,"JNU, Delhi - DPCC",47,Good,PM10,100,0
2026-09-03T15:00:00+05:30,03-09-2026 15:00:00,"CRRI Mathura Road, Delhi - IITM",44,Good,PM10,100,0
2026-09-03T15:00:00+05:30,03-09-2026 15:00:00,"Major Dhyan Chand National Stadium, Delhi - DPCC",42,Good,PM10,100,0
2026-09-03T16:00:00+05:30,03-09-2026 16:00:00,"Aya Nagar, Delhi - IITM",204,Poor,PM10,100,1
2026-09-03T16:00:00+05:30,03-09-2026 16:00:00,"Wazirpur, Delhi - DPCC",126,Moderately Polluted,PM10,100,1
2026-09-03T16:00:00+05:30,03-09-2026 16:00:00,"Punjabi Bagh, Delhi - DPCC",103,Moderately Polluted,PM10,100,1
2026-09-03T16:00:00+05:30,03-09-2026 16:00:00,"Rohini, Delhi - DPCC",97,Satisfactory,PM10,100,0
2026-09-03T16:00:00+05:30,03-09-2026 16:00:00,"North Campus, DU, Delhi - IITM",94,Satisfactory,OZONE,100,0
2026-09-03T16:00:00+05:30,03-09-2026 16:00:00,"Burari Crossing, Delhi - IITM",89,Satisfactory,OZONE,100,0
2026-09-03T16:00:00+05:30,03-09-2026 16:00:00,"IIT Delhi, Delhi - IITM",89,Satisfactory,PM10,100,0
2026-09-03T16:00:00+05:30,03-09-2026 16:00:00,"Chandni Chowk, Delhi - IITM",85,Satisfactory,CO,100,0
2026-09-03T16:00:00+05:30,03-09-2026 16:00:00,"Jawaharlal Nehru Stadium, Delhi - DPCC",85,Satisfactory,CO,100,0
2026-09-03T16:00:00+05:30,03-09-2026 16:00:00,"R K Puram, Delhi - DPCC",81,Satisfactory,PM10,100,0
2026-09-03T16:00:00+05:30,03-09-2026 16:00:00,"Nehru Nagar, Delhi - DPCC",81,Satisfactory,PM10,100,0
2026-09-03T16:00:00+05:30,03-09-2026 16:00:00,"IGI Airport (T3), Delhi - IITM",80,Satisfactory,OZONE,100,0
2026-09-03T16:00:00+05:30,03-09-2026 16:00:00,"Sonia Vihar, Delhi - DPCC",79,Satisfactory,PM2.5,100,0
2026-09-03T16:00:00+05:30,03-09-2026 16:00:00,"Dwarka-Sector 8, Delhi - DPCC",77,Satisfactory,PM10,100,0
2026-09-03T16:00:00+05:30,03-09-2026 16:00:00,"Ashok Vihar, Delhi - DPCC",77,Satisfactory,PM10,100,0
2026-09-03T16:00:00+05:30,03-09-2026 16:00:00,"Mundka, Delhi - DPCC",76,Satisfactory,PM10,100,0
2026-09-03T16:00:00+05:30,03-09-2026 16:00:00,"NSUT Jaffarpur, Delhi - DPCC",76,Satisfactory,PM10,100,0
2026-09-03T16:00:00+05:30,03-09-2026 16:00:00,"Pusa, Delhi - DPCC",71,Satisfactory,CO,100,0
2026-09-03T16:00:00+05:30,03-09-2026 16:00:00,"Pusa, Delhi - IITM",71,Satisfactory,OZONE,100,0
2026-09-03T16:00:00+05:30,03-09-2026 16:00:00,"Sirifort, Delhi - CPCB",69,Satisfactory,PM10,100,0
2026-09-03T16:00:00+05:30,03-09-2026 16:00:00,"Mandir Marg, Delhi - DPCC",67,Satisfactory,PM10,100,0
2026-09-03T16:00:00+05:30,03-09-2026 16:00:00,"Okhla Phase-2, Delhi - DPCC",67,Satisfactory,PM10,100,0
2026-09-03T16:00:00+05:30,03-09-2026 16:00:00,"Vivek Vihar, Delhi - DPCC",67,Satisfactory,PM10,100,0
2026-09-03T16:00:00+05:30,03-09-2026 16:00:00,"ITO, Delhi - CPCB",65,Satisfactory,PM10,100,0
2026-09-03T16:00:00+05:30,03-09-2026 16:00:00,"Commonwealth Sports Complex, Delhi - DPCC",64,Satisfactory,PM10,100,0
2026-09-03T16:00:00+05:30,03-09-2026 16:00:00,"Dr. Karni Singh Shooting Range, Delhi - DPCC",64,Satisfactory,PM10,100,0
2026-09-03T16:00:00+05:30,03-09-2026 16:00:00,"Jahangirpuri, Delhi - DPCC",63,Satisfactory,PM10,100,0
2026-09-03T16:00:00+05:30,03-09-2026 16:00:00,"Narela, Delhi - DPCC",61,Satisfactory,CO,100,0
2026-09-03T16:00:00+05:30,03-09-2026 16:00:00,"Cantonment Area, Delhi - DPCC",61,Satisfactory,CO,100,0
2026-09-03T16:00:00+05:30,03-09-2026 16:00:00,"Sri Aurobindo Marg, Delhi - DPCC",60,Satisfactory,PM10,100,0
2026-09-03T16:00:00+05:30,03-09-2026 16:00:00,"IMD Lodhi Road, Delhi - IITM",60,Satisfactory,PM10,100,0
2026-09-03T16:00:00+05:30,03-09-2026 16:00:00,"Patparganj, Delhi - DPCC",59,Satisfactory,PM10,100,0
2026-09-03T16:00:00+05:30,03-09-2026 16:00:00,"NSIT Dwarka, Delhi - CPCB",55,Satisfactory,CO,100,0
2026-09-03T16:00:00+05:30,03-09-2026 16:00:00,"Shadipur, Delhi - CPCB",54,Satisfactory,PM10,100,0
2026-09-03T16:00:00+05:30,03-09-2026 16:00:00,"IGNOU_Maidan Garhi, Delhi - DPCC",53,Satisfactory,CO,100,0
2026-09-03T16:00:00+05:30,03-09-2026 16:00:00,"Talkatora Garden, Delhi - DPCC",53,Satisfactory,CO,100,0
2026-09-03T16:00:00+05:30,03-09-2026 16:00:00,"Bawana, Delhi - DPCC",52,Satisfactory,PM10,100,0
2026-09-03T16:00:00+05:30,03-09-2026 16:00:00,"IHBAS, Dilshad Garden, Delhi - CPCB",50,Good,NO2,100,0
2026-09-03T16:00:00+05:30,03-09-2026 16:00:00,"DTU, Delhi - CPCB",50,Good,PM10,100,0
2026-09-03T16:00:00+05:30,03-09-2026 16:00:00,"Najafgarh, Delhi - DPCC",50,Good,PM10,100,0
2026-09-03T16:00:00+05:30,03-09-2026 16:00:00,"JNU, Delhi - DPCC",47,Good,PM10,100,0
2026-09-03T16:00:00+05:30,03-09-2026 16:00:00,"CRRI Mathura Road, Delhi - IITM",43,Good,PM10,100,0
2026-09-03T16:00:00+05:30,03-09-2026 16:00:00,"Major Dhyan Chand National Stadium, Delhi - DPCC",43,Good,PM10,100,0
2026-09-03T17:00:00+05:30,03-09-2026 17:00:00,"Aya Nagar, Delhi - IITM",204,Poor,PM10,100,1
2026-09-03T17:00:00+05:30,03-09-2026 17:00:00,"Wazirpur, Delhi - DPCC",128,Moderately Polluted,PM10,100,1
2026-09-03T17:00:00+05:30,03-09-2026 17:00:00,"Punjabi Bagh, Delhi - DPCC",104,Moderately Polluted,PM10,100,1
2026-09-03T17:00:00+05:30,03-09-2026 17:00:00,"North Campus, DU, Delhi - IITM",99,Satisfactory,OZONE,100,0
2026-09-03T17:00:00+05:30,03-09-2026 17:00:00,"Rohini, Delhi - DPCC",99,Satisfactory,PM10,100,0
2026-09-03T17:00:00+05:30,03-09-2026 17:00:00,"Burari Crossing, Delhi - IITM",98,Satisfactory,OZONE,100,0
2026-09-03T17:00:00+05:30,03-09-2026 17:00:00,"IIT Delhi, Delhi - IITM",88,Satisfactory,PM10,100,0
2026-09-03T17:00:00+05:30,03-09-2026 17:00:00,"IGI Airport (T3), Delhi - IITM",88,Satisfactory,OZONE,100,0
2026-09-03T17:00:00+05:30,03-09-2026 17:00:00,"Chandni Chowk, Delhi - IITM",83,Satisfactory,CO,100,0
2026-09-03T17:00:00+05:30,03-09-2026 17:00:00,"Jawaharlal Nehru Stadium, Delhi - DPCC",83,Satisfactory,CO,100,0
2026-09-03T17:00:00+05:30,03-09-2026 17:00:00,"Dwarka-Sector 8, Delhi - DPCC",81,Satisfactory,PM10,100,0
2026-09-03T17:00:00+05:30,03-09-2026 17:00:00,"Nehru Nagar, Delhi - DPCC",81,Satisfactory,PM10,100,0
2026-09-03T17:00:00+05:30,03-09-2026 17:00:00,"R K Puram, Delhi - DPCC",81,Satisfactory,PM10,100,0
2026-09-03T17:00:00+05:30,03-09-2026 17:00:00,"Sonia Vihar, Delhi - DPCC",80,Satisfactory,PM2.5,100,0
2026-09-03T17:00:00+05:30,03-09-2026 17:00:00,"Pusa, Delhi - IITM",78,Satisfactory,OZONE,100,0
2026-09-03T17:00:00+05:30,03-09-2026 17:00:00,"Ashok Vihar, Delhi - DPCC",77,Satisfactory,PM10,100,0
2026-09-03T17:00:00+05:30,03-09-2026 17:00:00,"Anand Vihar, Delhi - DPCC",77,Satisfactory,CO,100,0
2026-09-03T17:00:00+05:30,03-09-2026 17:00:00,"Mundka, Delhi - DPCC",76,Satisfactory,PM10,100,0
2026-09-03T17:00:00+05:30,03-09-2026 17:00:00,"NSUT Jaffarpur, Delhi - DPCC",73,Satisfactory,PM10,100,0
2026-09-03T17:00:00+05:30,03-09-2026 17:00:00,"Pusa, Delhi - DPCC",71,Satisfactory,CO,100,0
2026-09-03T17:00:00+05:30,03-09-2026 17:00:00,"Sirifort, Delhi - CPCB",69,Satisfactory,PM10,100,0
2026-09-03T17:00:00+05:30,03-09-2026 17:00:00,"Mandir Marg, Delhi - DPCC",67,Satisfactory,PM10,100,0
2026-09-03T17:00:00+05:30,03-09-2026 17:00:00,"Vivek Vihar, Delhi - DPCC",67,Satisfactory,PM10,100,0
2026-09-03T17:00:00+05:30,03-09-2026 17:00:00,"Okhla Phase-2, Delhi - DPCC",66,Satisfactory,PM10,100,0
2026-09-03T17:00:00+05:30,03-09-2026 17:00:00,"ITO, Delhi - CPCB",65,Satisfactory,PM10,100,0
2026-09-03T17:00:00+05:30,03-09-2026 17:00:00,"Jahangirpuri, Delhi - DPCC",64,Satisfactory,PM10,100,0
2026-09-03T17:00:00+05:30,03-09-2026 17:00:00,"Commonwealth Sports Complex, Delhi - DPCC",63,Satisfactory,PM10,100,0
2026-09-03T17:00:00+05:30,03-09-2026 17:00:00,"Dr. Karni Singh Shooting Range, Delhi - DPCC",63,Satisfactory,PM10,100,0
2026-09-03T17:00:00+05:30,03-09-2026 17:00:00,"Narela, Delhi - DPCC",61,Satisfactory,CO,100,0
2026-09-03T17:00:00+05:30,03-09-2026 17:00:00,"Cantonment Area, Delhi - DPCC",61,Satisfactory,CO,100,0
2026-09-03T17:00:00+05:30,03-09-2026 17:00:00,"Sri Aurobindo Marg, Delhi - DPCC",61,Satisfactory,PM10,100,0
2026-09-03T17:00:00+05:30,03-09-2026 17:00:00,"IMD Lodhi Road, Delhi - IITM",60,Satisfactory,PM10,100,0
2026-09-03T17:00:00+05:30,03-09-2026 17:00:00,"Patparganj, Delhi - DPCC",58,Satisfactory,PM10,100,0
2026-09-03T17:00:00+05:30,03-09-2026 17:00:00,"Shadipur, Delhi - CPCB",55,Satisfactory,PM2.5,100,0
2026-09-03T17:00:00+05:30,03-09-2026 17:00:00,"Talkatora Garden, Delhi - DPCC",53,Satisfactory,PM10,100,0
2026-09-03T17:00:00+05:30,03-09-2026 17:00:00,"IGNOU_Maidan Garhi, Delhi - DPCC",53,Satisfactory,CO,100,0
2026-09-03T17:00:00+05:30,03-09-2026 17:00:00,"NSIT Dwarka, Delhi - CPCB",53,Satisfactory,CO,100,0
2026-09-03T17:00:00+05:30,03-09-2026 17:00:00,"DTU, Delhi - CPCB",51,Satisfactory,PM10,100,0
2026-09-03T17:00:00+05:30,03-09-2026 17:00:00,"Bawana, Delhi - DPCC",51,Satisfactory,PM10,100,0
2026-09-03T17:00:00+05:30,03-09-2026 17:00:00,"IHBAS, Dilshad Garden, Delhi - CPCB",50,Good,NO2,100,0
2026-09-03T17:00:00+05:30,03-09-2026 17:00:00,"JNU, Delhi - DPCC",48,Good,PM10,100,0
2026-09-03T17:00:00+05:30,03-09-2026 17:00:00,"Najafgarh, Delhi - DPCC",48,Good,PM10,100,0
2026-09-03T17:00:00+05:30,03-09-2026 17:00:00,"CRRI Mathura Road, Delhi - IITM",43,Good,PM10,100,0
2026-09-03T17:00:00+05:30,03-09-2026 17:00:00,"Major Dhyan Chand National Stadium, Delhi - DPCC",42,Good,PM10,100,0
2026-09-03T18:00:00+05:30,03-09-2026 18:00:00,"Aya Nagar, Delhi - IITM",203,Poor,PM10,100,1
2026-09-03T18:00:00+05:30,03-09-2026 18:00:00,"Wazirpur, Delhi - DPCC",129,Moderately Polluted,PM10,100,1
2026-09-03T18:00:00+05:30,03-09-2026 18:00:00,"Burari Crossing, Delhi - IITM",110,Moderately Polluted,OZONE,100,1
2026-09-03T18:00:00+05:30,03-09-2026 18:00:00,"North Campus, DU, Delhi - IITM",104,Moderately Polluted,OZONE,100,1
2026-09-03T18:00:00+05:30,03-09-2026 18:00:00,"Punjabi Bagh, Delhi - DPCC",104,Moderately Polluted,PM10,100,1
2026-09-03T18:00:00+05:30,03-09-2026 18:00:00,"Rohini, Delhi - DPCC",101,Moderately Polluted,PM10,100,1
2026-09-03T18:00:00+05:30,03-09-2026 18:00:00,"IGI Airport (T3), Delhi - IITM",94,Satisfactory,OZONE,100,0
2026-09-03T18:00:00+05:30,03-09-2026 18:00:00,"IIT Delhi, Delhi - IITM",87,Satisfactory,PM10,100,0
2026-09-03T18:00:00+05:30,03-09-2026 18:00:00,"Pusa, Delhi - IITM",84,Satisfactory,OZONE,100,0
2026-09-03T18:00:00+05:30,03-09-2026 18:00:00,"Chandni Chowk, Delhi - IITM",83,Satisfactory,CO,100,0
2026-09-03T18:00:00+05:30,03-09-2026 18:00:00,"Dwarka-Sector 8, Delhi - DPCC",82,Satisfactory,PM10,100,0
2026-09-03T18:00:00+05:30,03-09-2026 18:00:00,"Anand Vihar, Delhi - DPCC",81,Satisfactory,CO,100,0
2026-09-03T18:00:00+05:30,03-09-2026 18:00:00,"Nehru Nagar, Delhi - DPCC",81,Satisfactory,PM10,100,0
2026-09-03T18:00:00+05:30,03-09-2026 18:00:00,"Jawaharlal Nehru Stadium, Delhi - DPCC",81,Satisfactory,CO,100,0
2026-09-03T18:00:00+05:30,03-09-2026 18:00:00,"R K Puram, Delhi - DPCC",80,Satisfactory,PM10,100,0
2026-09-03T18:00:00+05:30,03-09-2026 18:00:00,"Sonia Vihar, Delhi - DPCC",80,Satisfactory,PM2.5,100,0
2026-09-03T18:00:00+05:30,03-09-2026 18:00:00,"Ashok Vihar, Delhi - DPCC",78,Satisfactory,PM10,100,0
2026-09-03T18:00:00+05:30,03-09-2026 18:00:00,"Mundka, Delhi - DPCC",76,Satisfactory,PM10,100,0
2026-09-03T18:00:00+05:30,03-09-2026 18:00:00,"Sirifort, Delhi - CPCB",70,Satisfactory,PM10,100,0
2026-09-03T18:00:00+05:30,03-09-2026 18:00:00,"NSUT Jaffarpur, Delhi - DPCC",70,Satisfactory,PM10,100,0
2026-09-03T18:00:00+05:30,03-09-2026 18:00:00,"Pusa, Delhi - DPCC",69,Satisfactory,CO,100,0
2026-09-03T18:00:00+05:30,03-09-2026 18:00:00,"Vivek Vihar, Delhi - DPCC",68,Satisfactory,PM10,100,0
2026-09-03T18:00:00+05:30,03-09-2026 18:00:00,"Mandir Marg, Delhi - DPCC",68,Satisfactory,PM10,100,0
2026-09-03T18:00:00+05:30,03-09-2026 18:00:00,"ITO, Delhi - CPCB",66,Satisfactory,PM10,100,0
2026-09-03T18:00:00+05:30,03-09-2026 18:00:00,"Okhla Phase-2, Delhi - DPCC",66,Satisfactory,PM10,100,0
2026-09-03T18:00:00+05:30,03-09-2026 18:00:00,"Jahangirpuri, Delhi - DPCC",65,Satisfactory,PM10,100,0
2026-09-03T18:00:00+05:30,03-09-2026 18:00:00,"Dr. Karni Singh Shooting Range, Delhi - DPCC",62,Satisfactory,PM10,100,0
2026-09-03T18:00:00+05:30,03-09-2026 18:00:00,"Commonwealth Sports Complex, Delhi - DPCC",62,Satisfactory,PM10,100,0
2026-09-03T18:00:00+05:30,03-09-2026 18:00:00,"Narela, Delhi - DPCC",62,Satisfactory,CO,100,0
2026-09-03T18:00:00+05:30,03-09-2026 18:00:00,"Sri Aurobindo Marg, Delhi - DPCC",61,Satisfactory,PM10,100,0
2026-09-03T18:00:00+05:30,03-09-2026 18:00:00,"Cantonment Area, Delhi - DPCC",60,Satisfactory,CO,100,0
2026-09-03T18:00:00+05:30,03-09-2026 18:00:00,"IMD Lodhi Road, Delhi - IITM",60,Satisfactory,OZONE,100,0
2026-09-03T18:00:00+05:30,03-09-2026 18:00:00,"Patparganj, Delhi - DPCC",58,Satisfactory,PM10,100,0
2026-09-03T18:00:00+05:30,03-09-2026 18:00:00,"Shadipur, Delhi - CPCB",56,Satisfactory,PM2.5,100,0
2026-09-03T18:00:00+05:30,03-09-2026 18:00:00,"Talkatora Garden, Delhi - DPCC",53,Satisfactory,PM10,100,0
2026-09-03T18:00:00+05:30,03-09-2026 18:00:00,"DTU, Delhi - CPCB",53,Satisfactory,PM10,100,0
2026-09-03T18:00:00+05:30,03-09-2026 18:00:00,"Bawana, Delhi - DPCC",53,Satisfactory,PM10,100,0
2026-09-03T18:00:00+05:30,03-09-2026 18:00:00,"IGNOU_Maidan Garhi, Delhi - DPCC",52,Satisfactory,CO,100,0
2026-09-03T18:00:00+05:30,03-09-2026 18:00:00,"NSIT Dwarka, Delhi - CPCB",51,Satisfactory,CO,100,0
2026-09-03T18:00:00+05:30,03-09-2026 18:00:00,"IHBAS, Dilshad Garden, Delhi - CPCB",50,Good,NO2,100,0
2026-09-03T18:00:00+05:30,03-09-2026 18:00:00,"JNU, Delhi - DPCC",48,Good,PM10,100,0
2026-09-03T18:00:00+05:30,03-09-2026 18:00:00,"Najafgarh, Delhi - DPCC",46,Good,PM10,100,0
2026-09-03T18:00:00+05:30,03-09-2026 18:00:00,"Major Dhyan Chand National Stadium, Delhi - DPCC",42,Good,PM10,100,0
2026-09-03T18:00:00+05:30,03-09-2026 18:00:00,"CRRI Mathura Road, Delhi - IITM",42,Good,PM10,100,0
2026-09-03T19:00:00+05:30,03-09-2026 19:00:00,"Aya Nagar, Delhi - IITM",202,Poor,PM10,100,1
2026-09-03T19:00:00+05:30,03-09-2026 19:00:00,"Wazirpur, Delhi - DPCC",132,Moderately Polluted,PM10,100,1
2026-09-03T19:00:00+05:30,03-09-2026 19:00:00,"Burari Crossing, Delhi - IITM",113,Moderately Polluted,OZONE,100,1
2026-09-03T19:00:00+05:30,03-09-2026 19:00:00,"North Campus, DU, Delhi - IITM",104,Moderately Polluted,OZONE,100,1
2026-09-03T19:00:00+05:30,03-09-2026 19:00:00,"Rohini, Delhi - DPCC",103,Moderately Polluted,PM10,100,1
2026-09-03T19:00:00+05:30,03-09-2026 19:00:00,"Punjabi Bagh, Delhi - DPCC",102,Moderately Polluted,PM10,100,1
2026-09-03T19:00:00+05:30,03-09-2026 19:00:00,"IGI Airport (T3), Delhi - IITM",98,Satisfactory,OZONE,100,0
2026-09-03T19:00:00+05:30,03-09-2026 19:00:00,"Pusa, Delhi - IITM",86,Satisfactory,OZONE,100,0
2026-09-03T19:00:00+05:30,03-09-2026 19:00:00,"IIT Delhi, Delhi - IITM",86,Satisfactory,PM10,100,0
2026-09-03T19:00:00+05:30,03-09-2026 19:00:00,"Dwarka-Sector 8, Delhi - DPCC",85,Satisfactory,PM10,100,0
2026-09-03T19:00:00+05:30,03-09-2026 19:00:00,"Anand Vihar, Delhi - DPCC",84,Satisfactory,CO,100,0
2026-09-03T19:00:00+05:30,03-09-2026 19:00:00,"Chandni Chowk, Delhi - IITM",83,Satisfactory,PM10,100,0
2026-09-03T19:00:00+05:30,03-09-2026 19:00:00,"Sonia Vihar, Delhi - DPCC",82,Satisfactory,PM10,100,0
2026-09-03T19:00:00+05:30,03-09-2026 19:00:00,"Jawaharlal Nehru Stadium, Delhi - DPCC",81,Satisfactory,CO,100,0
2026-09-03T19:00:00+05:30,03-09-2026 19:00:00,"Nehru Nagar, Delhi - DPCC",81,Satisfactory,PM10,100,0
2026-09-03T19:00:00+05:30,03-09-2026 19:00:00,"R K Puram, Delhi - DPCC",77,Satisfactory,PM10,100,0
2026-09-03T19:00:00+05:30,03-09-2026 19:00:00,"Ashok Vihar, Delhi - DPCC",77,Satisfactory,PM10,100,0
2026-09-03T19:00:00+05:30,03-09-2026 19:00:00,"Mundka, Delhi - DPCC",76,Satisfactory,PM10,100,0
2026-09-03T19:00:00+05:30,03-09-2026 19:00:00,"Sirifort, Delhi - CPCB",70,Satisfactory,PM10,100,0
2026-09-03T19:00:00+05:30,03-09-2026 19:00:00,"Pusa, Delhi - DPCC",69,Satisfactory,CO,100,0
2026-09-03T19:00:00+05:30,03-09-2026 19:00:00,"NSUT Jaffarpur, Delhi - DPCC",69,Satisfactory,PM10,100,0
2026-09-03T19:00:00+05:30,03-09-2026 19:00:00,"Mandir Marg, Delhi - DPCC",68,Satisfactory,PM10,100,0
2026-09-03T19:00:00+05:30,03-09-2026 19:00:00,"Vivek Vihar, Delhi - DPCC",68,Satisfactory,PM10,100,0
2026-09-03T19:00:00+05:30,03-09-2026 19:00:00,"ITO, Delhi - CPCB",66,Satisfactory,PM10,100,0
2026-09-03T19:00:00+05:30,03-09-2026 19:00:00,"Jahangirpuri, Delhi - DPCC",66,Satisfactory,PM10,100,0
2026-09-03T19:00:00+05:30,03-09-2026 19:00:00,"Okhla Phase-2, Delhi - DPCC",65,Satisfactory,PM10,100,0
2026-09-03T19:00:00+05:30,03-09-2026 19:00:00,"Narela, Delhi - DPCC",63,Satisfactory,CO,100,0
2026-09-03T19:00:00+05:30,03-09-2026 19:00:00,"IMD Lodhi Road, Delhi - IITM",62,Satisfactory,OZONE,100,0
2026-09-03T19:00:00+05:30,03-09-2026 19:00:00,"Dr. Karni Singh Shooting Range, Delhi - DPCC",62,Satisfactory,PM10,100,0
2026-09-03T19:00:00+05:30,03-09-2026 19:00:00,"Commonwealth Sports Complex, Delhi - DPCC",61,Satisfactory,PM10,100,0
2026-09-03T19:00:00+05:30,03-09-2026 19:00:00,"Sri Aurobindo Marg, Delhi - DPCC",61,Satisfactory,PM10,100,0
2026-09-03T19:00:00+05:30,03-09-2026 19:00:00,"Cantonment Area, Delhi - DPCC",59,Satisfactory,CO,100,0
2026-09-03T19:00:00+05:30,03-09-2026 19:00:00,"Patparganj, Delhi - DPCC",59,Satisfactory,PM10,100,0
2026-09-03T19:00:00+05:30,03-09-2026 19:00:00,"Shadipur, Delhi - CPCB",56,Satisfactory,PM2.5,100,0
2026-09-03T19:00:00+05:30,03-09-2026 19:00:00,"Bawana, Delhi - DPCC",56,Satisfactory,CO,100,0
2026-09-03T19:00:00+05:30,03-09-2026 19:00:00,"DTU, Delhi - CPCB",55,Satisfactory,PM10,100,0
2026-09-03T19:00:00+05:30,03-09-2026 19:00:00,"Talkatora Garden, Delhi - DPCC",53,Satisfactory,PM10,100,0
2026-09-03T19:00:00+05:30,03-09-2026 19:00:00,"IGNOU_Maidan Garhi, Delhi - DPCC",50,Good,CO,100,0
2026-09-03T19:00:00+05:30,03-09-2026 19:00:00,"IHBAS, Dilshad Garden, Delhi - CPCB",50,Good,NO2,100,0
2026-09-03T19:00:00+05:30,03-09-2026 19:00:00,"NSIT Dwarka, Delhi - CPCB",49,Good,CO,100,0
2026-09-03T19:00:00+05:30,03-09-2026 19:00:00,"JNU, Delhi - DPCC",48,Good,PM10,100,0
2026-09-03T19:00:00+05:30,03-09-2026 19:00:00,"Najafgarh, Delhi - DPCC",45,Good,PM10,100,0
2026-09-03T19:00:00+05:30,03-09-2026 19:00:00,"Major Dhyan Chand National Stadium, Delhi - DPCC",42,Good,PM10,100,0
2026-09-03T19:00:00+05:30,03-09-2026 19:00:00,"CRRI Mathura Road, Delhi - IITM",42,Good,PM10,100,0
2026-09-03T20:00:00+05:30,03-09-2026 20:00:00,"Aya Nagar, Delhi - IITM",197,Moderately Polluted,PM10,100,1
2026-09-03T20:00:00+05:30,03-09-2026 20:00:00,"Wazirpur, Delhi - DPCC",135,Moderately Polluted,PM10,100,1
2026-09-03T20:00:00+05:30,03-09-2026 20:00:00,"Jahangirpuri, Delhi - DPCC",114,Moderately Polluted,CO,100,1
2026-09-03T20:00:00+05:30,03-09-2026 20:00:00,"Burari Crossing, Delhi - IITM",112,Moderately Polluted,OZONE,100,1
2026-09-03T20:00:00+05:30,03-09-2026 20:00:00,"Rohini, Delhi - DPCC",105,Moderately Polluted,PM10,100,1
2026-09-03T20:00:00+05:30,03-09-2026 20:00:00,"Ashok Vihar, Delhi - DPCC",103,Moderately Polluted,CO,100,1
2026-09-03T20:00:00+05:30,03-09-2026 20:00:00,"Punjabi Bagh, Delhi - DPCC",101,Moderately Polluted,PM10,100,1
2026-09-03T20:00:00+05:30,03-09-2026 20:00:00,"North Campus, DU, Delhi - IITM",100,Satisfactory,NO2,100,0
2026-09-03T20:00:00+05:30,03-09-2026 20:00:00,"IGI Airport (T3), Delhi - IITM",92,Satisfactory,OZONE,100,0
2026-09-03T20:00:00+05:30,03-09-2026 20:00:00,"Dwarka-Sector 8, Delhi - DPCC",90,Satisfactory,PM10,100,0
2026-09-03T20:00:00+05:30,03-09-2026 20:00:00,"Anand Vihar, Delhi - DPCC",87,Satisfactory,CO,100,0
2026-09-03T20:00:00+05:30,03-09-2026 20:00:00,"IIT Delhi, Delhi - IITM",86,Satisfactory,PM10,100,0
2026-09-03T20:00:00+05:30,03-09-2026 20:00:00,"Chandni Chowk, Delhi - IITM",84,Satisfactory,CO,100,0
2026-09-03T20:00:00+05:30,03-09-2026 20:00:00,"Sonia Vihar, Delhi - DPCC",83,Satisfactory,PM10,100,0
2026-09-03T20:00:00+05:30,03-09-2026 20:00:00,"Jawaharlal Nehru Stadium, Delhi - DPCC",83,Satisfactory,CO,100,0
2026-09-03T20:00:00+05:30,03-09-2026 20:00:00,"Pusa, Delhi - IITM",82,Satisfactory,OZONE,100,0
2026-09-03T20:00:00+05:30,03-09-2026 20:00:00,"Nehru Nagar, Delhi - DPCC",80,Satisfactory,PM10,100,0
2026-09-03T20:00:00+05:30,03-09-2026 20:00:00,"R K Puram, Delhi - DPCC",76,Satisfactory,PM10,100,0
2026-09-03T20:00:00+05:30,03-09-2026 20:00:00,"Mundka, Delhi - DPCC",76,Satisfactory,PM10,100,0
2026-09-03T20:00:00+05:30,03-09-2026 20:00:00,"Sirifort, Delhi - CPCB",72,Satisfactory,PM10,100,0
2026-09-03T20:00:00+05:30,03-09-2026 20:00:00,"Pusa, Delhi - DPCC",71,Satisfactory,CO,100,0
2026-09-03T20:00:00+05:30,03-09-2026 20:00:00,"NSUT Jaffarpur, Delhi - DPCC",68,Satisfactory,PM10,100,0
2026-09-03T20:00:00+05:30,03-09-2026 20:00:00,"Mandir Marg, Delhi - DPCC",68,Satisfactory,PM10,100,0
2026-09-03T20:00:00+05:30,03-09-2026 20:00:00,"Vivek Vihar, Delhi - DPCC",68,Satisfactory,PM10,100,0
2026-09-03T20:00:00+05:30,03-09-2026 20:00:00,"ITO, Delhi - CPCB",66,Satisfactory,PM10,100,0
2026-09-03T20:00:00+05:30,03-09-2026 20:00:00,"Narela, Delhi - DPCC",65,Satisfactory,CO,100,0
2026-09-03T20:00:00+05:30,03-09-2026 20:00:00,"Okhla Phase-2, Delhi - DPCC",64,Satisfactory,PM10,100,0
2026-09-03T20:00:00+05:30,03-09-2026 20:00:00,"Sri Aurobindo Marg, Delhi - DPCC",61,Satisfactory,PM10,100,0
2026-09-03T20:00:00+05:30,03-09-2026 20:00:00,"Dr. Karni Singh Shooting Range, Delhi - DPCC",60,Satisfactory,PM10,100,0
2026-09-03T20:00:00+05:30,03-09-2026 20:00:00,"Commonwealth Sports Complex, Delhi - DPCC",60,Satisfactory,PM10,100,0
2026-09-03T20:00:00+05:30,03-09-2026 20:00:00,"IMD Lodhi Road, Delhi - IITM",59,Satisfactory,OZONE,100,0
2026-09-03T20:00:00+05:30,03-09-2026 20:00:00,"Patparganj, Delhi - DPCC",58,Satisfactory,PM10,100,0
2026-09-03T20:00:00+05:30,03-09-2026 20:00:00,"Bawana, Delhi - DPCC",57,Satisfactory,PM10,100,0
2026-09-03T20:00:00+05:30,03-09-2026 20:00:00,"Cantonment Area, Delhi - DPCC",56,Satisfactory,CO,100,0
2026-09-03T20:00:00+05:30,03-09-2026 20:00:00,"DTU, Delhi - CPCB",55,Satisfactory,PM10,100,0
2026-09-03T20:00:00+05:30,03-09-2026 20:00:00,"Shadipur, Delhi - CPCB",55,Satisfactory,PM2.5,100,0
2026-09-03T20:00:00+05:30,03-09-2026 20:00:00,"Talkatora Garden, Delhi - DPCC",53,Satisfactory,PM10,100,0
2026-09-03T20:00:00+05:30,03-09-2026 20:00:00,"IHBAS, Dilshad Garden, Delhi - CPCB",50,Good,NO2,100,0
2026-09-03T20:00:00+05:30,03-09-2026 20:00:00,"IGNOU_Maidan Garhi, Delhi - DPCC",49,Good,CO,100,0
2026-09-03T20:00:00+05:30,03-09-2026 20:00:00,"JNU, Delhi - DPCC",47,Good,PM10,100,0
2026-09-03T20:00:00+05:30,03-09-2026 20:00:00,"NSIT Dwarka, Delhi - CPCB",47,Good,CO,100,0
2026-09-03T20:00:00+05:30,03-09-2026 20:00:00,"Major Dhyan Chand National Stadium, Delhi - DPCC",43,Good,PM10,100,0
2026-09-03T20:00:00+05:30,03-09-2026 20:00:00,"Najafgarh, Delhi - DPCC",43,Good,PM10,100,0
2026-09-03T20:00:00+05:30,03-09-2026 20:00:00,"CRRI Mathura Road, Delhi - IITM",42,Good,PM10,100,0
2026-09-03T21:00:00+05:30,03-09-2026 21:00:00,"Aya Nagar, Delhi - IITM",181,Moderately Polluted,PM10,100,1
2026-09-03T21:00:00+05:30,03-09-2026 21:00:00,"Wazirpur, Delhi - DPCC",137,Moderately Polluted,PM10,100,1
2026-09-03T21:00:00+05:30,03-09-2026 21:00:00,"Jahangirpuri, Delhi - DPCC",114,Moderately Polluted,CO,100,1
2026-09-03T21:00:00+05:30,03-09-2026 21:00:00,"Rohini, Delhi - DPCC",106,Moderately Polluted,PM10,100,1
2026-09-03T21:00:00+05:30,03-09-2026 21:00:00,"Burari Crossing, Delhi - IITM",105,Moderately Polluted,OZONE,100,1
2026-09-03T21:00:00+05:30,03-09-2026 21:00:00,"Ashok Vihar, Delhi - DPCC",104,Moderately Polluted,CO,100,1
2026-09-03T21:00:00+05:30,03-09-2026 21:00:00,"North Campus, DU, Delhi - IITM",100,Satisfactory,NO2,100,0
2026-09-03T21:00:00+05:30,03-09-2026 21:00:00,"Punjabi Bagh, Delhi - DPCC",99,Satisfactory,PM10,100,0
2026-09-03T21:00:00+05:30,03-09-2026 21:00:00,"Dwarka-Sector 8, Delhi - DPCC",93,Satisfactory,PM10,100,0
2026-09-03T21:00:00+05:30,03-09-2026 21:00:00,"Anand Vihar, Delhi - DPCC",89,Satisfactory,CO,100,0
2026-09-03T21:00:00+05:30,03-09-2026 21:00:00,"IIT Delhi, Delhi - IITM",87,Satisfactory,PM10,100,0
2026-09-03T21:00:00+05:30,03-09-2026 21:00:00,"Chandni Chowk, Delhi - IITM",86,Satisfactory,CO,100,0
2026-09-03T21:00:00+05:30,03-09-2026 21:00:00,"IGI Airport (T3), Delhi - IITM",85,Satisfactory,OZONE,100,0
2026-09-03T21:00:00+05:30,03-09-2026 21:00:00,"Jawaharlal Nehru Stadium, Delhi - DPCC",85,Satisfactory,CO,100,0
2026-09-03T21:00:00+05:30,03-09-2026 21:00:00,"Sonia Vihar, Delhi - DPCC",85,Satisfactory,PM10,100,0
2026-09-03T21:00:00+05:30,03-09-2026 21:00:00,"Nehru Nagar, Delhi - DPCC",80,Satisfactory,PM10,100,0
2026-09-03T21:00:00+05:30,03-09-2026 21:00:00,"Mundka, Delhi - DPCC",80,Satisfactory,PM10,100,0
2026-09-03T21:00:00+05:30,03-09-2026 21:00:00,"Pusa, Delhi - IITM",76,Satisfactory,NO2,100,0
2026-09-03T21:00:00+05:30,03-09-2026 21:00:00,"R K Puram, Delhi - DPCC",75,Satisfactory,PM10,100,0
2026-09-03T21:00:00+05:30,03-09-2026 21:00:00,"Sirifort, Delhi - CPCB",75,Satisfactory,PM10,100,0
2026-09-03T21:00:00+05:30,03-09-2026 21:00:00,"Pusa, Delhi - DPCC",74,Satisfactory,CO,100,0
2026-09-03T21:00:00+05:30,03-09-2026 21:00:00,"Narela, Delhi - DPCC",69,Satisfactory,CO,100,0
2026-09-03T21:00:00+05:30,03-09-2026 21:00:00,"Vivek Vihar, Delhi - DPCC",69,Satisfactory,PM10,100,0
2026-09-03T21:00:00+05:30,03-09-2026 21:00:00,"NSUT Jaffarpur, Delhi - DPCC",68,Satisfactory,PM10,100,0
2026-09-03T21:00:00+05:30,03-09-2026 21:00:00,"Mandir Marg, Delhi - DPCC",68,Satisfactory,PM10,100,0
2026-09-03T21:00:00+05:30,03-09-2026 21:00:00,"ITO, Delhi - CPCB",66,Satisfactory,PM10,100,0
2026-09-03T21:00:00+05:30,03-09-2026 21:00:00,"Okhla Phase-2, Delhi - DPCC",65,Satisfactory,CO,100,0
2026-09-03T21:00:00+05:30,03-09-2026 21:00:00,"Bawana, Delhi - DPCC",63,Satisfactory,PM2.5,100,0
2026-09-03T21:00:00+05:30,03-09-2026 21:00:00,"Sri Aurobindo Marg, Delhi - DPCC",61,Satisfactory,PM10,100,0
2026-09-03T21:00:00+05:30,03-09-2026 21:00:00,"Dr. Karni Singh Shooting Range, Delhi - DPCC",60,Satisfactory,PM10,100,0
2026-09-03T21:00:00+05:30,03-09-2026 21:00:00,"Commonwealth Sports Complex, Delhi - DPCC",59,Satisfactory,PM10,100,0
2026-09-03T21:00:00+05:30,03-09-2026 21:00:00,"Patparganj, Delhi - DPCC",57,Satisfactory,PM10,100,0
2026-09-03T21:00:00+05:30,03-09-2026 21:00:00,"DTU, Delhi - CPCB",57,Satisfactory,PM10,100,0
2026-09-03T21:00:00+05:30,03-09-2026 21:00:00,"IMD Lodhi Road, Delhi - IITM",56,Satisfactory,PM10,100,0
2026-09-03T21:00:00+05:30,03-09-2026 21:00:00,"Shadipur, Delhi - CPCB",55,Satisfactory,PM2.5,100,0
2026-09-03T21:00:00+05:30,03-09-2026 21:00:00,"Cantonment Area, Delhi - DPCC",53,Satisfactory,CO,100,0
2026-09-03T21:00:00+05:30,03-09-2026 21:00:00,"Talkatora Garden, Delhi - DPCC",52,Satisfactory,PM10,100,0
2026-09-03T21:00:00+05:30,03-09-2026 21:00:00,"IHBAS, Dilshad Garden, Delhi - CPCB",50,Good,NO2,100,0
2026-09-03T21:00:00+05:30,03-09-2026 21:00:00,"IGNOU_Maidan Garhi, Delhi - DPCC",49,Good,CO,100,0
2026-09-03T21:00:00+05:30,03-09-2026 21:00:00,"JNU, Delhi - DPCC",47,Good,PM10,100,0
2026-09-03T21:00:00+05:30,03-09-2026 21:00:00,"NSIT Dwarka, Delhi - CPCB",46,Good,CO,100,0
2026-09-03T21:00:00+05:30,03-09-2026 21:00:00,"Major Dhyan Chand National Stadium, Delhi - DPCC",44,Good,CO,100,0
2026-09-03T21:00:00+05:30,03-09-2026 21:00:00,"Najafgarh, Delhi - DPCC",42,Good,PM10,100,0
2026-09-03T21:00:00+05:30,03-09-2026 21:00:00,"CRRI Mathura Road, Delhi - IITM",42,Good,PM10,100,0
2026-09-03T22:00:00+05:30,03-09-2026 22:00:00,"Aya Nagar, Delhi - IITM",166,Moderately Polluted,PM10,100,1
2026-09-03T22:00:00+05:30,03-09-2026 22:00:00,"Wazirpur, Delhi - DPCC",138,Moderately Polluted,PM10,100,1
2026-09-03T22:00:00+05:30,03-09-2026 22:00:00,"Jahangirpuri, Delhi - DPCC",115,Moderately Polluted,CO,100,1
2026-09-03T22:00:00+05:30,03-09-2026 22:00:00,"Rohini, Delhi - DPCC",106,Moderately Polluted,PM10,100,1
2026-09-03T22:00:00+05:30,03-09-2026 22:00:00,"Ashok Vihar, Delhi - DPCC",105,Moderately Polluted,CO,100,1
2026-09-03T22:00:00+05:30,03-09-2026 22:00:00,"North Campus, DU, Delhi - IITM",103,Moderately Polluted,NO2,100,1
2026-09-03T22:00:00+05:30,03-09-2026 22:00:00,"Punjabi Bagh, Delhi - DPCC",98,Satisfactory,PM10,100,0
2026-09-03T22:00:00+05:30,03-09-2026 22:00:00,"Burari Crossing, Delhi - IITM",97,Satisfactory,OZONE,100,0
2026-09-03T22:00:00+05:30,03-09-2026 22:00:00,"Dwarka-Sector 8, Delhi - DPCC",97,Satisfactory,PM10,100,0
2026-09-03T22:00:00+05:30,03-09-2026 22:00:00,"Anand Vihar, Delhi - DPCC",90,Satisfactory,CO,100,0
2026-09-03T22:00:00+05:30,03-09-2026 22:00:00,"IIT Delhi, Delhi - IITM",89,Satisfactory,PM10,100,0
2026-09-03T22:00:00+05:30,03-09-2026 22:00:00,"Chandni Chowk, Delhi - IITM",88,Satisfactory,CO,100,0
2026-09-03T22:00:00+05:30,03-09-2026 22:00:00,"Mundka, Delhi - DPCC",87,Satisfactory,PM10,100,0
2026-09-03T22:00:00+05:30,03-09-2026 22:00:00,"Jawaharlal Nehru Stadium, Delhi - DPCC",87,Satisfactory,CO,100,0
2026-09-03T22:00:00+05:30,03-09-2026 22:00:00,"Sonia Vihar, Delhi - DPCC",85,Satisfactory,PM10,100,0
2026-09-03T22:00:00+05:30,03-09-2026 22:00:00,"Nehru Nagar, Delhi - DPCC",81,Satisfactory,PM10,100,0
2026-09-03T22:00:00+05:30,03-09-2026 22:00:00,"Pusa, Delhi - IITM",79,Satisfactory,NO2,100,0
2026-09-03T22:00:00+05:30,03-09-2026 22:00:00,"Sirifort, Delhi - CPCB",78,Satisfactory,PM10,100,0
2026-09-03T22:00:00+05:30,03-09-2026 22:00:00,"R K Puram, Delhi - DPCC",76,Satisfactory,PM10,100,0
2026-09-03T22:00:00+05:30,03-09-2026 22:00:00,"Pusa, Delhi - DPCC",75,Satisfactory,CO,100,0
2026-09-03T22:00:00+05:30,03-09-2026 22:00:00,"IGI Airport (T3), Delhi - IITM",74,Satisfactory,PM10,100,0
2026-09-03T22:00:00+05:30,03-09-2026 22:00:00,"Narela, Delhi - DPCC",71,Satisfactory,CO,100,0
2026-09-03T22:00:00+05:30,03-09-2026 22:00:00,"Vivek Vihar, Delhi - DPCC",70,Satisfactory,PM10,100,0
2026-09-03T22:00:00+05:30,03-09-2026 22:00:00,"Mandir Marg, Delhi - DPCC",70,Satisfactory,PM10,100,0
2026-09-03T22:00:00+05:30,03-09-2026 22:00:00,"Bawana, Delhi - DPCC",68,Satisfactory,PM2.5,100,0
2026-09-03T22:00:00+05:30,03-09-2026 22:00:00,"NSUT Jaffarpur, Delhi - DPCC",68,Satisfactory,PM10,100,0
2026-09-03T22:00:00+05:30,03-09-2026 22:00:00,"ITO, Delhi - CPCB",67,Satisfactory,PM10,100,0
2026-09-03T22:00:00+05:30,03-09-2026 22:00:00,"Okhla Phase-2, Delhi - DPCC",66,Satisfactory,CO,100,0
2026-09-03T22:00:00+05:30,03-09-2026 22:00:00,"Sri Aurobindo Marg, Delhi - DPCC",61,Satisfactory,PM10,100,0
2026-09-03T22:00:00+05:30,03-09-2026 22:00:00,"Dr. Karni Singh Shooting Range, Delhi - DPCC",59,Satisfactory,PM10,100,0
2026-09-03T22:00:00+05:30,03-09-2026 22:00:00,"Commonwealth Sports Complex, Delhi - DPCC",59,Satisfactory,PM10,100,0
2026-09-03T22:00:00+05:30,03-09-2026 22:00:00,"DTU, Delhi - CPCB",58,Satisfactory,PM10,100,0
2026-09-03T22:00:00+05:30,03-09-2026 22:00:00,"Patparganj, Delhi - DPCC",58,Satisfactory,PM10,100,0
2026-09-03T22:00:00+05:30,03-09-2026 22:00:00,"IMD Lodhi Road, Delhi - IITM",57,Satisfactory,PM10,100,0
2026-09-03T22:00:00+05:30,03-09-2026 22:00:00,"Shadipur, Delhi - CPCB",54,Satisfactory,PM10,100,0
2026-09-03T22:00:00+05:30,03-09-2026 22:00:00,"Talkatora Garden, Delhi - DPCC",53,Satisfactory,CO,100,0
2026-09-03T22:00:00+05:30,03-09-2026 22:00:00,"Cantonment Area, Delhi - DPCC",53,Satisfactory,CO,100,0
2026-09-03T22:00:00+05:30,03-09-2026 22:00:00,"Major Dhyan Chand National Stadium, Delhi - DPCC",50,Good,CO,100,0
2026-09-03T22:00:00+05:30,03-09-2026 22:00:00,"IHBAS, Dilshad Garden, Delhi - CPCB",50,Good,NO2,100,0
2026-09-03T22:00:00+05:30,03-09-2026 22:00:00,"JNU, Delhi - DPCC",48,Good,CO,100,0
2026-09-03T22:00:00+05:30,03-09-2026 22:00:00,"IGNOU_Maidan Garhi, Delhi - DPCC",48,Good,CO,100,0
2026-09-03T22:00:00+05:30,03-09-2026 22:00:00,"NSIT Dwarka, Delhi - CPCB",46,Good,CO,100,0
2026-09-03T22:00:00+05:30,03-09-2026 22:00:00,"CRRI Mathura Road, Delhi - IITM",43,Good,PM10,100,0
2026-09-03T22:00:00+05:30,03-09-2026 22:00:00,"Najafgarh, Delhi - DPCC",42,Good,PM10,100,0
2026-09-03T23:00:00+05:30,03-09-2026 23:00:00,"Aya Nagar, Delhi - IITM",161,Moderately Polluted,PM10,100,1
2026-09-03T23:00:00+05:30,03-09-2026 23:00:00,"Wazirpur, Delhi - DPCC",139,Moderately Polluted,PM10,100,1
2026-09-03T23:00:00+05:30,03-09-2026 23:00:00,"Jahangirpuri, Delhi - DPCC",116,Moderately Polluted,CO,100,1
2026-09-03T23:00:00+05:30,03-09-2026 23:00:00,"Rohini, Delhi - DPCC",107,Moderately Polluted,PM10,100,1
2026-09-03T23:00:00+05:30,03-09-2026 23:00:00,"North Campus, DU, Delhi - IITM",106,Moderately Polluted,NO2,100,1
2026-09-03T23:00:00+05:30,03-09-2026 23:00:00,"Ashok Vihar, Delhi - DPCC",106,Moderately Polluted,CO,100,1
2026-09-03T23:00:00+05:30,03-09-2026 23:00:00,"Dwarka-Sector 8, Delhi - DPCC",101,Moderately Polluted,PM10,100,1
2026-09-03T23:00:00+05:30,03-09-2026 23:00:00,"Punjabi Bagh, Delhi - DPCC",96,Satisfactory,PM10,100,0
2026-09-03T23:00:00+05:30,03-09-2026 23:00:00,"Mundka, Delhi - DPCC",96,Satisfactory,PM10,100,0
2026-09-03T23:00:00+05:30,03-09-2026 23:00:00,"IIT Delhi, Delhi - IITM",90,Satisfactory,PM10,100,0
2026-09-03T23:00:00+05:30,03-09-2026 23:00:00,"Anand Vihar, Delhi - DPCC",90,Satisfactory,CO,100,0
2026-09-03T23:00:00+05:30,03-09-2026 23:00:00,"Chandni Chowk, Delhi - IITM",89,Satisfactory,CO,100,0
2026-09-03T23:00:00+05:30,03-09-2026 23:00:00,"Jawaharlal Nehru Stadium, Delhi - DPCC",89,Satisfactory,CO,100,0
2026-09-03T23:00:00+05:30,03-09-2026 23:00:00,"Burari Crossing, Delhi - IITM",87,Satisfactory,OZONE,100,0
2026-09-03T23:00:00+05:30,03-09-2026 23:00:00,"Sonia Vihar, Delhi - DPCC",86,Satisfactory,PM10,100,0
2026-09-03T23:00:00+05:30,03-09-2026 23:00:00,"Nehru Nagar, Delhi - DPCC",82,Satisfactory,PM10,100,0
2026-09-03T23:00:00+05:30,03-09-2026 23:00:00,"Sirifort, Delhi - CPCB",80,Satisfactory,PM10,100,0
2026-09-03T23:00:00+05:30,03-09-2026 23:00:00,"Pusa, Delhi - IITM",80,Satisfactory,NO2,100,0
2026-09-03T23:00:00+05:30,03-09-2026 23:00:00,"R K Puram, Delhi - DPCC",77,Satisfactory,PM10,100,0
2026-09-03T23:00:00+05:30,03-09-2026 23:00:00,"Pusa, Delhi - DPCC",76,Satisfactory,CO,100,0
2026-09-03T23:00:00+05:30,03-09-2026 23:00:00,"IGI Airport (T3), Delhi - IITM",75,Satisfactory,PM10,100,0
2026-09-03T23:00:00+05:30,03-09-2026 23:00:00,"Bawana, Delhi - DPCC",74,Satisfactory,PM2.5,100,0
2026-09-03T23:00:00+05:30,03-09-2026 23:00:00,"Narela, Delhi - DPCC",73,Satisfactory,CO,100,0
2026-09-03T23:00:00+05:30,03-09-2026 23:00:00,"Vivek Vihar, Delhi - DPCC",72,Satisfactory,PM10,100,0
2026-09-03T23:00:00+05:30,03-09-2026 23:00:00,"Mandir Marg, Delhi - DPCC",71,Satisfactory,PM10,100,0
2026-09-03T23:00:00+05:30,03-09-2026 23:00:00,"NSUT Jaffarpur, Delhi - DPCC",68,Satisfactory,PM10,100,0
2026-09-03T23:00:00+05:30,03-09-2026 23:00:00,"ITO, Delhi - CPCB",67,Satisfactory,PM10,100,0
2026-09-03T23:00:00+05:30,03-09-2026 23:00:00,"Okhla Phase-2, Delhi - DPCC",67,Satisfactory,CO,100,0
2026-09-03T23:00:00+05:30,03-09-2026 23:00:00,"Sri Aurobindo Marg, Delhi - DPCC",61,Satisfactory,PM10,100,0
2026-09-03T23:00:00+05:30,03-09-2026 23:00:00,"Commonwealth Sports Complex, Delhi - DPCC",59,Satisfactory,PM10,100,0
2026-09-03T23:00:00+05:30,03-09-2026 23:00:00,"DTU, Delhi - CPCB",59,Satisfactory,PM10,100,0
2026-09-03T23:00:00+05:30,03-09-2026 23:00:00,"Dr. Karni Singh Shooting Range, Delhi - DPCC",59,Satisfactory,PM10,100,0
2026-09-03T23:00:00+05:30,03-09-2026 23:00:00,"Patparganj, Delhi - DPCC",58,Satisfactory,PM10,100,0
2026-09-03T23:00:00+05:30,03-09-2026 23:00:00,"IMD Lodhi Road, Delhi - IITM",57,Satisfactory,PM10,100,0
2026-09-03T23:00:00+05:30,03-09-2026 23:00:00,"Cantonment Area, Delhi - DPCC",56,Satisfactory,CO,100,0
2026-09-03T23:00:00+05:30,03-09-2026 23:00:00,"Talkatora Garden, Delhi - DPCC",56,Satisfactory,CO,100,0
2026-09-03T23:00:00+05:30,03-09-2026 23:00:00,"Shadipur, Delhi - CPCB",53,Satisfactory,PM10,100,0
2026-09-03T23:00:00+05:30,03-09-2026 23:00:00,"Major Dhyan Chand National Stadium, Delhi - DPCC",51,Satisfactory,CO,100,0
2026-09-03T23:00:00+05:30,03-09-2026 23:00:00,"JNU, Delhi - DPCC",51,Satisfactory,CO,100,0
2026-09-03T23:00:00+05:30,03-09-2026 23:00:00,"IHBAS, Dilshad Garden, Delhi - CPCB",50,Good,NO2,100,0
2026-09-03T23:00:00+05:30,03-09-2026 23:00:00,"IGNOU_Maidan Garhi, Delhi - DPCC",48,Good,CO,100,0
2026-09-03T23:00:00+05:30,03-09-2026 23:00:00,"NSIT Dwarka, Delhi - CPCB",46,Good,CO,100,0
2026-09-03T23:00:00+05:30,03-09-2026 23:00:00,"CRRI Mathura Road, Delhi - IITM",42,Good,PM10,100,0
2026-09-03T23:00:00+05:30,03-09-2026 23:00:00,"Najafgarh, Delhi - DPCC",41,Good,PM10,100,0
2026-09-04T00:00:00+05:30,04-09-2026 00:00:00,"Aya Nagar, Delhi - IITM",156,Moderately Polluted,PM10,100,1
2026-09-04T00:00:00+05:30,04-09-2026 00:00:00,"Wazirpur, Delhi - DPCC",141,Moderately Polluted,PM10,100,1
2026-09-04T00:00:00+05:30,04-09-2026 00:00:00,"Jahangirpuri, Delhi - DPCC",116,Moderately Polluted,CO,100,1
2026-09-04T00:00:00+05:30,04-09-2026 00:00:00,"Rohini, Delhi - DPCC",109,Moderately Polluted,PM10,100,1
2026-09-04T00:00:00+05:30,04-09-2026 00:00:00,"North Campus, DU, Delhi - IITM",109,Moderately Polluted,NO2,100,1
2026-09-04T00:00:00+05:30,04-09-2026 00:00:00,"Mundka, Delhi - DPCC",106,Moderately Polluted,PM10,100,1
2026-09-04T00:00:00+05:30,04-09-2026 00:00:00,"Ashok Vihar, Delhi - DPCC",106,Moderately Polluted,CO,100,1
2026-09-04T00:00:00+05:30,04-09-2026 00:00:00,"Dwarka-Sector 8, Delhi - DPCC",105,Moderately Polluted,PM10,100,1
2026-09-04T00:00:00+05:30,04-09-2026 00:00:00,"Punjabi Bagh, Delhi - DPCC",94,Satisfactory,PM10,100,0
2026-09-04T00:00:00+05:30,04-09-2026 00:00:00,"Anand Vihar, Delhi - DPCC",91,Satisfactory,CO,100,0
2026-09-04T00:00:00+05:30,04-09-2026 00:00:00,"IIT Delhi, Delhi - IITM",91,Satisfactory,PM10,100,0
2026-09-04T00:00:00+05:30,04-09-2026 00:00:00,"Chandni Chowk, Delhi - IITM",90,Satisfactory,CO,100,0
2026-09-04T00:00:00+05:30,04-09-2026 00:00:00,"Jawaharlal Nehru Stadium, Delhi - DPCC",90,Satisfactory,CO,100,0
2026-09-04T00:00:00+05:30,04-09-2026 00:00:00,"Sonia Vihar, Delhi - DPCC",85,Satisfactory,PM10,100,0
2026-09-04T00:00:00+05:30,04-09-2026 00:00:00,"Nehru Nagar, Delhi - DPCC",83,Satisfactory,PM10,100,0
2026-09-04T00:00:00+05:30,04-09-2026 00:00:00,"Pusa, Delhi - IITM",82,Satisfactory,NO2,100,0
2026-09-04T00:00:00+05:30,04-09-2026 00:00:00,"Sirifort, Delhi - CPCB",81,Satisfactory,PM10,100,0
2026-09-04T00:00:00+05:30,04-09-2026 00:00:00,"Bawana, Delhi - DPCC",80,Satisfactory,PM2.5,100,0
2026-09-04T00:00:00+05:30,04-09-2026 00:00:00,"R K Puram, Delhi - DPCC",77,Satisfactory,PM10,100,0
2026-09-04T00:00:00+05:30,04-09-2026 00:00:00,"Pusa, Delhi - DPCC",77,Satisfactory,CO,100,0
2026-09-04T00:00:00+05:30,04-09-2026 00:00:00,"IGI Airport (T3), Delhi - IITM",77,Satisfactory,PM10,100,0
2026-09-04T00:00:00+05:30,04-09-2026 00:00:00,"Narela, Delhi - DPCC",74,Satisfactory,CO,100,0
2026-09-04T00:00:00+05:30,04-09-2026 00:00:00,"Vivek Vihar, Delhi - DPCC",72,Satisfactory,PM10,100,0
2026-09-04T00:00:00+05:30,04-09-2026 00:00:00,"Mandir Marg, Delhi - DPCC",71,Satisfactory,PM10,100,0
2026-09-04T00:00:00+05:30,04-09-2026 00:00:00,"Burari Crossing, Delhi - IITM",70,Satisfactory,OZONE,100,0
2026-09-04T00:00:00+05:30,04-09-2026 00:00:00,"NSUT Jaffarpur, Delhi - DPCC",69,Satisfactory,PM10,100,0
2026-09-04T00:00:00+05:30,04-09-2026 00:00:00,"ITO, Delhi - CPCB",68,Satisfactory,PM10,100,0
2026-09-04T00:00:00+05:30,04-09-2026 00:00:00,"Okhla Phase-2, Delhi - DPCC",67,Satisfactory,CO,100,0
2026-09-04T00:00:00+05:30,04-09-2026 00:00:00,"Sri Aurobindo Marg, Delhi - DPCC",62,Satisfactory,PM10,100,0
2026-09-04T00:00:00+05:30,04-09-2026 00:00:00,"Commonwealth Sports Complex, Delhi - DPCC",60,Satisfactory,PM10,100,0
2026-09-04T00:00:00+05:30,04-09-2026 00:00:00,"DTU, Delhi - CPCB",59,Satisfactory,PM10,100,0
2026-09-04T00:00:00+05:30,04-09-2026 00:00:00,"Cantonment Area, Delhi - DPCC",58,Satisfactory,CO,100,0
2026-09-04T00:00:00+05:30,04-09-2026 00:00:00,"Patparganj, Delhi - DPCC",58,Satisfactory,PM10,100,0
2026-09-04T00:00:00+05:30,04-09-2026 00:00:00,"Dr. Karni Singh Shooting Range, Delhi - DPCC",58,Satisfactory,PM10,100,0
2026-09-04T00:00:00+05:30,04-09-2026 00:00:00,"Talkatora Garden, Delhi - DPCC",58,Satisfactory,CO,100,0
2026-09-04T00:00:00+05:30,04-09-2026 00:00:00,"IMD Lodhi Road, Delhi - IITM",57,Satisfactory,PM10,100,0
2026-09-04T00:00:00+05:30,04-09-2026 00:00:00,"JNU, Delhi - DPCC",53,Satisfactory,CO,100,0
2026-09-04T00:00:00+05:30,04-09-2026 00:00:00,"Major Dhyan Chand National Stadium, Delhi - DPCC",52,Satisfactory,CO,100,0
2026-09-04T00:00:00+05:30,04-09-2026 00:00:00,"Shadipur, Delhi - CPCB",52,Satisfactory,PM2.5,100,0
2026-09-04T00:00:00+05:30,04-09-2026 00:00:00,"IHBAS, Dilshad Garden, Delhi - CPCB",50,Good,NO2,100,0
2026-09-04T00:00:00+05:30,04-09-2026 00:00:00,"IGNOU_Maidan Garhi, Delhi - DPCC",48,Good,CO,100,0
2026-09-04T00:00:00+05:30,04-09-2026 00:00:00,"NSIT Dwarka, Delhi - CPCB",46,Good,CO,100,0
2026-09-04T00:00:00+05:30,04-09-2026 00:00:00,"CRRI Mathura Road, Delhi - IITM",43,Good,PM10,100,0
2026-09-04T00:00:00+05:30,04-09-2026 00:00:00,"Najafgarh, Delhi - DPCC",41,Good,PM10,100,0
2026-09-04T01:00:00+05:30,04-09-2026 01:00:00,"Aya Nagar, Delhi - IITM",140,Moderately Polluted,PM10,100,1
2026-09-04T01:00:00+05:30,04-09-2026 01:00:00,"Wazirpur, Delhi - DPCC",140,Moderately Polluted,PM10,100,1
2026-09-04T01:00:00+05:30,04-09-2026 01:00:00,"Jahangirpuri, Delhi - DPCC",117,Moderately Polluted,CO,100,1
2026-09-04T01:00:00+05:30,04-09-2026 01:00:00,"Mundka, Delhi - DPCC",117,Moderately Polluted,PM10,100,1
2026-09-04T01:00:00+05:30,04-09-2026 01:00:00,"North Campus, DU, Delhi - IITM",111,Moderately Polluted,NO2,100,1
2026-09-04T01:00:00+05:30,04-09-2026 01:00:00,"Rohini, Delhi - DPCC",110,Moderately Polluted,PM10,100,1
2026-09-04T01:00:00+05:30,04-09-2026 01:00:00,"Dwarka-Sector 8, Delhi - DPCC",109,Moderately Polluted,PM10,100,1
2026-09-04T01:00:00+05:30,04-09-2026 01:00:00,"Ashok Vihar, Delhi - DPCC",106,Moderately Polluted,CO,100,1
2026-09-04T01:00:00+05:30,04-09-2026 01:00:00,"Punjabi Bagh, Delhi - DPCC",92,Satisfactory,PM10,100,0
2026-09-04T01:00:00+05:30,04-09-2026 01:00:00,"IIT Delhi, Delhi - IITM",92,Satisfactory,PM10,100,0
2026-09-04T01:00:00+05:30,04-09-2026 01:00:00,"Anand Vihar, Delhi - DPCC",91,Satisfactory,CO,100,0
2026-09-04T01:00:00+05:30,04-09-2026 01:00:00,"Chandni Chowk, Delhi - IITM",91,Satisfactory,CO,100,0
2026-09-04T01:00:00+05:30,04-09-2026 01:00:00,"Jawaharlal Nehru Stadium, Delhi - DPCC",90,Satisfactory,CO,100,0
2026-09-04T01:00:00+05:30,04-09-2026 01:00:00,"Sonia Vihar, Delhi - DPCC",86,Satisfactory,PM10,100,0
2026-09-04T01:00:00+05:30,04-09-2026 01:00:00,"Bawana, Delhi - DPCC",85,Satisfactory,PM2.5,100,0
2026-09-04T01:00:00+05:30,04-09-2026 01:00:00,"Nehru Nagar, Delhi - DPCC",85,Satisfactory,PM10,100,0
2026-09-04T01:00:00+05:30,04-09-2026 01:00:00,"Pusa, Delhi - IITM",82,Satisfactory,NO2,100,0
2026-09-04T01:00:00+05:30,04-09-2026 01:00:00,"Sirifort, Delhi - CPCB",80,Satisfactory,PM10,100,0
2026-09-04T01:00:00+05:30,04-09-2026 01:00:00,"IGI Airport (T3), Delhi - IITM",78,Satisfactory,PM10,100,0
2026-09-04T01:00:00+05:30,04-09-2026 01:00:00,"R K Puram, Delhi - DPCC",77,Satisfactory,PM10,100,0
2026-09-04T01:00:00+05:30,04-09-2026 01:00:00,"Pusa, Delhi - DPCC",77,Satisfactory,CO,100,0
2026-09-04T01:00:00+05:30,04-09-2026 01:00:00,"Narela, Delhi - DPCC",74,Satisfactory,CO,100,0
2026-09-04T01:00:00+05:30,04-09-2026 01:00:00,"Vivek Vihar, Delhi - DPCC",72,Satisfactory,PM10,100,0
2026-09-04T01:00:00+05:30,04-09-2026 01:00:00,"ITO, Delhi - CPCB",69,Satisfactory,PM10,100,0
2026-09-04T01:00:00+05:30,04-09-2026 01:00:00,"NSUT Jaffarpur, Delhi - DPCC",69,Satisfactory,PM10,100,0
2026-09-04T01:00:00+05:30,04-09-2026 01:00:00,"Okhla Phase-2, Delhi - DPCC",68,Satisfactory,CO,100,0
2026-09-04T01:00:00+05:30,04-09-2026 01:00:00,"Sri Aurobindo Marg, Delhi - DPCC",63,Satisfactory,PM10,100,0
2026-09-04T01:00:00+05:30,04-09-2026 01:00:00,"Burari Crossing, Delhi - IITM",63,Satisfactory,PM10,100,0
2026-09-04T01:00:00+05:30,04-09-2026 01:00:00,"DTU, Delhi - CPCB",60,Satisfactory,PM10,100,0
2026-09-04T01:00:00+05:30,04-09-2026 01:00:00,"Commonwealth Sports Complex, Delhi - DPCC",59,Satisfactory,PM10,100,0
2026-09-04T01:00:00+05:30,04-09-2026 01:00:00,"Talkatora Garden, Delhi - DPCC",59,Satisfactory,CO,100,0
2026-09-04T01:00:00+05:30,04-09-2026 01:00:00,"Cantonment Area, Delhi - DPCC",59,Satisfactory,CO,100,0
2026-09-04T01:00:00+05:30,04-09-2026 01:00:00,"Patparganj, Delhi - DPCC",57,Satisfactory,PM10,100,0
2026-09-04T01:00:00+05:30,04-09-2026 01:00:00,"IMD Lodhi Road, Delhi - IITM",57,Satisfactory,PM10,100,0
2026-09-04T01:00:00+05:30,04-09-2026 01:00:00,"Dr. Karni Singh Shooting Range, Delhi - DPCC",57,Satisfactory,PM10,100,0
2026-09-04T01:00:00+05:30,04-09-2026 01:00:00,"JNU, Delhi - DPCC",55,Satisfactory,CO,100,0
2026-09-04T01:00:00+05:30,04-09-2026 01:00:00,"Major Dhyan Chand National Stadium, Delhi - DPCC",53,Satisfactory,CO,100,0
2026-09-04T01:00:00+05:30,04-09-2026 01:00:00,"Shadipur, Delhi - CPCB",52,Satisfactory,PM2.5,100,0
2026-09-04T01:00:00+05:30,04-09-2026 01:00:00,"IHBAS, Dilshad Garden, Delhi - CPCB",50,Good,NO2,100,0
2026-09-04T01:00:00+05:30,04-09-2026 01:00:00,"IGNOU_Maidan Garhi, Delhi - DPCC",49,Good,CO,100,0
2026-09-04T01:00:00+05:30,04-09-2026 01:00:00,"NSIT Dwarka, Delhi - CPCB",47,Good,CO,100,0
2026-09-04T01:00:00+05:30,04-09-2026 01:00:00,"CRRI Mathura Road, Delhi - IITM",44,Good,PM10,100,0
2026-09-04T01:00:00+05:30,04-09-2026 01:00:00,"Najafgarh, Delhi - DPCC",41,Good,PM10,100,0
2026-09-04T02:00:00+05:30,04-09-2026 02:00:00,"Wazirpur, Delhi - DPCC",140,Moderately Polluted,PM10,100,1
2026-09-04T02:00:00+05:30,04-09-2026 02:00:00,"Aya Nagar, Delhi - IITM",123,Moderately Polluted,PM10,100,1
2026-09-04T02:00:00+05:30,04-09-2026 02:00:00,"Mundka, Delhi - DPCC",123,Moderately Polluted,PM10,100,1
2026-09-04T02:00:00+05:30,04-09-2026 02:00:00,"Jahangirpuri, Delhi - DPCC",117,Moderately Polluted,CO,100,1
2026-09-04T02:00:00+05:30,04-09-2026 02:00:00,"North Campus, DU, Delhi - IITM",115,Moderately Polluted,NO2,100,1
2026-09-04T02:00:00+05:30,04-09-2026 02:00:00,"Rohini, Delhi - DPCC",113,Moderately Polluted,PM10,100,1
2026-09-04T02:00:00+05:30,04-09-2026 02:00:00,"Dwarka-Sector 8, Delhi - DPCC",112,Moderately Polluted,PM10,100,1
2026-09-04T02:00:00+05:30,04-09-2026 02:00:00,"Ashok Vihar, Delhi - DPCC",107,Moderately Polluted,CO,100,1
2026-09-04T02:00:00+05:30,04-09-2026 02:00:00,"Bawana, Delhi - DPCC",93,Satisfactory,PM2.5,100,0
2026-09-04T02:00:00+05:30,04-09-2026 02:00:00,"IIT Delhi, Delhi - IITM",92,Satisfactory,PM10,100,0
2026-09-04T02:00:00+05:30,04-09-2026 02:00:00,"Chandni Chowk, Delhi - IITM",92,Satisfactory,CO,100,0
2026-09-04T02:00:00+05:30,04-09-2026 02:00:00,"Punjabi Bagh, Delhi - DPCC",90,Satisfactory,PM10,100,0
2026-09-04T02:00:00+05:30,04-09-2026 02:00:00,"Jawaharlal Nehru Stadium, Delhi - DPCC",90,Satisfactory,CO,100,0
2026-09-04T02:00:00+05:30,04-09-2026 02:00:00,"Anand Vihar, Delhi - DPCC",90,Satisfactory,CO,100,0
2026-09-04T02:00:00+05:30,04-09-2026 02:00:00,"Sonia Vihar, Delhi - DPCC",87,Satisfactory,PM10,100,0
2026-09-04T02:00:00+05:30,04-09-2026 02:00:00,"Nehru Nagar, Delhi - DPCC",86,Satisfactory,PM10,100,0
2026-09-04T02:00:00+05:30,04-09-2026 02:00:00,"Pusa, Delhi - IITM",82,Satisfactory,NO2,100,0
2026-09-04T02:00:00+05:30,04-09-2026 02:00:00,"Sirifort, Delhi - CPCB",79,Satisfactory,PM10,100,0
2026-09-04T02:00:00+05:30,04-09-2026 02:00:00,"IGI Airport (T3), Delhi - IITM",79,Satisfactory,PM10,100,0
2026-09-04T02:00:00+05:30,04-09-2026 02:00:00,"Pusa, Delhi - DPCC",78,Satisfactory,CO,100,0
2026-09-04T02:00:00+05:30,04-09-2026 02:00:00,"R K Puram, Delhi - DPCC",76,Satisfactory,PM10,100,0
2026-09-04T02:00:00+05:30,04-09-2026 02:00:00,"Narela, Delhi - DPCC",75,Satisfactory,CO,100,0
2026-09-04T02:00:00+05:30,04-09-2026 02:00:00,"Vivek Vihar, Delhi - DPCC",73,Satisfactory,PM10,100,0
2026-09-04T02:00:00+05:30,04-09-2026 02:00:00,"ITO, Delhi - CPCB",69,Satisfactory,PM10,100,0
2026-09-04T02:00:00+05:30,04-09-2026 02:00:00,"NSUT Jaffarpur, Delhi - DPCC",69,Satisfactory,PM10,100,0
2026-09-04T02:00:00+05:30,04-09-2026 02:00:00,"Okhla Phase-2, Delhi - DPCC",68,Satisfactory,CO,100,0
2026-09-04T02:00:00+05:30,04-09-2026 02:00:00,"Burari Crossing, Delhi - IITM",63,Satisfactory,PM10,100,0
2026-09-04T02:00:00+05:30,04-09-2026 02:00:00,"Sri Aurobindo Marg, Delhi - DPCC",63,Satisfactory,PM10,100,0
2026-09-04T02:00:00+05:30,04-09-2026 02:00:00,"Cantonment Area, Delhi - DPCC",61,Satisfactory,CO,100,0
2026-09-04T02:00:00+05:30,04-09-2026 02:00:00,"Talkatora Garden, Delhi - DPCC",61,Satisfactory,CO,100,0
2026-09-04T02:00:00+05:30,04-09-2026 02:00:00,"DTU, Delhi - CPCB",61,Satisfactory,PM10,100,0
2026-09-04T02:00:00+05:30,04-09-2026 02:00:00,"Commonwealth Sports Complex, Delhi - DPCC",59,Satisfactory,PM10,100,0
2026-09-04T02:00:00+05:30,04-09-2026 02:00:00,"Patparganj, Delhi - DPCC",57,Satisfactory,PM10,100,0
2026-09-04T02:00:00+05:30,04-09-2026 02:00:00,"Dr. Karni Singh Shooting Range, Delhi - DPCC",57,Satisfactory,PM10,100,0
2026-09-04T02:00:00+05:30,04-09-2026 02:00:00,"JNU, Delhi - DPCC",57,Satisfactory,CO,100,0
2026-09-04T02:00:00+05:30,04-09-2026 02:00:00,"IMD Lodhi Road, Delhi - IITM",56,Satisfactory,PM10,100,0
2026-09-04T02:00:00+05:30,04-09-2026 02:00:00,"Shadipur, Delhi - CPCB",52,Satisfactory,PM2.5,100,0
2026-09-04T02:00:00+05:30,04-09-2026 02:00:00,"Major Dhyan Chand National Stadium, Delhi - DPCC",52,Satisfactory,CO,100,0
2026-09-04T02:00:00+05:30,04-09-2026 02:00:00,"IHBAS, Dilshad Garden, Delhi - CPCB",50,Good,NO2,100,0
2026-09-04T02:00:00+05:30,04-09-2026 02:00:00,"IGNOU_Maidan Garhi, Delhi - DPCC",49,Good,CO,100,0
2026-09-04T02:00:00+05:30,04-09-2026 02:00:00,"NSIT Dwarka, Delhi - CPCB",48,Good,CO,100,0
2026-09-04T02:00:00+05:30,04-09-2026 02:00:00,"CRRI Mathura Road, Delhi - IITM",45,Good,PM10,100,0
2026-09-04T02:00:00+05:30,04-09-2026 02:00:00,"Najafgarh, Delhi - DPCC",41,Good,PM10,100,0
2026-09-04T03:00:00+05:30,04-09-2026 03:00:00,"Wazirpur, Delhi - DPCC",138,Moderately Polluted,PM10,100,1
2026-09-04T03:00:00+05:30,04-09-2026 03:00:00,"Mundka, Delhi - DPCC",128,Moderately Polluted,PM10,100,1
2026-09-04T03:00:00+05:30,04-09-2026 03:00:00,"Jahangirpuri, Delhi - DPCC",117,Moderately Polluted,CO,100,1
2026-09-04T03:00:00+05:30,04-09-2026 03:00:00,"North Campus, DU, Delhi - IITM",117,Moderately Polluted,NO2,100,1
2026-09-04T03:00:00+05:30,04-09-2026 03:00:00,"Rohini, Delhi - DPCC",114,Moderately Polluted,PM10,100,1
2026-09-04T03:00:00+05:30,04-09-2026 03:00:00,"Dwarka-Sector 8, Delhi - DPCC",113,Moderately Polluted,PM10,100,1
2026-09-04T03:00:00+05:30,04-09-2026 03:00:00,"Ashok Vihar, Delhi - DPCC",106,Moderately Polluted,CO,100,1
2026-09-04T03:00:00+05:30,04-09-2026 03:00:00,"Aya Nagar, Delhi - IITM",105,Moderately Polluted,PM10,100,1
2026-09-04T03:00:00+05:30,04-09-2026 03:00:00,"Bawana, Delhi - DPCC",95,Satisfactory,PM2.5,100,0
2026-09-04T03:00:00+05:30,04-09-2026 03:00:00,"IIT Delhi, Delhi - IITM",92,Satisfactory,PM10,100,0
2026-09-04T03:00:00+05:30,04-09-2026 03:00:00,"Chandni Chowk, Delhi - IITM",92,Satisfactory,CO,100,0
2026-09-04T03:00:00+05:30,04-09-2026 03:00:00,"Jawaharlal Nehru Stadium, Delhi - DPCC",89,Satisfactory,CO,100,0
2026-09-04T03:00:00+05:30,04-09-2026 03:00:00,"Punjabi Bagh, Delhi - DPCC",89,Satisfactory,PM10,100,0
2026-09-04T03:00:00+05:30,04-09-2026 03:00:00,"Nehru Nagar, Delhi - DPCC",88,Satisfactory,PM10,100,0
2026-09-04T03:00:00+05:30,04-09-2026 03:00:00,"Anand Vihar, Delhi - DPCC",88,Satisfactory,CO,100,0
2026-09-04T03:00:00+05:30,04-09-2026 03:00:00,"Sonia Vihar, Delhi - DPCC",85,Satisfactory,PM10,100,0
2026-09-04T03:00:00+05:30,04-09-2026 03:00:00,"Pusa, Delhi - IITM",82,Satisfactory,NO2,100,0
2026-09-04T03:00:00+05:30,04-09-2026 03:00:00,"IGI Airport (T3), Delhi - IITM",81,Satisfactory,PM10,100,0
2026-09-04T03:00:00+05:30,04-09-2026 03:00:00,"Sirifort, Delhi - CPCB",79,Satisfactory,PM10,100,0
2026-09-04T03:00:00+05:30,04-09-2026 03:00:00,"Pusa, Delhi - DPCC",78,Satisfactory,CO,100,0
2026-09-04T03:00:00+05:30,04-09-2026 03:00:00,"R K Puram, Delhi - DPCC",76,Satisfactory,PM10,100,0
2026-09-04T03:00:00+05:30,04-09-2026 03:00:00,"Narela, Delhi - DPCC",74,Satisfactory,CO,100,0
2026-09-04T03:00:00+05:30,04-09-2026 03:00:00,"Vivek Vihar, Delhi - DPCC",73,Satisfactory,PM10,100,0
2026-09-04T03:00:00+05:30,04-09-2026 03:00:00,"NSUT Jaffarpur, Delhi - DPCC",70,Satisfactory,PM10,100,0
2026-09-04T03:00:00+05:30,04-09-2026 03:00:00,"ITO, Delhi - CPCB",69,Satisfactory,PM10,100,0
2026-09-04T03:00:00+05:30,04-09-2026 03:00:00,"Okhla Phase-2, Delhi - DPCC",67,Satisfactory,CO,100,0
2026-09-04T03:00:00+05:30,04-09-2026 03:00:00,"Cantonment Area, Delhi - DPCC",65,Satisfactory,CO,100,0
2026-09-04T03:00:00+05:30,04-09-2026 03:00:00,"Sri Aurobindo Marg, Delhi - DPCC",64,Satisfactory,PM10,100,0
2026-09-04T03:00:00+05:30,04-09-2026 03:00:00,"Burari Crossing, Delhi - IITM",62,Satisfactory,PM10,100,0
2026-09-04T03:00:00+05:30,04-09-2026 03:00:00,"Talkatora Garden, Delhi - DPCC",61,Satisfactory,CO,100,0
2026-09-04T03:00:00+05:30,04-09-2026 03:00:00,"DTU, Delhi - CPCB",61,Satisfactory,PM10,100,0
2026-09-04T03:00:00+05:30,04-09-2026 03:00:00,"Commonwealth Sports Complex, Delhi - DPCC",60,Satisfactory,PM10,100,0
2026-09-04T03:00:00+05:30,04-09-2026 03:00:00,"Patparganj, Delhi - DPCC",57,Satisfactory,PM10,100,0
2026-09-04T03:00:00+05:30,04-09-2026 03:00:00,"IMD Lodhi Road, Delhi - IITM",57,Satisfactory,PM10,100,0
2026-09-04T03:00:00+05:30,04-09-2026 03:00:00,"JNU, Delhi - DPCC",56,Satisfactory,CO,100,0
2026-09-04T03:00:00+05:30,04-09-2026 03:00:00,"Dr. Karni Singh Shooting Range, Delhi - DPCC",56,Satisfactory,PM10,100,0
2026-09-04T03:00:00+05:30,04-09-2026 03:00:00,"Major Dhyan Chand National Stadium, Delhi - DPCC",53,Satisfactory,CO,100,0
2026-09-04T03:00:00+05:30,04-09-2026 03:00:00,"Shadipur, Delhi - CPCB",53,Satisfactory,PM10,100,0
2026-09-04T03:00:00+05:30,04-09-2026 03:00:00,"IHBAS, Dilshad Garden, Delhi - CPCB",50,Good,NO2,100,0
2026-09-04T03:00:00+05:30,04-09-2026 03:00:00,"IGNOU_Maidan Garhi, Delhi - DPCC",50,Good,CO,100,0
2026-09-04T03:00:00+05:30,04-09-2026 03:00:00,"NSIT Dwarka, Delhi - CPCB",49,Good,CO,100,0
2026-09-04T03:00:00+05:30,04-09-2026 03:00:00,"CRRI Mathura Road, Delhi - IITM",45,Good,PM10,100,0
2026-09-04T03:00:00+05:30,04-09-2026 03:00:00,"Najafgarh, Delhi - DPCC",41,Good,PM10,100,0
2026-09-04T04:00:00+05:30,04-09-2026 04:00:00,"Wazirpur, Delhi - DPCC",138,Moderately Polluted,PM10,100,1
2026-09-04T04:00:00+05:30,04-09-2026 04:00:00,"Mundka, Delhi - DPCC",129,Moderately Polluted,PM10,100,1
2026-09-04T04:00:00+05:30,04-09-2026 04:00:00,"North Campus, DU, Delhi - IITM",119,Moderately Polluted,NO2,100,1
2026-09-04T04:00:00+05:30,04-09-2026 04:00:00,"Jahangirpuri, Delhi - DPCC",117,Moderately Polluted,CO,100,1
2026-09-04T04:00:00+05:30,04-09-2026 04:00:00,"Rohini, Delhi - DPCC",113,Moderately Polluted,PM10,100,1
2026-09-04T04:00:00+05:30,04-09-2026 04:00:00,"Dwarka-Sector 8, Delhi - DPCC",113,Moderately Polluted,PM10,100,1
2026-09-04T04:00:00+05:30,04-09-2026 04:00:00,"Ashok Vihar, Delhi - DPCC",106,Moderately Polluted,CO,100,1
2026-09-04T04:00:00+05:30,04-09-2026 04:00:00,"Bawana, Delhi - DPCC",96,Satisfactory,PM2.5,100,0
2026-09-04T04:00:00+05:30,04-09-2026 04:00:00,"IIT Delhi, Delhi - IITM",91,Satisfactory,PM10,100,0
2026-09-04T04:00:00+05:30,04-09-2026 04:00:00,"Chandni Chowk, Delhi - IITM",90,Satisfactory,CO,100,0
2026-09-04T04:00:00+05:30,04-09-2026 04:00:00,"Nehru Nagar, Delhi - DPCC",89,Satisfactory,PM10,100,0
2026-09-04T04:00:00+05:30,04-09-2026 04:00:00,"Punjabi Bagh, Delhi - DPCC",88,Satisfactory,PM10,100,0
2026-09-04T04:00:00+05:30,04-09-2026 04:00:00,"Jawaharlal Nehru Stadium, Delhi - DPCC",87,Satisfactory,CO,100,0
2026-09-04T04:00:00+05:30,04-09-2026 04:00:00,"Aya Nagar, Delhi - IITM",87,Satisfactory,PM10,100,0
2026-09-04T04:00:00+05:30,04-09-2026 04:00:00,"Anand Vihar, Delhi - DPCC",86,Satisfactory,CO,100,0
2026-09-04T04:00:00+05:30,04-09-2026 04:00:00,"Sonia Vihar, Delhi - DPCC",83,Satisfactory,PM10,100,0
2026-09-04T04:00:00+05:30,04-09-2026 04:00:00,"Pusa, Delhi - IITM",82,Satisfactory,NO2,100,0
2026-09-04T04:00:00+05:30,04-09-2026 04:00:00,"IGI Airport (T3), Delhi - IITM",81,Satisfactory,PM10,100,0
2026-09-04T04:00:00+05:30,04-09-2026 04:00:00,"Sirifort, Delhi - CPCB",78,Satisfactory,PM10,100,0
2026-09-04T04:00:00+05:30,04-09-2026 04:00:00,"Pusa, Delhi - DPCC",77,Satisfactory,CO,100,0
2026-09-04T04:00:00+05:30,04-09-2026 04:00:00,"Narela, Delhi - DPCC",75,Satisfactory,PM10,100,0
2026-09-04T04:00:00+05:30,04-09-2026 04:00:00,"R K Puram, Delhi - DPCC",75,Satisfactory,PM10,100,0
2026-09-04T04:00:00+05:30,04-09-2026 04:00:00,"Vivek Vihar, Delhi - DPCC",73,Satisfactory,PM10,100,0
2026-09-04T04:00:00+05:30,04-09-2026 04:00:00,"NSUT Jaffarpur, Delhi - DPCC",70,Satisfactory,PM10,100,0
2026-09-04T04:00:00+05:30,04-09-2026 04:00:00,"ITO, Delhi - CPCB",70,Satisfactory,PM10,100,0
2026-09-04T04:00:00+05:30,04-09-2026 04:00:00,"Cantonment Area, Delhi - DPCC",68,Satisfactory,CO,100,0
2026-09-04T04:00:00+05:30,04-09-2026 04:00:00,"Okhla Phase-2, Delhi - DPCC",66,Satisfactory,CO,100,0
2026-09-04T04:00:00+05:30,04-09-2026 04:00:00,"Sri Aurobindo Marg, Delhi - DPCC",65,Satisfactory,PM10,100,0
2026-09-04T04:00:00+05:30,04-09-2026 04:00:00,"DTU, Delhi - CPCB",62,Satisfactory,PM10,100,0
2026-09-04T04:00:00+05:30,04-09-2026 04:00:00,"Talkatora Garden, Delhi - DPCC",61,Satisfactory,CO,100,0
2026-09-04T04:00:00+05:30,04-09-2026 04:00:00,"Burari Crossing, Delhi - IITM",61,Satisfactory,PM10,100,0
2026-09-04T04:00:00+05:30,04-09-2026 04:00:00,"Commonwealth Sports Complex, Delhi - DPCC",60,Satisfactory,PM10,100,0
2026-09-04T04:00:00+05:30,04-09-2026 04:00:00,"IMD Lodhi Road, Delhi - IITM",57,Satisfactory,PM10,100,0
2026-09-04T04:00:00+05:30,04-09-2026 04:00:00,"Patparganj, Delhi - DPCC",57,Satisfactory,PM10,100,0
2026-09-04T04:00:00+05:30,04-09-2026 04:00:00,"JNU, Delhi - DPCC",56,Satisfactory,CO,100,0
2026-09-04T04:00:00+05:30,04-09-2026 04:00:00,"Dr. Karni Singh Shooting Range, Delhi - DPCC",54,Satisfactory,PM10,100,0
2026-09-04T04:00:00+05:30,04-09-2026 04:00:00,"Major Dhyan Chand National Stadium, Delhi - DPCC",53,Satisfactory,CO,100,0
2026-09-04T04:00:00+05:30,04-09-2026 04:00:00,"Shadipur, Delhi - CPCB",52,Satisfactory,PM10,100,0
2026-09-04T04:00:00+05:30,04-09-2026 04:00:00,"IGNOU_Maidan Garhi, Delhi - DPCC",51,Satisfactory,CO,100,0
2026-09-04T04:00:00+05:30,04-09-2026 04:00:00,"IHBAS, Dilshad Garden, Delhi - CPCB",50,Good,NO2,100,0
2026-09-04T04:00:00+05:30,04-09-2026 04:00:00,"NSIT Dwarka, Delhi - CPCB",49,Good,CO,100,0
2026-09-04T04:00:00+05:30,04-09-2026 04:00:00,"CRRI Mathura Road, Delhi - IITM",46,Good,PM10,100,0
2026-09-04T04:00:00+05:30,04-09-2026 04:00:00,"Najafgarh, Delhi - DPCC",40,Good,PM10,100,0
2026-09-04T05:00:00+05:30,04-09-2026 05:00:00,"Wazirpur, Delhi - DPCC",137,Moderately Polluted,PM10,100,1
2026-09-04T05:00:00+05:30,04-09-2026 05:00:00,"Mundka, Delhi - DPCC",128,Moderately Polluted,PM10,100,1
2026-09-04T05:00:00+05:30,04-09-2026 05:00:00,"North Campus, DU, Delhi - IITM",120,Moderately Polluted,NO2,100,1
2026-09-04T05:00:00+05:30,04-09-2026 05:00:00,"Jahangirpuri, Delhi - DPCC",116,Moderately Polluted,CO,100,1
2026-09-04T05:00:00+05:30,04-09-2026 05:00:00,"Rohini, Delhi - DPCC",113,Moderately Polluted,PM10,100,1
2026-09-04T05:00:00+05:30,04-09-2026 05:00:00,"Dwarka-Sector 8, Delhi - DPCC",112,Moderately Polluted,PM10,100,1
2026-09-04T05:00:00+05:30,04-09-2026 05:00:00,"Ashok Vihar, Delhi - DPCC",105,Moderately Polluted,CO,100,1
2026-09-04T05:00:00+05:30,04-09-2026 05:00:00,"Bawana, Delhi - DPCC",102,Moderately Polluted,PM2.5,100,1
2026-09-04T05:00:00+05:30,04-09-2026 05:00:00,"IIT Delhi, Delhi - IITM",90,Satisfactory,PM10,100,0
2026-09-04T05:00:00+05:30,04-09-2026 05:00:00,"Nehru Nagar, Delhi - DPCC",89,Satisfactory,PM10,100,0
2026-09-04T05:00:00+05:30,04-09-2026 05:00:00,"Chandni Chowk, Delhi - IITM",87,Satisfactory,CO,100,0
2026-09-04T05:00:00+05:30,04-09-2026 05:00:00,"Punjabi Bagh, Delhi - DPCC",86,Satisfactory,PM10,100,0
2026-09-04T05:00:00+05:30,04-09-2026 05:00:00,"Anand Vihar, Delhi - DPCC",85,Satisfactory,CO,100,0
2026-09-04T05:00:00+05:30,04-09-2026 05:00:00,"Jawaharlal Nehru Stadium, Delhi - DPCC",85,Satisfactory,CO,100,0
2026-09-04T05:00:00+05:30,04-09-2026 05:00:00,"Sonia Vihar, Delhi - DPCC",82,Satisfactory,PM10,100,0
2026-09-04T05:00:00+05:30,04-09-2026 05:00:00,"Pusa, Delhi - IITM",82,Satisfactory,NO2,100,0
2026-09-04T05:00:00+05:30,04-09-2026 05:00:00,"IGI Airport (T3), Delhi - IITM",82,Satisfactory,PM10,100,0
2026-09-04T05:00:00+05:30,04-09-2026 05:00:00,"Aya Nagar, Delhi - IITM",79,Satisfactory,PM10,100,0
2026-09-04T05:00:00+05:30,04-09-2026 05:00:00,"Sirifort, Delhi - CPCB",78,Satisfactory,PM10,100,0
2026-09-04T05:00:00+05:30,04-09-2026 05:00:00,"Narela, Delhi - DPCC",77,Satisfactory,PM10,100,0
2026-09-04T05:00:00+05:30,04-09-2026 05:00:00,"Pusa, Delhi - DPCC",75,Satisfactory,CO,100,0
2026-09-04T05:00:00+05:30,04-09-2026 05:00:00,"Cantonment Area, Delhi - DPCC",72,Satisfactory,CO,100,0
2026-09-04T05:00:00+05:30,04-09-2026 05:00:00,"Vivek Vihar, Delhi - DPCC",72,Satisfactory,PM10,100,0
2026-09-04T05:00:00+05:30,04-09-2026 05:00:00,"R K Puram, Delhi - DPCC",72,Satisfactory,PM10,100,0
2026-09-04T05:00:00+05:30,04-09-2026 05:00:00,"ITO, Delhi - CPCB",70,Satisfactory,PM10,100,0
2026-09-04T05:00:00+05:30,04-09-2026 05:00:00,"NSUT Jaffarpur, Delhi - DPCC",70,Satisfactory,PM10,100,0
2026-09-04T05:00:00+05:30,04-09-2026 05:00:00,"Okhla Phase-2, Delhi - DPCC",65,Satisfactory,CO,100,0
2026-09-04T05:00:00+05:30,04-09-2026 05:00:00,"Sri Aurobindo Marg, Delhi - DPCC",65,Satisfactory,PM10,100,0
2026-09-04T05:00:00+05:30,04-09-2026 05:00:00,"DTU, Delhi - CPCB",62,Satisfactory,PM10,100,0
2026-09-04T05:00:00+05:30,04-09-2026 05:00:00,"Talkatora Garden, Delhi - DPCC",60,Satisfactory,CO,100,0
2026-09-04T05:00:00+05:30,04-09-2026 05:00:00,"Burari Crossing, Delhi - IITM",60,Satisfactory,PM10,100,0
2026-09-04T05:00:00+05:30,04-09-2026 05:00:00,"Commonwealth Sports Complex, Delhi - DPCC",60,Satisfactory,PM10,100,0
2026-09-04T05:00:00+05:30,04-09-2026 05:00:00,"Patparganj, Delhi - DPCC",57,Satisfactory,PM10,100,0
2026-09-04T05:00:00+05:30,04-09-2026 05:00:00,"IMD Lodhi Road, Delhi - IITM",57,Satisfactory,PM10,100,0
2026-09-04T05:00:00+05:30,04-09-2026 05:00:00,"JNU, Delhi - DPCC",54,Satisfactory,CO,100,0
2026-09-04T05:00:00+05:30,04-09-2026 05:00:00,"Dr. Karni Singh Shooting Range, Delhi - DPCC",54,Satisfactory,PM10,100,0
2026-09-04T05:00:00+05:30,04-09-2026 05:00:00,"Shadipur, Delhi - CPCB",52,Satisfactory,PM2.5,100,0
2026-09-04T05:00:00+05:30,04-09-2026 05:00:00,"IGNOU_Maidan Garhi, Delhi - DPCC",52,Satisfactory,CO,100,0
2026-09-04T05:00:00+05:30,04-09-2026 05:00:00,"Major Dhyan Chand National Stadium, Delhi - DPCC",51,Satisfactory,CO,100,0
2026-09-04T05:00:00+05:30,04-09-2026 05:00:00,"IHBAS, Dilshad Garden, Delhi - CPCB",50,Good,NO2,100,0
2026-09-04T05:00:00+05:30,04-09-2026 05:00:00,"NSIT Dwarka, Delhi - CPCB",50,Good,CO,100,0
2026-09-04T05:00:00+05:30,04-09-2026 05:00:00,"CRRI Mathura Road, Delhi - IITM",47,Good,PM10,100,0
2026-09-04T05:00:00+05:30,04-09-2026 05:00:00,"Najafgarh, Delhi - DPCC",39,Good,PM10,100,0
2026-09-04T08:00:00+05:30,04-09-2026 08:00:00,"Wazirpur, Delhi - DPCC",137,Moderately Polluted,PM10,100,1
2026-09-04T08:00:00+05:30,04-09-2026 08:00:00,"Mundka, Delhi - DPCC",128,Moderately Polluted,PM10,100,1
2026-09-04T08:00:00+05:30,04-09-2026 08:00:00,"North Campus, DU, Delhi - IITM",126,Moderately Polluted,NO2,100,1
2026-09-04T08:00:00+05:30,04-09-2026 08:00:00,"Rohini, Delhi - DPCC",113,Moderately Polluted,PM10,100,1
2026-09-04T08:00:00+05:30,04-09-2026 08:00:00,"Dwarka-Sector 8, Delhi - DPCC",110,Moderately Polluted,PM10,100,1
2026-09-04T08:00:00+05:30,04-09-2026 08:00:00,"Bawana, Delhi - DPCC",104,Moderately Polluted,PM2.5,100,1
2026-09-04T08:00:00+05:30,04-09-2026 08:00:00,"IIT Delhi, Delhi - IITM",92,Satisfactory,PM10,100,0
2026-09-04T08:00:00+05:30,04-09-2026 08:00:00,"Nehru Nagar, Delhi - DPCC",91,Satisfactory,PM10,100,0
2026-09-04T08:00:00+05:30,04-09-2026 08:00:00,"IGI Airport (T3), Delhi - IITM",87,Satisfactory,PM10,100,0
2026-09-04T08:00:00+05:30,04-09-2026 08:00:00,"Chandni Chowk, Delhi - IITM",85,Satisfactory,PM10,100,0
2026-09-04T08:00:00+05:30,04-09-2026 08:00:00,"Anand Vihar, Delhi - DPCC",84,Satisfactory,CO,100,0
2026-09-04T08:00:00+05:30,04-09-2026 08:00:00,"Jahangirpuri, Delhi - DPCC",83,Satisfactory,PM10,100,0
2026-09-04T08:00:00+05:30,04-09-2026 08:00:00,"Punjabi Bagh, Delhi - DPCC",82,Satisfactory,PM10,100,0
2026-09-04T08:00:00+05:30,04-09-2026 08:00:00,"Narela, Delhi - DPCC",81,Satisfactory,PM10,100,0
2026-09-04T08:00:00+05:30,04-09-2026 08:00:00,"Pusa, Delhi - IITM",81,Satisfactory,NO2,100,0
2026-09-04T08:00:00+05:30,04-09-2026 08:00:00,"Jawaharlal Nehru Stadium, Delhi - DPCC",81,Satisfactory,CO,100,0
2026-09-04T08:00:00+05:30,04-09-2026 08:00:00,"Sirifort, Delhi - CPCB",80,Satisfactory,PM10,100,0
2026-09-04T08:00:00+05:30,04-09-2026 08:00:00,"Ashok Vihar, Delhi - DPCC",79,Satisfactory,PM10,100,0
2026-09-04T08:00:00+05:30,04-09-2026 08:00:00,"Sonia Vihar, Delhi - DPCC",78,Satisfactory,PM10,100,0
2026-09-04T08:00:00+05:30,04-09-2026 08:00:00,"Cantonment Area, Delhi - DPCC",74,Satisfactory,CO,100,0
2026-09-04T08:00:00+05:30,04-09-2026 08:00:00,"R K Puram, Delhi - DPCC",73,Satisfactory,PM10,100,0
2026-09-04T08:00:00+05:30,04-09-2026 08:00:00,"Pusa, Delhi - DPCC",71,Satisfactory,CO,100,0
2026-09-04T08:00:00+05:30,04-09-2026 08:00:00,"ITO, Delhi - CPCB",69,Satisfactory,PM10,100,0
2026-09-04T08:00:00+05:30,04-09-2026 08:00:00,"Vivek Vihar, Delhi - DPCC",68,Satisfactory,PM10,100,0
2026-09-04T08:00:00+05:30,04-09-2026 08:00:00,"NSUT Jaffarpur, Delhi - DPCC",68,Satisfactory,PM10,100,0
2026-09-04T08:00:00+05:30,04-09-2026 08:00:00,"Sri Aurobindo Marg, Delhi - DPCC",67,Satisfactory,PM10,100,0
2026-09-04T08:00:00+05:30,04-09-2026 08:00:00,"DTU, Delhi - CPCB",65,Satisfactory,PM10,100,0
2026-09-04T08:00:00+05:30,04-09-2026 08:00:00,"Okhla Phase-2, Delhi - DPCC",62,Satisfactory,PM10,100,0
2026-09-04T08:00:00+05:30,04-09-2026 08:00:00,"Burari Crossing, Delhi - IITM",61,Satisfactory,PM10,100,0
2026-09-04T08:00:00+05:30,04-09-2026 08:00:00,"IMD Lodhi Road, Delhi - IITM",59,Satisfactory,PM10,100,0
2026-09-04T08:00:00+05:30,04-09-2026 08:00:00,"Commonwealth Sports Complex, Delhi - DPCC",58,Satisfactory,PM10,100,0
2026-09-04T08:00:00+05:30,04-09-2026 08:00:00,"Talkatora Garden, Delhi - DPCC",55,Satisfactory,CO,100,0
2026-09-04T08:00:00+05:30,04-09-2026 08:00:00,"NSIT Dwarka, Delhi - CPCB",54,Satisfactory,CO,100,0
2026-09-04T08:00:00+05:30,04-09-2026 08:00:00,"Patparganj, Delhi - DPCC",54,Satisfactory,PM10,100,0
2026-09-04T08:00:00+05:30,04-09-2026 08:00:00,"JNU, Delhi - DPCC",53,Satisfactory,PM10,100,0
2026-09-04T08:00:00+05:30,04-09-2026 08:00:00,"Dr. Karni Singh Shooting Range, Delhi - DPCC",51,Satisfactory,PM10,100,0
2026-09-04T08:00:00+05:30,04-09-2026 08:00:00,"IHBAS, Dilshad Garden, Delhi - CPCB",50,Good,NO2,100,0
2026-09-04T08:00:00+05:30,04-09-2026 08:00:00,"Aya Nagar, Delhi - IITM",49,Good,PM10,100,0
2026-09-04T08:00:00+05:30,04-09-2026 08:00:00,"Shadipur, Delhi - CPCB",48,Good,PM10,100,0
2026-09-04T08:00:00+05:30,04-09-2026 08:00:00,"CRRI Mathura Road, Delhi - IITM",47,Good,PM10,100,0
2026-09-04T08:00:00+05:30,04-09-2026 08:00:00,"Major Dhyan Chand National Stadium, Delhi - DPCC",45,Good,CO,100,0
2026-09-04T08:00:00+05:30,04-09-2026 08:00:00,"IGNOU_Maidan Garhi, Delhi - DPCC",45,Good,PM10,100,0
2026-09-04T08:00:00+05:30,04-09-2026 08:00:00,"Najafgarh, Delhi - DPCC",37,Good,PM10,100,0
2026-09-04T09:00:00+05:30,04-09-2026 09:00:00,"Wazirpur, Delhi - DPCC",137,Moderately Polluted,PM10,100,1
2026-09-04T09:00:00+05:30,04-09-2026 09:00:00,"North Campus, DU, Delhi - IITM",128,Moderately Polluted,NO2,100,1
2026-09-04T09:00:00+05:30,04-09-2026 09:00:00,"Mundka, Delhi - DPCC",128,Moderately Polluted,PM10,100,1
2026-09-04T09:00:00+05:30,04-09-2026 09:00:00,"Rohini, Delhi - DPCC",112,Moderately Polluted,PM10,100,1
2026-09-04T09:00:00+05:30,04-09-2026 09:00:00,"Dwarka-Sector 8, Delhi - DPCC",109,Moderately Polluted,PM10,100,1
2026-09-04T09:00:00+05:30,04-09-2026 09:00:00,"Bawana, Delhi - DPCC",103,Moderately Polluted,PM2.5,100,1
2026-09-04T09:00:00+05:30,04-09-2026 09:00:00,"Nehru Nagar, Delhi - DPCC",90,Satisfactory,PM10,100,0
2026-09-04T09:00:00+05:30,04-09-2026 09:00:00,"IIT Delhi, Delhi - IITM",89,Satisfactory,PM10,100,0
2026-09-04T09:00:00+05:30,04-09-2026 09:00:00,"IGI Airport (T3), Delhi - IITM",87,Satisfactory,PM10,100,0
2026-09-04T09:00:00+05:30,04-09-2026 09:00:00,"Anand Vihar, Delhi - DPCC",83,Satisfactory,CO,100,0
2026-09-04T09:00:00+05:30,04-09-2026 09:00:00,"Chandni Chowk, Delhi - IITM",82,Satisfactory,CO,100,0
2026-09-04T09:00:00+05:30,04-09-2026 09:00:00,"Narela, Delhi - DPCC",81,Satisfactory,PM10,100,0
2026-09-04T09:00:00+05:30,04-09-2026 09:00:00,"Jahangirpuri, Delhi - DPCC",81,Satisfactory,PM10,100,0
2026-09-04T09:00:00+05:30,04-09-2026 09:00:00,"Jawaharlal Nehru Stadium, Delhi - DPCC",80,Satisfactory,CO,100,0
2026-09-04T09:00:00+05:30,04-09-2026 09:00:00,"Pusa, Delhi - IITM",80,Satisfactory,NO2,100,0
2026-09-04T09:00:00+05:30,04-09-2026 09:00:00,"Punjabi Bagh, Delhi - DPCC",80,Satisfactory,PM10,100,0
2026-09-04T09:00:00+05:30,04-09-2026 09:00:00,"Sirifort, Delhi - CPCB",79,Satisfactory,PM10,100,0
2026-09-04T09:00:00+05:30,04-09-2026 09:00:00,"Ashok Vihar, Delhi - DPCC",78,Satisfactory,PM10,100,0
2026-09-04T09:00:00+05:30,04-09-2026 09:00:00,"Sonia Vihar, Delhi - DPCC",77,Satisfactory,PM10,100,0
2026-09-04T09:00:00+05:30,04-09-2026 09:00:00,"Cantonment Area, Delhi - DPCC",74,Satisfactory,CO,100,0
2026-09-04T09:00:00+05:30,04-09-2026 09:00:00,"R K Puram, Delhi - DPCC",72,Satisfactory,PM10,100,0
2026-09-04T09:00:00+05:30,04-09-2026 09:00:00,"Pusa, Delhi - DPCC",71,Satisfactory,CO,100,0
2026-09-04T09:00:00+05:30,04-09-2026 09:00:00,"ITO, Delhi - CPCB",68,Satisfactory,PM10,100,0
2026-09-04T09:00:00+05:30,04-09-2026 09:00:00,"Vivek Vihar, Delhi - DPCC",68,Satisfactory,PM10,100,0
2026-09-04T09:00:00+05:30,04-09-2026 09:00:00,"Sri Aurobindo Marg, Delhi - DPCC",66,Satisfactory,PM10,100,0
2026-09-04T09:00:00+05:30,04-09-2026 09:00:00,"NSUT Jaffarpur, Delhi - DPCC",66,Satisfactory,PM10,100,0
2026-09-04T09:00:00+05:30,04-09-2026 09:00:00,"DTU, Delhi - CPCB",64,Satisfactory,PM10,100,0
2026-09-04T09:00:00+05:30,04-09-2026 09:00:00,"Okhla Phase-2, Delhi - DPCC",60,Satisfactory,PM10,100,0
2026-09-04T09:00:00+05:30,04-09-2026 09:00:00,"Burari Crossing, Delhi - IITM",59,Satisfactory,PM10,100,0
2026-09-04T09:00:00+05:30,04-09-2026 09:00:00,"Commonwealth Sports Complex, Delhi - DPCC",57,Satisfactory,PM10,100,0
2026-09-04T09:00:00+05:30,04-09-2026 09:00:00,"IMD Lodhi Road, Delhi - IITM",57,Satisfactory,PM10,100,0
2026-09-04T09:00:00+05:30,04-09-2026 09:00:00,"NSIT Dwarka, Delhi - CPCB",54,Satisfactory,CO,100,0
2026-09-04T09:00:00+05:30,04-09-2026 09:00:00,"Talkatora Garden, Delhi - DPCC",53,Satisfactory,CO,100,0
2026-09-04T09:00:00+05:30,04-09-2026 09:00:00,"JNU, Delhi - DPCC",53,Satisfactory,PM10,100,0
2026-09-04T09:00:00+05:30,04-09-2026 09:00:00,"Patparganj, Delhi - DPCC",52,Satisfactory,PM10,100,0
2026-09-04T09:00:00+05:30,04-09-2026 09:00:00,"IHBAS, Dilshad Garden, Delhi - CPCB",50,Good,NO2,100,0
2026-09-04T09:00:00+05:30,04-09-2026 09:00:00,"Aya Nagar, Delhi - IITM",49,Good,PM10,100,0
2026-09-04T09:00:00+05:30,04-09-2026 09:00:00,"Dr. Karni Singh Shooting Range, Delhi - DPCC",48,Good,PM10,100,0
2026-09-04T09:00:00+05:30,04-09-2026 09:00:00,"Shadipur, Delhi - CPCB",47,Good,PM10,100,0
2026-09-04T09:00:00+05:30,04-09-2026 09:00:00,"CRRI Mathura Road, Delhi - IITM",46,Good,PM10,100,0
2026-09-04T09:00:00+05:30,04-09-2026 09:00:00,"IGNOU_Maidan Garhi, Delhi - DPCC",45,Good,PM10,100,0
2026-09-04T09:00:00+05:30,04-09-2026 09:00:00,"Major Dhyan Chand National Stadium, Delhi - DPCC",44,Good,NO2,100,0
2026-09-04T09:00:00+05:30,04-09-2026 09:00:00,"Najafgarh, Delhi - DPCC",36,Good,PM10,100,0
2026-09-04T10:00:00+05:30,04-09-2026 10:00:00,"Wazirpur, Delhi - DPCC",138,Moderately Polluted,PM10,100,1
2026-09-04T10:00:00+05:30,04-09-2026 10:00:00,"North Campus, DU, Delhi - IITM",131,Moderately Polluted,NO2,100,1
2026-09-04T10:00:00+05:30,04-09-2026 10:00:00,"Mundka, Delhi - DPCC",127,Moderately Polluted,PM10,100,1
2026-09-04T10:00:00+05:30,04-09-2026 10:00:00,"Rohini, Delhi - DPCC",112,Moderately Polluted,PM10,100,1
2026-09-04T10:00:00+05:30,04-09-2026 10:00:00,"Dwarka-Sector 8, Delhi - DPCC",108,Moderately Polluted,PM10,100,1
2026-09-04T10:00:00+05:30,04-09-2026 10:00:00,"Bawana, Delhi - DPCC",102,Moderately Polluted,PM2.5,100,1
2026-09-04T10:00:00+05:30,04-09-2026 10:00:00,"Nehru Nagar, Delhi - DPCC",89,Satisfactory,PM10,100,0
2026-09-04T10:00:00+05:30,04-09-2026 10:00:00,"IIT Delhi, Delhi - IITM",89,Satisfactory,PM10,100,0
2026-09-04T10:00:00+05:30,04-09-2026 10:00:00,"IGI Airport (T3), Delhi - IITM",86,Satisfactory,PM10,100,0
2026-09-04T10:00:00+05:30,04-09-2026 10:00:00,"Anand Vihar, Delhi - DPCC",83,Satisfactory,CO,100,0
2026-09-04T10:00:00+05:30,04-09-2026 10:00:00,"Narela, Delhi - DPCC",82,Satisfactory,PM10,100,0
2026-09-04T10:00:00+05:30,04-09-2026 10:00:00,"Jahangirpuri, Delhi - DPCC",81,Satisfactory,PM10,100,0
2026-09-04T10:00:00+05:30,04-09-2026 10:00:00,"Chandni Chowk, Delhi - IITM",81,Satisfactory,CO,100,0
2026-09-04T10:00:00+05:30,04-09-2026 10:00:00,"Pusa, Delhi - IITM",80,Satisfactory,NO2,100,0
2026-09-04T10:00:00+05:30,04-09-2026 10:00:00,"Sirifort, Delhi - CPCB",79,Satisfactory,PM10,100,0
2026-09-04T10:00:00+05:30,04-09-2026 10:00:00,"Jawaharlal Nehru Stadium, Delhi - DPCC",79,Satisfactory,CO,100,0
2026-09-04T10:00:00+05:30,04-09-2026 10:00:00,"Sonia Vihar, Delhi - DPCC",77,Satisfactory,PM10,100,0
2026-09-04T10:00:00+05:30,04-09-2026 10:00:00,"Punjabi Bagh, Delhi - DPCC",77,Satisfactory,PM10,100,0
2026-09-04T10:00:00+05:30,04-09-2026 10:00:00,"Ashok Vihar, Delhi - DPCC",77,Satisfactory,PM10,100,0
2026-09-04T10:00:00+05:30,04-09-2026 10:00:00,"Cantonment Area, Delhi - DPCC",72,Satisfactory,CO,100,0
2026-09-04T10:00:00+05:30,04-09-2026 10:00:00,"R K Puram, Delhi - DPCC",71,Satisfactory,PM10,100,0
2026-09-04T10:00:00+05:30,04-09-2026 10:00:00,"Pusa, Delhi - DPCC",71,Satisfactory,CO,100,0
2026-09-04T10:00:00+05:30,04-09-2026 10:00:00,"Vivek Vihar, Delhi - DPCC",67,Satisfactory,PM10,100,0
2026-09-04T10:00:00+05:30,04-09-2026 10:00:00,"ITO, Delhi - CPCB",66,Satisfactory,PM10,100,0
2026-09-04T10:00:00+05:30,04-09-2026 10:00:00,"Sri Aurobindo Marg, Delhi - DPCC",66,Satisfactory,PM10,100,0
2026-09-04T10:00:00+05:30,04-09-2026 10:00:00,"DTU, Delhi - CPCB",64,Satisfactory,PM10,100,0
2026-09-04T10:00:00+05:30,04-09-2026 10:00:00,"NSUT Jaffarpur, Delhi - DPCC",63,Satisfactory,PM10,100,0
2026-09-04T10:00:00+05:30,04-09-2026 10:00:00,"Burari Crossing, Delhi - IITM",59,Satisfactory,PM10,100,0
2026-09-04T10:00:00+05:30,04-09-2026 10:00:00,"Okhla Phase-2, Delhi - DPCC",59,Satisfactory,CO,100,0
2026-09-04T10:00:00+05:30,04-09-2026 10:00:00,"Commonwealth Sports Complex, Delhi - DPCC",55,Satisfactory,PM10,100,0
2026-09-04T10:00:00+05:30,04-09-2026 10:00:00,"NSIT Dwarka, Delhi - CPCB",55,Satisfactory,CO,100,0
2026-09-04T10:00:00+05:30,04-09-2026 10:00:00,"IMD Lodhi Road, Delhi - IITM",55,Satisfactory,PM10,100,0
2026-09-04T10:00:00+05:30,04-09-2026 10:00:00,"JNU, Delhi - DPCC",52,Satisfactory,PM10,100,0
2026-09-04T10:00:00+05:30,04-09-2026 10:00:00,"IHBAS, Dilshad Garden, Delhi - CPCB",51,Satisfactory,NO2,100,0
2026-09-04T10:00:00+05:30,04-09-2026 10:00:00,"Talkatora Garden, Delhi - DPCC",51,Satisfactory,CO,100,0
2026-09-04T10:00:00+05:30,04-09-2026 10:00:00,"Patparganj, Delhi - DPCC",50,Good,PM10,100,0
2026-09-04T10:00:00+05:30,04-09-2026 10:00:00,"Aya Nagar, Delhi - IITM",50,Good,PM10,100,0
2026-09-04T10:00:00+05:30,04-09-2026 10:00:00,"Dr. Karni Singh Shooting Range, Delhi - DPCC",46,Good,PM10,100,0
2026-09-04T10:00:00+05:30,04-09-2026 10:00:00,"IGNOU_Maidan Garhi, Delhi - DPCC",45,Good,PM10,100,0
2026-09-04T10:00:00+05:30,04-09-2026 10:00:00,"Shadipur, Delhi - CPCB",45,Good,PM2.5,100,0
2026-09-04T10:00:00+05:30,04-09-2026 10:00:00,"CRRI Mathura Road, Delhi - IITM",44,Good,PM10,100,0
2026-09-04T10:00:00+05:30,04-09-2026 10:00:00,"Major Dhyan Chand National Stadium, Delhi - DPCC",43,Good,NO2,100,0
2026-09-04T10:00:00+05:30,04-09-2026 10:00:00,"Najafgarh, Delhi - DPCC",33,Good,PM10,100,0
2026-09-04T11:00:00+05:30,04-09-2026 11:00:00,"Wazirpur, Delhi - DPCC",138,Moderately Polluted,PM10,100,1
2026-09-04T11:00:00+05:30,04-09-2026 11:00:00,"North Campus, DU, Delhi - IITM",132,Moderately Polluted,NO2,100,1
2026-09-04T11:00:00+05:30,04-09-2026 11:00:00,"Mundka, Delhi - DPCC",126,Moderately Polluted,PM10,100,1
2026-09-04T11:00:00+05:30,04-09-2026 11:00:00,"Rohini, Delhi - DPCC",112,Moderately Polluted,PM10,100,1
2026-09-04T11:00:00+05:30,04-09-2026 11:00:00,"Dwarka-Sector 8, Delhi - DPCC",109,Moderately Polluted,PM10,100,1
2026-09-04T11:00:00+05:30,04-09-2026 11:00:00,"Bawana, Delhi - DPCC",102,Moderately Polluted,PM2.5,100,1
2026-09-04T11:00:00+05:30,04-09-2026 11:00:00,"IIT Delhi, Delhi - IITM",88,Satisfactory,PM10,100,0
2026-09-04T11:00:00+05:30,04-09-2026 11:00:00,"Nehru Nagar, Delhi - DPCC",88,Satisfactory,PM10,100,0
2026-09-04T11:00:00+05:30,04-09-2026 11:00:00,"Anand Vihar, Delhi - DPCC",84,Satisfactory,CO,100,0
2026-09-04T11:00:00+05:30,04-09-2026 11:00:00,"IGI Airport (T3), Delhi - IITM",83,Satisfactory,PM10,100,0
2026-09-04T11:00:00+05:30,04-09-2026 11:00:00,"Narela, Delhi - DPCC",83,Satisfactory,PM10,100,0
2026-09-04T11:00:00+05:30,04-09-2026 11:00:00,"Chandni Chowk, Delhi - IITM",81,Satisfactory,CO,100,0
2026-09-04T11:00:00+05:30,04-09-2026 11:00:00,"Jahangirpuri, Delhi - DPCC",81,Satisfactory,PM10,100,0
2026-09-04T11:00:00+05:30,04-09-2026 11:00:00,"Jawaharlal Nehru Stadium, Delhi - DPCC",79,Satisfactory,CO,100,0
2026-09-04T11:00:00+05:30,04-09-2026 11:00:00,"Sirifort, Delhi - CPCB",79,Satisfactory,PM10,100,0
2026-09-04T11:00:00+05:30,04-09-2026 11:00:00,"Pusa, Delhi - IITM",77,Satisfactory,NO2,100,0
2026-09-04T11:00:00+05:30,04-09-2026 11:00:00,"Ashok Vihar, Delhi - DPCC",76,Satisfactory,PM10,100,0
2026-09-04T11:00:00+05:30,04-09-2026 11:00:00,"Sonia Vihar, Delhi - DPCC",75,Satisfactory,PM10,100,0
2026-09-04T11:00:00+05:30,04-09-2026 11:00:00,"Punjabi Bagh, Delhi - DPCC",74,Satisfactory,PM10,100,0
2026-09-04T11:00:00+05:30,04-09-2026 11:00:00,"Pusa, Delhi - DPCC",71,Satisfactory,CO,100,0
2026-09-04T11:00:00+05:30,04-09-2026 11:00:00,"R K Puram, Delhi - DPCC",69,Satisfactory,PM10,100,0
2026-09-04T11:00:00+05:30,04-09-2026 11:00:00,"Cantonment Area, Delhi - DPCC",69,Satisfactory,CO,100,0
2026-09-04T11:00:00+05:30,04-09-2026 11:00:00,"Vivek Vihar, Delhi - DPCC",66,Satisfactory,PM10,100,0
2026-09-04T11:00:00+05:30,04-09-2026 11:00:00,"Sri Aurobindo Marg, Delhi - DPCC",64,Satisfactory,PM10,100,0
2026-09-04T11:00:00+05:30,04-09-2026 11:00:00,"ITO, Delhi - CPCB",64,Satisfactory,NO2,100,0
2026-09-04T11:00:00+05:30,04-09-2026 11:00:00,"DTU, Delhi - CPCB",63,Satisfactory,PM10,100,0
2026-09-04T11:00:00+05:30,04-09-2026 11:00:00,"NSUT Jaffarpur, Delhi - DPCC",62,Satisfactory,PM2.5,100,0
2026-09-04T11:00:00+05:30,04-09-2026 11:00:00,"Okhla Phase-2, Delhi - DPCC",60,Satisfactory,CO,100,0
2026-09-04T11:00:00+05:30,04-09-2026 11:00:00,"Burari Crossing, Delhi - IITM",58,Satisfactory,PM10,100,0
2026-09-04T11:00:00+05:30,04-09-2026 11:00:00,"Commonwealth Sports Complex, Delhi - DPCC",56,Satisfactory,CO,100,0
2026-09-04T11:00:00+05:30,04-09-2026 11:00:00,"NSIT Dwarka, Delhi - CPCB",55,Satisfactory,CO,100,0
2026-09-04T11:00:00+05:30,04-09-2026 11:00:00,"IMD Lodhi Road, Delhi - IITM",53,Satisfactory,PM10,100,0
2026-09-04T11:00:00+05:30,04-09-2026 11:00:00,"JNU, Delhi - DPCC",52,Satisfactory,PM10,100,0
2026-09-04T11:00:00+05:30,04-09-2026 11:00:00,"IHBAS, Dilshad Garden, Delhi - CPCB",51,Satisfactory,NO2,100,0
2026-09-04T11:00:00+05:30,04-09-2026 11:00:00,"Talkatora Garden, Delhi - DPCC",49,Good,CO,100,0
2026-09-04T11:00:00+05:30,04-09-2026 11:00:00,"Patparganj, Delhi - DPCC",49,Good,PM10,100,0
2026-09-04T11:00:00+05:30,04-09-2026 11:00:00,"Aya Nagar, Delhi - IITM",48,Good,PM10,100,0
2026-09-04T11:00:00+05:30,04-09-2026 11:00:00,"IGNOU_Maidan Garhi, Delhi - DPCC",44,Good,PM10,100,0
2026-09-04T11:00:00+05:30,04-09-2026 11:00:00,"Shadipur, Delhi - CPCB",44,Good,PM10,100,0
2026-09-04T11:00:00+05:30,04-09-2026 11:00:00,"Dr. Karni Singh Shooting Range, Delhi - DPCC",43,Good,PM10,100,0
2026-09-04T11:00:00+05:30,04-09-2026 11:00:00,"CRRI Mathura Road, Delhi - IITM",43,Good,PM10,100,0
2026-09-04T11:00:00+05:30,04-09-2026 11:00:00,"Major Dhyan Chand National Stadium, Delhi - DPCC",43,Good,NO2,100,0
2026-09-04T11:00:00+05:30,04-09-2026 11:00:00,"Najafgarh, Delhi - DPCC",31,Good,CO,100,0
2026-09-04T12:00:00+05:30,04-09-2026 12:00:00,"Wazirpur, Delhi - DPCC",139,Moderately Polluted,PM10,100,1
2026-09-04T12:00:00+05:30,04-09-2026 12:00:00,"North Campus, DU, Delhi - IITM",135,Moderately Polluted,NO2,100,1
2026-09-04T12:00:00+05:30,04-09-2026 12:00:00,"Mundka, Delhi - DPCC",124,Moderately Polluted,PM10,100,1
2026-09-04T12:00:00+05:30,04-09-2026 12:00:00,"Rohini, Delhi - DPCC",111,Moderately Polluted,PM10,100,1
2026-09-04T12:00:00+05:30,04-09-2026 12:00:00,"Dwarka-Sector 8, Delhi - DPCC",107,Moderately Polluted,PM10,100,1
2026-09-04T12:00:00+05:30,04-09-2026 12:00:00,"Jahangirpuri, Delhi - DPCC",106,Moderately Polluted,CO,100,1
2026-09-04T12:00:00+05:30,04-09-2026 12:00:00,"Bawana, Delhi - DPCC",102,Moderately Polluted,PM2.5,100,1
2026-09-04T12:00:00+05:30,04-09-2026 12:00:00,"IIT Delhi, Delhi - IITM",89,Satisfactory,PM10,100,0
2026-09-04T12:00:00+05:30,04-09-2026 12:00:00,"Nehru Nagar, Delhi - DPCC",88,Satisfactory,PM10,100,0
2026-09-04T12:00:00+05:30,04-09-2026 12:00:00,"Narela, Delhi - DPCC",85,Satisfactory,PM10,100,0
2026-09-04T12:00:00+05:30,04-09-2026 12:00:00,"IGI Airport (T3), Delhi - IITM",83,Satisfactory,PM10,100,0
2026-09-04T12:00:00+05:30,04-09-2026 12:00:00,"Anand Vihar, Delhi - DPCC",82,Satisfactory,CO,100,0
2026-09-04T12:00:00+05:30,04-09-2026 12:00:00,"Chandni Chowk, Delhi - IITM",82,Satisfactory,CO,100,0
2026-09-04T12:00:00+05:30,04-09-2026 12:00:00,"Jawaharlal Nehru Stadium, Delhi - DPCC",79,Satisfactory,CO,100,0
2026-09-04T12:00:00+05:30,04-09-2026 12:00:00,"Sirifort, Delhi - CPCB",79,Satisfactory,PM10,100,0
2026-09-04T12:00:00+05:30,04-09-2026 12:00:00,"Pusa, Delhi - IITM",77,Satisfactory,NO2,100,0
2026-09-04T12:00:00+05:30,04-09-2026 12:00:00,"Sonia Vihar, Delhi - DPCC",76,Satisfactory,PM10,100,0
2026-09-04T12:00:00+05:30,04-09-2026 12:00:00,"Ashok Vihar, Delhi - DPCC",74,Satisfactory,PM10,100,0
2026-09-04T12:00:00+05:30,04-09-2026 12:00:00,"Punjabi Bagh, Delhi - DPCC",73,Satisfactory,PM10,100,0
2026-09-04T12:00:00+05:30,04-09-2026 12:00:00,"Pusa, Delhi - DPCC",70,Satisfactory,CO,100,0
2026-09-04T12:00:00+05:30,04-09-2026 12:00:00,"R K Puram, Delhi - DPCC",67,Satisfactory,PM10,100,0
2026-09-04T12:00:00+05:30,04-09-2026 12:00:00,"Vivek Vihar, Delhi - DPCC",66,Satisfactory,PM10,100,0
2026-09-04T12:00:00+05:30,04-09-2026 12:00:00,"Cantonment Area, Delhi - DPCC",65,Satisfactory,CO,100,0
2026-09-04T12:00:00+05:30,04-09-2026 12:00:00,"ITO, Delhi - CPCB",64,Satisfactory,PM10,100,0
2026-09-04T12:00:00+05:30,04-09-2026 12:00:00,"DTU, Delhi - CPCB",63,Satisfactory,PM10,100,0
2026-09-04T12:00:00+05:30,04-09-2026 12:00:00,"Sri Aurobindo Marg, Delhi - DPCC",63,Satisfactory,PM10,100,0
2026-09-04T12:00:00+05:30,04-09-2026 12:00:00,"NSUT Jaffarpur, Delhi - DPCC",60,Satisfactory,PM2.5,100,0
2026-09-04T12:00:00+05:30,04-09-2026 12:00:00,"Okhla Phase-2, Delhi - DPCC",60,Satisfactory,CO,100,0
2026-09-04T12:00:00+05:30,04-09-2026 12:00:00,"Burari Crossing, Delhi - IITM",59,Satisfactory,PM10,100,0
2026-09-04T12:00:00+05:30,04-09-2026 12:00:00,"Commonwealth Sports Complex, Delhi - DPCC",58,Satisfactory,CO,100,0
2026-09-04T12:00:00+05:30,04-09-2026 12:00:00,"NSIT Dwarka, Delhi - CPCB",55,Satisfactory,CO,100,0
2026-09-04T12:00:00+05:30,04-09-2026 12:00:00,"IMD Lodhi Road, Delhi - IITM",52,Satisfactory,PM10,100,0
2026-09-04T12:00:00+05:30,04-09-2026 12:00:00,"JNU, Delhi - DPCC",52,Satisfactory,PM10,100,0
2026-09-04T12:00:00+05:30,04-09-2026 12:00:00,"IHBAS, Dilshad Garden, Delhi - CPCB",51,Satisfactory,NO2,100,0
2026-09-04T12:00:00+05:30,04-09-2026 12:00:00,"Aya Nagar, Delhi - IITM",49,Good,PM10,100,0
2026-09-04T12:00:00+05:30,04-09-2026 12:00:00,"Patparganj, Delhi - DPCC",49,Good,PM10,100,0
2026-09-04T12:00:00+05:30,04-09-2026 12:00:00,"Talkatora Garden, Delhi - DPCC",48,Good,CO,100,0
2026-09-04T12:00:00+05:30,04-09-2026 12:00:00,"Shadipur, Delhi - CPCB",48,Good,CO,100,0
2026-09-04T12:00:00+05:30,04-09-2026 12:00:00,"Mandir Marg, Delhi - DPCC",47,Good,CO,100,0
2026-09-04T12:00:00+05:30,04-09-2026 12:00:00,"Dr. Karni Singh Shooting Range, Delhi - DPCC",45,Good,PM10,100,0
2026-09-04T12:00:00+05:30,04-09-2026 12:00:00,"Major Dhyan Chand National Stadium, Delhi - DPCC",44,Good,NO2,100,0
2026-09-04T12:00:00+05:30,04-09-2026 12:00:00,"CRRI Mathura Road, Delhi - IITM",44,Good,PM10,100,0
2026-09-04T12:00:00+05:30,04-09-2026 12:00:00,"IGNOU_Maidan Garhi, Delhi - DPCC",43,Good,PM10,100,0
2026-09-04T12:00:00+05:30,04-09-2026 12:00:00,"Najafgarh, Delhi - DPCC",30,Good,CO,100,0
2026-09-04T13:00:00+05:30,04-09-2026 13:00:00,"Wazirpur, Delhi - DPCC",150,Moderately Polluted,PM10,100,1
2026-09-04T13:00:00+05:30,04-09-2026 13:00:00,"Mundka, Delhi - DPCC",123,Moderately Polluted,PM10,100,1
2026-09-04T13:00:00+05:30,04-09-2026 13:00:00,"Rohini, Delhi - DPCC",111,Moderately Polluted,PM10,100,1
2026-09-04T13:00:00+05:30,04-09-2026 13:00:00,"Dwarka-Sector 8, Delhi - DPCC",108,Moderately Polluted,PM10,100,1
2026-09-04T13:00:00+05:30,04-09-2026 13:00:00,"Bawana, Delhi - DPCC",105,Moderately Polluted,PM2.5,100,1
2026-09-04T13:00:00+05:30,04-09-2026 13:00:00,"Jahangirpuri, Delhi - DPCC",96,Satisfactory,CO,100,0
2026-09-04T13:00:00+05:30,04-09-2026 13:00:00,"Nehru Nagar, Delhi - DPCC",90,Satisfactory,PM10,100,0
2026-09-04T13:00:00+05:30,04-09-2026 13:00:00,"IIT Delhi, Delhi - IITM",88,Satisfactory,PM10,100,0
2026-09-04T13:00:00+05:30,04-09-2026 13:00:00,"Narela, Delhi - DPCC",84,Satisfactory,PM10,100,0
2026-09-04T13:00:00+05:30,04-09-2026 13:00:00,"IGI Airport (T3), Delhi - IITM",83,Satisfactory,PM10,100,0
2026-09-04T13:00:00+05:30,04-09-2026 13:00:00,"Chandni Chowk, Delhi - IITM",82,Satisfactory,CO,100,0
2026-09-04T13:00:00+05:30,04-09-2026 13:00:00,"Anand Vihar, Delhi - DPCC",80,Satisfactory,CO,100,0
2026-09-04T13:00:00+05:30,04-09-2026 13:00:00,"Sirifort, Delhi - CPCB",80,Satisfactory,PM10,100,0
2026-09-04T13:00:00+05:30,04-09-2026 13:00:00,"Jawaharlal Nehru Stadium, Delhi - DPCC",79,Satisfactory,CO,100,0
2026-09-04T13:00:00+05:30,04-09-2026 13:00:00,"Pusa, Delhi - IITM",77,Satisfactory,NO2,100,0
2026-09-04T13:00:00+05:30,04-09-2026 13:00:00,"Ashok Vihar, Delhi - DPCC",75,Satisfactory,PM10,100,0
2026-09-04T13:00:00+05:30,04-09-2026 13:00:00,"Sonia Vihar, Delhi - DPCC",75,Satisfactory,PM10,100,0
2026-09-04T13:00:00+05:30,04-09-2026 13:00:00,"Punjabi Bagh, Delhi - DPCC",74,Satisfactory,PM10,100,0
2026-09-04T13:00:00+05:30,04-09-2026 13:00:00,"Pusa, Delhi - DPCC",71,Satisfactory,CO,100,0
2026-09-04T13:00:00+05:30,04-09-2026 13:00:00,"R K Puram, Delhi - DPCC",68,Satisfactory,PM10,100,0
2026-09-04T13:00:00+05:30,04-09-2026 13:00:00,"Vivek Vihar, Delhi - DPCC",66,Satisfactory,CO,100,0
2026-09-04T13:00:00+05:30,04-09-2026 13:00:00,"ITO, Delhi - CPCB",65,Satisfactory,PM10,100,0
2026-09-04T13:00:00+05:30,04-09-2026 13:00:00,"Sri Aurobindo Marg, Delhi - DPCC",63,Satisfactory,PM10,100,0
2026-09-04T13:00:00+05:30,04-09-2026 13:00:00,"DTU, Delhi - CPCB",62,Satisfactory,PM10,100,0
2026-09-04T13:00:00+05:30,04-09-2026 13:00:00,"Cantonment Area, Delhi - DPCC",62,Satisfactory,CO,100,0
2026-09-04T13:00:00+05:30,04-09-2026 13:00:00,"Commonwealth Sports Complex, Delhi - DPCC",60,Satisfactory,CO,100,0
2026-09-04T13:00:00+05:30,04-09-2026 13:00:00,"Okhla Phase-2, Delhi - DPCC",60,Satisfactory,CO,100,0
2026-09-04T13:00:00+05:30,04-09-2026 13:00:00,"NSUT Jaffarpur, Delhi - DPCC",58,Satisfactory,PM2.5,100,0
2026-09-04T13:00:00+05:30,04-09-2026 13:00:00,"Burari Crossing, Delhi - IITM",57,Satisfactory,PM10,100,0
2026-09-04T13:00:00+05:30,04-09-2026 13:00:00,"NSIT Dwarka, Delhi - CPCB",55,Satisfactory,CO,100,0
2026-09-04T13:00:00+05:30,04-09-2026 13:00:00,"IGNOU_Maidan Garhi, Delhi - DPCC",53,Satisfactory,CO,100,0
2026-09-04T13:00:00+05:30,04-09-2026 13:00:00,"JNU, Delhi - DPCC",51,Satisfactory,PM10,100,0
2026-09-04T13:00:00+05:30,04-09-2026 13:00:00,"IMD Lodhi Road, Delhi - IITM",51,Satisfactory,PM10,100,0
2026-09-04T13:00:00+05:30,04-09-2026 13:00:00,"IHBAS, Dilshad Garden, Delhi - CPCB",50,Good,NO2,100,0
2026-09-04T13:00:00+05:30,04-09-2026 13:00:00,"Shadipur, Delhi - CPCB",50,Good,CO,100,0
2026-09-04T13:00:00+05:30,04-09-2026 13:00:00,"Patparganj, Delhi - DPCC",49,Good,PM10,100,0
2026-09-04T13:00:00+05:30,04-09-2026 13:00:00,"Talkatora Garden, Delhi - DPCC",49,Good,CO,100,0
2026-09-04T13:00:00+05:30,04-09-2026 13:00:00,"Aya Nagar, Delhi - IITM",49,Good,PM10,100,0
2026-09-04T13:00:00+05:30,04-09-2026 13:00:00,"Dr. Karni Singh Shooting Range, Delhi - DPCC",46,Good,PM10,100,0
2026-09-04T13:00:00+05:30,04-09-2026 13:00:00,"Mandir Marg, Delhi - DPCC",45,Good,CO,100,0
2026-09-04T13:00:00+05:30,04-09-2026 13:00:00,"Major Dhyan Chand National Stadium, Delhi - DPCC",44,Good,NO2,100,0
2026-09-04T13:00:00+05:30,04-09-2026 13:00:00,"CRRI Mathura Road, Delhi - IITM",44,Good,PM10,100,0
2026-09-04T13:00:00+05:30,04-09-2026 13:00:00,"Najafgarh, Delhi - DPCC",29,Good,CO,100,0
2026-09-04T14:00:00+05:30,04-09-2026 14:00:00,"Wazirpur, Delhi - DPCC",151,Moderately Polluted,PM10,100,1
2026-09-04T14:00:00+05:30,04-09-2026 14:00:00,"Mundka, Delhi - DPCC",123,Moderately Polluted,PM10,100,1
2026-09-04T14:00:00+05:30,04-09-2026 14:00:00,"Rohini, Delhi - DPCC",110,Moderately Polluted,PM10,100,1
2026-09-04T14:00:00+05:30,04-09-2026 14:00:00,"Dwarka-Sector 8, Delhi - DPCC",108,Moderately Polluted,PM10,100,1
2026-09-04T14:00:00+05:30,04-09-2026 14:00:00,"Bawana, Delhi - DPCC",105,Moderately Polluted,PM2.5,100,1
2026-09-04T14:00:00+05:30,04-09-2026 14:00:00,"Nehru Nagar, Delhi - DPCC",90,Satisfactory,PM10,100,0
2026-09-04T14:00:00+05:30,04-09-2026 14:00:00,"Jahangirpuri, Delhi - DPCC",87,Satisfactory,CO,100,0
2026-09-04T14:00:00+05:30,04-09-2026 14:00:00,"IIT Delhi, Delhi - IITM",87,Satisfactory,PM10,100,0
2026-09-04T14:00:00+05:30,04-09-2026 14:00:00,"Narela, Delhi - DPCC",85,Satisfactory,PM10,100,0
2026-09-04T14:00:00+05:30,04-09-2026 14:00:00,"IGI Airport (T3), Delhi - IITM",83,Satisfactory,PM10,100,0
2026-09-04T14:00:00+05:30,04-09-2026 14:00:00,"Chandni Chowk, Delhi - IITM",82,Satisfactory,CO,100,0
2026-09-04T14:00:00+05:30,04-09-2026 14:00:00,"Sirifort, Delhi - CPCB",80,Satisfactory,PM10,100,0
2026-09-04T14:00:00+05:30,04-09-2026 14:00:00,"Anand Vihar, Delhi - DPCC",79,Satisfactory,CO,100,0
2026-09-04T14:00:00+05:30,04-09-2026 14:00:00,"Jawaharlal Nehru Stadium, Delhi - DPCC",79,Satisfactory,CO,100,0
2026-09-04T14:00:00+05:30,04-09-2026 14:00:00,"Pusa, Delhi - IITM",78,Satisfactory,NO2,100,0
2026-09-04T14:00:00+05:30,04-09-2026 14:00:00,"Sonia Vihar, Delhi - DPCC",76,Satisfactory,PM10,100,0
2026-09-04T14:00:00+05:30,04-09-2026 14:00:00,"Ashok Vihar, Delhi - DPCC",73,Satisfactory,PM10,100,0
2026-09-04T14:00:00+05:30,04-09-2026 14:00:00,"Punjabi Bagh, Delhi - DPCC",73,Satisfactory,PM10,100,0
2026-09-04T14:00:00+05:30,04-09-2026 14:00:00,"Pusa, Delhi - DPCC",71,Satisfactory,CO,100,0
2026-09-04T14:00:00+05:30,04-09-2026 14:00:00,"R K Puram, Delhi - DPCC",69,Satisfactory,PM10,100,0
2026-09-04T14:00:00+05:30,04-09-2026 14:00:00,"Burari Crossing, Delhi - IITM",68,Satisfactory,OZONE,100,0
2026-09-04T14:00:00+05:30,04-09-2026 14:00:00,"Vivek Vihar, Delhi - DPCC",66,Satisfactory,CO,100,0
2026-09-04T14:00:00+05:30,04-09-2026 14:00:00,"ITO, Delhi - CPCB",64,Satisfactory,PM10,100,0
2026-09-04T14:00:00+05:30,04-09-2026 14:00:00,"Sri Aurobindo Marg, Delhi - DPCC",64,Satisfactory,PM10,100,0
2026-09-04T14:00:00+05:30,04-09-2026 14:00:00,"DTU, Delhi - CPCB",61,Satisfactory,PM10,100,0
2026-09-04T14:00:00+05:30,04-09-2026 14:00:00,"Commonwealth Sports Complex, Delhi - DPCC",61,Satisfactory,CO,100,0
2026-09-04T14:00:00+05:30,04-09-2026 14:00:00,"Okhla Phase-2, Delhi - DPCC",60,Satisfactory,CO,100,0
2026-09-04T14:00:00+05:30,04-09-2026 14:00:00,"Cantonment Area, Delhi - DPCC",58,Satisfactory,CO,100,0
2026-09-04T14:00:00+05:30,04-09-2026 14:00:00,"NSUT Jaffarpur, Delhi - DPCC",57,Satisfactory,PM2.5,100,0
2026-09-04T14:00:00+05:30,04-09-2026 14:00:00,"NSIT Dwarka, Delhi - CPCB",55,Satisfactory,CO,100,0
2026-09-04T14:00:00+05:30,04-09-2026 14:00:00,"Shadipur, Delhi - CPCB",53,Satisfactory,CO,100,0
2026-09-04T14:00:00+05:30,04-09-2026 14:00:00,"IGNOU_Maidan Garhi, Delhi - DPCC",52,Satisfactory,CO,100,0
2026-09-04T14:00:00+05:30,04-09-2026 14:00:00,"IMD Lodhi Road, Delhi - IITM",51,Satisfactory,PM10,100,0
2026-09-04T14:00:00+05:30,04-09-2026 14:00:00,"JNU, Delhi - DPCC",51,Satisfactory,PM10,100,0
2026-09-04T14:00:00+05:30,04-09-2026 14:00:00,"IHBAS, Dilshad Garden, Delhi - CPCB",50,Good,NO2,100,0
2026-09-04T14:00:00+05:30,04-09-2026 14:00:00,"Talkatora Garden, Delhi - DPCC",50,Good,CO,100,0
2026-09-04T14:00:00+05:30,04-09-2026 14:00:00,"Patparganj, Delhi - DPCC",50,Good,PM10,100,0
2026-09-04T14:00:00+05:30,04-09-2026 14:00:00,"Aya Nagar, Delhi - IITM",48,Good,PM10,100,0
2026-09-04T14:00:00+05:30,04-09-2026 14:00:00,"Mandir Marg, Delhi - DPCC",45,Good,CO,100,0
2026-09-04T14:00:00+05:30,04-09-2026 14:00:00,"Dr. Karni Singh Shooting Range, Delhi - DPCC",45,Good,PM10,100,0
2026-09-04T14:00:00+05:30,04-09-2026 14:00:00,"Major Dhyan Chand National Stadium, Delhi - DPCC",44,Good,NO2,100,0
2026-09-04T14:00:00+05:30,04-09-2026 14:00:00,"CRRI Mathura Road, Delhi - IITM",44,Good,PM10,100,0
2026-09-04T14:00:00+05:30,04-09-2026 14:00:00,"Najafgarh, Delhi - DPCC",28,Good,CO,100,0
2026-09-04T15:00:00+05:30,04-09-2026 15:00:00,"Wazirpur, Delhi - DPCC",151,Moderately Polluted,PM10,100,1
2026-09-04T15:00:00+05:30,04-09-2026 15:00:00,"Mundka, Delhi - DPCC",123,Moderately Polluted,PM10,100,1
2026-09-04T15:00:00+05:30,04-09-2026 15:00:00,"Rohini, Delhi - DPCC",110,Moderately Polluted,PM10,100,1
2026-09-04T15:00:00+05:30,04-09-2026 15:00:00,"Dwarka-Sector 8, Delhi - DPCC",109,Moderately Polluted,PM10,100,1
2026-09-04T15:00:00+05:30,04-09-2026 15:00:00,"Bawana, Delhi - DPCC",105,Moderately Polluted,PM2.5,100,1
2026-09-04T15:00:00+05:30,04-09-2026 15:00:00,"Nehru Nagar, Delhi - DPCC",89,Satisfactory,PM10,100,0
2026-09-04T15:00:00+05:30,04-09-2026 15:00:00,"IIT Delhi, Delhi - IITM",87,Satisfactory,PM10,100,0
2026-09-04T15:00:00+05:30,04-09-2026 15:00:00,"Narela, Delhi - DPCC",85,Satisfactory,PM10,100,0
2026-09-04T15:00:00+05:30,04-09-2026 15:00:00,"IGI Airport (T3), Delhi - IITM",84,Satisfactory,PM10,100,0
2026-09-04T15:00:00+05:30,04-09-2026 15:00:00,"Sirifort, Delhi - CPCB",81,Satisfactory,PM10,100,0
2026-09-04T15:00:00+05:30,04-09-2026 15:00:00,"Chandni Chowk, Delhi - IITM",81,Satisfactory,CO,100,0
2026-09-04T15:00:00+05:30,04-09-2026 15:00:00,"Burari Crossing, Delhi - IITM",78,Satisfactory,OZONE,100,0
2026-09-04T15:00:00+05:30,04-09-2026 15:00:00,"Anand Vihar, Delhi - DPCC",78,Satisfactory,CO,100,0
2026-09-04T15:00:00+05:30,04-09-2026 15:00:00,"Jahangirpuri, Delhi - DPCC",78,Satisfactory,PM10,100,0
2026-09-04T15:00:00+05:30,04-09-2026 15:00:00,"Pusa, Delhi - IITM",77,Satisfactory,NO2,100,0
2026-09-04T15:00:00+05:30,04-09-2026 15:00:00,"Sonia Vihar, Delhi - DPCC",76,Satisfactory,PM10,100,0
2026-09-04T15:00:00+05:30,04-09-2026 15:00:00,"Ashok Vihar, Delhi - DPCC",74,Satisfactory,PM10,100,0
2026-09-04T15:00:00+05:30,04-09-2026 15:00:00,"Jawaharlal Nehru Stadium, Delhi - DPCC",74,Satisfactory,CO,100,0
2026-09-04T15:00:00+05:30,04-09-2026 15:00:00,"Punjabi Bagh, Delhi - DPCC",73,Satisfactory,PM10,100,0
2026-09-04T15:00:00+05:30,04-09-2026 15:00:00,"Pusa, Delhi - DPCC",72,Satisfactory,CO,100,0
2026-09-04T15:00:00+05:30,04-09-2026 15:00:00,"R K Puram, Delhi - DPCC",70,Satisfactory,PM10,100,0
2026-09-04T15:00:00+05:30,04-09-2026 15:00:00,"Vivek Vihar, Delhi - DPCC",67,Satisfactory,PM10,100,0
2026-09-04T15:00:00+05:30,04-09-2026 15:00:00,"ITO, Delhi - CPCB",65,Satisfactory,PM10,100,0
2026-09-04T15:00:00+05:30,04-09-2026 15:00:00,"Sri Aurobindo Marg, Delhi - DPCC",64,Satisfactory,PM10,100,0
2026-09-04T15:00:00+05:30,04-09-2026 15:00:00,"Commonwealth Sports Complex, Delhi - DPCC",62,Satisfactory,CO,100,0
2026-09-04T15:00:00+05:30,04-09-2026 15:00:00,"Okhla Phase-2, Delhi - DPCC",60,Satisfactory,CO,100,0
2026-09-04T15:00:00+05:30,04-09-2026 15:00:00,"DTU, Delhi - CPCB",60,Satisfactory,PM10,100,0
2026-09-04T15:00:00+05:30,04-09-2026 15:00:00,"Shadipur, Delhi - CPCB",59,Satisfactory,CO,100,0
2026-09-04T15:00:00+05:30,04-09-2026 15:00:00,"NSUT Jaffarpur, Delhi - DPCC",57,Satisfactory,PM2.5,100,0
2026-09-04T15:00:00+05:30,04-09-2026 15:00:00,"Cantonment Area, Delhi - DPCC",55,Satisfactory,CO,100,0
2026-09-04T15:00:00+05:30,04-09-2026 15:00:00,"NSIT Dwarka, Delhi - CPCB",54,Satisfactory,CO,100,0
2026-09-04T15:00:00+05:30,04-09-2026 15:00:00,"IMD Lodhi Road, Delhi - IITM",53,Satisfactory,OZONE,100,0
2026-09-04T15:00:00+05:30,04-09-2026 15:00:00,"Talkatora Garden, Delhi - DPCC",51,Satisfactory,CO,100,0
2026-09-04T15:00:00+05:30,04-09-2026 15:00:00,"JNU, Delhi - DPCC",51,Satisfactory,PM10,100,0
2026-09-04T15:00:00+05:30,04-09-2026 15:00:00,"IGNOU_Maidan Garhi, Delhi - DPCC",51,Satisfactory,CO,100,0
2026-09-04T15:00:00+05:30,04-09-2026 15:00:00,"Patparganj, Delhi - DPCC",50,Good,PM10,100,0
2026-09-04T15:00:00+05:30,04-09-2026 15:00:00,"IHBAS, Dilshad Garden, Delhi - CPCB",50,Good,NO2,100,0
2026-09-04T15:00:00+05:30,04-09-2026 15:00:00,"Aya Nagar, Delhi - IITM",46,Good,PM10,100,0
2026-09-04T15:00:00+05:30,04-09-2026 15:00:00,"CRRI Mathura Road, Delhi - IITM",44,Good,PM10,100,0
2026-09-04T15:00:00+05:30,04-09-2026 15:00:00,"Mandir Marg, Delhi - DPCC",44,Good,CO,100,0
2026-09-04T15:00:00+05:30,04-09-2026 15:00:00,"Dr. Karni Singh Shooting Range, Delhi - DPCC",44,Good,PM10,100,0
2026-09-04T15:00:00+05:30,04-09-2026 15:00:00,"Major Dhyan Chand National Stadium, Delhi - DPCC",43,Good,NO2,100,0
2026-09-04T15:00:00+05:30,04-09-2026 15:00:00,"Najafgarh, Delhi - DPCC",27,Good,CO,100,0
2026-09-04T16:00:00+05:30,04-09-2026 16:00:00,"Wazirpur, Delhi - DPCC",147,Moderately Polluted,PM10,100,1
2026-09-04T16:00:00+05:30,04-09-2026 16:00:00,"Mundka, Delhi - DPCC",122,Moderately Polluted,PM10,100,1
2026-09-04T16:00:00+05:30,04-09-2026 16:00:00,"Bawana, Delhi - DPCC",111,Moderately Polluted,PM2.5,100,1
2026-09-04T16:00:00+05:30,04-09-2026 16:00:00,"Dwarka-Sector 8, Delhi - DPCC",110,Moderately Polluted,PM10,100,1
2026-09-04T16:00:00+05:30,04-09-2026 16:00:00,"Rohini, Delhi - DPCC",110,Moderately Polluted,PM10,100,1
2026-09-04T16:00:00+05:30,04-09-2026 16:00:00,"Nehru Nagar, Delhi - DPCC",91,Satisfactory,PM10,100,0
2026-09-04T16:00:00+05:30,04-09-2026 16:00:00,"IIT Delhi, Delhi - IITM",89,Satisfactory,PM10,100,0
2026-09-04T16:00:00+05:30,04-09-2026 16:00:00,"Narela, Delhi - DPCC",86,Satisfactory,PM10,100,0
2026-09-04T16:00:00+05:30,04-09-2026 16:00:00,"IGI Airport (T3), Delhi - IITM",84,Satisfactory,PM10,100,0
2026-09-04T16:00:00+05:30,04-09-2026 16:00:00,"Burari Crossing, Delhi - IITM",82,Satisfactory,OZONE,100,0
2026-09-04T16:00:00+05:30,04-09-2026 16:00:00,"Sirifort, Delhi - CPCB",82,Satisfactory,PM10,100,0
2026-09-04T16:00:00+05:30,04-09-2026 16:00:00,"Chandni Chowk, Delhi - IITM",79,Satisfactory,CO,100,0
2026-09-04T16:00:00+05:30,04-09-2026 16:00:00,"Jahangirpuri, Delhi - DPCC",79,Satisfactory,PM10,100,0
2026-09-04T16:00:00+05:30,04-09-2026 16:00:00,"Anand Vihar, Delhi - DPCC",78,Satisfactory,CO,100,0
2026-09-04T16:00:00+05:30,04-09-2026 16:00:00,"Sonia Vihar, Delhi - DPCC",77,Satisfactory,PM10,100,0
2026-09-04T16:00:00+05:30,04-09-2026 16:00:00,"Pusa, Delhi - IITM",76,Satisfactory,NO2,100,0
2026-09-04T16:00:00+05:30,04-09-2026 16:00:00,"Ashok Vihar, Delhi - DPCC",75,Satisfactory,PM10,100,0
2026-09-04T16:00:00+05:30,04-09-2026 16:00:00,"Punjabi Bagh, Delhi - DPCC",74,Satisfactory,PM10,100,0
2026-09-04T16:00:00+05:30,04-09-2026 16:00:00,"Pusa, Delhi - DPCC",73,Satisfactory,CO,100,0
2026-09-04T16:00:00+05:30,04-09-2026 16:00:00,"R K Puram, Delhi - DPCC",70,Satisfactory,PM10,100,0
2026-09-04T16:00:00+05:30,04-09-2026 16:00:00,"Vivek Vihar, Delhi - DPCC",67,Satisfactory,PM10,100,0
2026-09-04T16:00:00+05:30,04-09-2026 16:00:00,"Jawaharlal Nehru Stadium, Delhi - DPCC",64,Satisfactory,CO,100,0
2026-09-04T16:00:00+05:30,04-09-2026 16:00:00,"ITO, Delhi - CPCB",64,Satisfactory,PM10,100,0
2026-09-04T16:00:00+05:30,04-09-2026 16:00:00,"Sri Aurobindo Marg, Delhi - DPCC",64,Satisfactory,PM10,100,0
2026-09-04T16:00:00+05:30,04-09-2026 16:00:00,"Shadipur, Delhi - CPCB",63,Satisfactory,CO,100,0
2026-09-04T16:00:00+05:30,04-09-2026 16:00:00,"Commonwealth Sports Complex, Delhi - DPCC",61,Satisfactory,CO,100,0
2026-09-04T16:00:00+05:30,04-09-2026 16:00:00,"DTU, Delhi - CPCB",60,Satisfactory,PM10,100,0
2026-09-04T16:00:00+05:30,04-09-2026 16:00:00,"Okhla Phase-2, Delhi - DPCC",60,Satisfactory,CO,100,0
2026-09-04T16:00:00+05:30,04-09-2026 16:00:00,"IMD Lodhi Road, Delhi - IITM",57,Satisfactory,OZONE,100,0
2026-09-04T16:00:00+05:30,04-09-2026 16:00:00,"NSUT Jaffarpur, Delhi - DPCC",57,Satisfactory,PM2.5,100,0
2026-09-04T16:00:00+05:30,04-09-2026 16:00:00,"NSIT Dwarka, Delhi - CPCB",53,Satisfactory,CO,100,0
2026-09-04T16:00:00+05:30,04-09-2026 16:00:00,"Talkatora Garden, Delhi - DPCC",52,Satisfactory,CO,100,0
2026-09-04T16:00:00+05:30,04-09-2026 16:00:00,"JNU, Delhi - DPCC",51,Satisfactory,PM10,100,0
2026-09-04T16:00:00+05:30,04-09-2026 16:00:00,"Patparganj, Delhi - DPCC",51,Satisfactory,PM10,100,0
2026-09-04T16:00:00+05:30,04-09-2026 16:00:00,"IHBAS, Dilshad Garden, Delhi - CPCB",50,Good,NO2,100,0
2026-09-04T16:00:00+05:30,04-09-2026 16:00:00,"IGNOU_Maidan Garhi, Delhi - DPCC",50,Good,CO,100,0
2026-09-04T16:00:00+05:30,04-09-2026 16:00:00,"Cantonment Area, Delhi - DPCC",49,Good,CO,100,0
2026-09-04T16:00:00+05:30,04-09-2026 16:00:00,"Aya Nagar, Delhi - IITM",47,Good,PM10,100,0
2026-09-04T16:00:00+05:30,04-09-2026 16:00:00,"Dr. Karni Singh Shooting Range, Delhi - DPCC",45,Good,PM10,100,0
2026-09-04T16:00:00+05:30,04-09-2026 16:00:00,"Mandir Marg, Delhi - DPCC",44,Good,CO,100,0
2026-09-04T16:00:00+05:30,04-09-2026 16:00:00,"CRRI Mathura Road, Delhi - IITM",44,Good,PM10,100,0
2026-09-04T16:00:00+05:30,04-09-2026 16:00:00,"Major Dhyan Chand National Stadium, Delhi - DPCC",43,Good,NO2,100,0
2026-09-04T16:00:00+05:30,04-09-2026 16:00:00,"Najafgarh, Delhi - DPCC",26,Good,PM10,100,0
2026-09-04T17:00:00+05:30,04-09-2026 17:00:00,"Wazirpur, Delhi - DPCC",142,Moderately Polluted,PM10,100,1
2026-09-04T17:00:00+05:30,04-09-2026 17:00:00,"Mundka, Delhi - DPCC",122,Moderately Polluted,PM10,100,1
2026-09-04T17:00:00+05:30,04-09-2026 17:00:00,"Bawana, Delhi - DPCC",112,Moderately Polluted,PM2.5,100,1
2026-09-04T17:00:00+05:30,04-09-2026 17:00:00,"Rohini, Delhi - DPCC",108,Moderately Polluted,PM10,100,1
2026-09-04T17:00:00+05:30,04-09-2026 17:00:00,"Dwarka-Sector 8, Delhi - DPCC",106,Moderately Polluted,PM10,100,1
2026-09-04T17:00:00+05:30,04-09-2026 17:00:00,"Nehru Nagar, Delhi - DPCC",90,Satisfactory,PM10,100,0
2026-09-04T17:00:00+05:30,04-09-2026 17:00:00,"IIT Delhi, Delhi - IITM",89,Satisfactory,PM10,100,0
2026-09-04T17:00:00+05:30,04-09-2026 17:00:00,"Burari Crossing, Delhi - IITM",86,Satisfactory,OZONE,100,0
2026-09-04T17:00:00+05:30,04-09-2026 17:00:00,"Narela, Delhi - DPCC",86,Satisfactory,PM10,100,0
2026-09-04T17:00:00+05:30,04-09-2026 17:00:00,"IGI Airport (T3), Delhi - IITM",86,Satisfactory,OZONE,100,0
2026-09-04T17:00:00+05:30,04-09-2026 17:00:00,"Sirifort, Delhi - CPCB",82,Satisfactory,PM10,100,0
2026-09-04T17:00:00+05:30,04-09-2026 17:00:00,"Anand Vihar, Delhi - DPCC",79,Satisfactory,CO,100,0
2026-09-04T17:00:00+05:30,04-09-2026 17:00:00,"Chandni Chowk, Delhi - IITM",77,Satisfactory,CO,100,0
2026-09-04T17:00:00+05:30,04-09-2026 17:00:00,"Pusa, Delhi - IITM",76,Satisfactory,NO2,100,0
2026-09-04T17:00:00+05:30,04-09-2026 17:00:00,"Jahangirpuri, Delhi - DPCC",76,Satisfactory,PM10,100,0
2026-09-04T17:00:00+05:30,04-09-2026 17:00:00,"Sonia Vihar, Delhi - DPCC",76,Satisfactory,PM10,100,0
2026-09-04T17:00:00+05:30,04-09-2026 17:00:00,"Pusa, Delhi - DPCC",74,Satisfactory,CO,100,0
2026-09-04T17:00:00+05:30,04-09-2026 17:00:00,"Ashok Vihar, Delhi - DPCC",73,Satisfactory,PM10,100,0
2026-09-04T17:00:00+05:30,04-09-2026 17:00:00,"Punjabi Bagh, Delhi - DPCC",71,Satisfactory,PM10,100,0
2026-09-04T17:00:00+05:30,04-09-2026 17:00:00,"R K Puram, Delhi - DPCC",70,Satisfactory,PM10,100,0
2026-09-04T17:00:00+05:30,04-09-2026 17:00:00,"Vivek Vihar, Delhi - DPCC",66,Satisfactory,PM10,100,0
2026-09-04T17:00:00+05:30,04-09-2026 17:00:00,"Sri Aurobindo Marg, Delhi - DPCC",64,Satisfactory,PM10,100,0
2026-09-04T17:00:00+05:30,04-09-2026 17:00:00,"Shadipur, Delhi - CPCB",63,Satisfactory,CO,100,0
2026-09-04T17:00:00+05:30,04-09-2026 17:00:00,"ITO, Delhi - CPCB",63,Satisfactory,PM10,100,0
2026-09-04T17:00:00+05:30,04-09-2026 17:00:00,"Jawaharlal Nehru Stadium, Delhi - DPCC",62,Satisfactory,CO,100,0
2026-09-04T17:00:00+05:30,04-09-2026 17:00:00,"Commonwealth Sports Complex, Delhi - DPCC",61,Satisfactory,CO,100,0
2026-09-04T17:00:00+05:30,04-09-2026 17:00:00,"Okhla Phase-2, Delhi - DPCC",61,Satisfactory,PM10,100,0
2026-09-04T17:00:00+05:30,04-09-2026 17:00:00,"IMD Lodhi Road, Delhi - IITM",59,Satisfactory,OZONE,100,0
2026-09-04T17:00:00+05:30,04-09-2026 17:00:00,"DTU, Delhi - CPCB",59,Satisfactory,PM10,100,0
2026-09-04T17:00:00+05:30,04-09-2026 17:00:00,"NSUT Jaffarpur, Delhi - DPCC",58,Satisfactory,PM2.5,100,0
2026-09-04T17:00:00+05:30,04-09-2026 17:00:00,"Talkatora Garden, Delhi - DPCC",52,Satisfactory,CO,100,0
2026-09-04T17:00:00+05:30,04-09-2026 17:00:00,"NSIT Dwarka, Delhi - CPCB",52,Satisfactory,CO,100,0
2026-09-04T17:00:00+05:30,04-09-2026 17:00:00,"Patparganj, Delhi - DPCC",51,Satisfactory,PM10,100,0
2026-09-04T17:00:00+05:30,04-09-2026 17:00:00,"JNU, Delhi - DPCC",51,Satisfactory,PM10,100,0
2026-09-04T17:00:00+05:30,04-09-2026 17:00:00,"IHBAS, Dilshad Garden, Delhi - CPCB",50,Good,NO2,100,0
2026-09-04T17:00:00+05:30,04-09-2026 17:00:00,"IGNOU_Maidan Garhi, Delhi - DPCC",49,Good,CO,100,0
2026-09-04T17:00:00+05:30,04-09-2026 17:00:00,"Aya Nagar, Delhi - IITM",48,Good,PM10,100,0
2026-09-04T17:00:00+05:30,04-09-2026 17:00:00,"Dr. Karni Singh Shooting Range, Delhi - DPCC",46,Good,PM10,100,0
2026-09-04T17:00:00+05:30,04-09-2026 17:00:00,"CRRI Mathura Road, Delhi - IITM",45,Good,PM10,100,0
2026-09-04T17:00:00+05:30,04-09-2026 17:00:00,"Cantonment Area, Delhi - DPCC",45,Good,CO,100,0
2026-09-04T17:00:00+05:30,04-09-2026 17:00:00,"Major Dhyan Chand National Stadium, Delhi - DPCC",43,Good,NO2,100,0
2026-09-04T17:00:00+05:30,04-09-2026 17:00:00,"Mandir Marg, Delhi - DPCC",43,Good,CO,100,0
2026-09-04T17:00:00+05:30,04-09-2026 17:00:00,"Najafgarh, Delhi - DPCC",27,Good,PM10,100,0
2026-09-04T18:00:00+05:30,04-09-2026 18:00:00,"Wazirpur, Delhi - DPCC",137,Moderately Polluted,PM10,100,1
2026-09-04T18:00:00+05:30,04-09-2026 18:00:00,"Mundka, Delhi - DPCC",124,Moderately Polluted,PM10,100,1
2026-09-04T18:00:00+05:30,04-09-2026 18:00:00,"Bawana, Delhi - DPCC",108,Moderately Polluted,PM2.5,100,1
2026-09-04T18:00:00+05:30,04-09-2026 18:00:00,"Dwarka-Sector 8, Delhi - DPCC",107,Moderately Polluted,PM10,100,1
2026-09-04T18:00:00+05:30,04-09-2026 18:00:00,"Ashok Vihar, Delhi - DPCC",104,Moderately Polluted,CO,100,1
2026-09-04T18:00:00+05:30,04-09-2026 18:00:00,"Rohini, Delhi - DPCC",104,Moderately Polluted,PM10,100,1
2026-09-04T18:00:00+05:30,04-09-2026 18:00:00,"IIT Delhi, Delhi - IITM",91,Satisfactory,PM10,100,0
2026-09-04T18:00:00+05:30,04-09-2026 18:00:00,"Nehru Nagar, Delhi - DPCC",87,Satisfactory,PM10,100,0
2026-09-04T18:00:00+05:30,04-09-2026 18:00:00,"Narela, Delhi - DPCC",85,Satisfactory,PM10,100,0
2026-09-04T18:00:00+05:30,04-09-2026 18:00:00,"Burari Crossing, Delhi - IITM",85,Satisfactory,OZONE,100,0
2026-09-04T18:00:00+05:30,04-09-2026 18:00:00,"IGI Airport (T3), Delhi - IITM",83,Satisfactory,OZONE,100,0
2026-09-04T18:00:00+05:30,04-09-2026 18:00:00,"Anand Vihar, Delhi - DPCC",81,Satisfactory,CO,100,0
2026-09-04T18:00:00+05:30,04-09-2026 18:00:00,"Sirifort, Delhi - CPCB",80,Satisfactory,PM10,100,0
2026-09-04T18:00:00+05:30,04-09-2026 18:00:00,"Pusa, Delhi - DPCC",77,Satisfactory,CO,100,0
2026-09-04T18:00:00+05:30,04-09-2026 18:00:00,"Pusa, Delhi - IITM",77,Satisfactory,NO2,100,0
2026-09-04T18:00:00+05:30,04-09-2026 18:00:00,"Chandni Chowk, Delhi - IITM",76,Satisfactory,CO,100,0
2026-09-04T18:00:00+05:30,04-09-2026 18:00:00,"Jahangirpuri, Delhi - DPCC",75,Satisfactory,PM10,100,0
2026-09-04T18:00:00+05:30,04-09-2026 18:00:00,"Sonia Vihar, Delhi - DPCC",74,Satisfactory,PM10,100,0
2026-09-04T18:00:00+05:30,04-09-2026 18:00:00,"R K Puram, Delhi - DPCC",71,Satisfactory,PM10,100,0
2026-09-04T18:00:00+05:30,04-09-2026 18:00:00,"Punjabi Bagh, Delhi - DPCC",67,Satisfactory,PM10,100,0
2026-09-04T18:00:00+05:30,04-09-2026 18:00:00,"Okhla Phase-2, Delhi - DPCC",67,Satisfactory,PM10,100,0
2026-09-04T18:00:00+05:30,04-09-2026 18:00:00,"Vivek Vihar, Delhi - DPCC",66,Satisfactory,CO,100,0
2026-09-04T18:00:00+05:30,04-09-2026 18:00:00,"ITO, Delhi - CPCB",64,Satisfactory,NO2,100,0
2026-09-04T18:00:00+05:30,04-09-2026 18:00:00,"North Campus, DU, Delhi - IITM",64,Satisfactory,CO,100,0
2026-09-04T18:00:00+05:30,04-09-2026 18:00:00,"Sri Aurobindo Marg, Delhi - DPCC",63,Satisfactory,PM10,100,0
2026-09-04T18:00:00+05:30,04-09-2026 18:00:00,"Shadipur, Delhi - CPCB",61,Satisfactory,CO,100,0
2026-09-04T18:00:00+05:30,04-09-2026 18:00:00,"Commonwealth Sports Complex, Delhi - DPCC",59,Satisfactory,CO,100,0
2026-09-04T18:00:00+05:30,04-09-2026 18:00:00,"NSUT Jaffarpur, Delhi - DPCC",58,Satisfactory,PM2.5,100,0
2026-09-04T18:00:00+05:30,04-09-2026 18:00:00,"DTU, Delhi - CPCB",57,Satisfactory,PM10,100,0
2026-09-04T18:00:00+05:30,04-09-2026 18:00:00,"IMD Lodhi Road, Delhi - IITM",57,Satisfactory,OZONE,100,0
2026-09-04T18:00:00+05:30,04-09-2026 18:00:00,"Jawaharlal Nehru Stadium, Delhi - DPCC",56,Satisfactory,CO,100,0
2026-09-04T18:00:00+05:30,04-09-2026 18:00:00,"Talkatora Garden, Delhi - DPCC",54,Satisfactory,CO,100,0
2026-09-04T18:00:00+05:30,04-09-2026 18:00:00,"JNU, Delhi - DPCC",51,Satisfactory,PM10,100,0
2026-09-04T18:00:00+05:30,04-09-2026 18:00:00,"IHBAS, Dilshad Garden, Delhi - CPCB",50,Good,NO2,100,0
2026-09-04T18:00:00+05:30,04-09-2026 18:00:00,"Patparganj, Delhi - DPCC",50,Good,PM10,100,0
2026-09-04T18:00:00+05:30,04-09-2026 18:00:00,"NSIT Dwarka, Delhi - CPCB",50,Good,CO,100,0
2026-09-04T18:00:00+05:30,04-09-2026 18:00:00,"Aya Nagar, Delhi - IITM",50,Good,PM10,100,0
2026-09-04T18:00:00+05:30,04-09-2026 18:00:00,"IGNOU_Maidan Garhi, Delhi - DPCC",48,Good,CO,100,0
2026-09-04T18:00:00+05:30,04-09-2026 18:00:00,"CRRI Mathura Road, Delhi - IITM",46,Good,PM10,100,0
2026-09-04T18:00:00+05:30,04-09-2026 18:00:00,"Dr. Karni Singh Shooting Range, Delhi - DPCC",45,Good,PM10,100,0
2026-09-04T18:00:00+05:30,04-09-2026 18:00:00,"Major Dhyan Chand National Stadium, Delhi - DPCC",44,Good,NO2,100,0
2026-09-04T18:00:00+05:30,04-09-2026 18:00:00,"Mandir Marg, Delhi - DPCC",43,Good,CO,100,0
2026-09-04T18:00:00+05:30,04-09-2026 18:00:00,"Cantonment Area, Delhi - DPCC",43,Good,CO,100,0
2026-09-04T18:00:00+05:30,04-09-2026 18:00:00,"Najafgarh, Delhi - DPCC",27,Good,PM10,100,0
2026-09-04T19:00:00+05:30,04-09-2026 19:00:00,"Wazirpur, Delhi - DPCC",132,Moderately Polluted,PM10,100,1
2026-09-04T19:00:00+05:30,04-09-2026 19:00:00,"Mundka, Delhi - DPCC",121,Moderately Polluted,PM10,100,1
2026-09-04T19:00:00+05:30,04-09-2026 19:00:00,"Bawana, Delhi - DPCC",105,Moderately Polluted,PM2.5,100,1
2026-09-04T19:00:00+05:30,04-09-2026 19:00:00,"Ashok Vihar, Delhi - DPCC",104,Moderately Polluted,CO,100,1
2026-09-04T19:00:00+05:30,04-09-2026 19:00:00,"Dwarka-Sector 8, Delhi - DPCC",102,Moderately Polluted,PM10,100,1
2026-09-04T19:00:00+05:30,04-09-2026 19:00:00,"Rohini, Delhi - DPCC",101,Moderately Polluted,PM10,100,1
2026-09-04T19:00:00+05:30,04-09-2026 19:00:00,"IIT Delhi, Delhi - IITM",89,Satisfactory,PM10,100,0
2026-09-04T19:00:00+05:30,04-09-2026 19:00:00,"Nehru Nagar, Delhi - DPCC",86,Satisfactory,PM10,100,0
2026-09-04T19:00:00+05:30,04-09-2026 19:00:00,"Narela, Delhi - DPCC",83,Satisfactory,PM10,100,0
2026-09-04T19:00:00+05:30,04-09-2026 19:00:00,"Anand Vihar, Delhi - DPCC",81,Satisfactory,CO,100,0
2026-09-04T19:00:00+05:30,04-09-2026 19:00:00,"Pusa, Delhi - DPCC",79,Satisfactory,CO,100,0
2026-09-04T19:00:00+05:30,04-09-2026 19:00:00,"Sirifort, Delhi - CPCB",79,Satisfactory,PM10,100,0
2026-09-04T19:00:00+05:30,04-09-2026 19:00:00,"IGI Airport (T3), Delhi - IITM",79,Satisfactory,PM10,100,0
2026-09-04T19:00:00+05:30,04-09-2026 19:00:00,"Burari Crossing, Delhi - IITM",78,Satisfactory,OZONE,100,0
2026-09-04T19:00:00+05:30,04-09-2026 19:00:00,"Jahangirpuri, Delhi - DPCC",76,Satisfactory,PM10,100,0
2026-09-04T19:00:00+05:30,04-09-2026 19:00:00,"Pusa, Delhi - IITM",76,Satisfactory,NO2,100,0
2026-09-04T19:00:00+05:30,04-09-2026 19:00:00,"Chandni Chowk, Delhi - IITM",75,Satisfactory,CO,100,0
2026-09-04T19:00:00+05:30,04-09-2026 19:00:00,"North Campus, DU, Delhi - IITM",72,Satisfactory,CO,100,0
2026-09-04T19:00:00+05:30,04-09-2026 19:00:00,"R K Puram, Delhi - DPCC",72,Satisfactory,PM10,100,0
2026-09-04T19:00:00+05:30,04-09-2026 19:00:00,"Sonia Vihar, Delhi - DPCC",71,Satisfactory,PM10,100,0
2026-09-04T19:00:00+05:30,04-09-2026 19:00:00,"Okhla Phase-2, Delhi - DPCC",68,Satisfactory,PM10,100,0
2026-09-04T19:00:00+05:30,04-09-2026 19:00:00,"Vivek Vihar, Delhi - DPCC",67,Satisfactory,CO,100,0
2026-09-04T19:00:00+05:30,04-09-2026 19:00:00,"Punjabi Bagh, Delhi - DPCC",66,Satisfactory,PM10,100,0
2026-09-04T19:00:00+05:30,04-09-2026 19:00:00,"ITO, Delhi - CPCB",64,Satisfactory,NO2,100,0
2026-09-04T19:00:00+05:30,04-09-2026 19:00:00,"Sri Aurobindo Marg, Delhi - DPCC",61,Satisfactory,PM10,100,0
2026-09-04T19:00:00+05:30,04-09-2026 19:00:00,"Shadipur, Delhi - CPCB",60,Satisfactory,CO,100,0
2026-09-04T19:00:00+05:30,04-09-2026 19:00:00,"Commonwealth Sports Complex, Delhi - DPCC",58,Satisfactory,CO,100,0
2026-09-04T19:00:00+05:30,04-09-2026 19:00:00,"NSUT Jaffarpur, Delhi - DPCC",57,Satisfactory,PM2.5,100,0
2026-09-04T19:00:00+05:30,04-09-2026 19:00:00,"Talkatora Garden, Delhi - DPCC",55,Satisfactory,CO,100,0
2026-09-04T19:00:00+05:30,04-09-2026 19:00:00,"DTU, Delhi - CPCB",54,Satisfactory,PM10,100,0
2026-09-04T19:00:00+05:30,04-09-2026 19:00:00,"Jawaharlal Nehru Stadium, Delhi - DPCC",53,Satisfactory,CO,100,0
2026-09-04T19:00:00+05:30,04-09-2026 19:00:00,"IMD Lodhi Road, Delhi - IITM",51,Satisfactory,OZONE,100,0
2026-09-04T19:00:00+05:30,04-09-2026 19:00:00,"JNU, Delhi - DPCC",51,Satisfactory,PM10,100,0
2026-09-04T19:00:00+05:30,04-09-2026 19:00:00,"Aya Nagar, Delhi - IITM",51,Satisfactory,PM10,100,0
2026-09-04T19:00:00+05:30,04-09-2026 19:00:00,"IHBAS, Dilshad Garden, Delhi - CPCB",50,Good,NO2,100,0
2026-09-04T19:00:00+05:30,04-09-2026 19:00:00,"NSIT Dwarka, Delhi - CPCB",49,Good,CO,100,0
2026-09-04T19:00:00+05:30,04-09-2026 19:00:00,"Patparganj, Delhi - DPCC",48,Good,PM10,100,0
2026-09-04T19:00:00+05:30,04-09-2026 19:00:00,"IGNOU_Maidan Garhi, Delhi - DPCC",47,Good,CO,100,0
2026-09-04T19:00:00+05:30,04-09-2026 19:00:00,"CRRI Mathura Road, Delhi - IITM",45,Good,PM10,100,0
2026-09-04T19:00:00+05:30,04-09-2026 19:00:00,"Major Dhyan Chand National Stadium, Delhi - DPCC",45,Good,NO2,100,0
2026-09-04T19:00:00+05:30,04-09-2026 19:00:00,"Mandir Marg, Delhi - DPCC",44,Good,CO,100,0
2026-09-04T19:00:00+05:30,04-09-2026 19:00:00,"Dr. Karni Singh Shooting Range, Delhi - DPCC",43,Good,PM10,100,0
2026-09-04T19:00:00+05:30,04-09-2026 19:00:00,"Cantonment Area, Delhi - DPCC",41,Good,CO,100,0
2026-09-04T19:00:00+05:30,04-09-2026 19:00:00,"Najafgarh, Delhi - DPCC",28,Good,PM10,100,0
2026-09-04T20:00:00+05:30,04-09-2026 20:00:00,"Wazirpur, Delhi - DPCC",127,Moderately Polluted,PM10,100,1
2026-09-04T20:00:00+05:30,04-09-2026 20:00:00,"Mundka, Delhi - DPCC",119,Moderately Polluted,PM10,100,1
2026-09-04T20:00:00+05:30,04-09-2026 20:00:00,"Ashok Vihar, Delhi - DPCC",105,Moderately Polluted,CO,100,1
2026-09-04T20:00:00+05:30,04-09-2026 20:00:00,"Bawana, Delhi - DPCC",102,Moderately Polluted,PM2.5,100,1
2026-09-04T20:00:00+05:30,04-09-2026 20:00:00,"Rohini, Delhi - DPCC",99,Satisfactory,PM10,100,0
2026-09-04T20:00:00+05:30,04-09-2026 20:00:00,"Dwarka-Sector 8, Delhi - DPCC",95,Satisfactory,PM10,100,0
2026-09-04T20:00:00+05:30,04-09-2026 20:00:00,"IIT Delhi, Delhi - IITM",87,Satisfactory,PM10,100,0
2026-09-04T20:00:00+05:30,04-09-2026 20:00:00,"Nehru Nagar, Delhi - DPCC",84,Satisfactory,PM10,100,0
2026-09-04T20:00:00+05:30,04-09-2026 20:00:00,"Anand Vihar, Delhi - DPCC",83,Satisfactory,CO,100,0
2026-09-04T20:00:00+05:30,04-09-2026 20:00:00,"Narela, Delhi - DPCC",80,Satisfactory,PM10,100,0
2026-09-04T20:00:00+05:30,04-09-2026 20:00:00,"Pusa, Delhi - DPCC",80,Satisfactory,CO,100,0
2026-09-04T20:00:00+05:30,04-09-2026 20:00:00,"IGI Airport (T3), Delhi - IITM",79,Satisfactory,PM10,100,0
2026-09-04T20:00:00+05:30,04-09-2026 20:00:00,"North Campus, DU, Delhi - IITM",79,Satisfactory,CO,100,0
2026-09-04T20:00:00+05:30,04-09-2026 20:00:00,"Chandni Chowk, Delhi - IITM",77,Satisfactory,CO,100,0
2026-09-04T20:00:00+05:30,04-09-2026 20:00:00,"Jahangirpuri, Delhi - DPCC",76,Satisfactory,PM10,100,0
2026-09-04T20:00:00+05:30,04-09-2026 20:00:00,"Pusa, Delhi - IITM",75,Satisfactory,NO2,100,0
2026-09-04T20:00:00+05:30,04-09-2026 20:00:00,"Sirifort, Delhi - CPCB",75,Satisfactory,PM10,100,0
2026-09-04T20:00:00+05:30,04-09-2026 20:00:00,"R K Puram, Delhi - DPCC",73,Satisfactory,PM10,100,0
2026-09-04T20:00:00+05:30,04-09-2026 20:00:00,"Burari Crossing, Delhi - IITM",71,Satisfactory,OZONE,100,0
2026-09-04T20:00:00+05:30,04-09-2026 20:00:00,"Vivek Vihar, Delhi - DPCC",70,Satisfactory,CO,100,0
2026-09-04T20:00:00+05:30,04-09-2026 20:00:00,"Okhla Phase-2, Delhi - DPCC",69,Satisfactory,PM10,100,0
2026-09-04T20:00:00+05:30,04-09-2026 20:00:00,"Sonia Vihar, Delhi - DPCC",69,Satisfactory,PM10,100,0
2026-09-04T20:00:00+05:30,04-09-2026 20:00:00,"Punjabi Bagh, Delhi - DPCC",65,Satisfactory,PM10,100,0
2026-09-04T20:00:00+05:30,04-09-2026 20:00:00,"ITO, Delhi - CPCB",64,Satisfactory,NO2,100,0
2026-09-04T20:00:00+05:30,04-09-2026 20:00:00,"Commonwealth Sports Complex, Delhi - DPCC",62,Satisfactory,CO,100,0
2026-09-04T20:00:00+05:30,04-09-2026 20:00:00,"Sri Aurobindo Marg, Delhi - DPCC",60,Satisfactory,PM10,100,0
2026-09-04T20:00:00+05:30,04-09-2026 20:00:00,"Shadipur, Delhi - CPCB",58,Satisfactory,CO,100,0
2026-09-04T20:00:00+05:30,04-09-2026 20:00:00,"Talkatora Garden, Delhi - DPCC",57,Satisfactory,CO,100,0
2026-09-04T20:00:00+05:30,04-09-2026 20:00:00,"NSUT Jaffarpur, Delhi - DPCC",56,Satisfactory,PM2.5,100,0
2026-09-04T20:00:00+05:30,04-09-2026 20:00:00,"DTU, Delhi - CPCB",53,Satisfactory,PM10,100,0
2026-09-04T20:00:00+05:30,04-09-2026 20:00:00,"Aya Nagar, Delhi - IITM",51,Satisfactory,PM10,100,0
2026-09-04T20:00:00+05:30,04-09-2026 20:00:00,"Jawaharlal Nehru Stadium, Delhi - DPCC",50,Good,CO,100,0
2026-09-04T20:00:00+05:30,04-09-2026 20:00:00,"JNU, Delhi - DPCC",50,Good,PM10,100,0
2026-09-04T20:00:00+05:30,04-09-2026 20:00:00,"IHBAS, Dilshad Garden, Delhi - CPCB",50,Good,NO2,100,0
2026-09-04T20:00:00+05:30,04-09-2026 20:00:00,"IMD Lodhi Road, Delhi - IITM",49,Good,PM10,100,0
2026-09-04T20:00:00+05:30,04-09-2026 20:00:00,"Patparganj, Delhi - DPCC",48,Good,PM10,100,0
2026-09-04T20:00:00+05:30,04-09-2026 20:00:00,"NSIT Dwarka, Delhi - CPCB",48,Good,CO,100,0
2026-09-04T20:00:00+05:30,04-09-2026 20:00:00,"IGNOU_Maidan Garhi, Delhi - DPCC",47,Good,CO,100,0
2026-09-04T20:00:00+05:30,04-09-2026 20:00:00,"Major Dhyan Chand National Stadium, Delhi - DPCC",46,Good,NO2,100,0
2026-09-04T20:00:00+05:30,04-09-2026 20:00:00,"CRRI Mathura Road, Delhi - IITM",45,Good,PM10,100,0
2026-09-04T20:00:00+05:30,04-09-2026 20:00:00,"Mandir Marg, Delhi - DPCC",45,Good,CO,100,0
2026-09-04T20:00:00+05:30,04-09-2026 20:00:00,"Dr. Karni Singh Shooting Range, Delhi - DPCC",43,Good,PM10,100,0
2026-09-04T20:00:00+05:30,04-09-2026 20:00:00,"Cantonment Area, Delhi - DPCC",39,Good,CO,100,0
2026-09-04T20:00:00+05:30,04-09-2026 20:00:00,"Najafgarh, Delhi - DPCC",27,Good,PM10,100,0
2026-09-04T21:00:00+05:30,04-09-2026 21:00:00,"Wazirpur, Delhi - DPCC",122,Moderately Polluted,PM10,100,1
2026-09-04T21:00:00+05:30,04-09-2026 21:00:00,"Mundka, Delhi - DPCC",114,Moderately Polluted,PM10,100,1
2026-09-04T21:00:00+05:30,04-09-2026 21:00:00,"Ashok Vihar, Delhi - DPCC",105,Moderately Polluted,CO,100,1
2026-09-04T21:00:00+05:30,04-09-2026 21:00:00,"Bawana, Delhi - DPCC",97,Satisfactory,PM2.5,100,0
2026-09-04T21:00:00+05:30,04-09-2026 21:00:00,"Rohini, Delhi - DPCC",97,Satisfactory,PM10,100,0
2026-09-04T21:00:00+05:30,04-09-2026 21:00:00,"Dwarka-Sector 8, Delhi - DPCC",90,Satisfactory,PM10,100,0
2026-09-04T21:00:00+05:30,04-09-2026 21:00:00,"Anand Vihar, Delhi - DPCC",85,Satisfactory,CO,100,0
2026-09-04T21:00:00+05:30,04-09-2026 21:00:00,"IIT Delhi, Delhi - IITM",84,Satisfactory,PM10,100,0
2026-09-04T21:00:00+05:30,04-09-2026 21:00:00,"Pusa, Delhi - DPCC",83,Satisfactory,CO,100,0
2026-09-04T21:00:00+05:30,04-09-2026 21:00:00,"Nehru Nagar, Delhi - DPCC",81,Satisfactory,PM10,100,0
2026-09-04T21:00:00+05:30,04-09-2026 21:00:00,"North Campus, DU, Delhi - IITM",80,Satisfactory,CO,100,0
2026-09-04T21:00:00+05:30,04-09-2026 21:00:00,"Chandni Chowk, Delhi - IITM",79,Satisfactory,CO,100,0
2026-09-04T21:00:00+05:30,04-09-2026 21:00:00,"IGI Airport (T3), Delhi - IITM",79,Satisfactory,PM10,100,0
2026-09-04T21:00:00+05:30,04-09-2026 21:00:00,"Narela, Delhi - DPCC",77,Satisfactory,PM10,100,0
2026-09-04T21:00:00+05:30,04-09-2026 21:00:00,"Jahangirpuri, Delhi - DPCC",75,Satisfactory,PM10,100,0
2026-09-04T21:00:00+05:30,04-09-2026 21:00:00,"Pusa, Delhi - IITM",73,Satisfactory,NO2,100,0
2026-09-04T21:00:00+05:30,04-09-2026 21:00:00,"Vivek Vihar, Delhi - DPCC",72,Satisfactory,CO,100,0
2026-09-04T21:00:00+05:30,04-09-2026 21:00:00,"R K Puram, Delhi - DPCC",71,Satisfactory,PM10,100,0
2026-09-04T21:00:00+05:30,04-09-2026 21:00:00,"Sirifort, Delhi - CPCB",71,Satisfactory,PM10,100,0
2026-09-04T21:00:00+05:30,04-09-2026 21:00:00,"Okhla Phase-2, Delhi - DPCC",69,Satisfactory,CO,100,0
2026-09-04T21:00:00+05:30,04-09-2026 21:00:00,"Sonia Vihar, Delhi - DPCC",67,Satisfactory,PM10,100,0
2026-09-04T21:00:00+05:30,04-09-2026 21:00:00,"Punjabi Bagh, Delhi - DPCC",66,Satisfactory,PM10,100,0
2026-09-04T21:00:00+05:30,04-09-2026 21:00:00,"Commonwealth Sports Complex, Delhi - DPCC",65,Satisfactory,CO,100,0
2026-09-04T21:00:00+05:30,04-09-2026 21:00:00,"ITO, Delhi - CPCB",64,Satisfactory,NO2,100,0
2026-09-04T21:00:00+05:30,04-09-2026 21:00:00,"Burari Crossing, Delhi - IITM",61,Satisfactory,OZONE,100,0
2026-09-04T21:00:00+05:30,04-09-2026 21:00:00,"Talkatora Garden, Delhi - DPCC",59,Satisfactory,CO,100,0
2026-09-04T21:00:00+05:30,04-09-2026 21:00:00,"Sri Aurobindo Marg, Delhi - DPCC",58,Satisfactory,PM10,100,0
2026-09-04T21:00:00+05:30,04-09-2026 21:00:00,"Shadipur, Delhi - CPCB",58,Satisfactory,CO,100,0
2026-09-04T21:00:00+05:30,04-09-2026 21:00:00,"NSUT Jaffarpur, Delhi - DPCC",54,Satisfactory,PM2.5,100,0
2026-09-04T21:00:00+05:30,04-09-2026 21:00:00,"Jawaharlal Nehru Stadium, Delhi - DPCC",51,Satisfactory,CO,100,0
2026-09-04T21:00:00+05:30,04-09-2026 21:00:00,"DTU, Delhi - CPCB",51,Satisfactory,PM10,100,0
2026-09-04T21:00:00+05:30,04-09-2026 21:00:00,"Major Dhyan Chand National Stadium, Delhi - DPCC",50,Good,CO,100,0
2026-09-04T21:00:00+05:30,04-09-2026 21:00:00,"IHBAS, Dilshad Garden, Delhi - CPCB",50,Good,NO2,100,0
2026-09-04T21:00:00+05:30,04-09-2026 21:00:00,"Mandir Marg, Delhi - DPCC",50,Good,CO,100,0
2026-09-04T21:00:00+05:30,04-09-2026 21:00:00,"Aya Nagar, Delhi - IITM",50,Good,PM10,100,0
2026-09-04T21:00:00+05:30,04-09-2026 21:00:00,"JNU, Delhi - DPCC",50,Good,CO,100,0
2026-09-04T21:00:00+05:30,04-09-2026 21:00:00,"IMD Lodhi Road, Delhi - IITM",49,Good,PM10,100,0
2026-09-04T21:00:00+05:30,04-09-2026 21:00:00,"Patparganj, Delhi - DPCC",48,Good,PM10,100,0
2026-09-04T21:00:00+05:30,04-09-2026 21:00:00,"IGNOU_Maidan Garhi, Delhi - DPCC",47,Good,CO,100,0
2026-09-04T21:00:00+05:30,04-09-2026 21:00:00,"NSIT Dwarka, Delhi - CPCB",47,Good,CO,100,0
2026-09-04T21:00:00+05:30,04-09-2026 21:00:00,"CRRI Mathura Road, Delhi - IITM",46,Good,CO,100,0
2026-09-04T21:00:00+05:30,04-09-2026 21:00:00,"Dr. Karni Singh Shooting Range, Delhi - DPCC",42,Good,PM10,100,0
2026-09-04T21:00:00+05:30,04-09-2026 21:00:00,"Cantonment Area, Delhi - DPCC",39,Good,CO,100,0
2026-09-04T21:00:00+05:30,04-09-2026 21:00:00,"Najafgarh, Delhi - DPCC",26,Good,PM10,100,0
2026-09-04T22:00:00+05:30,04-09-2026 22:00:00,"Wazirpur, Delhi - DPCC",118,Moderately Polluted,PM10,100,1
2026-09-04T22:00:00+05:30,04-09-2026 22:00:00,"Ashok Vihar, Delhi - DPCC",106,Moderately Polluted,CO,100,1
2026-09-04T22:00:00+05:30,04-09-2026 22:00:00,"Mundka, Delhi - DPCC",105,Moderately Polluted,PM10,100,1
2026-09-04T22:00:00+05:30,04-09-2026 22:00:00,"Bawana, Delhi - DPCC",96,Satisfactory,PM2.5,100,0
2026-09-04T22:00:00+05:30,04-09-2026 22:00:00,"Rohini, Delhi - DPCC",96,Satisfactory,PM10,100,0
2026-09-04T22:00:00+05:30,04-09-2026 22:00:00,"Dwarka-Sector 8, Delhi - DPCC",84,Satisfactory,PM10,100,0
2026-09-04T22:00:00+05:30,04-09-2026 22:00:00,"Pusa, Delhi - DPCC",84,Satisfactory,CO,100,0
2026-09-04T22:00:00+05:30,04-09-2026 22:00:00,"Anand Vihar, Delhi - DPCC",81,Satisfactory,CO,100,0
2026-09-04T22:00:00+05:30,04-09-2026 22:00:00,"IIT Delhi, Delhi - IITM",81,Satisfactory,PM10,100,0
2026-09-04T22:00:00+05:30,04-09-2026 22:00:00,"Chandni Chowk, Delhi - IITM",80,Satisfactory,CO,100,0
2026-09-04T22:00:00+05:30,04-09-2026 22:00:00,"Nehru Nagar, Delhi - DPCC",80,Satisfactory,PM10,100,0
2026-09-04T22:00:00+05:30,04-09-2026 22:00:00,"North Campus, DU, Delhi - IITM",79,Satisfactory,CO,100,0
2026-09-04T22:00:00+05:30,04-09-2026 22:00:00,"IGI Airport (T3), Delhi - IITM",77,Satisfactory,PM10,100,0
2026-09-04T22:00:00+05:30,04-09-2026 22:00:00,"Vivek Vihar, Delhi - DPCC",74,Satisfactory,CO,100,0
2026-09-04T22:00:00+05:30,04-09-2026 22:00:00,"Narela, Delhi - DPCC",72,Satisfactory,PM10,100,0
2026-09-04T22:00:00+05:30,04-09-2026 22:00:00,"Okhla Phase-2, Delhi - DPCC",72,Satisfactory,CO,100,0
2026-09-04T22:00:00+05:30,04-09-2026 22:00:00,"Jahangirpuri, Delhi - DPCC",71,Satisfactory,PM10,100,0
2026-09-04T22:00:00+05:30,04-09-2026 22:00:00,"Pusa, Delhi - IITM",70,Satisfactory,NO2,100,0
2026-09-04T22:00:00+05:30,04-09-2026 22:00:00,"R K Puram, Delhi - DPCC",69,Satisfactory,PM10,100,0
2026-09-04T22:00:00+05:30,04-09-2026 22:00:00,"Commonwealth Sports Complex, Delhi - DPCC",67,Satisfactory,CO,100,0
2026-09-04T22:00:00+05:30,04-09-2026 22:00:00,"Sonia Vihar, Delhi - DPCC",66,Satisfactory,PM10,100,0
2026-09-04T22:00:00+05:30,04-09-2026 22:00:00,"Sirifort, Delhi - CPCB",66,Satisfactory,PM10,100,0
2026-09-04T22:00:00+05:30,04-09-2026 22:00:00,"Punjabi Bagh, Delhi - DPCC",64,Satisfactory,PM10,100,0
2026-09-04T22:00:00+05:30,04-09-2026 22:00:00,"ITO, Delhi - CPCB",63,Satisfactory,NO2,100,0
2026-09-04T22:00:00+05:30,04-09-2026 22:00:00,"Talkatora Garden, Delhi - DPCC",61,Satisfactory,CO,100,0
2026-09-04T22:00:00+05:30,04-09-2026 22:00:00,"Sri Aurobindo Marg, Delhi - DPCC",56,Satisfactory,PM10,100,0
2026-09-04T22:00:00+05:30,04-09-2026 22:00:00,"Mandir Marg, Delhi - DPCC",54,Satisfactory,CO,100,0
2026-09-04T22:00:00+05:30,04-09-2026 22:00:00,"Major Dhyan Chand National Stadium, Delhi - DPCC",54,Satisfactory,CO,100,0
2026-09-04T22:00:00+05:30,04-09-2026 22:00:00,"NSUT Jaffarpur, Delhi - DPCC",53,Satisfactory,CO,100,0
2026-09-04T22:00:00+05:30,04-09-2026 22:00:00,"Shadipur, Delhi - CPCB",53,Satisfactory,CO,100,0
2026-09-04T22:00:00+05:30,04-09-2026 22:00:00,"Burari Crossing, Delhi - IITM",53,Satisfactory,PM10,100,0
2026-09-04T22:00:00+05:30,04-09-2026 22:00:00,"JNU, Delhi - DPCC",53,Satisfactory,CO,100,0
2026-09-04T22:00:00+05:30,04-09-2026 22:00:00,"DTU, Delhi - CPCB",50,Good,PM10,100,0
2026-09-04T22:00:00+05:30,04-09-2026 22:00:00,"IHBAS, Dilshad Garden, Delhi - CPCB",50,Good,NO2,100,0
2026-09-04T22:00:00+05:30,04-09-2026 22:00:00,"IGNOU_Maidan Garhi, Delhi - DPCC",50,Good,CO,100,0
2026-09-04T22:00:00+05:30,04-09-2026 22:00:00,"Aya Nagar, Delhi - IITM",50,Good,PM10,100,0
2026-09-04T22:00:00+05:30,04-09-2026 22:00:00,"Jawaharlal Nehru Stadium, Delhi - DPCC",50,Good,CO,100,0
2026-09-04T22:00:00+05:30,04-09-2026 22:00:00,"CRRI Mathura Road, Delhi - IITM",49,Good,CO,100,0
2026-09-04T22:00:00+05:30,04-09-2026 22:00:00,"Patparganj, Delhi - DPCC",48,Good,PM10,100,0
2026-09-04T22:00:00+05:30,04-09-2026 22:00:00,"IMD Lodhi Road, Delhi - IITM",48,Good,PM10,100,0
2026-09-04T22:00:00+05:30,04-09-2026 22:00:00,"NSIT Dwarka, Delhi - CPCB",46,Good,CO,100,0
2026-09-04T22:00:00+05:30,04-09-2026 22:00:00,"Dr. Karni Singh Shooting Range, Delhi - DPCC",42,Good,PM10,100,0
2026-09-04T22:00:00+05:30,04-09-2026 22:00:00,"Cantonment Area, Delhi - DPCC",40,Good,CO,100,0
2026-09-04T22:00:00+05:30,04-09-2026 22:00:00,"Najafgarh, Delhi - DPCC",26,Good,CO,100,0
2026-09-05T05:00:00+05:30,05-09-2026 05:00:00,"Wazirpur, Delhi - DPCC",96,Satisfactory,PM10,100,0
2026-09-05T05:00:00+05:30,05-09-2026 05:00:00,"Rohini, Delhi - DPCC",85,Satisfactory,PM10,100,0
2026-09-05T05:00:00+05:30,05-09-2026 05:00:00,"Chandni Chowk, Delhi - IITM",78,Satisfactory,CO,100,0
2026-09-05T05:00:00+05:30,05-09-2026 05:00:00,"IIT Delhi, Delhi - IITM",75,Satisfactory,PM10,100,0
2026-09-05T05:00:00+05:30,05-09-2026 05:00:00,"Mundka, Delhi - DPCC",73,Satisfactory,NO2,100,0
2026-09-05T05:00:00+05:30,05-09-2026 05:00:00,"Vivek Vihar, Delhi - DPCC",73,Satisfactory,CO,100,0
2026-09-05T05:00:00+05:30,05-09-2026 05:00:00,"R K Puram, Delhi - DPCC",72,Satisfactory,PM10,100,0
2026-09-05T05:00:00+05:30,05-09-2026 05:00:00,"Pusa, Delhi - DPCC",69,Satisfactory,CO,100,0
2026-09-05T05:00:00+05:30,05-09-2026 05:00:00,"IGNOU_Maidan Garhi, Delhi - DPCC",69,Satisfactory,CO,100,0
2026-09-05T05:00:00+05:30,05-09-2026 05:00:00,"Okhla Phase-2, Delhi - DPCC",67,Satisfactory,CO,100,0
2026-09-05T05:00:00+05:30,05-09-2026 05:00:00,"Nehru Nagar, Delhi - DPCC",66,Satisfactory,PM10,100,0
2026-09-05T05:00:00+05:30,05-09-2026 05:00:00,"Talkatora Garden, Delhi - DPCC",64,Satisfactory,CO,100,0
2026-09-05T05:00:00+05:30,05-09-2026 05:00:00,"ITO, Delhi - CPCB",63,Satisfactory,NO2,100,0
2026-09-05T05:00:00+05:30,05-09-2026 05:00:00,"Commonwealth Sports Complex, Delhi - DPCC",63,Satisfactory,CO,100,0
2026-09-05T05:00:00+05:30,05-09-2026 05:00:00,"Pusa, Delhi - IITM",63,Satisfactory,NO2,100,0
2026-09-05T05:00:00+05:30,05-09-2026 05:00:00,"North Campus, DU, Delhi - IITM",62,Satisfactory,CO,100,0
2026-09-05T05:00:00+05:30,05-09-2026 05:00:00,"Dwarka-Sector 8, Delhi - DPCC",62,Satisfactory,PM10,100,0
2026-09-05T05:00:00+05:30,05-09-2026 05:00:00,"Narela, Delhi - DPCC",61,Satisfactory,CO,100,0
2026-09-05T05:00:00+05:30,05-09-2026 05:00:00,"Punjabi Bagh, Delhi - DPCC",60,Satisfactory,PM10,100,0
2026-09-05T05:00:00+05:30,05-09-2026 05:00:00,"Sirifort, Delhi - CPCB",59,Satisfactory,PM10,100,0
2026-09-05T05:00:00+05:30,05-09-2026 05:00:00,"Major Dhyan Chand National Stadium, Delhi - DPCC",59,Satisfactory,CO,100,0
2026-09-05T05:00:00+05:30,05-09-2026 05:00:00,"Jawaharlal Nehru Stadium, Delhi - DPCC",59,Satisfactory,CO,100,0
2026-09-05T05:00:00+05:30,05-09-2026 05:00:00,"Sonia Vihar, Delhi - DPCC",58,Satisfactory,CO,100,0
2026-09-05T05:00:00+05:30,05-09-2026 05:00:00,"Mandir Marg, Delhi - DPCC",58,Satisfactory,CO,100,0
2026-09-05T05:00:00+05:30,05-09-2026 05:00:00,"JNU, Delhi - DPCC",58,Satisfactory,CO,100,0
2026-09-05T05:00:00+05:30,05-09-2026 05:00:00,"Cantonment Area, Delhi - DPCC",57,Satisfactory,CO,100,0
2026-09-05T05:00:00+05:30,05-09-2026 05:00:00,"Ashok Vihar, Delhi - DPCC",56,Satisfactory,PM10,100,0
2026-09-05T05:00:00+05:30,05-09-2026 05:00:00,"NSUT Jaffarpur, Delhi - DPCC",54,Satisfactory,CO,100,0
2026-09-05T05:00:00+05:30,05-09-2026 05:00:00,"Bawana, Delhi - DPCC",52,Satisfactory,PM10,100,0
2026-09-05T05:00:00+05:30,05-09-2026 05:00:00,"Sri Aurobindo Marg, Delhi - DPCC",50,Good,CO,100,0
2026-09-05T05:00:00+05:30,05-09-2026 05:00:00,"Anand Vihar, Delhi - DPCC",49,Good,CO,100,0
2026-09-05T05:00:00+05:30,05-09-2026 05:00:00,"IHBAS, Dilshad Garden, Delhi - CPCB",49,Good,NO2,100,0
2026-09-05T05:00:00+05:30,05-09-2026 05:00:00,"Patparganj, Delhi - DPCC",47,Good,PM10,100,0
2026-09-05T05:00:00+05:30,05-09-2026 05:00:00,"IMD Lodhi Road, Delhi - IITM",47,Good,PM10,100,0
2026-09-05T05:00:00+05:30,05-09-2026 05:00:00,"NSIT Dwarka, Delhi - CPCB",46,Good,CO,100,0
2026-09-05T05:00:00+05:30,05-09-2026 05:00:00,"Aya Nagar, Delhi - IITM",45,Good,PM10,100,0
2026-09-05T05:00:00+05:30,05-09-2026 05:00:00,"Burari Crossing, Delhi - IITM",45,Good,PM10,100,0
2026-09-05T05:00:00+05:30,05-09-2026 05:00:00,"CRRI Mathura Road, Delhi - IITM",44,Good,CO,100,0
2026-09-05T05:00:00+05:30,05-09-2026 05:00:00,"DTU, Delhi - CPCB",43,Good,PM10,100,0
2026-09-05T05:00:00+05:30,05-09-2026 05:00:00,"Jahangirpuri, Delhi - DPCC",43,Good,CO,100,0
2026-09-05T05:00:00+05:30,05-09-2026 05:00:00,"Shadipur, Delhi - CPCB",38,Good,PM2.5,100,0
2026-09-05T05:00:00+05:30,05-09-2026 05:00:00,"Najafgarh, Delhi - DPCC",38,Good,CO,100,0
2026-09-05T05:00:00+05:30,05-09-2026 05:00:00,"Dr. Karni Singh Shooting Range, Delhi - DPCC",37,Good,PM10,100,0
2026-09-05T19:00:00+05:30,05-09-2026 19:00:00,"North Campus, DU, Delhi - IITM",109,Moderately Polluted,NO2,100,1
2026-09-05T19:00:00+05:30,05-09-2026 19:00:00,"Chandni Chowk, Delhi - IITM",99,Satisfactory,CO,100,0
2026-09-05T19:00:00+05:30,05-09-2026 19:00:00,"Ashok Vihar, Delhi - DPCC",94,Satisfactory,CO,100,0
2026-09-05T19:00:00+05:30,05-09-2026 19:00:00,"Jawaharlal Nehru Stadium, Delhi - DPCC",93,Satisfactory,CO,100,0
2026-09-05T19:00:00+05:30,05-09-2026 19:00:00,"Pusa, Delhi - DPCC",81,Satisfactory,CO,100,0
2026-09-05T19:00:00+05:30,05-09-2026 19:00:00,"Mundka, Delhi - DPCC",75,Satisfactory,NO2,100,0
2026-09-05T19:00:00+05:30,05-09-2026 19:00:00,"Vivek Vihar, Delhi - DPCC",75,Satisfactory,CO,100,0
2026-09-05T19:00:00+05:30,05-09-2026 19:00:00,"Sonia Vihar, Delhi - DPCC",74,Satisfactory,CO,100,0
2026-09-05T19:00:00+05:30,05-09-2026 19:00:00,"Commonwealth Sports Complex, Delhi - DPCC",71,Satisfactory,CO,100,0
2026-09-05T19:00:00+05:30,05-09-2026 19:00:00,"Anand Vihar, Delhi - DPCC",68,Satisfactory,PM10,100,0
2026-09-05T19:00:00+05:30,05-09-2026 19:00:00,"Pusa, Delhi - IITM",68,Satisfactory,NO2,100,0
2026-09-05T19:00:00+05:30,05-09-2026 19:00:00,"Talkatora Garden, Delhi - DPCC",68,Satisfactory,CO,100,0
2026-09-05T19:00:00+05:30,05-09-2026 19:00:00,"Wazirpur, Delhi - DPCC",68,Satisfactory,CO,100,0
2026-09-05T19:00:00+05:30,05-09-2026 19:00:00,"Okhla Phase-2, Delhi - DPCC",68,Satisfactory,CO,100,0
2026-09-05T19:00:00+05:30,05-09-2026 19:00:00,"Mandir Marg, Delhi - DPCC",66,Satisfactory,CO,100,0
2026-09-05T19:00:00+05:30,05-09-2026 19:00:00,"Rohini, Delhi - DPCC",65,Satisfactory,PM10,100,0
2026-09-05T19:00:00+05:30,05-09-2026 19:00:00,"Major Dhyan Chand National Stadium, Delhi - DPCC",63,Satisfactory,CO,100,0
2026-09-05T19:00:00+05:30,05-09-2026 19:00:00,"ITO, Delhi - CPCB",61,Satisfactory,NO2,100,0
2026-09-05T19:00:00+05:30,05-09-2026 19:00:00,"Narela, Delhi - DPCC",61,Satisfactory,CO,100,0
2026-09-05T19:00:00+05:30,05-09-2026 19:00:00,"IIT Delhi, Delhi - IITM",61,Satisfactory,PM10,100,0
2026-09-05T19:00:00+05:30,05-09-2026 19:00:00,"IGNOU_Maidan Garhi, Delhi - DPCC",61,Satisfactory,CO,100,0
2026-09-05T19:00:00+05:30,05-09-2026 19:00:00,"Sirifort, Delhi - CPCB",59,Satisfactory,PM2.5,100,0
2026-09-05T19:00:00+05:30,05-09-2026 19:00:00,"Nehru Nagar, Delhi - DPCC",58,Satisfactory,PM10,100,0
2026-09-05T19:00:00+05:30,05-09-2026 19:00:00,"Cantonment Area, Delhi - DPCC",56,Satisfactory,CO,100,0
2026-09-05T19:00:00+05:30,05-09-2026 19:00:00,"JNU, Delhi - DPCC",56,Satisfactory,CO,100,0
2026-09-05T19:00:00+05:30,05-09-2026 19:00:00,"Shadipur, Delhi - CPCB",56,Satisfactory,CO,100,0
2026-09-05T19:00:00+05:30,05-09-2026 19:00:00,"R K Puram, Delhi - DPCC",54,Satisfactory,CO,100,0
2026-09-05T19:00:00+05:30,05-09-2026 19:00:00,"Punjabi Bagh, Delhi - DPCC",54,Satisfactory,PM10,100,0
2026-09-05T19:00:00+05:30,05-09-2026 19:00:00,"Patparganj, Delhi - DPCC",52,Satisfactory,CO,100,0
2026-09-05T19:00:00+05:30,05-09-2026 19:00:00,"NSUT Jaffarpur, Delhi - DPCC",52,Satisfactory,CO,100,0
2026-09-05T19:00:00+05:30,05-09-2026 19:00:00,"Sri Aurobindo Marg, Delhi - DPCC",49,Good,CO,100,0
2026-09-05T19:00:00+05:30,05-09-2026 19:00:00,"IHBAS, Dilshad Garden, Delhi - CPCB",48,Good,NO2,100,0
2026-09-05T19:00:00+05:30,05-09-2026 19:00:00,"Jahangirpuri, Delhi - DPCC",47,Good,CO,100,0
2026-09-05T19:00:00+05:30,05-09-2026 19:00:00,"Bawana, Delhi - DPCC",47,Good,CO,100,0
2026-09-05T19:00:00+05:30,05-09-2026 19:00:00,"CRRI Mathura Road, Delhi - IITM",45,Good,CO,100,0
2026-09-05T19:00:00+05:30,05-09-2026 19:00:00,"IMD Lodhi Road, Delhi - IITM",40,Good,PM10,100,0
2026-09-05T19:00:00+05:30,05-09-2026 19:00:00,"NSIT Dwarka, Delhi - CPCB",40,Good,NO2,100,0
2026-09-05T19:00:00+05:30,05-09-2026 19:00:00,"Burari Crossing, Delhi - IITM",38,Good,NO2,100,0
2026-09-05T19:00:00+05:30,05-09-2026 19:00:00,"Dr. Karni Singh Shooting Range, Delhi - DPCC",37,Good,CO,100,0
2026-09-05T19:00:00+05:30,05-09-2026 19:00:00,"DTU, Delhi - CPCB",34,Good,PM2.5,100,0
2026-09-05T19:00:00+05:30,05-09-2026 19:00:00,"Aya Nagar, Delhi - IITM",33,Good,PM10,100,0
2026-09-05T19:00:00+05:30,05-09-2026 19:00:00,"Dwarka-Sector 8, Delhi - DPCC",28,Good,NO2,100,0
2026-09-05T19:00:00+05:30,05-09-2026 19:00:00,"Najafgarh, Delhi - DPCC",25,Good,CO,100,0
2026-09-05T20:00:00+05:30,05-09-2026 20:00:00,"North Campus, DU, Delhi - IITM",107,Moderately Polluted,NO2,100,1
2026-09-05T20:00:00+05:30,05-09-2026 20:00:00,"Jawaharlal Nehru Stadium, Delhi - DPCC",103,Moderately Polluted,CO,100,1
2026-09-05T20:00:00+05:30,05-09-2026 20:00:00,"Chandni Chowk, Delhi - IITM",99,Satisfactory,CO,100,0
2026-09-05T20:00:00+05:30,05-09-2026 20:00:00,"Ashok Vihar, Delhi - DPCC",84,Satisfactory,CO,100,0
2026-09-05T20:00:00+05:30,05-09-2026 20:00:00,"Pusa, Delhi - DPCC",82,Satisfactory,CO,100,0
2026-09-05T20:00:00+05:30,05-09-2026 20:00:00,"Sonia Vihar, Delhi - DPCC",78,Satisfactory,CO,100,0
2026-09-05T20:00:00+05:30,05-09-2026 20:00:00,"Commonwealth Sports Complex, Delhi - DPCC",75,Satisfactory,CO,100,0
2026-09-05T20:00:00+05:30,05-09-2026 20:00:00,"Mundka, Delhi - DPCC",75,Satisfactory,NO2,100,0
2026-09-05T20:00:00+05:30,05-09-2026 20:00:00,"Vivek Vihar, Delhi - DPCC",73,Satisfactory,CO,100,0
2026-09-05T20:00:00+05:30,05-09-2026 20:00:00,"Wazirpur, Delhi - DPCC",70,Satisfactory,CO,100,0
2026-09-05T20:00:00+05:30,05-09-2026 20:00:00,"Okhla Phase-2, Delhi - DPCC",68,Satisfactory,CO,100,0
2026-09-05T20:00:00+05:30,05-09-2026 20:00:00,"Talkatora Garden, Delhi - DPCC",68,Satisfactory,CO,100,0
2026-09-05T20:00:00+05:30,05-09-2026 20:00:00,"Pusa, Delhi - IITM",67,Satisfactory,NO2,100,0
2026-09-05T20:00:00+05:30,05-09-2026 20:00:00,"Anand Vihar, Delhi - DPCC",67,Satisfactory,PM10,100,0
2026-09-05T20:00:00+05:30,05-09-2026 20:00:00,"Mandir Marg, Delhi - DPCC",67,Satisfactory,CO,100,0
2026-09-05T20:00:00+05:30,05-09-2026 20:00:00,"Rohini, Delhi - DPCC",65,Satisfactory,PM10,100,0
2026-09-05T20:00:00+05:30,05-09-2026 20:00:00,"Major Dhyan Chand National Stadium, Delhi - DPCC",64,Satisfactory,CO,100,0
2026-09-05T20:00:00+05:30,05-09-2026 20:00:00,"Narela, Delhi - DPCC",62,Satisfactory,CO,100,0
2026-09-05T20:00:00+05:30,05-09-2026 20:00:00,"IGNOU_Maidan Garhi, Delhi - DPCC",62,Satisfactory,CO,100,0
2026-09-05T20:00:00+05:30,05-09-2026 20:00:00,"IIT Delhi, Delhi - IITM",62,Satisfactory,PM10,100,0
2026-09-05T20:00:00+05:30,05-09-2026 20:00:00,"ITO, Delhi - CPCB",61,Satisfactory,NO2,100,0
2026-09-05T20:00:00+05:30,05-09-2026 20:00:00,"Nehru Nagar, Delhi - DPCC",60,Satisfactory,PM10,100,0
2026-09-05T20:00:00+05:30,05-09-2026 20:00:00,"Sirifort, Delhi - CPCB",59,Satisfactory,PM2.5,100,0
2026-09-05T20:00:00+05:30,05-09-2026 20:00:00,"JNU, Delhi - DPCC",58,Satisfactory,CO,100,0
2026-09-05T20:00:00+05:30,05-09-2026 20:00:00,"Cantonment Area, Delhi - DPCC",57,Satisfactory,CO,100,0
2026-09-05T20:00:00+05:30,05-09-2026 20:00:00,"Punjabi Bagh, Delhi - DPCC",56,Satisfactory,CO,100,0
2026-09-05T20:00:00+05:30,05-09-2026 20:00:00,"R K Puram, Delhi - DPCC",56,Satisfactory,CO,100,0
2026-09-05T20:00:00+05:30,05-09-2026 20:00:00,"Shadipur, Delhi - CPCB",54,Satisfactory,CO,100,0
2026-09-05T20:00:00+05:30,05-09-2026 20:00:00,"NSUT Jaffarpur, Delhi - DPCC",53,Satisfactory,CO,100,0
2026-09-05T20:00:00+05:30,05-09-2026 20:00:00,"Patparganj, Delhi - DPCC",53,Satisfactory,CO,100,0
2026-09-05T20:00:00+05:30,05-09-2026 20:00:00,"Sri Aurobindo Marg, Delhi - DPCC",50,Good,CO,100,0
2026-09-05T20:00:00+05:30,05-09-2026 20:00:00,"Jahangirpuri, Delhi - DPCC",48,Good,CO,100,0
2026-09-05T20:00:00+05:30,05-09-2026 20:00:00,"IHBAS, Dilshad Garden, Delhi - CPCB",48,Good,NO2,100,0
2026-09-05T20:00:00+05:30,05-09-2026 20:00:00,"Bawana, Delhi - DPCC",47,Good,CO,100,0
2026-09-05T20:00:00+05:30,05-09-2026 20:00:00,"CRRI Mathura Road, Delhi - IITM",45,Good,CO,100,0
2026-09-05T20:00:00+05:30,05-09-2026 20:00:00,"NSIT Dwarka, Delhi - CPCB",43,Good,OZONE,100,0
2026-09-05T20:00:00+05:30,05-09-2026 20:00:00,"IMD Lodhi Road, Delhi - IITM",41,Good,PM10,100,0
2026-09-05T20:00:00+05:30,05-09-2026 20:00:00,"Burari Crossing, Delhi - IITM",37,Good,NO2,100,0
2026-09-05T20:00:00+05:30,05-09-2026 20:00:00,"Dr. Karni Singh Shooting Range, Delhi - DPCC",35,Good,CO,100,0
2026-09-05T20:00:00+05:30,05-09-2026 20:00:00,"DTU, Delhi - CPCB",34,Good,PM2.5,100,0
2026-09-05T20:00:00+05:30,05-09-2026 20:00:00,"Aya Nagar, Delhi - IITM",33,Good,PM10,100,0
2026-09-05T20:00:00+05:30,05-09-2026 20:00:00,"Najafgarh, Delhi - DPCC",28,Good,CO,100,0
2026-09-05T20:00:00+05:30,05-09-2026 20:00:00,"Dwarka-Sector 8, Delhi - DPCC",27,Good,NO2,100,0
2026-09-05T21:00:00+05:30,05-09-2026 21:00:00,"Jawaharlal Nehru Stadium, Delhi - DPCC",114,Moderately Polluted,CO,100,1
2026-09-05T21:00:00+05:30,05-09-2026 21:00:00,"North Campus, DU, Delhi - IITM",105,Moderately Polluted,NO2,100,1
2026-09-05T21:00:00+05:30,05-09-2026 21:00:00,"Chandni Chowk, Delhi - IITM",100,Satisfactory,CO,100,0
2026-09-05T21:00:00+05:30,05-09-2026 21:00:00,"IGI Airport (T3), Delhi - IITM",85,Satisfactory,CO,100,0
2026-09-05T21:00:00+05:30,05-09-2026 21:00:00,"Pusa, Delhi - DPCC",81,Satisfactory,CO,100,0
2026-09-05T21:00:00+05:30,05-09-2026 21:00:00,"Sonia Vihar, Delhi - DPCC",79,Satisfactory,CO,100,0
2026-09-05T21:00:00+05:30,05-09-2026 21:00:00,"Commonwealth Sports Complex, Delhi - DPCC",76,Satisfactory,CO,100,0
2026-09-05T21:00:00+05:30,05-09-2026 21:00:00,"Ashok Vihar, Delhi - DPCC",74,Satisfactory,CO,100,0
2026-09-05T21:00:00+05:30,05-09-2026 21:00:00,"Mundka, Delhi - DPCC",74,Satisfactory,NO2,100,0
2026-09-05T21:00:00+05:30,05-09-2026 21:00:00,"Vivek Vihar, Delhi - DPCC",73,Satisfactory,CO,100,0
2026-09-05T21:00:00+05:30,05-09-2026 21:00:00,"Talkatora Garden, Delhi - DPCC",69,Satisfactory,CO,100,0
2026-09-05T21:00:00+05:30,05-09-2026 21:00:00,"Wazirpur, Delhi - DPCC",69,Satisfactory,CO,100,0
2026-09-05T21:00:00+05:30,05-09-2026 21:00:00,"Mandir Marg, Delhi - DPCC",69,Satisfactory,CO,100,0
2026-09-05T21:00:00+05:30,05-09-2026 21:00:00,"Okhla Phase-2, Delhi - DPCC",68,Satisfactory,CO,100,0
2026-09-05T21:00:00+05:30,05-09-2026 21:00:00,"Rohini, Delhi - DPCC",66,Satisfactory,PM2.5,100,0
2026-09-05T21:00:00+05:30,05-09-2026 21:00:00,"Pusa, Delhi - IITM",66,Satisfactory,NO2,100,0
2026-09-05T21:00:00+05:30,05-09-2026 21:00:00,"Anand Vihar, Delhi - DPCC",66,Satisfactory,PM10,100,0
2026-09-05T21:00:00+05:30,05-09-2026 21:00:00,"NSIT Dwarka, Delhi - CPCB",64,Satisfactory,OZONE,100,0
2026-09-05T21:00:00+05:30,05-09-2026 21:00:00,"Major Dhyan Chand National Stadium, Delhi - DPCC",64,Satisfactory,CO,100,0
2026-09-05T21:00:00+05:30,05-09-2026 21:00:00,"Narela, Delhi - DPCC",63,Satisfactory,CO,100,0
2026-09-05T21:00:00+05:30,05-09-2026 21:00:00,"IGNOU_Maidan Garhi, Delhi - DPCC",63,Satisfactory,CO,100,0
2026-09-05T21:00:00+05:30,05-09-2026 21:00:00,"ITO, Delhi - CPCB",62,Satisfactory,NO2,100,0
2026-09-05T21:00:00+05:30,05-09-2026 21:00:00,"IIT Delhi, Delhi - IITM",62,Satisfactory,PM10,100,0
2026-09-05T21:00:00+05:30,05-09-2026 21:00:00,"Nehru Nagar, Delhi - DPCC",60,Satisfactory,PM10,100,0
2026-09-05T21:00:00+05:30,05-09-2026 21:00:00,"Sirifort, Delhi - CPCB",59,Satisfactory,PM2.5,100,0
2026-09-05T21:00:00+05:30,05-09-2026 21:00:00,"JNU, Delhi - DPCC",58,Satisfactory,CO,100,0
2026-09-05T21:00:00+05:30,05-09-2026 21:00:00,"Punjabi Bagh, Delhi - DPCC",58,Satisfactory,CO,100,0
2026-09-05T21:00:00+05:30,05-09-2026 21:00:00,"Cantonment Area, Delhi - DPCC",58,Satisfactory,CO,100,0
2026-09-05T21:00:00+05:30,05-09-2026 21:00:00,"R K Puram, Delhi - DPCC",56,Satisfactory,CO,100,0
2026-09-05T21:00:00+05:30,05-09-2026 21:00:00,"NSUT Jaffarpur, Delhi - DPCC",54,Satisfactory,CO,100,0
2026-09-05T21:00:00+05:30,05-09-2026 21:00:00,"Sri Aurobindo Marg, Delhi - DPCC",52,Satisfactory,CO,100,0
2026-09-05T21:00:00+05:30,05-09-2026 21:00:00,"Shadipur, Delhi - CPCB",52,Satisfactory,CO,100,0
2026-09-05T21:00:00+05:30,05-09-2026 21:00:00,"Patparganj, Delhi - DPCC",51,Satisfactory,CO,100,0
2026-09-05T21:00:00+05:30,05-09-2026 21:00:00,"Jahangirpuri, Delhi - DPCC",48,Good,CO,100,0
2026-09-05T21:00:00+05:30,05-09-2026 21:00:00,"IHBAS, Dilshad Garden, Delhi - CPCB",48,Good,NO2,100,0
2026-09-05T21:00:00+05:30,05-09-2026 21:00:00,"Bawana, Delhi - DPCC",47,Good,CO,100,0
2026-09-05T21:00:00+05:30,05-09-2026 21:00:00,"CRRI Mathura Road, Delhi - IITM",45,Good,CO,100,0
2026-09-05T21:00:00+05:30,05-09-2026 21:00:00,"IMD Lodhi Road, Delhi - IITM",41,Good,PM10,100,0
2026-09-05T21:00:00+05:30,05-09-2026 21:00:00,"Burari Crossing, Delhi - IITM",37,Good,NO2,100,0
2026-09-05T21:00:00+05:30,05-09-2026 21:00:00,"Aya Nagar, Delhi - IITM",34,Good,PM10,100,0
2026-09-05T21:00:00+05:30,05-09-2026 21:00:00,"DTU, Delhi - CPCB",34,Good,PM2.5,100,0
2026-09-05T21:00:00+05:30,05-09-2026 21:00:00,"Dr. Karni Singh Shooting Range, Delhi - DPCC",33,Good,CO,100,0
2026-09-05T21:00:00+05:30,05-09-2026 21:00:00,"Najafgarh, Delhi - DPCC",31,Good,CO,100,0
2026-09-05T21:00:00+05:30,05-09-2026 21:00:00,"Dwarka-Sector 8, Delhi - DPCC",27,Good,NO2,100,0
2026-09-05T22:00:00+05:30,05-09-2026 22:00:00,"Jawaharlal Nehru Stadium, Delhi - DPCC",122,Moderately Polluted,CO,100,1
2026-09-05T22:00:00+05:30,05-09-2026 22:00:00,"North Campus, DU, Delhi - IITM",106,Moderately Polluted,NO2,100,1
2026-09-05T22:00:00+05:30,05-09-2026 22:00:00,"Chandni Chowk, Delhi - IITM",101,Moderately Polluted,CO,100,1
2026-09-05T22:00:00+05:30,05-09-2026 22:00:00,"IGI Airport (T3), Delhi - IITM",83,Satisfactory,CO,100,0
2026-09-05T22:00:00+05:30,05-09-2026 22:00:00,"Pusa, Delhi - DPCC",82,Satisfactory,CO,100,0
2026-09-05T22:00:00+05:30,05-09-2026 22:00:00,"Sonia Vihar, Delhi - DPCC",78,Satisfactory,CO,100,0
2026-09-05T22:00:00+05:30,05-09-2026 22:00:00,"Commonwealth Sports Complex, Delhi - DPCC",77,Satisfactory,CO,100,0
2026-09-05T22:00:00+05:30,05-09-2026 22:00:00,"Mundka, Delhi - DPCC",74,Satisfactory,NO2,100,0
2026-09-05T22:00:00+05:30,05-09-2026 22:00:00,"Vivek Vihar, Delhi - DPCC",73,Satisfactory,CO,100,0
2026-09-05T22:00:00+05:30,05-09-2026 22:00:00,"NSIT Dwarka, Delhi - CPCB",70,Satisfactory,OZONE,100,0
2026-09-05T22:00:00+05:30,05-09-2026 22:00:00,"Mandir Marg, Delhi - DPCC",70,Satisfactory,CO,100,0
2026-09-05T22:00:00+05:30,05-09-2026 22:00:00,"Talkatora Garden, Delhi - DPCC",68,Satisfactory,CO,100,0
2026-09-05T22:00:00+05:30,05-09-2026 22:00:00,"Wazirpur, Delhi - DPCC",68,Satisfactory,CO,100,0
2026-09-05T22:00:00+05:30,05-09-2026 22:00:00,"Okhla Phase-2, Delhi - DPCC",67,Satisfactory,PM10,100,0
2026-09-05T22:00:00+05:30,05-09-2026 22:00:00,"Pusa, Delhi - IITM",66,Satisfactory,NO2,100,0
2026-09-05T22:00:00+05:30,05-09-2026 22:00:00,"Anand Vihar, Delhi - DPCC",66,Satisfactory,PM10,100,0
2026-09-05T22:00:00+05:30,05-09-2026 22:00:00,"Narela, Delhi - DPCC",64,Satisfactory,CO,100,0
2026-09-05T22:00:00+05:30,05-09-2026 22:00:00,"IGNOU_Maidan Garhi, Delhi - DPCC",64,Satisfactory,CO,100,0
2026-09-05T22:00:00+05:30,05-09-2026 22:00:00,"Rohini, Delhi - DPCC",64,Satisfactory,PM10,100,0
2026-09-05T22:00:00+05:30,05-09-2026 22:00:00,"Ashok Vihar, Delhi - DPCC",63,Satisfactory,CO,100,0
2026-09-05T22:00:00+05:30,05-09-2026 22:00:00,"IIT Delhi, Delhi - IITM",62,Satisfactory,PM10,100,0
2026-09-05T22:00:00+05:30,05-09-2026 22:00:00,"ITO, Delhi - CPCB",62,Satisfactory,NO2,100,0
2026-09-05T22:00:00+05:30,05-09-2026 22:00:00,"Cantonment Area, Delhi - DPCC",61,Satisfactory,CO,100,0
2026-09-05T22:00:00+05:30,05-09-2026 22:00:00,"Major Dhyan Chand National Stadium, Delhi - DPCC",61,Satisfactory,CO,100,0
2026-09-05T22:00:00+05:30,05-09-2026 22:00:00,"Nehru Nagar, Delhi - DPCC",60,Satisfactory,PM10,100,0
2026-09-05T22:00:00+05:30,05-09-2026 22:00:00,"JNU, Delhi - DPCC",60,Satisfactory,CO,100,0
2026-09-05T22:00:00+05:30,05-09-2026 22:00:00,"Punjabi Bagh, Delhi - DPCC",59,Satisfactory,CO,100,0
2026-09-05T22:00:00+05:30,05-09-2026 22:00:00,"Sirifort, Delhi - CPCB",59,Satisfactory,PM2.5,100,0
2026-09-05T22:00:00+05:30,05-09-2026 22:00:00,"R K Puram, Delhi - DPCC",56,Satisfactory,CO,100,0
2026-09-05T22:00:00+05:30,05-09-2026 22:00:00,"NSUT Jaffarpur, Delhi - DPCC",55,Satisfactory,CO,100,0
2026-09-05T22:00:00+05:30,05-09-2026 22:00:00,"Sri Aurobindo Marg, Delhi - DPCC",54,Satisfactory,CO,100,0
2026-09-05T22:00:00+05:30,05-09-2026 22:00:00,"Shadipur, Delhi - CPCB",52,Satisfactory,CO,100,0
2026-09-05T22:00:00+05:30,05-09-2026 22:00:00,"Patparganj, Delhi - DPCC",51,Satisfactory,CO,100,0
2026-09-05T22:00:00+05:30,05-09-2026 22:00:00,"IHBAS, Dilshad Garden, Delhi - CPCB",49,Good,NO2,100,0
2026-09-05T22:00:00+05:30,05-09-2026 22:00:00,"Jahangirpuri, Delhi - DPCC",48,Good,CO,100,0
2026-09-05T22:00:00+05:30,05-09-2026 22:00:00,"Bawana, Delhi - DPCC",47,Good,CO,100,0
2026-09-05T22:00:00+05:30,05-09-2026 22:00:00,"CRRI Mathura Road, Delhi - IITM",43,Good,CO,100,0
2026-09-05T22:00:00+05:30,05-09-2026 22:00:00,"IMD Lodhi Road, Delhi - IITM",41,Good,PM10,100,0
2026-09-05T22:00:00+05:30,05-09-2026 22:00:00,"Burari Crossing, Delhi - IITM",37,Good,NO2,100,0
2026-09-05T22:00:00+05:30,05-09-2026 22:00:00,"Aya Nagar, Delhi - IITM",34,Good,PM10,100,0
2026-09-05T22:00:00+05:30,05-09-2026 22:00:00,"DTU, Delhi - CPCB",33,Good,PM2.5,100,0
2026-09-05T22:00:00+05:30,05-09-2026 22:00:00,"Najafgarh, Delhi - DPCC",33,Good,CO,100,0
2026-09-05T22:00:00+05:30,05-09-2026 22:00:00,"Dr. Karni Singh Shooting Range, Delhi - DPCC",32,Good,CO,100,0
2026-09-05T22:00:00+05:30,05-09-2026 22:00:00,"Dwarka-Sector 8, Delhi - DPCC",27,Good,NO2,100,0
2026-09-06T04:00:00+05:30,06-09-2026 04:00:00,"NSIT Dwarka, Delhi - CPCB",161,Moderately Polluted,OZONE,100,1
2026-09-06T04:00:00+05:30,06-09-2026 04:00:00,"North Campus, DU, Delhi - IITM",109,Moderately Polluted,NO2,100,1
2026-09-06T04:00:00+05:30,06-09-2026 04:00:00,"Chandni Chowk, Delhi - IITM",96,Satisfactory,CO,100,0
2026-09-06T04:00:00+05:30,06-09-2026 04:00:00,"Jawaharlal Nehru Stadium, Delhi - DPCC",89,Satisfactory,CO,100,0
2026-09-06T04:00:00+05:30,06-09-2026 04:00:00,"IGI Airport (T3), Delhi - IITM",81,Satisfactory,CO,100,0
2026-09-06T04:00:00+05:30,06-09-2026 04:00:00,"Pusa, Delhi - DPCC",79,Satisfactory,CO,100,0
2026-09-06T04:00:00+05:30,06-09-2026 04:00:00,"Anand Vihar, Delhi - DPCC",76,Satisfactory,PM10,100,0
2026-09-06T04:00:00+05:30,06-09-2026 04:00:00,"Sonia Vihar, Delhi - DPCC",75,Satisfactory,CO,100,0
2026-09-06T04:00:00+05:30,06-09-2026 04:00:00,"Vivek Vihar, Delhi - DPCC",72,Satisfactory,CO,100,0
2026-09-06T04:00:00+05:30,06-09-2026 04:00:00,"Talkatora Garden, Delhi - DPCC",72,Satisfactory,CO,100,0
2026-09-06T04:00:00+05:30,06-09-2026 04:00:00,"Mundka, Delhi - DPCC",72,Satisfactory,NO2,100,0
2026-09-06T04:00:00+05:30,06-09-2026 04:00:00,"Okhla Phase-2, Delhi - DPCC",72,Satisfactory,PM10,100,0
2026-09-06T04:00:00+05:30,06-09-2026 04:00:00,"Pusa, Delhi - IITM",71,Satisfactory,NO2,100,0
2026-09-06T04:00:00+05:30,06-09-2026 04:00:00,"Cantonment Area, Delhi - DPCC",70,Satisfactory,CO,100,0
2026-09-06T04:00:00+05:30,06-09-2026 04:00:00,"Mandir Marg, Delhi - DPCC",69,Satisfactory,CO,100,0
2026-09-06T04:00:00+05:30,06-09-2026 04:00:00,"Commonwealth Sports Complex, Delhi - DPCC",69,Satisfactory,CO,100,0
2026-09-06T04:00:00+05:30,06-09-2026 04:00:00,"JNU, Delhi - DPCC",68,Satisfactory,CO,100,0
2026-09-06T04:00:00+05:30,06-09-2026 04:00:00,"IGNOU_Maidan Garhi, Delhi - DPCC",68,Satisfactory,CO,100,0
2026-09-06T04:00:00+05:30,06-09-2026 04:00:00,"Major Dhyan Chand National Stadium, Delhi - DPCC",68,Satisfactory,CO,100,0
2026-09-06T04:00:00+05:30,06-09-2026 04:00:00,"IIT Delhi, Delhi - IITM",64,Satisfactory,PM10,100,0
2026-09-06T04:00:00+05:30,06-09-2026 04:00:00,"Narela, Delhi - DPCC",63,Satisfactory,CO,100,0
2026-09-06T04:00:00+05:30,06-09-2026 04:00:00,"Wazirpur, Delhi - DPCC",63,Satisfactory,CO,100,0
2026-09-06T04:00:00+05:30,06-09-2026 04:00:00,"Sri Aurobindo Marg, Delhi - DPCC",62,Satisfactory,CO,100,0
2026-09-06T04:00:00+05:30,06-09-2026 04:00:00,"Nehru Nagar, Delhi - DPCC",62,Satisfactory,PM10,100,0
2026-09-06T04:00:00+05:30,06-09-2026 04:00:00,"Rohini, Delhi - DPCC",62,Satisfactory,PM10,100,0
2026-09-06T04:00:00+05:30,06-09-2026 04:00:00,"ITO, Delhi - CPCB",61,Satisfactory,NO2,100,0
2026-09-06T04:00:00+05:30,06-09-2026 04:00:00,"Sirifort, Delhi - CPCB",60,Satisfactory,PM2.5,100,0
2026-09-06T04:00:00+05:30,06-09-2026 04:00:00,"R K Puram, Delhi - DPCC",58,Satisfactory,CO,100,0
2026-09-06T04:00:00+05:30,06-09-2026 04:00:00,"Punjabi Bagh, Delhi - DPCC",57,Satisfactory,PM10,100,0
2026-09-06T04:00:00+05:30,06-09-2026 04:00:00,"NSUT Jaffarpur, Delhi - DPCC",57,Satisfactory,CO,100,0
2026-09-06T04:00:00+05:30,06-09-2026 04:00:00,"Patparganj, Delhi - DPCC",53,Satisfactory,CO,100,0
2026-09-06T04:00:00+05:30,06-09-2026 04:00:00,"Jahangirpuri, Delhi - DPCC",51,Satisfactory,CO,100,0
2026-09-06T04:00:00+05:30,06-09-2026 04:00:00,"CRRI Mathura Road, Delhi - IITM",49,Good,CO,100,0
2026-09-06T04:00:00+05:30,06-09-2026 04:00:00,"IHBAS, Dilshad Garden, Delhi - CPCB",49,Good,NO2,100,0
2026-09-06T04:00:00+05:30,06-09-2026 04:00:00,"Bawana, Delhi - DPCC",46,Good,CO,100,0
2026-09-06T04:00:00+05:30,06-09-2026 04:00:00,"Shadipur, Delhi - CPCB",44,Good,CO,100,0
2026-09-06T04:00:00+05:30,06-09-2026 04:00:00,"Ashok Vihar, Delhi - DPCC",42,Good,PM10,100,0
2026-09-06T04:00:00+05:30,06-09-2026 04:00:00,"IMD Lodhi Road, Delhi - IITM",41,Good,PM10,100,0
2026-09-06T04:00:00+05:30,06-09-2026 04:00:00,"Aya Nagar, Delhi - IITM",40,Good,CO,100,0
2026-09-06T04:00:00+05:30,06-09-2026 04:00:00,"Najafgarh, Delhi - DPCC",38,Good,CO,100,0
2026-09-06T04:00:00+05:30,06-09-2026 04:00:00,"Burari Crossing, Delhi - IITM",37,Good,PM10,100,0
2026-09-06T04:00:00+05:30,06-09-2026 04:00:00,"Dr. Karni Singh Shooting Range, Delhi - DPCC",37,Good,PM10,100,0
2026-09-06T04:00:00+05:30,06-09-2026 04:00:00,"Dwarka-Sector 8, Delhi - DPCC",33,Good,PM10,100,0
2026-09-06T04:00:00+05:30,06-09-2026 04:00:00,"DTU, Delhi - CPCB",31,Good,PM10,100,0
2026-09-06T05:00:00+05:30,06-09-2026 05:00:00,"NSIT Dwarka, Delhi - CPCB",149,Moderately Polluted,OZONE,100,1
2026-09-06T05:00:00+05:30,06-09-2026 05:00:00,"North Campus, DU, Delhi - IITM",108,Moderately Polluted,NO2,100,1
2026-09-06T05:00:00+05:30,06-09-2026 05:00:00,"Chandni Chowk, Delhi - IITM",93,Satisfactory,CO,100,0
2026-09-06T05:00:00+05:30,06-09-2026 05:00:00,"IGI Airport (T3), Delhi - IITM",79,Satisfactory,CO,100,0
2026-09-06T05:00:00+05:30,06-09-2026 05:00:00,"Anand Vihar, Delhi - DPCC",73,Satisfactory,PM10,100,0
2026-09-06T05:00:00+05:30,06-09-2026 05:00:00,"Pusa, Delhi - DPCC",73,Satisfactory,CO,100,0
2026-09-06T05:00:00+05:30,06-09-2026 05:00:00,"Sonia Vihar, Delhi - DPCC",73,Satisfactory,CO,100,0
2026-09-06T05:00:00+05:30,06-09-2026 05:00:00,"Okhla Phase-2, Delhi - DPCC",72,Satisfactory,PM10,100,0
2026-09-06T05:00:00+05:30,06-09-2026 05:00:00,"Mundka, Delhi - DPCC",72,Satisfactory,NO2,100,0
2026-09-06T05:00:00+05:30,06-09-2026 05:00:00,"Talkatora Garden, Delhi - DPCC",72,Satisfactory,CO,100,0
2026-09-06T05:00:00+05:30,06-09-2026 05:00:00,"Jawaharlal Nehru Stadium, Delhi - DPCC",72,Satisfactory,CO,100,0
2026-09-06T05:00:00+05:30,06-09-2026 05:00:00,"Pusa, Delhi - IITM",70,Satisfactory,NO2,100,0
2026-09-06T05:00:00+05:30,06-09-2026 05:00:00,"Cantonment Area, Delhi - DPCC",69,Satisfactory,CO,100,0
2026-09-06T05:00:00+05:30,06-09-2026 05:00:00,"Vivek Vihar, Delhi - DPCC",69,Satisfactory,CO,100,0
2026-09-06T05:00:00+05:30,06-09-2026 05:00:00,"IGNOU_Maidan Garhi, Delhi - DPCC",69,Satisfactory,CO,100,0
2026-09-06T05:00:00+05:30,06-09-2026 05:00:00,"Major Dhyan Chand National Stadium, Delhi - DPCC",66,Satisfactory,CO,100,0
2026-09-06T05:00:00+05:30,06-09-2026 05:00:00,"JNU, Delhi - DPCC",66,Satisfactory,CO,100,0
2026-09-06T05:00:00+05:30,06-09-2026 05:00:00,"Mandir Marg, Delhi - DPCC",65,Satisfactory,CO,100,0
2026-09-06T05:00:00+05:30,06-09-2026 05:00:00,"Commonwealth Sports Complex, Delhi - DPCC",65,Satisfactory,CO,100,0
2026-09-06T05:00:00+05:30,06-09-2026 05:00:00,"IIT Delhi, Delhi - IITM",64,Satisfactory,PM10,100,0
2026-09-06T05:00:00+05:30,06-09-2026 05:00:00,"Narela, Delhi - DPCC",63,Satisfactory,CO,100,0
2026-09-06T05:00:00+05:30,06-09-2026 05:00:00,"Nehru Nagar, Delhi - DPCC",62,Satisfactory,PM10,100,0
2026-09-06T05:00:00+05:30,06-09-2026 05:00:00,"Rohini, Delhi - DPCC",62,Satisfactory,PM10,100,0
2026-09-06T05:00:00+05:30,06-09-2026 05:00:00,"ITO, Delhi - CPCB",61,Satisfactory,NO2,100,0
2026-09-06T05:00:00+05:30,06-09-2026 05:00:00,"Sirifort, Delhi - CPCB",60,Satisfactory,PM2.5,100,0
2026-09-06T05:00:00+05:30,06-09-2026 05:00:00,"Wazirpur, Delhi - DPCC",60,Satisfactory,CO,100,0
2026-09-06T05:00:00+05:30,06-09-2026 05:00:00,"Sri Aurobindo Marg, Delhi - DPCC",60,Satisfactory,CO,100,0
2026-09-06T05:00:00+05:30,06-09-2026 05:00:00,"Punjabi Bagh, Delhi - DPCC",58,Satisfactory,PM10,100,0
2026-09-06T05:00:00+05:30,06-09-2026 05:00:00,"R K Puram, Delhi - DPCC",57,Satisfactory,CO,100,0
2026-09-06T05:00:00+05:30,06-09-2026 05:00:00,"NSUT Jaffarpur, Delhi - DPCC",56,Satisfactory,CO,100,0
2026-09-06T05:00:00+05:30,06-09-2026 05:00:00,"Jahangirpuri, Delhi - DPCC",50,Good,CO,100,0
2026-09-06T05:00:00+05:30,06-09-2026 05:00:00,"Patparganj, Delhi - DPCC",50,Good,CO,100,0
2026-09-06T05:00:00+05:30,06-09-2026 05:00:00,"IHBAS, Dilshad Garden, Delhi - CPCB",49,Good,NO2,100,0
2026-09-06T05:00:00+05:30,06-09-2026 05:00:00,"CRRI Mathura Road, Delhi - IITM",48,Good,CO,100,0
2026-09-06T05:00:00+05:30,06-09-2026 05:00:00,"Bawana, Delhi - DPCC",45,Good,CO,100,0
2026-09-06T05:00:00+05:30,06-09-2026 05:00:00,"Ashok Vihar, Delhi - DPCC",42,Good,PM10,100,0
2026-09-06T05:00:00+05:30,06-09-2026 05:00:00,"Shadipur, Delhi - CPCB",42,Good,CO,100,0
2026-09-06T05:00:00+05:30,06-09-2026 05:00:00,"IMD Lodhi Road, Delhi - IITM",41,Good,PM10,100,0
2026-09-06T05:00:00+05:30,06-09-2026 05:00:00,"Aya Nagar, Delhi - IITM",39,Good,CO,100,0
2026-09-06T05:00:00+05:30,06-09-2026 05:00:00,"Dr. Karni Singh Shooting Range, Delhi - DPCC",38,Good,PM10,100,0
2026-09-06T05:00:00+05:30,06-09-2026 05:00:00,"Burari Crossing, Delhi - IITM",37,Good,PM10,100,0
2026-09-06T05:00:00+05:30,06-09-2026 05:00:00,"Najafgarh, Delhi - DPCC",35,Good,CO,100,0
2026-09-06T05:00:00+05:30,06-09-2026 05:00:00,"Dwarka-Sector 8, Delhi - DPCC",33,Good,PM10,100,0
2026-09-06T05:00:00+05:30,06-09-2026 05:00:00,"DTU, Delhi - CPCB",31,Good,PM10,100,0
2026-09-06T09:00:00+05:30,06-09-2026 09:00:00,"North Campus, DU, Delhi - IITM",107,Moderately Polluted,NO2,100,1
2026-09-06T09:00:00+05:30,06-09-2026 09:00:00,"NSIT Dwarka, Delhi - CPCB",106,Moderately Polluted,OZONE,100,1
2026-09-06T09:00:00+05:30,06-09-2026 09:00:00,"Chandni Chowk, Delhi - IITM",88,Satisfactory,CO,100,0
2026-09-06T09:00:00+05:30,06-09-2026 09:00:00,"Anand Vihar, Delhi - DPCC",75,Satisfactory,PM10,100,0
2026-09-06T09:00:00+05:30,06-09-2026 09:00:00,"Okhla Phase-2, Delhi - DPCC",74,Satisfactory,PM10,100,0
2026-09-06T09:00:00+05:30,06-09-2026 09:00:00,"Mundka, Delhi - DPCC",70,Satisfactory,NO2,100,0
2026-09-06T09:00:00+05:30,06-09-2026 09:00:00,"Pusa, Delhi - IITM",69,Satisfactory,NO2,100,0
2026-09-06T09:00:00+05:30,06-09-2026 09:00:00,"IGI Airport (T3), Delhi - IITM",69,Satisfactory,CO,100,0
2026-09-06T09:00:00+05:30,06-09-2026 09:00:00,"IIT Delhi, Delhi - IITM",68,Satisfactory,PM10,100,0
2026-09-06T09:00:00+05:30,06-09-2026 09:00:00,"Sonia Vihar, Delhi - DPCC",67,Satisfactory,CO,100,0
2026-09-06T09:00:00+05:30,06-09-2026 09:00:00,"IGNOU_Maidan Garhi, Delhi - DPCC",67,Satisfactory,CO,100,0
2026-09-06T09:00:00+05:30,06-09-2026 09:00:00,"Talkatora Garden, Delhi - DPCC",67,Satisfactory,CO,100,0
2026-09-06T09:00:00+05:30,06-09-2026 09:00:00,"Nehru Nagar, Delhi - DPCC",65,Satisfactory,PM10,100,0
2026-09-06T09:00:00+05:30,06-09-2026 09:00:00,"Punjabi Bagh, Delhi - DPCC",64,Satisfactory,PM10,100,0
2026-09-06T09:00:00+05:30,06-09-2026 09:00:00,"Sirifort, Delhi - CPCB",64,Satisfactory,PM2.5,100,0
2026-09-06T09:00:00+05:30,06-09-2026 09:00:00,"Rohini, Delhi - DPCC",64,Satisfactory,PM2.5,100,0
2026-09-06T09:00:00+05:30,06-09-2026 09:00:00,"Narela, Delhi - DPCC",63,Satisfactory,CO,100,0
2026-09-06T09:00:00+05:30,06-09-2026 09:00:00,"Vivek Vihar, Delhi - DPCC",63,Satisfactory,CO,100,0
2026-09-06T09:00:00+05:30,06-09-2026 09:00:00,"Cantonment Area, Delhi - DPCC",60,Satisfactory,CO,100,0
2026-09-06T09:00:00+05:30,06-09-2026 09:00:00,"Pusa, Delhi - DPCC",58,Satisfactory,CO,100,0
2026-09-06T09:00:00+05:30,06-09-2026 09:00:00,"ITO, Delhi - CPCB",57,Satisfactory,NO2,100,0
2026-09-06T09:00:00+05:30,06-09-2026 09:00:00,"Commonwealth Sports Complex, Delhi - DPCC",56,Satisfactory,CO,100,0
2026-09-06T09:00:00+05:30,06-09-2026 09:00:00,"Mandir Marg, Delhi - DPCC",55,Satisfactory,CO,100,0
2026-09-06T09:00:00+05:30,06-09-2026 09:00:00,"Wazirpur, Delhi - DPCC",54,Satisfactory,CO,100,0
2026-09-06T09:00:00+05:30,06-09-2026 09:00:00,"JNU, Delhi - DPCC",53,Satisfactory,CO,100,0
2026-09-06T09:00:00+05:30,06-09-2026 09:00:00,"NSUT Jaffarpur, Delhi - DPCC",52,Satisfactory,CO,100,0
2026-09-06T09:00:00+05:30,06-09-2026 09:00:00,"IHBAS, Dilshad Garden, Delhi - CPCB",52,Satisfactory,PM2.5,100,0
2026-09-06T09:00:00+05:30,06-09-2026 09:00:00,"Major Dhyan Chand National Stadium, Delhi - DPCC",51,Satisfactory,NO2,100,0
2026-09-06T09:00:00+05:30,06-09-2026 09:00:00,"Patparganj, Delhi - DPCC",51,Satisfactory,PM10,100,0
2026-09-06T09:00:00+05:30,06-09-2026 09:00:00,"R K Puram, Delhi - DPCC",51,Satisfactory,CO,100,0
2026-09-06T09:00:00+05:30,06-09-2026 09:00:00,"Jahangirpuri, Delhi - DPCC",50,Good,CO,100,0
2026-09-06T09:00:00+05:30,06-09-2026 09:00:00,"Sri Aurobindo Marg, Delhi - DPCC",48,Good,CO,100,0
2026-09-06T09:00:00+05:30,06-09-2026 09:00:00,"Bawana, Delhi - DPCC",47,Good,CO,100,0
2026-09-06T09:00:00+05:30,06-09-2026 09:00:00,"Ashok Vihar, Delhi - DPCC",44,Good,PM10,100,0
2026-09-06T09:00:00+05:30,06-09-2026 09:00:00,"Aya Nagar, Delhi - IITM",43,Good,PM10,100,0
2026-09-06T09:00:00+05:30,06-09-2026 09:00:00,"IMD Lodhi Road, Delhi - IITM",43,Good,PM10,100,0
2026-09-06T09:00:00+05:30,06-09-2026 09:00:00,"Dr. Karni Singh Shooting Range, Delhi - DPCC",41,Good,PM10,100,0
2026-09-06T09:00:00+05:30,06-09-2026 09:00:00,"CRRI Mathura Road, Delhi - IITM",40,Good,PM10,100,0
2026-09-06T09:00:00+05:30,06-09-2026 09:00:00,"Burari Crossing, Delhi - IITM",40,Good,PM10,100,0
2026-09-06T09:00:00+05:30,06-09-2026 09:00:00,"Shadipur, Delhi - CPCB",39,Good,CO,100,0
2026-09-06T09:00:00+05:30,06-09-2026 09:00:00,"Jawaharlal Nehru Stadium, Delhi - DPCC",36,Good,PM10,100,0
2026-09-06T09:00:00+05:30,06-09-2026 09:00:00,"Dwarka-Sector 8, Delhi - DPCC",36,Good,PM10,100,0
2026-09-06T09:00:00+05:30,06-09-2026 09:00:00,"DTU, Delhi - CPCB",32,Good,PM10,100,0
2026-09-06T09:00:00+05:30,06-09-2026 09:00:00,"Najafgarh, Delhi - DPCC",25,Good,CO,100,0
2026-09-06T10:00:00+05:30,06-09-2026 10:00:00,"North Campus, DU, Delhi - IITM",107,Moderately Polluted,NO2,100,1
2026-09-06T10:00:00+05:30,06-09-2026 10:00:00,"NSIT Dwarka, Delhi - CPCB",95,Satisfactory,OZONE,100,0
2026-09-06T10:00:00+05:30,06-09-2026 10:00:00,"Chandni Chowk, Delhi - IITM",88,Satisfactory,CO,100,0
2026-09-06T10:00:00+05:30,06-09-2026 10:00:00,"Anand Vihar, Delhi - DPCC",77,Satisfactory,PM10,100,0
2026-09-06T10:00:00+05:30,06-09-2026 10:00:00,"Okhla Phase-2, Delhi - DPCC",75,Satisfactory,PM10,100,0
2026-09-06T10:00:00+05:30,06-09-2026 10:00:00,"Mundka, Delhi - DPCC",70,Satisfactory,NO2,100,0
2026-09-06T10:00:00+05:30,06-09-2026 10:00:00,"Pusa, Delhi - IITM",70,Satisfactory,NO2,100,0
2026-09-06T10:00:00+05:30,06-09-2026 10:00:00,"Sonia Vihar, Delhi - DPCC",69,Satisfactory,CO,100,0
2026-09-06T10:00:00+05:30,06-09-2026 10:00:00,"IIT Delhi, Delhi - IITM",68,Satisfactory,PM10,100,0
2026-09-06T10:00:00+05:30,06-09-2026 10:00:00,"IGI Airport (T3), Delhi - IITM",65,Satisfactory,CO,100,0
2026-09-06T10:00:00+05:30,06-09-2026 10:00:00,"IGNOU_Maidan Garhi, Delhi - DPCC",65,Satisfactory,CO,100,0
2026-09-06T10:00:00+05:30,06-09-2026 10:00:00,"Talkatora Garden, Delhi - DPCC",65,Satisfactory,CO,100,0
2026-09-06T10:00:00+05:30,06-09-2026 10:00:00,"Punjabi Bagh, Delhi - DPCC",65,Satisfactory,PM10,100,0
2026-09-06T10:00:00+05:30,06-09-2026 10:00:00,"Rohini, Delhi - DPCC",65,Satisfactory,PM10,100,0
2026-09-06T10:00:00+05:30,06-09-2026 10:00:00,"Vivek Vihar, Delhi - DPCC",64,Satisfactory,CO,100,0
2026-09-06T10:00:00+05:30,06-09-2026 10:00:00,"Nehru Nagar, Delhi - DPCC",64,Satisfactory,PM10,100,0
2026-09-06T10:00:00+05:30,06-09-2026 10:00:00,"Narela, Delhi - DPCC",63,Satisfactory,CO,100,0
2026-09-06T10:00:00+05:30,06-09-2026 10:00:00,"Sirifort, Delhi - CPCB",63,Satisfactory,PM2.5,100,0
2026-09-06T10:00:00+05:30,06-09-2026 10:00:00,"R K Puram, Delhi - DPCC",62,Satisfactory,PM10,100,0
2026-09-06T10:00:00+05:30,06-09-2026 10:00:00,"Pusa, Delhi - DPCC",60,Satisfactory,CO,100,0
2026-09-06T10:00:00+05:30,06-09-2026 10:00:00,"Cantonment Area, Delhi - DPCC",58,Satisfactory,CO,100,0
2026-09-06T10:00:00+05:30,06-09-2026 10:00:00,"Commonwealth Sports Complex, Delhi - DPCC",56,Satisfactory,CO,100,0
2026-09-06T10:00:00+05:30,06-09-2026 10:00:00,"ITO, Delhi - CPCB",56,Satisfactory,NO2,100,0
2026-09-06T10:00:00+05:30,06-09-2026 10:00:00,"Wazirpur, Delhi - DPCC",55,Satisfactory,CO,100,0
2026-09-06T10:00:00+05:30,06-09-2026 10:00:00,"Mandir Marg, Delhi - DPCC",53,Satisfactory,PM10,100,0
2026-09-06T10:00:00+05:30,06-09-2026 10:00:00,"Major Dhyan Chand National Stadium, Delhi - DPCC",52,Satisfactory,NO2,100,0
2026-09-06T10:00:00+05:30,06-09-2026 10:00:00,"IHBAS, Dilshad Garden, Delhi - CPCB",52,Satisfactory,PM2.5,100,0
2026-09-06T10:00:00+05:30,06-09-2026 10:00:00,"Patparganj, Delhi - DPCC",52,Satisfactory,PM10,100,0
2026-09-06T10:00:00+05:30,06-09-2026 10:00:00,"NSUT Jaffarpur, Delhi - DPCC",52,Satisfactory,CO,100,0
2026-09-06T10:00:00+05:30,06-09-2026 10:00:00,"Jahangirpuri, Delhi - DPCC",51,Satisfactory,CO,100,0
2026-09-06T10:00:00+05:30,06-09-2026 10:00:00,"JNU, Delhi - DPCC",49,Good,CO,100,0
2026-09-06T10:00:00+05:30,06-09-2026 10:00:00,"Bawana, Delhi - DPCC",48,Good,CO,100,0
2026-09-06T10:00:00+05:30,06-09-2026 10:00:00,"Sri Aurobindo Marg, Delhi - DPCC",45,Good,CO,100,0
2026-09-06T10:00:00+05:30,06-09-2026 10:00:00,"Ashok Vihar, Delhi - DPCC",45,Good,PM10,100,0
2026-09-06T10:00:00+05:30,06-09-2026 10:00:00,"Aya Nagar, Delhi - IITM",45,Good,PM10,100,0
2026-09-06T10:00:00+05:30,06-09-2026 10:00:00,"IMD Lodhi Road, Delhi - IITM",44,Good,PM10,100,0
2026-09-06T10:00:00+05:30,06-09-2026 10:00:00,"Dr. Karni Singh Shooting Range, Delhi - DPCC",42,Good,PM10,100,0
2026-09-06T10:00:00+05:30,06-09-2026 10:00:00,"Burari Crossing, Delhi - IITM",41,Good,PM10,100,0
2026-09-06T10:00:00+05:30,06-09-2026 10:00:00,"CRRI Mathura Road, Delhi - IITM",40,Good,PM10,100,0
2026-09-06T10:00:00+05:30,06-09-2026 10:00:00,"Shadipur, Delhi - CPCB",40,Good,CO,100,0
2026-09-06T10:00:00+05:30,06-09-2026 10:00:00,"Dwarka-Sector 8, Delhi - DPCC",37,Good,PM10,100,0
2026-09-06T10:00:00+05:30,06-09-2026 10:00:00,"Jawaharlal Nehru Stadium, Delhi - DPCC",36,Good,PM10,100,0
2026-09-06T10:00:00+05:30,06-09-2026 10:00:00,"DTU, Delhi - CPCB",32,Good,PM2.5,100,0
2026-09-06T10:00:00+05:30,06-09-2026 10:00:00,"Najafgarh, Delhi - DPCC",24,Good,CO,100,0
2026-09-06T11:00:00+05:30,06-09-2026 11:00:00,"North Campus, DU, Delhi - IITM",107,Moderately Polluted,NO2,100,1
2026-09-06T11:00:00+05:30,06-09-2026 11:00:00,"Chandni Chowk, Delhi - IITM",88,Satisfactory,CO,100,0
2026-09-06T11:00:00+05:30,06-09-2026 11:00:00,"Anand Vihar, Delhi - DPCC",79,Satisfactory,PM10,100,0
2026-09-06T11:00:00+05:30,06-09-2026 11:00:00,"NSIT Dwarka, Delhi - CPCB",75,Satisfactory,OZONE,100,0
2026-09-06T11:00:00+05:30,06-09-2026 11:00:00,"Okhla Phase-2, Delhi - DPCC",73,Satisfactory,PM10,100,0
2026-09-06T11:00:00+05:30,06-09-2026 11:00:00,"IGI Airport (T3), Delhi - IITM",71,Satisfactory,NO2,100,0
2026-09-06T11:00:00+05:30,06-09-2026 11:00:00,"Sonia Vihar, Delhi - DPCC",70,Satisfactory,CO,100,0
2026-09-06T11:00:00+05:30,06-09-2026 11:00:00,"Mundka, Delhi - DPCC",69,Satisfactory,NO2,100,0
2026-09-06T11:00:00+05:30,06-09-2026 11:00:00,"Pusa, Delhi - IITM",69,Satisfactory,NO2,100,0
2026-09-06T11:00:00+05:30,06-09-2026 11:00:00,"Punjabi Bagh, Delhi - DPCC",68,Satisfactory,PM10,100,0
2026-09-06T11:00:00+05:30,06-09-2026 11:00:00,"Rohini, Delhi - DPCC",67,Satisfactory,PM10,100,0
2026-09-06T11:00:00+05:30,06-09-2026 11:00:00,"IIT Delhi, Delhi - IITM",67,Satisfactory,PM10,100,0
2026-09-06T11:00:00+05:30,06-09-2026 11:00:00,"Vivek Vihar, Delhi - DPCC",66,Satisfactory,CO,100,0
2026-09-06T11:00:00+05:30,06-09-2026 11:00:00,"Narela, Delhi - DPCC",64,Satisfactory,CO,100,0
2026-09-06T11:00:00+05:30,06-09-2026 11:00:00,"Nehru Nagar, Delhi - DPCC",64,Satisfactory,PM10,100,0
2026-09-06T11:00:00+05:30,06-09-2026 11:00:00,"Talkatora Garden, Delhi - DPCC",64,Satisfactory,CO,100,0
2026-09-06T11:00:00+05:30,06-09-2026 11:00:00,"Pusa, Delhi - DPCC",63,Satisfactory,CO,100,0
2026-09-06T11:00:00+05:30,06-09-2026 11:00:00,"Sirifort, Delhi - CPCB",63,Satisfactory,PM2.5,100,0
2026-09-06T11:00:00+05:30,06-09-2026 11:00:00,"IGNOU_Maidan Garhi, Delhi - DPCC",63,Satisfactory,CO,100,0
2026-09-06T11:00:00+05:30,06-09-2026 11:00:00,"R K Puram, Delhi - DPCC",62,Satisfactory,PM10,100,0
2026-09-06T11:00:00+05:30,06-09-2026 11:00:00,"Commonwealth Sports Complex, Delhi - DPCC",58,Satisfactory,CO,100,0
2026-09-06T11:00:00+05:30,06-09-2026 11:00:00,"ITO, Delhi - CPCB",57,Satisfactory,NO2,100,0
2026-09-06T11:00:00+05:30,06-09-2026 11:00:00,"Wazirpur, Delhi - DPCC",56,Satisfactory,CO,100,0
2026-09-06T11:00:00+05:30,06-09-2026 11:00:00,"Cantonment Area, Delhi - DPCC",55,Satisfactory,CO,100,0
2026-09-06T11:00:00+05:30,06-09-2026 11:00:00,"Mandir Marg, Delhi - DPCC",54,Satisfactory,PM10,100,0
2026-09-06T11:00:00+05:30,06-09-2026 11:00:00,"Major Dhyan Chand National Stadium, Delhi - DPCC",52,Satisfactory,NO2,100,0
2026-09-06T11:00:00+05:30,06-09-2026 11:00:00,"IHBAS, Dilshad Garden, Delhi - CPCB",52,Satisfactory,PM2.5,100,0
2026-09-06T11:00:00+05:30,06-09-2026 11:00:00,"Jahangirpuri, Delhi - DPCC",52,Satisfactory,CO,100,0
2026-09-06T11:00:00+05:30,06-09-2026 11:00:00,"Patparganj, Delhi - DPCC",52,Satisfactory,PM10,100,0
2026-09-06T11:00:00+05:30,06-09-2026 11:00:00,"NSUT Jaffarpur, Delhi - DPCC",51,Satisfactory,CO,100,0
2026-09-06T11:00:00+05:30,06-09-2026 11:00:00,"Bawana, Delhi - DPCC",49,Good,CO,100,0
2026-09-06T11:00:00+05:30,06-09-2026 11:00:00,"Ashok Vihar, Delhi - DPCC",46,Good,PM10,100,0
2026-09-06T11:00:00+05:30,06-09-2026 11:00:00,"JNU, Delhi - DPCC",46,Good,CO,100,0
2026-09-06T11:00:00+05:30,06-09-2026 11:00:00,"Sri Aurobindo Marg, Delhi - DPCC",45,Good,PM10,100,0
2026-09-06T11:00:00+05:30,06-09-2026 11:00:00,"Aya Nagar, Delhi - IITM",45,Good,PM10,100,0
2026-09-06T11:00:00+05:30,06-09-2026 11:00:00,"Shadipur, Delhi - CPCB",42,Good,CO,100,0
2026-09-06T11:00:00+05:30,06-09-2026 11:00:00,"Burari Crossing, Delhi - IITM",42,Good,PM10,100,0
2026-09-06T11:00:00+05:30,06-09-2026 11:00:00,"IMD Lodhi Road, Delhi - IITM",42,Good,PM10,100,0
2026-09-06T11:00:00+05:30,06-09-2026 11:00:00,"Dr. Karni Singh Shooting Range, Delhi - DPCC",42,Good,PM10,100,0
2026-09-06T11:00:00+05:30,06-09-2026 11:00:00,"CRRI Mathura Road, Delhi - IITM",39,Good,PM10,100,0
2026-09-06T11:00:00+05:30,06-09-2026 11:00:00,"Dwarka-Sector 8, Delhi - DPCC",38,Good,PM10,100,0
2026-09-06T11:00:00+05:30,06-09-2026 11:00:00,"Jawaharlal Nehru Stadium, Delhi - DPCC",37,Good,PM10,100,0
2026-09-06T11:00:00+05:30,06-09-2026 11:00:00,"DTU, Delhi - CPCB",34,Good,PM10,100,0
2026-09-06T11:00:00+05:30,06-09-2026 11:00:00,"Najafgarh, Delhi - DPCC",24,Good,CO,100,0
2026-09-06T12:00:00+05:30,06-09-2026 12:00:00,"North Campus, DU, Delhi - IITM",104,Moderately Polluted,NO2,100,1
2026-09-06T12:00:00+05:30,06-09-2026 12:00:00,"Chandni Chowk, Delhi - IITM",88,Satisfactory,CO,100,0
2026-09-06T12:00:00+05:30,06-09-2026 12:00:00,"Anand Vihar, Delhi - DPCC",80,Satisfactory,PM10,100,0
2026-09-06T12:00:00+05:30,06-09-2026 12:00:00,"IGI Airport (T3), Delhi - IITM",70,Satisfactory,NO2,100,0
2026-09-06T12:00:00+05:30,06-09-2026 12:00:00,"Sonia Vihar, Delhi - DPCC",70,Satisfactory,CO,100,0
2026-09-06T12:00:00+05:30,06-09-2026 12:00:00,"Pusa, Delhi - IITM",69,Satisfactory,NO2,100,0
2026-09-06T12:00:00+05:30,06-09-2026 12:00:00,"Mundka, Delhi - DPCC",69,Satisfactory,NO2,100,0
2026-09-06T12:00:00+05:30,06-09-2026 12:00:00,"IIT Delhi, Delhi - IITM",68,Satisfactory,PM10,100,0
2026-09-06T12:00:00+05:30,06-09-2026 12:00:00,"Pusa, Delhi - DPCC",68,Satisfactory,CO,100,0
2026-09-06T12:00:00+05:30,06-09-2026 12:00:00,"Rohini, Delhi - DPCC",67,Satisfactory,PM2.5,100,0
2026-09-06T12:00:00+05:30,06-09-2026 12:00:00,"Vivek Vihar, Delhi - DPCC",67,Satisfactory,CO,100,0
2026-09-06T12:00:00+05:30,06-09-2026 12:00:00,"Punjabi Bagh, Delhi - DPCC",66,Satisfactory,PM10,100,0
2026-09-06T12:00:00+05:30,06-09-2026 12:00:00,"Narela, Delhi - DPCC",64,Satisfactory,CO,100,0
2026-09-06T12:00:00+05:30,06-09-2026 12:00:00,"R K Puram, Delhi - DPCC",64,Satisfactory,PM10,100,0
2026-09-06T12:00:00+05:30,06-09-2026 12:00:00,"Talkatora Garden, Delhi - DPCC",63,Satisfactory,CO,100,0
2026-09-06T12:00:00+05:30,06-09-2026 12:00:00,"Sirifort, Delhi - CPCB",63,Satisfactory,PM2.5,100,0
2026-09-06T12:00:00+05:30,06-09-2026 12:00:00,"Nehru Nagar, Delhi - DPCC",63,Satisfactory,PM10,100,0
2026-09-06T12:00:00+05:30,06-09-2026 12:00:00,"IGNOU_Maidan Garhi, Delhi - DPCC",61,Satisfactory,CO,100,0
2026-09-06T12:00:00+05:30,06-09-2026 12:00:00,"Commonwealth Sports Complex, Delhi - DPCC",58,Satisfactory,CO,100,0
2026-09-06T12:00:00+05:30,06-09-2026 12:00:00,"NSIT Dwarka, Delhi - CPCB",57,Satisfactory,OZONE,100,0
2026-09-06T12:00:00+05:30,06-09-2026 12:00:00,"Wazirpur, Delhi - DPCC",57,Satisfactory,CO,100,0
2026-09-06T12:00:00+05:30,06-09-2026 12:00:00,"Okhla Phase-2, Delhi - DPCC",57,Satisfactory,CO,100,0
2026-09-06T12:00:00+05:30,06-09-2026 12:00:00,"ITO, Delhi - CPCB",56,Satisfactory,NO2,100,0
2026-09-06T12:00:00+05:30,06-09-2026 12:00:00,"IHBAS, Dilshad Garden, Delhi - CPCB",54,Satisfactory,PM2.5,100,0
2026-09-06T12:00:00+05:30,06-09-2026 12:00:00,"Mandir Marg, Delhi - DPCC",54,Satisfactory,CO,100,0
2026-09-06T12:00:00+05:30,06-09-2026 12:00:00,"Cantonment Area, Delhi - DPCC",53,Satisfactory,CO,100,0
2026-09-06T12:00:00+05:30,06-09-2026 12:00:00,"Patparganj, Delhi - DPCC",53,Satisfactory,PM10,100,0
2026-09-06T12:00:00+05:30,06-09-2026 12:00:00,"Jahangirpuri, Delhi - DPCC",53,Satisfactory,CO,100,0
2026-09-06T12:00:00+05:30,06-09-2026 12:00:00,"NSUT Jaffarpur, Delhi - DPCC",51,Satisfactory,CO,100,0
2026-09-06T12:00:00+05:30,06-09-2026 12:00:00,"Major Dhyan Chand National Stadium, Delhi - DPCC",50,Good,NO2,100,0
2026-09-06T12:00:00+05:30,06-09-2026 12:00:00,"Bawana, Delhi - DPCC",49,Good,CO,100,0
2026-09-06T12:00:00+05:30,06-09-2026 12:00:00,"Ashok Vihar, Delhi - DPCC",47,Good,PM10,100,0
2026-09-06T12:00:00+05:30,06-09-2026 12:00:00,"Sri Aurobindo Marg, Delhi - DPCC",46,Good,PM10,100,0
2026-09-06T12:00:00+05:30,06-09-2026 12:00:00,"Aya Nagar, Delhi - IITM",46,Good,PM10,100,0
2026-09-06T12:00:00+05:30,06-09-2026 12:00:00,"JNU, Delhi - DPCC",45,Good,CO,100,0
2026-09-06T12:00:00+05:30,06-09-2026 12:00:00,"IMD Lodhi Road, Delhi - IITM",43,Good,PM10,100,0
2026-09-06T12:00:00+05:30,06-09-2026 12:00:00,"Shadipur, Delhi - CPCB",43,Good,CO,100,0
2026-09-06T12:00:00+05:30,06-09-2026 12:00:00,"Dr. Karni Singh Shooting Range, Delhi - DPCC",42,Good,PM10,100,0
2026-09-06T12:00:00+05:30,06-09-2026 12:00:00,"CRRI Mathura Road, Delhi - IITM",41,Good,PM10,100,0
2026-09-06T12:00:00+05:30,06-09-2026 12:00:00,"Burari Crossing, Delhi - IITM",41,Good,PM10,100,0
2026-09-06T12:00:00+05:30,06-09-2026 12:00:00,"Dwarka-Sector 8, Delhi - DPCC",38,Good,PM10,100,0
2026-09-06T12:00:00+05:30,06-09-2026 12:00:00,"Jawaharlal Nehru Stadium, Delhi - DPCC",37,Good,PM10,100,0
2026-09-06T12:00:00+05:30,06-09-2026 12:00:00,"DTU, Delhi - CPCB",35,Good,PM2.5,100,0
2026-09-06T12:00:00+05:30,06-09-2026 12:00:00,"Najafgarh, Delhi - DPCC",24,Good,CO,100,0
2026-09-06T13:00:00+05:30,06-09-2026 13:00:00,"North Campus, DU, Delhi - IITM",99,Satisfactory,NO2,100,0
2026-09-06T13:00:00+05:30,06-09-2026 13:00:00,"Chandni Chowk, Delhi - IITM",87,Satisfactory,CO,100,0
2026-09-06T13:00:00+05:30,06-09-2026 13:00:00,"Anand Vihar, Delhi - DPCC",77,Satisfactory,PM10,100,0
2026-09-06T13:00:00+05:30,06-09-2026 13:00:00,"Pusa, Delhi - DPCC",71,Satisfactory,CO,100,0
2026-09-06T13:00:00+05:30,06-09-2026 13:00:00,"Sonia Vihar, Delhi - DPCC",70,Satisfactory,CO,100,0
2026-09-06T13:00:00+05:30,06-09-2026 13:00:00,"Mundka, Delhi - DPCC",69,Satisfactory,NO2,100,0
2026-09-06T13:00:00+05:30,06-09-2026 13:00:00,"IGI Airport (T3), Delhi - IITM",69,Satisfactory,NO2,100,0
2026-09-06T13:00:00+05:30,06-09-2026 13:00:00,"Vivek Vihar, Delhi - DPCC",68,Satisfactory,CO,100,0
2026-09-06T13:00:00+05:30,06-09-2026 13:00:00,"Pusa, Delhi - IITM",68,Satisfactory,NO2,100,0
2026-09-06T13:00:00+05:30,06-09-2026 13:00:00,"IIT Delhi, Delhi - IITM",67,Satisfactory,PM10,100,0
2026-09-06T13:00:00+05:30,06-09-2026 13:00:00,"Rohini, Delhi - DPCC",67,Satisfactory,PM10,100,0
2026-09-06T13:00:00+05:30,06-09-2026 13:00:00,"Punjabi Bagh, Delhi - DPCC",66,Satisfactory,PM10,100,0
2026-09-06T13:00:00+05:30,06-09-2026 13:00:00,"R K Puram, Delhi - DPCC",64,Satisfactory,PM10,100,0
2026-09-06T13:00:00+05:30,06-09-2026 13:00:00,"Narela, Delhi - DPCC",63,Satisfactory,CO,100,0
2026-09-06T13:00:00+05:30,06-09-2026 13:00:00,"Sirifort, Delhi - CPCB",63,Satisfactory,PM2.5,100,0
2026-09-06T13:00:00+05:30,06-09-2026 13:00:00,"Nehru Nagar, Delhi - DPCC",62,Satisfactory,PM10,100,0
2026-09-06T13:00:00+05:30,06-09-2026 13:00:00,"Talkatora Garden, Delhi - DPCC",62,Satisfactory,CO,100,0
2026-09-06T13:00:00+05:30,06-09-2026 13:00:00,"IGNOU_Maidan Garhi, Delhi - DPCC",60,Satisfactory,CO,100,0
2026-09-06T13:00:00+05:30,06-09-2026 13:00:00,"Commonwealth Sports Complex, Delhi - DPCC",59,Satisfactory,CO,100,0
2026-09-06T13:00:00+05:30,06-09-2026 13:00:00,"Okhla Phase-2, Delhi - DPCC",57,Satisfactory,CO,100,0
2026-09-06T13:00:00+05:30,06-09-2026 13:00:00,"Wazirpur, Delhi - DPCC",57,Satisfactory,CO,100,0
2026-09-06T13:00:00+05:30,06-09-2026 13:00:00,"ITO, Delhi - CPCB",56,Satisfactory,NO2,100,0
2026-09-06T13:00:00+05:30,06-09-2026 13:00:00,"IHBAS, Dilshad Garden, Delhi - CPCB",55,Satisfactory,PM2.5,100,0
2026-09-06T13:00:00+05:30,06-09-2026 13:00:00,"Cantonment Area, Delhi - DPCC",54,Satisfactory,CO,100,0
2026-09-06T13:00:00+05:30,06-09-2026 13:00:00,"Mandir Marg, Delhi - DPCC",54,Satisfactory,CO,100,0
2026-09-06T13:00:00+05:30,06-09-2026 13:00:00,"Jahangirpuri, Delhi - DPCC",53,Satisfactory,CO,100,0
2026-09-06T13:00:00+05:30,06-09-2026 13:00:00,"Patparganj, Delhi - DPCC",52,Satisfactory,PM10,100,0
2026-09-06T13:00:00+05:30,06-09-2026 13:00:00,"NSUT Jaffarpur, Delhi - DPCC",50,Good,CO,100,0
2026-09-06T13:00:00+05:30,06-09-2026 13:00:00,"Major Dhyan Chand National Stadium, Delhi - DPCC",49,Good,NO2,100,0
2026-09-06T13:00:00+05:30,06-09-2026 13:00:00,"Bawana, Delhi - DPCC",49,Good,CO,100,0
2026-09-06T13:00:00+05:30,06-09-2026 13:00:00,"Aya Nagar, Delhi - IITM",47,Good,PM10,100,0
2026-09-06T13:00:00+05:30,06-09-2026 13:00:00,"Sri Aurobindo Marg, Delhi - DPCC",46,Good,PM10,100,0
2026-09-06T13:00:00+05:30,06-09-2026 13:00:00,"Ashok Vihar, Delhi - DPCC",46,Good,PM10,100,0
2026-09-06T13:00:00+05:30,06-09-2026 13:00:00,"JNU, Delhi - DPCC",44,Good,CO,100,0
2026-09-06T13:00:00+05:30,06-09-2026 13:00:00,"Shadipur, Delhi - CPCB",44,Good,CO,100,0
2026-09-06T13:00:00+05:30,06-09-2026 13:00:00,"Dr. Karni Singh Shooting Range, Delhi - DPCC",43,Good,PM10,100,0
2026-09-06T13:00:00+05:30,06-09-2026 13:00:00,"NSIT Dwarka, Delhi - CPCB",43,Good,OZONE,100,0
2026-09-06T13:00:00+05:30,06-09-2026 13:00:00,"IMD Lodhi Road, Delhi - IITM",42,Good,PM10,100,0
2026-09-06T13:00:00+05:30,06-09-2026 13:00:00,"CRRI Mathura Road, Delhi - IITM",41,Good,PM10,100,0
2026-09-06T13:00:00+05:30,06-09-2026 13:00:00,"Burari Crossing, Delhi - IITM",40,Good,PM10,100,0
2026-09-06T13:00:00+05:30,06-09-2026 13:00:00,"Dwarka-Sector 8, Delhi - DPCC",38,Good,PM10,100,0
2026-09-06T13:00:00+05:30,06-09-2026 13:00:00,"Jawaharlal Nehru Stadium, Delhi - DPCC",38,Good,PM10,100,0
2026-09-06T13:00:00+05:30,06-09-2026 13:00:00,"DTU, Delhi - CPCB",34,Good,PM10,100,0
2026-09-06T13:00:00+05:30,06-09-2026 13:00:00,"Najafgarh, Delhi - DPCC",25,Good,PM10,100,0
2026-09-06T14:00:00+05:30,06-09-2026 14:00:00,"North Campus, DU, Delhi - IITM",97,Satisfactory,NO2,100,0
2026-09-06T14:00:00+05:30,06-09-2026 14:00:00,"Chandni Chowk, Delhi - IITM",86,Satisfactory,CO,100,0
2026-09-06T14:00:00+05:30,06-09-2026 14:00:00,"Anand Vihar, Delhi - DPCC",73,Satisfactory,PM10,100,0
2026-09-06T14:00:00+05:30,06-09-2026 14:00:00,"Pusa, Delhi - DPCC",71,Satisfactory,CO,100,0
2026-09-06T14:00:00+05:30,06-09-2026 14:00:00,"IGI Airport (T3), Delhi - IITM",70,Satisfactory,NO2,100,0
2026-09-06T14:00:00+05:30,06-09-2026 14:00:00,"Mundka, Delhi - DPCC",69,Satisfactory,NO2,100,0
2026-09-06T14:00:00+05:30,06-09-2026 14:00:00,"Vivek Vihar, Delhi - DPCC",68,Satisfactory,CO,100,0
2026-09-06T14:00:00+05:30,06-09-2026 14:00:00,"Sonia Vihar, Delhi - DPCC",68,Satisfactory,CO,100,0
2026-09-06T14:00:00+05:30,06-09-2026 14:00:00,"Rohini, Delhi - DPCC",66,Satisfactory,PM10,100,0
2026-09-06T14:00:00+05:30,06-09-2026 14:00:00,"Punjabi Bagh, Delhi - DPCC",66,Satisfactory,PM10,100,0
2026-09-06T14:00:00+05:30,06-09-2026 14:00:00,"Pusa, Delhi - IITM",66,Satisfactory,NO2,100,0
2026-09-06T14:00:00+05:30,06-09-2026 14:00:00,"IIT Delhi, Delhi - IITM",66,Satisfactory,PM10,100,0
2026-09-06T14:00:00+05:30,06-09-2026 14:00:00,"R K Puram, Delhi - DPCC",64,Satisfactory,PM10,100,0
2026-09-06T14:00:00+05:30,06-09-2026 14:00:00,"Narela, Delhi - DPCC",62,Satisfactory,CO,100,0
2026-09-06T14:00:00+05:30,06-09-2026 14:00:00,"Sirifort, Delhi - CPCB",62,Satisfactory,PM2.5,100,0
2026-09-06T14:00:00+05:30,06-09-2026 14:00:00,"Talkatora Garden, Delhi - DPCC",61,Satisfactory,CO,100,0
2026-09-06T14:00:00+05:30,06-09-2026 14:00:00,"Commonwealth Sports Complex, Delhi - DPCC",60,Satisfactory,CO,100,0
2026-09-06T14:00:00+05:30,06-09-2026 14:00:00,"Nehru Nagar, Delhi - DPCC",60,Satisfactory,PM10,100,0
2026-09-06T14:00:00+05:30,06-09-2026 14:00:00,"IGNOU_Maidan Garhi, Delhi - DPCC",58,Satisfactory,CO,100,0
2026-09-06T14:00:00+05:30,06-09-2026 14:00:00,"Okhla Phase-2, Delhi - DPCC",57,Satisfactory,CO,100,0
2026-09-06T14:00:00+05:30,06-09-2026 14:00:00,"Wazirpur, Delhi - DPCC",56,Satisfactory,CO,100,0
2026-09-06T14:00:00+05:30,06-09-2026 14:00:00,"ITO, Delhi - CPCB",55,Satisfactory,NO2,100,0
2026-09-06T14:00:00+05:30,06-09-2026 14:00:00,"Mandir Marg, Delhi - DPCC",54,Satisfactory,CO,100,0
2026-09-06T14:00:00+05:30,06-09-2026 14:00:00,"Jahangirpuri, Delhi - DPCC",53,Satisfactory,CO,100,0
2026-09-06T14:00:00+05:30,06-09-2026 14:00:00,"Cantonment Area, Delhi - DPCC",52,Satisfactory,CO,100,0
2026-09-06T14:00:00+05:30,06-09-2026 14:00:00,"Patparganj, Delhi - DPCC",51,Satisfactory,PM10,100,0
2026-09-06T14:00:00+05:30,06-09-2026 14:00:00,"IHBAS, Dilshad Garden, Delhi - CPCB",49,Good,NO2,100,0
2026-09-06T14:00:00+05:30,06-09-2026 14:00:00,"Bawana, Delhi - DPCC",48,Good,CO,100,0
2026-09-06T14:00:00+05:30,06-09-2026 14:00:00,"NSUT Jaffarpur, Delhi - DPCC",48,Good,CO,100,0
2026-09-06T14:00:00+05:30,06-09-2026 14:00:00,"Shadipur, Delhi - CPCB",48,Good,CO,100,0
2026-09-06T14:00:00+05:30,06-09-2026 14:00:00,"Major Dhyan Chand National Stadium, Delhi - DPCC",47,Good,NO2,100,0
2026-09-06T14:00:00+05:30,06-09-2026 14:00:00,"Ashok Vihar, Delhi - DPCC",46,Good,PM10,100,0
2026-09-06T14:00:00+05:30,06-09-2026 14:00:00,"Sri Aurobindo Marg, Delhi - DPCC",46,Good,PM10,100,0
2026-09-06T14:00:00+05:30,06-09-2026 14:00:00,"JNU, Delhi - DPCC",44,Good,CO,100,0
2026-09-06T14:00:00+05:30,06-09-2026 14:00:00,"Aya Nagar, Delhi - IITM",43,Good,PM10,100,0
2026-09-06T14:00:00+05:30,06-09-2026 14:00:00,"IMD Lodhi Road, Delhi - IITM",43,Good,PM10,100,0
2026-09-06T14:00:00+05:30,06-09-2026 14:00:00,"Dr. Karni Singh Shooting Range, Delhi - DPCC",42,Good,PM10,100,0
2026-09-06T14:00:00+05:30,06-09-2026 14:00:00,"NSIT Dwarka, Delhi - CPCB",41,Good,NO2,100,0
2026-09-06T14:00:00+05:30,06-09-2026 14:00:00,"CRRI Mathura Road, Delhi - IITM",40,Good,PM10,100,0
2026-09-06T14:00:00+05:30,06-09-2026 14:00:00,"Burari Crossing, Delhi - IITM",39,Good,PM10,100,0
2026-09-06T14:00:00+05:30,06-09-2026 14:00:00,"Jawaharlal Nehru Stadium, Delhi - DPCC",38,Good,PM10,100,0
2026-09-06T14:00:00+05:30,06-09-2026 14:00:00,"Dwarka-Sector 8, Delhi - DPCC",37,Good,PM10,100,0
2026-09-06T14:00:00+05:30,06-09-2026 14:00:00,"DTU, Delhi - CPCB",33,Good,PM10,100,0
2026-09-06T14:00:00+05:30,06-09-2026 14:00:00,"Najafgarh, Delhi - DPCC",24,Good,CO,100,0
2026-09-06T15:00:00+05:30,06-09-2026 15:00:00,"North Campus, DU, Delhi - IITM",94,Satisfactory,NO2,100,0
2026-09-06T15:00:00+05:30,06-09-2026 15:00:00,"Chandni Chowk, Delhi - IITM",86,Satisfactory,CO,100,0
2026-09-06T15:00:00+05:30,06-09-2026 15:00:00,"Punjabi Bagh, Delhi - DPCC",71,Satisfactory,CO,100,0
2026-09-06T15:00:00+05:30,06-09-2026 15:00:00,"Mundka, Delhi - DPCC",70,Satisfactory,NO2,100,0
2026-09-06T15:00:00+05:30,06-09-2026 15:00:00,"Pusa, Delhi - DPCC",70,Satisfactory,CO,100,0
2026-09-06T15:00:00+05:30,06-09-2026 15:00:00,"Anand Vihar, Delhi - DPCC",68,Satisfactory,PM10,100,0
2026-09-06T15:00:00+05:30,06-09-2026 15:00:00,"Vivek Vihar, Delhi - DPCC",68,Satisfactory,CO,100,0
2026-09-06T15:00:00+05:30,06-09-2026 15:00:00,"IGI Airport (T3), Delhi - IITM",68,Satisfactory,NO2,100,0
2026-09-06T15:00:00+05:30,06-09-2026 15:00:00,"Sonia Vihar, Delhi - DPCC",67,Satisfactory,CO,100,0
2026-09-06T15:00:00+05:30,06-09-2026 15:00:00,"Pusa, Delhi - IITM",65,Satisfactory,NO2,100,0
2026-09-06T15:00:00+05:30,06-09-2026 15:00:00,"Rohini, Delhi - DPCC",64,Satisfactory,PM10,100,0
2026-09-06T15:00:00+05:30,06-09-2026 15:00:00,"IIT Delhi, Delhi - IITM",64,Satisfactory,PM10,100,0
2026-09-06T15:00:00+05:30,06-09-2026 15:00:00,"Narela, Delhi - DPCC",63,Satisfactory,CO,100,0
2026-09-06T15:00:00+05:30,06-09-2026 15:00:00,"R K Puram, Delhi - DPCC",62,Satisfactory,PM10,100,0
2026-09-06T15:00:00+05:30,06-09-2026 15:00:00,"Commonwealth Sports Complex, Delhi - DPCC",61,Satisfactory,CO,100,0
2026-09-06T15:00:00+05:30,06-09-2026 15:00:00,"Sirifort, Delhi - CPCB",60,Satisfactory,PM2.5,100,0
2026-09-06T15:00:00+05:30,06-09-2026 15:00:00,"Talkatora Garden, Delhi - DPCC",60,Satisfactory,CO,100,0
2026-09-06T15:00:00+05:30,06-09-2026 15:00:00,"Nehru Nagar, Delhi - DPCC",59,Satisfactory,PM10,100,0
2026-09-06T15:00:00+05:30,06-09-2026 15:00:00,"ITO, Delhi - CPCB",58,Satisfactory,NO2,100,0
2026-09-06T15:00:00+05:30,06-09-2026 15:00:00,"Wazirpur, Delhi - DPCC",57,Satisfactory,CO,100,0
2026-09-06T15:00:00+05:30,06-09-2026 15:00:00,"IGNOU_Maidan Garhi, Delhi - DPCC",57,Satisfactory,CO,100,0
2026-09-06T15:00:00+05:30,06-09-2026 15:00:00,"Okhla Phase-2, Delhi - DPCC",57,Satisfactory,CO,100,0
2026-09-06T15:00:00+05:30,06-09-2026 15:00:00,"Shadipur, Delhi - CPCB",53,Satisfactory,CO,100,0
2026-09-06T15:00:00+05:30,06-09-2026 15:00:00,"Mandir Marg, Delhi - DPCC",53,Satisfactory,CO,100,0
2026-09-06T15:00:00+05:30,06-09-2026 15:00:00,"Jahangirpuri, Delhi - DPCC",53,Satisfactory,CO,100,0
2026-09-06T15:00:00+05:30,06-09-2026 15:00:00,"Cantonment Area, Delhi - DPCC",53,Satisfactory,CO,100,0
2026-09-06T15:00:00+05:30,06-09-2026 15:00:00,"Patparganj, Delhi - DPCC",50,Good,PM10,100,0
2026-09-06T15:00:00+05:30,06-09-2026 15:00:00,"IHBAS, Dilshad Garden, Delhi - CPCB",49,Good,NO2,100,0
2026-09-06T15:00:00+05:30,06-09-2026 15:00:00,"Bawana, Delhi - DPCC",48,Good,CO,100,0
2026-09-06T15:00:00+05:30,06-09-2026 15:00:00,"NSUT Jaffarpur, Delhi - DPCC",47,Good,CO,100,0
2026-09-06T15:00:00+05:30,06-09-2026 15:00:00,"Ashok Vihar, Delhi - DPCC",46,Good,PM10,100,0
2026-09-06T15:00:00+05:30,06-09-2026 15:00:00,"Major Dhyan Chand National Stadium, Delhi - DPCC",46,Good,NO2,100,0
2026-09-06T15:00:00+05:30,06-09-2026 15:00:00,"Sri Aurobindo Marg, Delhi - DPCC",45,Good,CO,100,0
2026-09-06T15:00:00+05:30,06-09-2026 15:00:00,"JNU, Delhi - DPCC",43,Good,CO,100,0
2026-09-06T15:00:00+05:30,06-09-2026 15:00:00,"Aya Nagar, Delhi - IITM",42,Good,PM10,100,0
2026-09-06T15:00:00+05:30,06-09-2026 15:00:00,"IMD Lodhi Road, Delhi - IITM",42,Good,PM10,100,0
2026-09-06T15:00:00+05:30,06-09-2026 15:00:00,"Dr. Karni Singh Shooting Range, Delhi - DPCC",41,Good,PM10,100,0
2026-09-06T15:00:00+05:30,06-09-2026 15:00:00,"NSIT Dwarka, Delhi - CPCB",41,Good,NO2,100,0
2026-09-06T15:00:00+05:30,06-09-2026 15:00:00,"Jawaharlal Nehru Stadium, Delhi - DPCC",39,Good,PM10,100,0
2026-09-06T15:00:00+05:30,06-09-2026 15:00:00,"CRRI Mathura Road, Delhi - IITM",39,Good,PM10,100,0
2026-09-06T15:00:00+05:30,06-09-2026 15:00:00,"Dwarka-Sector 8, Delhi - DPCC",37,Good,PM2.5,100,0
2026-09-06T15:00:00+05:30,06-09-2026 15:00:00,"Burari Crossing, Delhi - IITM",37,Good,PM10,100,0
2026-09-06T15:00:00+05:30,06-09-2026 15:00:00,"DTU, Delhi - CPCB",32,Good,PM2.5,100,0
2026-09-06T15:00:00+05:30,06-09-2026 15:00:00,"Najafgarh, Delhi - DPCC",25,Good,PM10,100,0
2026-09-06T16:00:00+05:30,06-09-2026 16:00:00,"North Campus, DU, Delhi - IITM",93,Satisfactory,NO2,100,0
2026-09-06T16:00:00+05:30,06-09-2026 16:00:00,"Chandni Chowk, Delhi - IITM",86,Satisfactory,CO,100,0
2026-09-06T16:00:00+05:30,06-09-2026 16:00:00,"Punjabi Bagh, Delhi - DPCC",72,Satisfactory,CO,100,0
2026-09-06T16:00:00+05:30,06-09-2026 16:00:00,"Mundka, Delhi - DPCC",71,Satisfactory,NO2,100,0
2026-09-06T16:00:00+05:30,06-09-2026 16:00:00,"Pusa, Delhi - DPCC",70,Satisfactory,CO,100,0
2026-09-06T16:00:00+05:30,06-09-2026 16:00:00,"Sonia Vihar, Delhi - DPCC",67,Satisfactory,CO,100,0
2026-09-06T16:00:00+05:30,06-09-2026 16:00:00,"Vivek Vihar, Delhi - DPCC",67,Satisfactory,CO,100,0
2026-09-06T16:00:00+05:30,06-09-2026 16:00:00,"IGI Airport (T3), Delhi - IITM",67,Satisfactory,NO2,100,0
2026-09-06T16:00:00+05:30,06-09-2026 16:00:00,"Anand Vihar, Delhi - DPCC",67,Satisfactory,PM10,100,0
2026-09-06T16:00:00+05:30,06-09-2026 16:00:00,"Pusa, Delhi - IITM",65,Satisfactory,NO2,100,0
2026-09-06T16:00:00+05:30,06-09-2026 16:00:00,"Rohini, Delhi - DPCC",64,Satisfactory,PM10,100,0
2026-09-06T16:00:00+05:30,06-09-2026 16:00:00,"R K Puram, Delhi - DPCC",63,Satisfactory,PM2.5,100,0
2026-09-06T16:00:00+05:30,06-09-2026 16:00:00,"ITO, Delhi - CPCB",62,Satisfactory,NO2,100,0
2026-09-06T16:00:00+05:30,06-09-2026 16:00:00,"Narela, Delhi - DPCC",62,Satisfactory,CO,100,0
2026-09-06T16:00:00+05:30,06-09-2026 16:00:00,"Commonwealth Sports Complex, Delhi - DPCC",62,Satisfactory,CO,100,0
2026-09-06T16:00:00+05:30,06-09-2026 16:00:00,"IIT Delhi, Delhi - IITM",61,Satisfactory,PM10,100,0
2026-09-06T16:00:00+05:30,06-09-2026 16:00:00,"Nehru Nagar, Delhi - DPCC",59,Satisfactory,PM10,100,0
2026-09-06T16:00:00+05:30,06-09-2026 16:00:00,"Talkatora Garden, Delhi - DPCC",59,Satisfactory,CO,100,0
2026-09-06T16:00:00+05:30,06-09-2026 16:00:00,"Okhla Phase-2, Delhi - DPCC",57,Satisfactory,CO,100,0
2026-09-06T16:00:00+05:30,06-09-2026 16:00:00,"Sirifort, Delhi - CPCB",57,Satisfactory,PM2.5,100,0
2026-09-06T16:00:00+05:30,06-09-2026 16:00:00,"Wazirpur, Delhi - DPCC",57,Satisfactory,CO,100,0
2026-09-06T16:00:00+05:30,06-09-2026 16:00:00,"IGNOU_Maidan Garhi, Delhi - DPCC",56,Satisfactory,CO,100,0
2026-09-06T16:00:00+05:30,06-09-2026 16:00:00,"Shadipur, Delhi - CPCB",56,Satisfactory,CO,100,0
2026-09-06T16:00:00+05:30,06-09-2026 16:00:00,"Mandir Marg, Delhi - DPCC",53,Satisfactory,CO,100,0
2026-09-06T16:00:00+05:30,06-09-2026 16:00:00,"Cantonment Area, Delhi - DPCC",53,Satisfactory,CO,100,0
2026-09-06T16:00:00+05:30,06-09-2026 16:00:00,"Jahangirpuri, Delhi - DPCC",52,Satisfactory,CO,100,0
2026-09-06T16:00:00+05:30,06-09-2026 16:00:00,"IHBAS, Dilshad Garden, Delhi - CPCB",49,Good,NO2,100,0
2026-09-06T16:00:00+05:30,06-09-2026 16:00:00,"Patparganj, Delhi - DPCC",48,Good,PM10,100,0
2026-09-06T16:00:00+05:30,06-09-2026 16:00:00,"Bawana, Delhi - DPCC",46,Good,CO,100,0
2026-09-06T16:00:00+05:30,06-09-2026 16:00:00,"Ashok Vihar, Delhi - DPCC",46,Good,PM10,100,0
2026-09-06T16:00:00+05:30,06-09-2026 16:00:00,"NSUT Jaffarpur, Delhi - DPCC",46,Good,CO,100,0
2026-09-06T16:00:00+05:30,06-09-2026 16:00:00,"Major Dhyan Chand National Stadium, Delhi - DPCC",46,Good,CO,100,0
2026-09-06T16:00:00+05:30,06-09-2026 16:00:00,"Sri Aurobindo Marg, Delhi - DPCC",46,Good,CO,100,0
2026-09-06T16:00:00+05:30,06-09-2026 16:00:00,"JNU, Delhi - DPCC",43,Good,CO,100,0
2026-09-06T16:00:00+05:30,06-09-2026 16:00:00,"Dr. Karni Singh Shooting Range, Delhi - DPCC",41,Good,PM10,100,0
2026-09-06T16:00:00+05:30,06-09-2026 16:00:00,"NSIT Dwarka, Delhi - CPCB",41,Good,NO2,100,0
2026-09-06T16:00:00+05:30,06-09-2026 16:00:00,"Aya Nagar, Delhi - IITM",41,Good,PM10,100,0
2026-09-06T16:00:00+05:30,06-09-2026 16:00:00,"IMD Lodhi Road, Delhi - IITM",41,Good,PM10,100,0
2026-09-06T16:00:00+05:30,06-09-2026 16:00:00,"Jawaharlal Nehru Stadium, Delhi - DPCC",39,Good,PM10,100,0
2026-09-06T16:00:00+05:30,06-09-2026 16:00:00,"Dwarka-Sector 8, Delhi - DPCC",38,Good,PM2.5,100,0
2026-09-06T16:00:00+05:30,06-09-2026 16:00:00,"CRRI Mathura Road, Delhi - IITM",37,Good,PM10,100,0
2026-09-06T16:00:00+05:30,06-09-2026 16:00:00,"Burari Crossing, Delhi - IITM",36,Good,PM10,100,0
2026-09-06T16:00:00+05:30,06-09-2026 16:00:00,"DTU, Delhi - CPCB",31,Good,PM2.5,100,0
2026-09-06T16:00:00+05:30,06-09-2026 16:00:00,"Najafgarh, Delhi - DPCC",25,Good,PM10,100,0
2026-09-06T17:00:00+05:30,06-09-2026 17:00:00,"North Campus, DU, Delhi - IITM",93,Satisfactory,NO2,100,0
2026-09-06T17:00:00+05:30,06-09-2026 17:00:00,"Chandni Chowk, Delhi - IITM",85,Satisfactory,CO,100,0
2026-09-06T17:00:00+05:30,06-09-2026 17:00:00,"Punjabi Bagh, Delhi - DPCC",73,Satisfactory,CO,100,0
2026-09-06T17:00:00+05:30,06-09-2026 17:00:00,"Mundka, Delhi - DPCC",72,Satisfactory,NO2,100,0
2026-09-06T17:00:00+05:30,06-09-2026 17:00:00,"Pusa, Delhi - DPCC",70,Satisfactory,CO,100,0
2026-09-06T17:00:00+05:30,06-09-2026 17:00:00,"Sonia Vihar, Delhi - DPCC",67,Satisfactory,CO,100,0
2026-09-06T17:00:00+05:30,06-09-2026 17:00:00,"Anand Vihar, Delhi - DPCC",67,Satisfactory,PM10,100,0
2026-09-06T17:00:00+05:30,06-09-2026 17:00:00,"IGI Airport (T3), Delhi - IITM",66,Satisfactory,NO2,100,0
2026-09-06T17:00:00+05:30,06-09-2026 17:00:00,"Pusa, Delhi - IITM",65,Satisfactory,NO2,100,0
2026-09-06T17:00:00+05:30,06-09-2026 17:00:00,"ITO, Delhi - CPCB",64,Satisfactory,NO2,100,0
2026-09-06T17:00:00+05:30,06-09-2026 17:00:00,"Vivek Vihar, Delhi - DPCC",64,Satisfactory,CO,100,0
2026-09-06T17:00:00+05:30,06-09-2026 17:00:00,"Rohini, Delhi - DPCC",63,Satisfactory,PM10,100,0
2026-09-06T17:00:00+05:30,06-09-2026 17:00:00,"Commonwealth Sports Complex, Delhi - DPCC",62,Satisfactory,CO,100,0
2026-09-06T17:00:00+05:30,06-09-2026 17:00:00,"R K Puram, Delhi - DPCC",60,Satisfactory,PM2.5,100,0
2026-09-06T17:00:00+05:30,06-09-2026 17:00:00,"Narela, Delhi - DPCC",60,Satisfactory,CO,100,0
2026-09-06T17:00:00+05:30,06-09-2026 17:00:00,"IIT Delhi, Delhi - IITM",58,Satisfactory,PM10,100,0
2026-09-06T17:00:00+05:30,06-09-2026 17:00:00,"Nehru Nagar, Delhi - DPCC",57,Satisfactory,PM10,100,0
2026-09-06T17:00:00+05:30,06-09-2026 17:00:00,"Wazirpur, Delhi - DPCC",57,Satisfactory,CO,100,0
2026-09-06T17:00:00+05:30,06-09-2026 17:00:00,"Shadipur, Delhi - CPCB",57,Satisfactory,CO,100,0
2026-09-06T17:00:00+05:30,06-09-2026 17:00:00,"Talkatora Garden, Delhi - DPCC",57,Satisfactory,CO,100,0
2026-09-06T17:00:00+05:30,06-09-2026 17:00:00,"Okhla Phase-2, Delhi - DPCC",57,Satisfactory,CO,100,0
2026-09-06T17:00:00+05:30,06-09-2026 17:00:00,"IGNOU_Maidan Garhi, Delhi - DPCC",55,Satisfactory,CO,100,0
2026-09-06T17:00:00+05:30,06-09-2026 17:00:00,"Sirifort, Delhi - CPCB",54,Satisfactory,PM2.5,100,0
2026-09-06T17:00:00+05:30,06-09-2026 17:00:00,"Cantonment Area, Delhi - DPCC",53,Satisfactory,CO,100,0
2026-09-06T17:00:00+05:30,06-09-2026 17:00:00,"Mandir Marg, Delhi - DPCC",52,Satisfactory,CO,100,0
2026-09-06T17:00:00+05:30,06-09-2026 17:00:00,"Jahangirpuri, Delhi - DPCC",51,Satisfactory,CO,100,0
2026-09-06T17:00:00+05:30,06-09-2026 17:00:00,"IHBAS, Dilshad Garden, Delhi - CPCB",49,Good,NO2,100,0
2026-09-06T17:00:00+05:30,06-09-2026 17:00:00,"Patparganj, Delhi - DPCC",47,Good,PM10,100,0
2026-09-06T17:00:00+05:30,06-09-2026 17:00:00,"Major Dhyan Chand National Stadium, Delhi - DPCC",46,Good,CO,100,0
2026-09-06T17:00:00+05:30,06-09-2026 17:00:00,"Sri Aurobindo Marg, Delhi - DPCC",46,Good,CO,100,0
2026-09-06T17:00:00+05:30,06-09-2026 17:00:00,"NSUT Jaffarpur, Delhi - DPCC",45,Good,CO,100,0
2026-09-06T17:00:00+05:30,06-09-2026 17:00:00,"Ashok Vihar, Delhi - DPCC",45,Good,PM10,100,0
2026-09-06T17:00:00+05:30,06-09-2026 17:00:00,"Bawana, Delhi - DPCC",44,Good,CO,100,0
2026-09-06T17:00:00+05:30,06-09-2026 17:00:00,"JNU, Delhi - DPCC",43,Good,CO,100,0
2026-09-06T17:00:00+05:30,06-09-2026 17:00:00,"NSIT Dwarka, Delhi - CPCB",41,Good,NO2,100,0
2026-09-06T17:00:00+05:30,06-09-2026 17:00:00,"Dr. Karni Singh Shooting Range, Delhi - DPCC",40,Good,PM10,100,0
2026-09-06T17:00:00+05:30,06-09-2026 17:00:00,"Aya Nagar, Delhi - IITM",40,Good,PM10,100,0
2026-09-06T17:00:00+05:30,06-09-2026 17:00:00,"IMD Lodhi Road, Delhi - IITM",40,Good,PM10,100,0
2026-09-06T17:00:00+05:30,06-09-2026 17:00:00,"Dwarka-Sector 8, Delhi - DPCC",38,Good,PM2.5,100,0
2026-09-06T17:00:00+05:30,06-09-2026 17:00:00,"CRRI Mathura Road, Delhi - IITM",37,Good,PM10,100,0
2026-09-06T17:00:00+05:30,06-09-2026 17:00:00,"Jawaharlal Nehru Stadium, Delhi - DPCC",36,Good,PM10,100,0
2026-09-06T17:00:00+05:30,06-09-2026 17:00:00,"Burari Crossing, Delhi - IITM",35,Good,PM10,100,0
2026-09-06T17:00:00+05:30,06-09-2026 17:00:00,"DTU, Delhi - CPCB",30,Good,PM10,100,0
2026-09-06T17:00:00+05:30,06-09-2026 17:00:00,"Najafgarh, Delhi - DPCC",25,Good,PM10,100,0
2026-09-06T18:00:00+05:30,06-09-2026 18:00:00,"North Campus, DU, Delhi - IITM",91,Satisfactory,NO2,100,0
2026-09-06T18:00:00+05:30,06-09-2026 18:00:00,"Chandni Chowk, Delhi - IITM",85,Satisfactory,CO,100,0
2026-09-06T18:00:00+05:30,06-09-2026 18:00:00,"Mundka, Delhi - DPCC",72,Satisfactory,NO2,100,0
2026-09-06T18:00:00+05:30,06-09-2026 18:00:00,"Punjabi Bagh, Delhi - DPCC",72,Satisfactory,CO,100,0
2026-09-06T18:00:00+05:30,06-09-2026 18:00:00,"Pusa, Delhi - DPCC",70,Satisfactory,CO,100,0
2026-09-06T18:00:00+05:30,06-09-2026 18:00:00,"Anand Vihar, Delhi - DPCC",68,Satisfactory,PM10,100,0
2026-09-06T18:00:00+05:30,06-09-2026 18:00:00,"Sonia Vihar, Delhi - DPCC",68,Satisfactory,CO,100,0
2026-09-06T18:00:00+05:30,06-09-2026 18:00:00,"ITO, Delhi - CPCB",64,Satisfactory,NO2,100,0
2026-09-06T18:00:00+05:30,06-09-2026 18:00:00,"Pusa, Delhi - IITM",64,Satisfactory,NO2,100,0
2026-09-06T18:00:00+05:30,06-09-2026 18:00:00,"IGI Airport (T3), Delhi - IITM",64,Satisfactory,NO2,100,0
2026-09-06T18:00:00+05:30,06-09-2026 18:00:00,"Rohini, Delhi - DPCC",63,Satisfactory,PM10,100,0
2026-09-06T18:00:00+05:30,06-09-2026 18:00:00,"Vivek Vihar, Delhi - DPCC",62,Satisfactory,CO,100,0
2026-09-06T18:00:00+05:30,06-09-2026 18:00:00,"Commonwealth Sports Complex, Delhi - DPCC",61,Satisfactory,CO,100,0
2026-09-06T18:00:00+05:30,06-09-2026 18:00:00,"R K Puram, Delhi - DPCC",61,Satisfactory,PM2.5,100,0
2026-09-06T18:00:00+05:30,06-09-2026 18:00:00,"Narela, Delhi - DPCC",59,Satisfactory,CO,100,0
2026-09-06T18:00:00+05:30,06-09-2026 18:00:00,"Shadipur, Delhi - CPCB",59,Satisfactory,CO,100,0
2026-09-06T18:00:00+05:30,06-09-2026 18:00:00,"IIT Delhi, Delhi - IITM",58,Satisfactory,PM10,100,0
2026-09-06T18:00:00+05:30,06-09-2026 18:00:00,"Wazirpur, Delhi - DPCC",57,Satisfactory,CO,100,0
2026-09-06T18:00:00+05:30,06-09-2026 18:00:00,"Okhla Phase-2, Delhi - DPCC",56,Satisfactory,CO,100,0
2026-09-06T18:00:00+05:30,06-09-2026 18:00:00,"Nehru Nagar, Delhi - DPCC",56,Satisfactory,PM10,100,0
2026-09-06T18:00:00+05:30,06-09-2026 18:00:00,"IGNOU_Maidan Garhi, Delhi - DPCC",55,Satisfactory,CO,100,0
2026-09-06T18:00:00+05:30,06-09-2026 18:00:00,"Talkatora Garden, Delhi - DPCC",55,Satisfactory,CO,100,0
2026-09-06T18:00:00+05:30,06-09-2026 18:00:00,"Sirifort, Delhi - CPCB",54,Satisfactory,PM2.5,100,0
2026-09-06T18:00:00+05:30,06-09-2026 18:00:00,"Cantonment Area, Delhi - DPCC",52,Satisfactory,CO,100,0
2026-09-06T18:00:00+05:30,06-09-2026 18:00:00,"Mandir Marg, Delhi - DPCC",51,Satisfactory,CO,100,0
2026-09-06T18:00:00+05:30,06-09-2026 18:00:00,"Jahangirpuri, Delhi - DPCC",50,Good,CO,100,0
2026-09-06T18:00:00+05:30,06-09-2026 18:00:00,"IHBAS, Dilshad Garden, Delhi - CPCB",49,Good,NO2,100,0
2026-09-06T18:00:00+05:30,06-09-2026 18:00:00,"Patparganj, Delhi - DPCC",47,Good,PM10,100,0
2026-09-06T18:00:00+05:30,06-09-2026 18:00:00,"Major Dhyan Chand National Stadium, Delhi - DPCC",46,Good,CO,100,0
2026-09-06T18:00:00+05:30,06-09-2026 18:00:00,"Sri Aurobindo Marg, Delhi - DPCC",46,Good,CO,100,0
2026-09-06T18:00:00+05:30,06-09-2026 18:00:00,"Ashok Vihar, Delhi - DPCC",45,Good,PM10,100,0
2026-09-06T18:00:00+05:30,06-09-2026 18:00:00,"NSUT Jaffarpur, Delhi - DPCC",44,Good,CO,100,0
2026-09-06T18:00:00+05:30,06-09-2026 18:00:00,"Bawana, Delhi - DPCC",43,Good,CO,100,0
2026-09-06T18:00:00+05:30,06-09-2026 18:00:00,"JNU, Delhi - DPCC",43,Good,CO,100,0
2026-09-06T18:00:00+05:30,06-09-2026 18:00:00,"Aya Nagar, Delhi - IITM",41,Good,PM10,100,0
2026-09-06T18:00:00+05:30,06-09-2026 18:00:00,"NSIT Dwarka, Delhi - CPCB",41,Good,NO2,100,0
2026-09-06T18:00:00+05:30,06-09-2026 18:00:00,"IMD Lodhi Road, Delhi - IITM",40,Good,PM10,100,0
2026-09-06T18:00:00+05:30,06-09-2026 18:00:00,"Dr. Karni Singh Shooting Range, Delhi - DPCC",39,Good,PM10,100,0
2026-09-06T18:00:00+05:30,06-09-2026 18:00:00,"Dwarka-Sector 8, Delhi - DPCC",38,Good,PM2.5,100,0
2026-09-06T18:00:00+05:30,06-09-2026 18:00:00,"CRRI Mathura Road, Delhi - IITM",37,Good,PM10,100,0
2026-09-06T18:00:00+05:30,06-09-2026 18:00:00,"Jawaharlal Nehru Stadium, Delhi - DPCC",36,Good,PM10,100,0
2026-09-06T18:00:00+05:30,06-09-2026 18:00:00,"Burari Crossing, Delhi - IITM",35,Good,PM10,100,0
2026-09-06T18:00:00+05:30,06-09-2026 18:00:00,"DTU, Delhi - CPCB",29,Good,PM2.5,100,0
2026-09-06T18:00:00+05:30,06-09-2026 18:00:00,"Najafgarh, Delhi - DPCC",25,Good,PM10,100,0
2026-09-06T19:00:00+05:30,06-09-2026 19:00:00,"North Campus, DU, Delhi - IITM",90,Satisfactory,NO2,100,0
2026-09-06T19:00:00+05:30,06-09-2026 19:00:00,"Chandni Chowk, Delhi - IITM",86,Satisfactory,CO,100,0
2026-09-06T19:00:00+05:30,06-09-2026 19:00:00,"Mundka, Delhi - DPCC",72,Satisfactory,NO2,100,0
2026-09-06T19:00:00+05:30,06-09-2026 19:00:00,"Punjabi Bagh, Delhi - DPCC",71,Satisfactory,CO,100,0
2026-09-06T19:00:00+05:30,06-09-2026 19:00:00,"Sonia Vihar, Delhi - DPCC",70,Satisfactory,CO,100,0
2026-09-06T19:00:00+05:30,06-09-2026 19:00:00,"Anand Vihar, Delhi - DPCC",70,Satisfactory,PM10,100,0
2026-09-06T19:00:00+05:30,06-09-2026 19:00:00,"Pusa, Delhi - DPCC",70,Satisfactory,CO,100,0
2026-09-06T19:00:00+05:30,06-09-2026 19:00:00,"ITO, Delhi - CPCB",64,Satisfactory,NO2,100,0
2026-09-06T19:00:00+05:30,06-09-2026 19:00:00,"IGI Airport (T3), Delhi - IITM",64,Satisfactory,NO2,100,0
2026-09-06T19:00:00+05:30,06-09-2026 19:00:00,"Rohini, Delhi - DPCC",63,Satisfactory,PM10,100,0
2026-09-06T19:00:00+05:30,06-09-2026 19:00:00,"Pusa, Delhi - IITM",63,Satisfactory,NO2,100,0
2026-09-06T19:00:00+05:30,06-09-2026 19:00:00,"R K Puram, Delhi - DPCC",61,Satisfactory,PM10,100,0
2026-09-06T19:00:00+05:30,06-09-2026 19:00:00,"Commonwealth Sports Complex, Delhi - DPCC",61,Satisfactory,CO,100,0
2026-09-06T19:00:00+05:30,06-09-2026 19:00:00,"Shadipur, Delhi - CPCB",61,Satisfactory,CO,100,0
2026-09-06T19:00:00+05:30,06-09-2026 19:00:00,"IIT Delhi, Delhi - IITM",60,Satisfactory,PM10,100,0
2026-09-06T19:00:00+05:30,06-09-2026 19:00:00,"Vivek Vihar, Delhi - DPCC",60,Satisfactory,CO,100,0
2026-09-06T19:00:00+05:30,06-09-2026 19:00:00,"Narela, Delhi - DPCC",59,Satisfactory,CO,100,0
2026-09-06T19:00:00+05:30,06-09-2026 19:00:00,"Wazirpur, Delhi - DPCC",58,Satisfactory,CO,100,0
2026-09-06T19:00:00+05:30,06-09-2026 19:00:00,"Nehru Nagar, Delhi - DPCC",56,Satisfactory,PM10,100,0
2026-09-06T19:00:00+05:30,06-09-2026 19:00:00,"Okhla Phase-2, Delhi - DPCC",54,Satisfactory,CO,100,0
2026-09-06T19:00:00+05:30,06-09-2026 19:00:00,"Talkatora Garden, Delhi - DPCC",54,Satisfactory,CO,100,0
2026-09-06T19:00:00+05:30,06-09-2026 19:00:00,"IGNOU_Maidan Garhi, Delhi - DPCC",54,Satisfactory,CO,100,0
2026-09-06T19:00:00+05:30,06-09-2026 19:00:00,"Sirifort, Delhi - CPCB",53,Satisfactory,PM2.5,100,0
2026-09-06T19:00:00+05:30,06-09-2026 19:00:00,"Cantonment Area, Delhi - DPCC",51,Satisfactory,CO,100,0
2026-09-06T19:00:00+05:30,06-09-2026 19:00:00,"Mandir Marg, Delhi - DPCC",51,Satisfactory,CO,100,0
2026-09-06T19:00:00+05:30,06-09-2026 19:00:00,"Jahangirpuri, Delhi - DPCC",50,Good,CO,100,0
2026-09-06T19:00:00+05:30,06-09-2026 19:00:00,"IHBAS, Dilshad Garden, Delhi - CPCB",49,Good,NO2,100,0
2026-09-06T19:00:00+05:30,06-09-2026 19:00:00,"Patparganj, Delhi - DPCC",47,Good,PM10,100,0
2026-09-06T19:00:00+05:30,06-09-2026 19:00:00,"Sri Aurobindo Marg, Delhi - DPCC",45,Good,CO,100,0
2026-09-06T19:00:00+05:30,06-09-2026 19:00:00,"Ashok Vihar, Delhi - DPCC",45,Good,PM10,100,0
2026-09-06T19:00:00+05:30,06-09-2026 19:00:00,"Major Dhyan Chand National Stadium, Delhi - DPCC",45,Good,CO,100,0
2026-09-06T19:00:00+05:30,06-09-2026 19:00:00,"NSUT Jaffarpur, Delhi - DPCC",44,Good,CO,100,0
2026-09-06T19:00:00+05:30,06-09-2026 19:00:00,"Bawana, Delhi - DPCC",43,Good,CO,100,0
2026-09-06T19:00:00+05:30,06-09-2026 19:00:00,"JNU, Delhi - DPCC",43,Good,CO,100,0
2026-09-06T19:00:00+05:30,06-09-2026 19:00:00,"Aya Nagar, Delhi - IITM",42,Good,PM10,100,0
2026-09-06T19:00:00+05:30,06-09-2026 19:00:00,"NSIT Dwarka, Delhi - CPCB",41,Good,NO2,100,0
2026-09-06T19:00:00+05:30,06-09-2026 19:00:00,"IMD Lodhi Road, Delhi - IITM",41,Good,PM10,100,0
2026-09-06T19:00:00+05:30,06-09-2026 19:00:00,"Dr. Karni Singh Shooting Range, Delhi - DPCC",39,Good,PM10,100,0
2026-09-06T19:00:00+05:30,06-09-2026 19:00:00,"Dwarka-Sector 8, Delhi - DPCC",38,Good,PM2.5,100,0
2026-09-06T19:00:00+05:30,06-09-2026 19:00:00,"CRRI Mathura Road, Delhi - IITM",37,Good,PM10,100,0
2026-09-06T19:00:00+05:30,06-09-2026 19:00:00,"Jawaharlal Nehru Stadium, Delhi - DPCC",36,Good,PM10,100,0
2026-09-06T19:00:00+05:30,06-09-2026 19:00:00,"Burari Crossing, Delhi - IITM",36,Good,PM10,100,0
2026-09-06T19:00:00+05:30,06-09-2026 19:00:00,"DTU, Delhi - CPCB",29,Good,PM10,100,0
2026-09-06T19:00:00+05:30,06-09-2026 19:00:00,"Najafgarh, Delhi - DPCC",24,Good,PM10,100,0
2026-09-06T20:00:00+05:30,06-09-2026 20:00:00,"North Campus, DU, Delhi - IITM",91,Satisfactory,NO2,100,0
2026-09-06T20:00:00+05:30,06-09-2026 20:00:00,"Chandni Chowk, Delhi - IITM",88,Satisfactory,CO,100,0
2026-09-06T20:00:00+05:30,06-09-2026 20:00:00,"Pusa, Delhi - DPCC",75,Satisfactory,CO,100,0
2026-09-06T20:00:00+05:30,06-09-2026 20:00:00,"Sonia Vihar, Delhi - DPCC",75,Satisfactory,CO,100,0
2026-09-06T20:00:00+05:30,06-09-2026 20:00:00,"Mundka, Delhi - DPCC",73,Satisfactory,NO2,100,0
2026-09-06T20:00:00+05:30,06-09-2026 20:00:00,"Anand Vihar, Delhi - DPCC",71,Satisfactory,PM10,100,0
2026-09-06T20:00:00+05:30,06-09-2026 20:00:00,"Punjabi Bagh, Delhi - DPCC",67,Satisfactory,CO,100,0
2026-09-06T20:00:00+05:30,06-09-2026 20:00:00,"Rohini, Delhi - DPCC",64,Satisfactory,PM10,100,0
2026-09-06T20:00:00+05:30,06-09-2026 20:00:00,"Commonwealth Sports Complex, Delhi - DPCC",64,Satisfactory,CO,100,0
2026-09-06T20:00:00+05:30,06-09-2026 20:00:00,"IGI Airport (T3), Delhi - IITM",64,Satisfactory,NO2,100,0
2026-09-06T20:00:00+05:30,06-09-2026 20:00:00,"ITO, Delhi - CPCB",63,Satisfactory,NO2,100,0
2026-09-06T20:00:00+05:30,06-09-2026 20:00:00,"Vivek Vihar, Delhi - DPCC",63,Satisfactory,CO,100,0
2026-09-06T20:00:00+05:30,06-09-2026 20:00:00,"Pusa, Delhi - IITM",63,Satisfactory,NO2,100,0
2026-09-06T20:00:00+05:30,06-09-2026 20:00:00,"Narela, Delhi - DPCC",62,Satisfactory,CO,100,0
2026-09-06T20:00:00+05:30,06-09-2026 20:00:00,"Shadipur, Delhi - CPCB",62,Satisfactory,CO,100,0
2026-09-06T20:00:00+05:30,06-09-2026 20:00:00,"R K Puram, Delhi - DPCC",61,Satisfactory,PM10,100,0
2026-09-06T20:00:00+05:30,06-09-2026 20:00:00,"Wazirpur, Delhi - DPCC",60,Satisfactory,CO,100,0
2026-09-06T20:00:00+05:30,06-09-2026 20:00:00,"IIT Delhi, Delhi - IITM",60,Satisfactory,PM10,100,0
2026-09-06T20:00:00+05:30,06-09-2026 20:00:00,"Nehru Nagar, Delhi - DPCC",56,Satisfactory,PM10,100,0
2026-09-06T20:00:00+05:30,06-09-2026 20:00:00,"Okhla Phase-2, Delhi - DPCC",54,Satisfactory,CO,100,0
2026-09-06T20:00:00+05:30,06-09-2026 20:00:00,"IGNOU_Maidan Garhi, Delhi - DPCC",53,Satisfactory,CO,100,0
2026-09-06T20:00:00+05:30,06-09-2026 20:00:00,"Jahangirpuri, Delhi - DPCC",52,Satisfactory,CO,100,0
2026-09-06T20:00:00+05:30,06-09-2026 20:00:00,"Talkatora Garden, Delhi - DPCC",52,Satisfactory,CO,100,0
2026-09-06T20:00:00+05:30,06-09-2026 20:00:00,"Sirifort, Delhi - CPCB",52,Satisfactory,PM2.5,100,0
2026-09-06T20:00:00+05:30,06-09-2026 20:00:00,"Mandir Marg, Delhi - DPCC",51,Satisfactory,CO,100,0
2026-09-06T20:00:00+05:30,06-09-2026 20:00:00,"Cantonment Area, Delhi - DPCC",50,Good,CO,100,0
2026-09-06T20:00:00+05:30,06-09-2026 20:00:00,"IHBAS, Dilshad Garden, Delhi - CPCB",49,Good,NO2,100,0
2026-09-06T20:00:00+05:30,06-09-2026 20:00:00,"Patparganj, Delhi - DPCC",46,Good,PM10,100,0
2026-09-06T20:00:00+05:30,06-09-2026 20:00:00,"Ashok Vihar, Delhi - DPCC",46,Good,PM10,100,0
2026-09-06T20:00:00+05:30,06-09-2026 20:00:00,"Major Dhyan Chand National Stadium, Delhi - DPCC",45,Good,CO,100,0
2026-09-06T20:00:00+05:30,06-09-2026 20:00:00,"Sri Aurobindo Marg, Delhi - DPCC",45,Good,CO,100,0
2026-09-06T20:00:00+05:30,06-09-2026 20:00:00,"NSUT Jaffarpur, Delhi - DPCC",44,Good,CO,100,0
2026-09-06T20:00:00+05:30,06-09-2026 20:00:00,"JNU, Delhi - DPCC",44,Good,CO,100,0
2026-09-06T20:00:00+05:30,06-09-2026 20:00:00,"Bawana, Delhi - DPCC",44,Good,CO,100,0
2026-09-06T20:00:00+05:30,06-09-2026 20:00:00,"Aya Nagar, Delhi - IITM",42,Good,PM10,100,0
2026-09-06T20:00:00+05:30,06-09-2026 20:00:00,"IMD Lodhi Road, Delhi - IITM",41,Good,PM10,100,0
2026-09-06T20:00:00+05:30,06-09-2026 20:00:00,"Dr. Karni Singh Shooting Range, Delhi - DPCC",39,Good,PM10,100,0
2026-09-06T20:00:00+05:30,06-09-2026 20:00:00,"NSIT Dwarka, Delhi - CPCB",39,Good,NO2,100,0
2026-09-06T20:00:00+05:30,06-09-2026 20:00:00,"Jawaharlal Nehru Stadium, Delhi - DPCC",38,Good,CO,100,0
2026-09-06T20:00:00+05:30,06-09-2026 20:00:00,"Burari Crossing, Delhi - IITM",38,Good,PM10,100,0
2026-09-06T20:00:00+05:30,06-09-2026 20:00:00,"Dwarka-Sector 8, Delhi - DPCC",38,Good,PM2.5,100,0
2026-09-06T20:00:00+05:30,06-09-2026 20:00:00,"CRRI Mathura Road, Delhi - IITM",37,Good,PM10,100,0
2026-09-06T20:00:00+05:30,06-09-2026 20:00:00,"DTU, Delhi - CPCB",29,Good,SO2,100,0
2026-09-06T20:00:00+05:30,06-09-2026 20:00:00,"Najafgarh, Delhi - DPCC",24,Good,PM10,100,0
2026-09-06T21:00:00+05:30,06-09-2026 21:00:00,"North Campus, DU, Delhi - IITM",93,Satisfactory,NO2,100,0
2026-09-06T21:00:00+05:30,06-09-2026 21:00:00,"Chandni Chowk, Delhi - IITM",92,Satisfactory,CO,100,0
2026-09-06T21:00:00+05:30,06-09-2026 21:00:00,"Pusa, Delhi - DPCC",83,Satisfactory,CO,100,0
2026-09-06T21:00:00+05:30,06-09-2026 21:00:00,"Sonia Vihar, Delhi - DPCC",81,Satisfactory,CO,100,0
2026-09-06T21:00:00+05:30,06-09-2026 21:00:00,"Anand Vihar, Delhi - DPCC",74,Satisfactory,PM10,100,0
2026-09-06T21:00:00+05:30,06-09-2026 21:00:00,"Mundka, Delhi - DPCC",73,Satisfactory,NO2,100,0
2026-09-06T21:00:00+05:30,06-09-2026 21:00:00,"Shadipur, Delhi - CPCB",70,Satisfactory,CO,100,0
2026-09-06T21:00:00+05:30,06-09-2026 21:00:00,"Vivek Vihar, Delhi - DPCC",69,Satisfactory,CO,100,0
2026-09-06T21:00:00+05:30,06-09-2026 21:00:00,"Narela, Delhi - DPCC",68,Satisfactory,CO,100,0
2026-09-06T21:00:00+05:30,06-09-2026 21:00:00,"Wazirpur, Delhi - DPCC",67,Satisfactory,CO,100,0
2026-09-06T21:00:00+05:30,06-09-2026 21:00:00,"Commonwealth Sports Complex, Delhi - DPCC",67,Satisfactory,CO,100,0
2026-09-06T21:00:00+05:30,06-09-2026 21:00:00,"Rohini, Delhi - DPCC",66,Satisfactory,PM10,100,0
2026-09-06T21:00:00+05:30,06-09-2026 21:00:00,"IGI Airport (T3), Delhi - IITM",66,Satisfactory,CO,100,0
2026-09-06T21:00:00+05:30,06-09-2026 21:00:00,"Punjabi Bagh, Delhi - DPCC",65,Satisfactory,PM10,100,0
2026-09-06T21:00:00+05:30,06-09-2026 21:00:00,"ITO, Delhi - CPCB",63,Satisfactory,NO2,100,0
2026-09-06T21:00:00+05:30,06-09-2026 21:00:00,"Pusa, Delhi - IITM",63,Satisfactory,NO2,100,0
2026-09-06T21:00:00+05:30,06-09-2026 21:00:00,"R K Puram, Delhi - DPCC",63,Satisfactory,PM10,100,0
2026-09-06T21:00:00+05:30,06-09-2026 21:00:00,"IIT Delhi, Delhi - IITM",61,Satisfactory,PM10,100,0
2026-09-06T21:00:00+05:30,06-09-2026 21:00:00,"Okhla Phase-2, Delhi - DPCC",59,Satisfactory,CO,100,0
2026-09-06T21:00:00+05:30,06-09-2026 21:00:00,"Nehru Nagar, Delhi - DPCC",58,Satisfactory,PM10,100,0
2026-09-06T21:00:00+05:30,06-09-2026 21:00:00,"Jahangirpuri, Delhi - DPCC",57,Satisfactory,CO,100,0
2026-09-06T21:00:00+05:30,06-09-2026 21:00:00,"Mandir Marg, Delhi - DPCC",53,Satisfactory,CO,100,0
2026-09-06T21:00:00+05:30,06-09-2026 21:00:00,"IGNOU_Maidan Garhi, Delhi - DPCC",53,Satisfactory,CO,100,0
2026-09-06T21:00:00+05:30,06-09-2026 21:00:00,"Sirifort, Delhi - CPCB",52,Satisfactory,PM2.5,100,0
2026-09-06T21:00:00+05:30,06-09-2026 21:00:00,"Talkatora Garden, Delhi - DPCC",52,Satisfactory,CO,100,0
2026-09-06T21:00:00+05:30,06-09-2026 21:00:00,"Major Dhyan Chand National Stadium, Delhi - DPCC",50,Good,CO,100,0
2026-09-06T21:00:00+05:30,06-09-2026 21:00:00,"IHBAS, Dilshad Garden, Delhi - CPCB",49,Good,NO2,100,0
2026-09-06T21:00:00+05:30,06-09-2026 21:00:00,"Cantonment Area, Delhi - DPCC",48,Good,CO,100,0
2026-09-06T21:00:00+05:30,06-09-2026 21:00:00,"Bawana, Delhi - DPCC",47,Good,CO,100,0
2026-09-06T21:00:00+05:30,06-09-2026 21:00:00,"Ashok Vihar, Delhi - DPCC",47,Good,PM10,100,0
2026-09-06T21:00:00+05:30,06-09-2026 21:00:00,"JNU, Delhi - DPCC",47,Good,CO,100,0
2026-09-06T21:00:00+05:30,06-09-2026 21:00:00,"Patparganj, Delhi - DPCC",46,Good,PM10,100,0
2026-09-06T21:00:00+05:30,06-09-2026 21:00:00,"NSUT Jaffarpur, Delhi - DPCC",46,Good,CO,100,0
2026-09-06T21:00:00+05:30,06-09-2026 21:00:00,"Sri Aurobindo Marg, Delhi - DPCC",45,Good,CO,100,0
2026-09-06T21:00:00+05:30,06-09-2026 21:00:00,"Jawaharlal Nehru Stadium, Delhi - DPCC",43,Good,CO,100,0
2026-09-06T21:00:00+05:30,06-09-2026 21:00:00,"IMD Lodhi Road, Delhi - IITM",41,Good,PM10,100,0
2026-09-06T21:00:00+05:30,06-09-2026 21:00:00,"Aya Nagar, Delhi - IITM",41,Good,PM10,100,0
2026-09-06T21:00:00+05:30,06-09-2026 21:00:00,"Dr. Karni Singh Shooting Range, Delhi - DPCC",40,Good,PM10,100,0
2026-09-06T21:00:00+05:30,06-09-2026 21:00:00,"NSIT Dwarka, Delhi - CPCB",39,Good,NO2,100,0
2026-09-06T21:00:00+05:30,06-09-2026 21:00:00,"Burari Crossing, Delhi - IITM",39,Good,PM10,100,0
2026-09-06T21:00:00+05:30,06-09-2026 21:00:00,"CRRI Mathura Road, Delhi - IITM",39,Good,PM10,100,0
2026-09-06T21:00:00+05:30,06-09-2026 21:00:00,"Dwarka-Sector 8, Delhi - DPCC",38,Good,PM10,100,0
2026-09-06T21:00:00+05:30,06-09-2026 21:00:00,"DTU, Delhi - CPCB",30,Good,PM10,100,0
2026-09-06T21:00:00+05:30,06-09-2026 21:00:00,"Najafgarh, Delhi - DPCC",24,Good,PM10,100,0
2026-09-06T22:00:00+05:30,06-09-2026 22:00:00,"Chandni Chowk, Delhi - IITM",95,Satisfactory,CO,100,0
2026-09-06T22:00:00+05:30,06-09-2026 22:00:00,"North Campus, DU, Delhi - IITM",93,Satisfactory,NO2,100,0
2026-09-06T22:00:00+05:30,06-09-2026 22:00:00,"Sonia Vihar, Delhi - DPCC",86,Satisfactory,CO,100,0
2026-09-06T22:00:00+05:30,06-09-2026 22:00:00,"Pusa, Delhi - DPCC",83,Satisfactory,CO,100,0
2026-09-06T22:00:00+05:30,06-09-2026 22:00:00,"Anand Vihar, Delhi - DPCC",78,Satisfactory,PM10,100,0
2026-09-06T22:00:00+05:30,06-09-2026 22:00:00,"Vivek Vihar, Delhi - DPCC",75,Satisfactory,CO,100,0
2026-09-06T22:00:00+05:30,06-09-2026 22:00:00,"Shadipur, Delhi - CPCB",75,Satisfactory,CO,100,0
2026-09-06T22:00:00+05:30,06-09-2026 22:00:00,"Mundka, Delhi - DPCC",74,Satisfactory,NO2,100,0
2026-09-06T22:00:00+05:30,06-09-2026 22:00:00,"Wazirpur, Delhi - DPCC",73,Satisfactory,CO,100,0
2026-09-06T22:00:00+05:30,06-09-2026 22:00:00,"Narela, Delhi - DPCC",72,Satisfactory,CO,100,0
2026-09-06T22:00:00+05:30,06-09-2026 22:00:00,"Commonwealth Sports Complex, Delhi - DPCC",72,Satisfactory,CO,100,0
2026-09-06T22:00:00+05:30,06-09-2026 22:00:00,"IGI Airport (T3), Delhi - IITM",72,Satisfactory,CO,100,0
2026-09-06T22:00:00+05:30,06-09-2026 22:00:00,"Rohini, Delhi - DPCC",67,Satisfactory,PM10,100,0
2026-09-06T22:00:00+05:30,06-09-2026 22:00:00,"Punjabi Bagh, Delhi - DPCC",67,Satisfactory,PM10,100,0
2026-09-06T22:00:00+05:30,06-09-2026 22:00:00,"R K Puram, Delhi - DPCC",66,Satisfactory,PM10,100,0
2026-09-06T22:00:00+05:30,06-09-2026 22:00:00,"Okhla Phase-2, Delhi - DPCC",65,Satisfactory,CO,100,0
2026-09-06T22:00:00+05:30,06-09-2026 22:00:00,"Jahangirpuri, Delhi - DPCC",62,Satisfactory,CO,100,0
2026-09-06T22:00:00+05:30,06-09-2026 22:00:00,"IIT Delhi, Delhi - IITM",62,Satisfactory,PM10,100,0
2026-09-06T22:00:00+05:30,06-09-2026 22:00:00,"ITO, Delhi - CPCB",62,Satisfactory,NO2,100,0
2026-09-06T22:00:00+05:30,06-09-2026 22:00:00,"Pusa, Delhi - IITM",61,Satisfactory,NO2,100,0
2026-09-06T22:00:00+05:30,06-09-2026 22:00:00,"Nehru Nagar, Delhi - DPCC",60,Satisfactory,PM10,100,0
2026-09-06T22:00:00+05:30,06-09-2026 22:00:00,"Major Dhyan Chand National Stadium, Delhi - DPCC",58,Satisfactory,CO,100,0
2026-09-06T22:00:00+05:30,06-09-2026 22:00:00,"Mandir Marg, Delhi - DPCC",58,Satisfactory,CO,100,0
2026-09-06T22:00:00+05:30,06-09-2026 22:00:00,"Talkatora Garden, Delhi - DPCC",54,Satisfactory,CO,100,0
2026-09-06T22:00:00+05:30,06-09-2026 22:00:00,"Patparganj, Delhi - DPCC",52,Satisfactory,CO,100,0
2026-09-06T22:00:00+05:30,06-09-2026 22:00:00,"IGNOU_Maidan Garhi, Delhi - DPCC",52,Satisfactory,CO,100,0
2026-09-06T22:00:00+05:30,06-09-2026 22:00:00,"Sirifort, Delhi - CPCB",52,Satisfactory,PM2.5,100,0
2026-09-06T22:00:00+05:30,06-09-2026 22:00:00,"JNU, Delhi - DPCC",51,Satisfactory,CO,100,0
2026-09-06T22:00:00+05:30,06-09-2026 22:00:00,"Cantonment Area, Delhi - DPCC",50,Good,CO,100,0
2026-09-06T22:00:00+05:30,06-09-2026 22:00:00,"Bawana, Delhi - DPCC",50,Good,CO,100,0
2026-09-06T22:00:00+05:30,06-09-2026 22:00:00,"IHBAS, Dilshad Garden, Delhi - CPCB",49,Good,NO2,100,0
2026-09-06T22:00:00+05:30,06-09-2026 22:00:00,"NSUT Jaffarpur, Delhi - DPCC",49,Good,CO,100,0
2026-09-06T22:00:00+05:30,06-09-2026 22:00:00,"Ashok Vihar, Delhi - DPCC",49,Good,PM10,100,0
2026-09-06T22:00:00+05:30,06-09-2026 22:00:00,"CRRI Mathura Road, Delhi - IITM",48,Good,CO,100,0
2026-09-06T22:00:00+05:30,06-09-2026 22:00:00,"Jawaharlal Nehru Stadium, Delhi - DPCC",48,Good,CO,100,0
2026-09-06T22:00:00+05:30,06-09-2026 22:00:00,"Sri Aurobindo Marg, Delhi - DPCC",47,Good,CO,100,0
2026-09-06T22:00:00+05:30,06-09-2026 22:00:00,"Dwarka-Sector 8, Delhi - DPCC",42,Good,PM10,100,0
2026-09-06T22:00:00+05:30,06-09-2026 22:00:00,"Aya Nagar, Delhi - IITM",41,Good,PM10,100,0
2026-09-06T22:00:00+05:30,06-09-2026 22:00:00,"Burari Crossing, Delhi - IITM",41,Good,PM10,100,0
2026-09-06T22:00:00+05:30,06-09-2026 22:00:00,"Dr. Karni Singh Shooting Range, Delhi - DPCC",41,Good,PM10,100,0
2026-09-06T22:00:00+05:30,06-09-2026 22:00:00,"IMD Lodhi Road, Delhi - IITM",41,Good,PM10,100,0
2026-09-06T22:00:00+05:30,06-09-2026 22:00:00,"NSIT Dwarka, Delhi - CPCB",38,Good,NO2,100,0
2026-09-06T22:00:00+05:30,06-09-2026 22:00:00,"DTU, Delhi - CPCB",31,Good,PM10,100,0
2026-09-06T22:00:00+05:30,06-09-2026 22:00:00,"Najafgarh, Delhi - DPCC",23,Good,PM10,100,0
2026-09-07T04:00:00+05:30,07-09-2026 04:00:00,"Sonia Vihar, Delhi - DPCC",118,Moderately Polluted,CO,100,1
2026-09-07T04:00:00+05:30,07-09-2026 04:00:00,"North Campus, DU, Delhi - IITM",116,Moderately Polluted,CO,100,1
2026-09-07T04:00:00+05:30,07-09-2026 04:00:00,"Chandni Chowk, Delhi - IITM",111,Moderately Polluted,CO,100,1
2026-09-07T04:00:00+05:30,07-09-2026 04:00:00,"Major Dhyan Chand National Stadium, Delhi - DPCC",108,Moderately Polluted,CO,100,1
2026-09-07T04:00:00+05:30,07-09-2026 04:00:00,"Wazirpur, Delhi - DPCC",107,Moderately Polluted,CO,100,1
2026-09-07T04:00:00+05:30,07-09-2026 04:00:00,"CRRI Mathura Road, Delhi - IITM",102,Moderately Polluted,CO,100,1
2026-09-07T04:00:00+05:30,07-09-2026 04:00:00,"ITO, Delhi - CPCB",100,Satisfactory,CO,100,0
2026-09-07T04:00:00+05:30,07-09-2026 04:00:00,"IGI Airport (T3), Delhi - IITM",100,Satisfactory,CO,100,0
2026-09-07T04:00:00+05:30,07-09-2026 04:00:00,"Commonwealth Sports Complex, Delhi - DPCC",100,Satisfactory,CO,100,0
2026-09-07T04:00:00+05:30,07-09-2026 04:00:00,"Anand Vihar, Delhi - DPCC",100,Satisfactory,PM10,100,0
2026-09-07T04:00:00+05:30,07-09-2026 04:00:00,"Vivek Vihar, Delhi - DPCC",99,Satisfactory,CO,100,0
2026-09-07T04:00:00+05:30,07-09-2026 04:00:00,"Jahangirpuri, Delhi - DPCC",98,Satisfactory,CO,100,0
2026-09-07T04:00:00+05:30,07-09-2026 04:00:00,"Mandir Marg, Delhi - DPCC",97,Satisfactory,CO,100,0
2026-09-07T04:00:00+05:30,07-09-2026 04:00:00,"Jawaharlal Nehru Stadium, Delhi - DPCC",97,Satisfactory,CO,100,0
2026-09-07T04:00:00+05:30,07-09-2026 04:00:00,"Ashok Vihar, Delhi - DPCC",95,Satisfactory,CO,100,0
2026-09-07T04:00:00+05:30,07-09-2026 04:00:00,"R K Puram, Delhi - DPCC",93,Satisfactory,CO,100,0
2026-09-07T04:00:00+05:30,07-09-2026 04:00:00,"Punjabi Bagh, Delhi - DPCC",93,Satisfactory,CO,100,0
2026-09-07T04:00:00+05:30,07-09-2026 04:00:00,"Okhla Phase-2, Delhi - DPCC",90,Satisfactory,CO,100,0
2026-09-07T04:00:00+05:30,07-09-2026 04:00:00,"Rohini, Delhi - DPCC",89,Satisfactory,CO,100,0
2026-09-07T04:00:00+05:30,07-09-2026 04:00:00,"Patparganj, Delhi - DPCC",89,Satisfactory,CO,100,0
2026-09-07T04:00:00+05:30,07-09-2026 04:00:00,"Pusa, Delhi - IITM",88,Satisfactory,CO,100,0
2026-09-07T04:00:00+05:30,07-09-2026 04:00:00,"Talkatora Garden, Delhi - DPCC",88,Satisfactory,CO,100,0
2026-09-07T04:00:00+05:30,07-09-2026 04:00:00,"Mundka, Delhi - DPCC",87,Satisfactory,PM10,100,0
2026-09-07T04:00:00+05:30,07-09-2026 04:00:00,"Pusa, Delhi - DPCC",85,Satisfactory,CO,100,0
2026-09-07T04:00:00+05:30,07-09-2026 04:00:00,"Narela, Delhi - DPCC",84,Satisfactory,CO,100,0
2026-09-07T04:00:00+05:30,07-09-2026 04:00:00,"Shadipur, Delhi - CPCB",77,Satisfactory,CO,100,0
2026-09-07T04:00:00+05:30,07-09-2026 04:00:00,"Bawana, Delhi - DPCC",77,Satisfactory,CO,100,0
2026-09-07T04:00:00+05:30,07-09-2026 04:00:00,"Nehru Nagar, Delhi - DPCC",76,Satisfactory,PM10,100,0
2026-09-07T04:00:00+05:30,07-09-2026 04:00:00,"Burari Crossing, Delhi - IITM",76,Satisfactory,CO,100,0
2026-09-07T04:00:00+05:30,07-09-2026 04:00:00,"Cantonment Area, Delhi - DPCC",74,Satisfactory,CO,100,0
2026-09-07T04:00:00+05:30,07-09-2026 04:00:00,"Sri Aurobindo Marg, Delhi - DPCC",73,Satisfactory,CO,100,0
2026-09-07T04:00:00+05:30,07-09-2026 04:00:00,"Sirifort, Delhi - CPCB",72,Satisfactory,CO,100,0
2026-09-07T04:00:00+05:30,07-09-2026 04:00:00,"IIT Delhi, Delhi - IITM",71,Satisfactory,PM10,100,0
2026-09-07T04:00:00+05:30,07-09-2026 04:00:00,"JNU, Delhi - DPCC",69,Satisfactory,CO,100,0
2026-09-07T04:00:00+05:30,07-09-2026 04:00:00,"NSUT Jaffarpur, Delhi - DPCC",61,Satisfactory,CO,100,0
2026-09-07T04:00:00+05:30,07-09-2026 04:00:00,"NSIT Dwarka, Delhi - CPCB",59,Satisfactory,OZONE,100,0
2026-09-07T04:00:00+05:30,07-09-2026 04:00:00,"IGNOU_Maidan Garhi, Delhi - DPCC",57,Satisfactory,CO,100,0
2026-09-07T04:00:00+05:30,07-09-2026 04:00:00,"Dwarka-Sector 8, Delhi - DPCC",55,Satisfactory,PM10,100,0
2026-09-07T04:00:00+05:30,07-09-2026 04:00:00,"DTU, Delhi - CPCB",49,Good,CO,100,0
2026-09-07T04:00:00+05:30,07-09-2026 04:00:00,"IHBAS, Dilshad Garden, Delhi - CPCB",49,Good,NO2,100,0
2026-09-07T04:00:00+05:30,07-09-2026 04:00:00,"IMD Lodhi Road, Delhi - IITM",48,Good,PM10,100,0
2026-09-07T04:00:00+05:30,07-09-2026 04:00:00,"Dr. Karni Singh Shooting Range, Delhi - DPCC",45,Good,CO,100,0
2026-09-07T04:00:00+05:30,07-09-2026 04:00:00,"Aya Nagar, Delhi - IITM",44,Good,CO,100,0
2026-09-07T04:00:00+05:30,07-09-2026 04:00:00,"Najafgarh, Delhi - DPCC",30,Good,CO,100,0
2026-09-07T05:00:00+05:30,07-09-2026 05:00:00,"Sonia Vihar, Delhi - DPCC",120,Moderately Polluted,CO,100,1
2026-09-07T05:00:00+05:30,07-09-2026 05:00:00,"North Campus, DU, Delhi - IITM",118,Moderately Polluted,CO,100,1
2026-09-07T05:00:00+05:30,07-09-2026 05:00:00,"Major Dhyan Chand National Stadium, Delhi - DPCC",112,Moderately Polluted,CO,100,1
2026-09-07T05:00:00+05:30,07-09-2026 05:00:00,"Chandni Chowk, Delhi - IITM",111,Moderately Polluted,CO,100,1
2026-09-07T05:00:00+05:30,07-09-2026 05:00:00,"Wazirpur, Delhi - DPCC",107,Moderately Polluted,CO,100,1
2026-09-07T05:00:00+05:30,07-09-2026 05:00:00,"Anand Vihar, Delhi - DPCC",104,Moderately Polluted,PM10,100,1
2026-09-07T05:00:00+05:30,07-09-2026 05:00:00,"Commonwealth Sports Complex, Delhi - DPCC",103,Moderately Polluted,CO,100,1
2026-09-07T05:00:00+05:30,07-09-2026 05:00:00,"CRRI Mathura Road, Delhi - IITM",102,Moderately Polluted,CO,100,1
2026-09-07T05:00:00+05:30,07-09-2026 05:00:00,"Mandir Marg, Delhi - DPCC",101,Moderately Polluted,CO,100,1
2026-09-07T05:00:00+05:30,07-09-2026 05:00:00,"Jahangirpuri, Delhi - DPCC",100,Satisfactory,CO,100,0
2026-09-07T05:00:00+05:30,07-09-2026 05:00:00,"Jawaharlal Nehru Stadium, Delhi - DPCC",100,Satisfactory,CO,100,0
2026-09-07T05:00:00+05:30,07-09-2026 05:00:00,"IGI Airport (T3), Delhi - IITM",100,Satisfactory,CO,100,0
2026-09-07T05:00:00+05:30,07-09-2026 05:00:00,"Ashok Vihar, Delhi - DPCC",99,Satisfactory,CO,100,0
2026-09-07T05:00:00+05:30,07-09-2026 05:00:00,"ITO, Delhi - CPCB",97,Satisfactory,CO,100,0
2026-09-07T05:00:00+05:30,07-09-2026 05:00:00,"Pusa, Delhi - IITM",96,Satisfactory,CO,100,0
2026-09-07T05:00:00+05:30,07-09-2026 05:00:00,"Vivek Vihar, Delhi - DPCC",95,Satisfactory,CO,100,0
2026-09-07T05:00:00+05:30,07-09-2026 05:00:00,"Punjabi Bagh, Delhi - DPCC",94,Satisfactory,CO,100,0
2026-09-07T05:00:00+05:30,07-09-2026 05:00:00,"Talkatora Garden, Delhi - DPCC",94,Satisfactory,CO,100,0
2026-09-07T05:00:00+05:30,07-09-2026 05:00:00,"Rohini, Delhi - DPCC",93,Satisfactory,CO,100,0
2026-09-07T05:00:00+05:30,07-09-2026 05:00:00,"Mundka, Delhi - DPCC",92,Satisfactory,PM10,100,0
2026-09-07T05:00:00+05:30,07-09-2026 05:00:00,"Okhla Phase-2, Delhi - DPCC",91,Satisfactory,CO,100,0
2026-09-07T05:00:00+05:30,07-09-2026 05:00:00,"Patparganj, Delhi - DPCC",90,Satisfactory,CO,100,0
2026-09-07T05:00:00+05:30,07-09-2026 05:00:00,"R K Puram, Delhi - DPCC",89,Satisfactory,CO,100,0
2026-09-07T05:00:00+05:30,07-09-2026 05:00:00,"Narela, Delhi - DPCC",81,Satisfactory,CO,100,0
2026-09-07T05:00:00+05:30,07-09-2026 05:00:00,"Bawana, Delhi - DPCC",81,Satisfactory,CO,100,0
2026-09-07T05:00:00+05:30,07-09-2026 05:00:00,"Cantonment Area, Delhi - DPCC",81,Satisfactory,CO,100,0
2026-09-07T05:00:00+05:30,07-09-2026 05:00:00,"Pusa, Delhi - DPCC",81,Satisfactory,CO,100,0
2026-09-07T05:00:00+05:30,07-09-2026 05:00:00,"Burari Crossing, Delhi - IITM",79,Satisfactory,CO,100,0
2026-09-07T05:00:00+05:30,07-09-2026 05:00:00,"Nehru Nagar, Delhi - DPCC",78,Satisfactory,PM10,100,0
2026-09-07T05:00:00+05:30,07-09-2026 05:00:00,"Sirifort, Delhi - CPCB",75,Satisfactory,CO,100,0
2026-09-07T05:00:00+05:30,07-09-2026 05:00:00,"Sri Aurobindo Marg, Delhi - DPCC",73,Satisfactory,CO,100,0
2026-09-07T05:00:00+05:30,07-09-2026 05:00:00,"Shadipur, Delhi - CPCB",73,Satisfactory,CO,100,0
2026-09-07T05:00:00+05:30,07-09-2026 05:00:00,"IIT Delhi, Delhi - IITM",72,Satisfactory,PM10,100,0
2026-09-07T05:00:00+05:30,07-09-2026 05:00:00,"JNU, Delhi - DPCC",70,Satisfactory,CO,100,0
2026-09-07T05:00:00+05:30,07-09-2026 05:00:00,"NSUT Jaffarpur, Delhi - DPCC",61,Satisfactory,CO,100,0
2026-09-07T05:00:00+05:30,07-09-2026 05:00:00,"IGNOU_Maidan Garhi, Delhi - DPCC",59,Satisfactory,CO,100,0
2026-09-07T05:00:00+05:30,07-09-2026 05:00:00,"DTU, Delhi - CPCB",56,Satisfactory,CO,100,0
2026-09-07T05:00:00+05:30,07-09-2026 05:00:00,"Dwarka-Sector 8, Delhi - DPCC",56,Satisfactory,PM10,100,0
2026-09-07T05:00:00+05:30,07-09-2026 05:00:00,"NSIT Dwarka, Delhi - CPCB",53,Satisfactory,OZONE,100,0
2026-09-07T05:00:00+05:30,07-09-2026 05:00:00,"IMD Lodhi Road, Delhi - IITM",50,Good,PM10,100,0
2026-09-07T05:00:00+05:30,07-09-2026 05:00:00,"IHBAS, Dilshad Garden, Delhi - CPCB",49,Good,PM10,100,0
2026-09-07T05:00:00+05:30,07-09-2026 05:00:00,"Dr. Karni Singh Shooting Range, Delhi - DPCC",47,Good,CO,100,0
2026-09-07T05:00:00+05:30,07-09-2026 05:00:00,"Aya Nagar, Delhi - IITM",46,Good,CO,100,0
2026-09-07T05:00:00+05:30,07-09-2026 05:00:00,"Najafgarh, Delhi - DPCC",30,Good,CO,100,0
2026-09-07T09:00:00+05:30,07-09-2026 09:00:00,"Anand Vihar, Delhi - DPCC",120,Moderately Polluted,PM10,100,1
2026-09-07T09:00:00+05:30,07-09-2026 09:00:00,"North Campus, DU, Delhi - IITM",116,Moderately Polluted,CO,100,1
2026-09-07T09:00:00+05:30,07-09-2026 09:00:00,"Sonia Vihar, Delhi - DPCC",115,Moderately Polluted,CO,100,1
2026-09-07T09:00:00+05:30,07-09-2026 09:00:00,"Major Dhyan Chand National Stadium, Delhi - DPCC",112,Moderately Polluted,CO,100,1
2026-09-07T09:00:00+05:30,07-09-2026 09:00:00,"Chandni Chowk, Delhi - IITM",111,Moderately Polluted,CO,100,1
2026-09-07T09:00:00+05:30,07-09-2026 09:00:00,"Mundka, Delhi - DPCC",108,Moderately Polluted,PM10,100,1
2026-09-07T09:00:00+05:30,07-09-2026 09:00:00,"Wazirpur, Delhi - DPCC",106,Moderately Polluted,CO,100,1
2026-09-07T09:00:00+05:30,07-09-2026 09:00:00,"Commonwealth Sports Complex, Delhi - DPCC",104,Moderately Polluted,CO,100,1
2026-09-07T09:00:00+05:30,07-09-2026 09:00:00,"Talkatora Garden, Delhi - DPCC",103,Moderately Polluted,CO,100,1
2026-09-07T09:00:00+05:30,07-09-2026 09:00:00,"CRRI Mathura Road, Delhi - IITM",102,Moderately Polluted,CO,100,1
2026-09-07T09:00:00+05:30,07-09-2026 09:00:00,"Jahangirpuri, Delhi - DPCC",101,Moderately Polluted,CO,100,1
2026-09-07T09:00:00+05:30,07-09-2026 09:00:00,"Mandir Marg, Delhi - DPCC",99,Satisfactory,CO,100,0
2026-09-07T09:00:00+05:30,07-09-2026 09:00:00,"Jawaharlal Nehru Stadium, Delhi - DPCC",99,Satisfactory,CO,100,0
2026-09-07T09:00:00+05:30,07-09-2026 09:00:00,"Ashok Vihar, Delhi - DPCC",97,Satisfactory,CO,100,0
2026-09-07T09:00:00+05:30,07-09-2026 09:00:00,"Cantonment Area, Delhi - DPCC",94,Satisfactory,CO,100,0
2026-09-07T09:00:00+05:30,07-09-2026 09:00:00,"Pusa, Delhi - DPCC",94,Satisfactory,CO,100,0
2026-09-07T09:00:00+05:30,07-09-2026 09:00:00,"Punjabi Bagh, Delhi - DPCC",94,Satisfactory,PM10,100,0
2026-09-07T09:00:00+05:30,07-09-2026 09:00:00,"Rohini, Delhi - DPCC",93,Satisfactory,PM10,100,0
2026-09-07T09:00:00+05:30,07-09-2026 09:00:00,"Patparganj, Delhi - DPCC",89,Satisfactory,CO,100,0
2026-09-07T09:00:00+05:30,07-09-2026 09:00:00,"Bawana, Delhi - DPCC",87,Satisfactory,PM2.5,100,0
2026-09-07T09:00:00+05:30,07-09-2026 09:00:00,"Okhla Phase-2, Delhi - DPCC",85,Satisfactory,CO,100,0
2026-09-07T09:00:00+05:30,07-09-2026 09:00:00,"Nehru Nagar, Delhi - DPCC",85,Satisfactory,PM10,100,0
2026-09-07T09:00:00+05:30,07-09-2026 09:00:00,"Vivek Vihar, Delhi - DPCC",83,Satisfactory,CO,100,0
2026-09-07T09:00:00+05:30,07-09-2026 09:00:00,"ITO, Delhi - CPCB",82,Satisfactory,CO,100,0
2026-09-07T09:00:00+05:30,07-09-2026 09:00:00,"R K Puram, Delhi - DPCC",80,Satisfactory,PM2.5,100,0
2026-09-07T09:00:00+05:30,07-09-2026 09:00:00,"IGI Airport (T3), Delhi - IITM",79,Satisfactory,CO,100,0
2026-09-07T09:00:00+05:30,07-09-2026 09:00:00,"Burari Crossing, Delhi - IITM",77,Satisfactory,CO,100,0
2026-09-07T09:00:00+05:30,07-09-2026 09:00:00,"Narela, Delhi - DPCC",75,Satisfactory,CO,100,0
2026-09-07T09:00:00+05:30,07-09-2026 09:00:00,"IIT Delhi, Delhi - IITM",74,Satisfactory,PM10,100,0
2026-09-07T09:00:00+05:30,07-09-2026 09:00:00,"DTU, Delhi - CPCB",71,Satisfactory,CO,100,0
2026-09-07T09:00:00+05:30,07-09-2026 09:00:00,"Sirifort, Delhi - CPCB",70,Satisfactory,CO,100,0
2026-09-07T09:00:00+05:30,07-09-2026 09:00:00,"Dwarka-Sector 8, Delhi - DPCC",69,Satisfactory,PM10,100,0
2026-09-07T09:00:00+05:30,07-09-2026 09:00:00,"IGNOU_Maidan Garhi, Delhi - DPCC",66,Satisfactory,CO,100,0
2026-09-07T09:00:00+05:30,07-09-2026 09:00:00,"JNU, Delhi - DPCC",63,Satisfactory,CO,100,0
2026-09-07T09:00:00+05:30,07-09-2026 09:00:00,"Dr. Karni Singh Shooting Range, Delhi - DPCC",61,Satisfactory,CO,100,0
2026-09-07T09:00:00+05:30,07-09-2026 09:00:00,"NSUT Jaffarpur, Delhi - DPCC",59,Satisfactory,CO,100,0
2026-09-07T09:00:00+05:30,07-09-2026 09:00:00,"IHBAS, Dilshad Garden, Delhi - CPCB",57,Satisfactory,PM10,100,0
2026-09-07T09:00:00+05:30,07-09-2026 09:00:00,"Sri Aurobindo Marg, Delhi - DPCC",57,Satisfactory,CO,100,0
2026-09-07T09:00:00+05:30,07-09-2026 09:00:00,"IMD Lodhi Road, Delhi - IITM",56,Satisfactory,PM10,100,0
2026-09-07T09:00:00+05:30,07-09-2026 09:00:00,"Shadipur, Delhi - CPCB",55,Satisfactory,CO,100,0
2026-09-07T09:00:00+05:30,07-09-2026 09:00:00,"Pusa, Delhi - IITM",44,Good,PM10,100,0
2026-09-07T09:00:00+05:30,07-09-2026 09:00:00,"Aya Nagar, Delhi - IITM",43,Good,PM10,100,0
2026-09-07T09:00:00+05:30,07-09-2026 09:00:00,"NSIT Dwarka, Delhi - CPCB",41,Good,NO2,100,0
2026-09-07T09:00:00+05:30,07-09-2026 09:00:00,"Najafgarh, Delhi - DPCC",31,Good,CO,100,0
2026-09-07T10:00:00+05:30,07-09-2026 10:00:00,"Anand Vihar, Delhi - DPCC",122,Moderately Polluted,PM10,100,1
2026-09-07T10:00:00+05:30,07-09-2026 10:00:00,"North Campus, DU, Delhi - IITM",113,Moderately Polluted,CO,100,1
2026-09-07T10:00:00+05:30,07-09-2026 10:00:00,"Sonia Vihar, Delhi - DPCC",112,Moderately Polluted,CO,100,1
2026-09-07T10:00:00+05:30,07-09-2026 10:00:00,"Mundka, Delhi - DPCC",110,Moderately Polluted,PM10,100,1
2026-09-07T10:00:00+05:30,07-09-2026 10:00:00,"Chandni Chowk, Delhi - IITM",109,Moderately Polluted,CO,100,1
2026-09-07T10:00:00+05:30,07-09-2026 10:00:00,"Major Dhyan Chand National Stadium, Delhi - DPCC",107,Moderately Polluted,CO,100,1
2026-09-07T10:00:00+05:30,07-09-2026 10:00:00,"Wazirpur, Delhi - DPCC",104,Moderately Polluted,CO,100,1
2026-09-07T10:00:00+05:30,07-09-2026 10:00:00,"Talkatora Garden, Delhi - DPCC",102,Moderately Polluted,CO,100,1
2026-09-07T10:00:00+05:30,07-09-2026 10:00:00,"Commonwealth Sports Complex, Delhi - DPCC",101,Moderately Polluted,CO,100,1
2026-09-07T10:00:00+05:30,07-09-2026 10:00:00,"Jahangirpuri, Delhi - DPCC",99,Satisfactory,CO,100,0
2026-09-07T10:00:00+05:30,07-09-2026 10:00:00,"CRRI Mathura Road, Delhi - IITM",98,Satisfactory,CO,100,0
2026-09-07T10:00:00+05:30,07-09-2026 10:00:00,"Pusa, Delhi - DPCC",96,Satisfactory,CO,100,0
2026-09-07T10:00:00+05:30,07-09-2026 10:00:00,"Rohini, Delhi - DPCC",96,Satisfactory,PM10,100,0
2026-09-07T10:00:00+05:30,07-09-2026 10:00:00,"Cantonment Area, Delhi - DPCC",95,Satisfactory,CO,100,0
2026-09-07T10:00:00+05:30,07-09-2026 10:00:00,"Mandir Marg, Delhi - DPCC",95,Satisfactory,CO,100,0
2026-09-07T10:00:00+05:30,07-09-2026 10:00:00,"Punjabi Bagh, Delhi - DPCC",94,Satisfactory,PM10,100,0
2026-09-07T10:00:00+05:30,07-09-2026 10:00:00,"Jawaharlal Nehru Stadium, Delhi - DPCC",93,Satisfactory,CO,100,0
2026-09-07T10:00:00+05:30,07-09-2026 10:00:00,"Ashok Vihar, Delhi - DPCC",92,Satisfactory,CO,100,0
2026-09-07T10:00:00+05:30,07-09-2026 10:00:00,"Bawana, Delhi - DPCC",89,Satisfactory,PM2.5,100,0
2026-09-07T10:00:00+05:30,07-09-2026 10:00:00,"Nehru Nagar, Delhi - DPCC",87,Satisfactory,PM10,100,0
2026-09-07T10:00:00+05:30,07-09-2026 10:00:00,"Patparganj, Delhi - DPCC",86,Satisfactory,CO,100,0
2026-09-07T10:00:00+05:30,07-09-2026 10:00:00,"Okhla Phase-2, Delhi - DPCC",84,Satisfactory,CO,100,0
2026-09-07T10:00:00+05:30,07-09-2026 10:00:00,"Vivek Vihar, Delhi - DPCC",84,Satisfactory,PM2.5,100,0
2026-09-07T10:00:00+05:30,07-09-2026 10:00:00,"R K Puram, Delhi - DPCC",79,Satisfactory,PM10,100,0
2026-09-07T10:00:00+05:30,07-09-2026 10:00:00,"Dwarka-Sector 8, Delhi - DPCC",75,Satisfactory,PM10,100,0
2026-09-07T10:00:00+05:30,07-09-2026 10:00:00,"IIT Delhi, Delhi - IITM",75,Satisfactory,PM10,100,0
2026-09-07T10:00:00+05:30,07-09-2026 10:00:00,"ITO, Delhi - CPCB",75,Satisfactory,CO,100,0
2026-09-07T10:00:00+05:30,07-09-2026 10:00:00,"IGI Airport (T3), Delhi - IITM",73,Satisfactory,CO,100,0
2026-09-07T10:00:00+05:30,07-09-2026 10:00:00,"Narela, Delhi - DPCC",72,Satisfactory,CO,100,0
2026-09-07T10:00:00+05:30,07-09-2026 10:00:00,"Burari Crossing, Delhi - IITM",71,Satisfactory,CO,100,0
2026-09-07T10:00:00+05:30,07-09-2026 10:00:00,"IGNOU_Maidan Garhi, Delhi - DPCC",67,Satisfactory,CO,100,0
2026-09-07T10:00:00+05:30,07-09-2026 10:00:00,"DTU, Delhi - CPCB",67,Satisfactory,CO,100,0
2026-09-07T10:00:00+05:30,07-09-2026 10:00:00,"Sirifort, Delhi - CPCB",66,Satisfactory,CO,100,0
2026-09-07T10:00:00+05:30,07-09-2026 10:00:00,"Dr. Karni Singh Shooting Range, Delhi - DPCC",63,Satisfactory,CO,100,0
2026-09-07T10:00:00+05:30,07-09-2026 10:00:00,"JNU, Delhi - DPCC",62,Satisfactory,CO,100,0
2026-09-07T10:00:00+05:30,07-09-2026 10:00:00,"IHBAS, Dilshad Garden, Delhi - CPCB",59,Satisfactory,PM10,100,0
2026-09-07T10:00:00+05:30,07-09-2026 10:00:00,"IMD Lodhi Road, Delhi - IITM",58,Satisfactory,PM10,100,0
2026-09-07T10:00:00+05:30,07-09-2026 10:00:00,"NSUT Jaffarpur, Delhi - DPCC",57,Satisfactory,CO,100,0
2026-09-07T10:00:00+05:30,07-09-2026 10:00:00,"Shadipur, Delhi - CPCB",52,Satisfactory,CO,100,0
2026-09-07T10:00:00+05:30,07-09-2026 10:00:00,"Sri Aurobindo Marg, Delhi - DPCC",51,Satisfactory,CO,100,0
2026-09-07T10:00:00+05:30,07-09-2026 10:00:00,"Aya Nagar, Delhi - IITM",43,Good,PM10,100,0
2026-09-07T10:00:00+05:30,07-09-2026 10:00:00,"NSIT Dwarka, Delhi - CPCB",41,Good,NO2,100,0
2026-09-07T10:00:00+05:30,07-09-2026 10:00:00,"Pusa, Delhi - IITM",32,Good,PM2.5,100,0
2026-09-07T10:00:00+05:30,07-09-2026 10:00:00,"Najafgarh, Delhi - DPCC",30,Good,PM10,100,0
2026-09-07T11:00:00+05:30,07-09-2026 11:00:00,"Anand Vihar, Delhi - DPCC",124,Moderately Polluted,PM10,100,1
2026-09-07T11:00:00+05:30,07-09-2026 11:00:00,"Mundka, Delhi - DPCC",112,Moderately Polluted,PM10,100,1
2026-09-07T11:00:00+05:30,07-09-2026 11:00:00,"Sonia Vihar, Delhi - DPCC",109,Moderately Polluted,CO,100,1
2026-09-07T11:00:00+05:30,07-09-2026 11:00:00,"North Campus, DU, Delhi - IITM",109,Moderately Polluted,CO,100,1
2026-09-07T11:00:00+05:30,07-09-2026 11:00:00,"Chandni Chowk, Delhi - IITM",108,Moderately Polluted,CO,100,1
2026-09-07T11:00:00+05:30,07-09-2026 11:00:00,"Major Dhyan Chand National Stadium, Delhi - DPCC",101,Moderately Polluted,CO,100,1
2026-09-07T11:00:00+05:30,07-09-2026 11:00:00,"Wazirpur, Delhi - DPCC",100,Satisfactory,CO,100,0
2026-09-07T11:00:00+05:30,07-09-2026 11:00:00,"Talkatora Garden, Delhi - DPCC",99,Satisfactory,CO,100,0
2026-09-07T11:00:00+05:30,07-09-2026 11:00:00,"Rohini, Delhi - DPCC",98,Satisfactory,PM10,100,0
2026-09-07T11:00:00+05:30,07-09-2026 11:00:00,"Commonwealth Sports Complex, Delhi - DPCC",97,Satisfactory,CO,100,0
2026-09-07T11:00:00+05:30,07-09-2026 11:00:00,"Pusa, Delhi - DPCC",97,Satisfactory,CO,100,0
2026-09-07T11:00:00+05:30,07-09-2026 11:00:00,"Cantonment Area, Delhi - DPCC",95,Satisfactory,CO,100,0
2026-09-07T11:00:00+05:30,07-09-2026 11:00:00,"Jahangirpuri, Delhi - DPCC",95,Satisfactory,CO,100,0
2026-09-07T11:00:00+05:30,07-09-2026 11:00:00,"Punjabi Bagh, Delhi - DPCC",94,Satisfactory,PM10,100,0
2026-09-07T11:00:00+05:30,07-09-2026 11:00:00,"CRRI Mathura Road, Delhi - IITM",92,Satisfactory,CO,100,0
2026-09-07T11:00:00+05:30,07-09-2026 11:00:00,"Mandir Marg, Delhi - DPCC",91,Satisfactory,CO,100,0
2026-09-07T11:00:00+05:30,07-09-2026 11:00:00,"Nehru Nagar, Delhi - DPCC",87,Satisfactory,PM10,100,0
2026-09-07T11:00:00+05:30,07-09-2026 11:00:00,"Jawaharlal Nehru Stadium, Delhi - DPCC",87,Satisfactory,CO,100,0
2026-09-07T11:00:00+05:30,07-09-2026 11:00:00,"Ashok Vihar, Delhi - DPCC",87,Satisfactory,CO,100,0
2026-09-07T11:00:00+05:30,07-09-2026 11:00:00,"Bawana, Delhi - DPCC",87,Satisfactory,PM2.5,100,0
2026-09-07T11:00:00+05:30,07-09-2026 11:00:00,"Vivek Vihar, Delhi - DPCC",83,Satisfactory,PM2.5,100,0
2026-09-07T11:00:00+05:30,07-09-2026 11:00:00,"Okhla Phase-2, Delhi - DPCC",83,Satisfactory,CO,100,0
2026-09-07T11:00:00+05:30,07-09-2026 11:00:00,"Patparganj, Delhi - DPCC",82,Satisfactory,CO,100,0
2026-09-07T11:00:00+05:30,07-09-2026 11:00:00,"Dwarka-Sector 8, Delhi - DPCC",80,Satisfactory,PM10,100,0
2026-09-07T11:00:00+05:30,07-09-2026 11:00:00,"R K Puram, Delhi - DPCC",79,Satisfactory,PM10,100,0
2026-09-07T11:00:00+05:30,07-09-2026 11:00:00,"IIT Delhi, Delhi - IITM",77,Satisfactory,PM10,100,0
2026-09-07T11:00:00+05:30,07-09-2026 11:00:00,"Narela, Delhi - DPCC",70,Satisfactory,CO,100,0
2026-09-07T11:00:00+05:30,07-09-2026 11:00:00,"IGI Airport (T3), Delhi - IITM",68,Satisfactory,PM10,100,0
2026-09-07T11:00:00+05:30,07-09-2026 11:00:00,"IGNOU_Maidan Garhi, Delhi - DPCC",67,Satisfactory,CO,100,0
2026-09-07T11:00:00+05:30,07-09-2026 11:00:00,"ITO, Delhi - CPCB",67,Satisfactory,CO,100,0
2026-09-07T11:00:00+05:30,07-09-2026 11:00:00,"Burari Crossing, Delhi - IITM",65,Satisfactory,CO,100,0
2026-09-07T11:00:00+05:30,07-09-2026 11:00:00,"Dr. Karni Singh Shooting Range, Delhi - DPCC",65,Satisfactory,CO,100,0
2026-09-07T11:00:00+05:30,07-09-2026 11:00:00,"IHBAS, Dilshad Garden, Delhi - CPCB",62,Satisfactory,PM10,100,0
2026-09-07T11:00:00+05:30,07-09-2026 11:00:00,"Sirifort, Delhi - CPCB",62,Satisfactory,PM10,100,0
2026-09-07T11:00:00+05:30,07-09-2026 11:00:00,"JNU, Delhi - DPCC",62,Satisfactory,CO,100,0
2026-09-07T11:00:00+05:30,07-09-2026 11:00:00,"DTU, Delhi - CPCB",62,Satisfactory,CO,100,0
2026-09-07T11:00:00+05:30,07-09-2026 11:00:00,"IMD Lodhi Road, Delhi - IITM",59,Satisfactory,PM10,100,0
2026-09-07T11:00:00+05:30,07-09-2026 11:00:00,"NSUT Jaffarpur, Delhi - DPCC",55,Satisfactory,CO,100,0
2026-09-07T11:00:00+05:30,07-09-2026 11:00:00,"Shadipur, Delhi - CPCB",51,Satisfactory,NO2,100,0
2026-09-07T11:00:00+05:30,07-09-2026 11:00:00,"Sri Aurobindo Marg, Delhi - DPCC",50,Good,PM10,100,0
2026-09-07T11:00:00+05:30,07-09-2026 11:00:00,"Aya Nagar, Delhi - IITM",45,Good,PM10,100,0
2026-09-07T11:00:00+05:30,07-09-2026 11:00:00,"NSIT Dwarka, Delhi - CPCB",42,Good,NO2,100,0
2026-09-07T11:00:00+05:30,07-09-2026 11:00:00,"Najafgarh, Delhi - DPCC",28,Good,PM10,100,0
2026-09-07T12:00:00+05:30,07-09-2026 12:00:00,"Anand Vihar, Delhi - DPCC",126,Moderately Polluted,PM10,100,1
2026-09-07T12:00:00+05:30,07-09-2026 12:00:00,"Mundka, Delhi - DPCC",113,Moderately Polluted,PM10,100,1
2026-09-07T12:00:00+05:30,07-09-2026 12:00:00,"North Campus, DU, Delhi - IITM",110,Moderately Polluted,NO2,100,1
2026-09-07T12:00:00+05:30,07-09-2026 12:00:00,"Chandni Chowk, Delhi - IITM",107,Moderately Polluted,CO,100,1
2026-09-07T12:00:00+05:30,07-09-2026 12:00:00,"Sonia Vihar, Delhi - DPCC",104,Moderately Polluted,CO,100,1
2026-09-07T12:00:00+05:30,07-09-2026 12:00:00,"Rohini, Delhi - DPCC",99,Satisfactory,PM10,100,0
2026-09-07T12:00:00+05:30,07-09-2026 12:00:00,"Punjabi Bagh, Delhi - DPCC",97,Satisfactory,PM10,100,0
2026-09-07T12:00:00+05:30,07-09-2026 12:00:00,"Major Dhyan Chand National Stadium, Delhi - DPCC",95,Satisfactory,CO,100,0
2026-09-07T12:00:00+05:30,07-09-2026 12:00:00,"Wazirpur, Delhi - DPCC",95,Satisfactory,CO,100,0
2026-09-07T12:00:00+05:30,07-09-2026 12:00:00,"Talkatora Garden, Delhi - DPCC",95,Satisfactory,CO,100,0
2026-09-07T12:00:00+05:30,07-09-2026 12:00:00,"Cantonment Area, Delhi - DPCC",94,Satisfactory,CO,100,0
2026-09-07T12:00:00+05:30,07-09-2026 12:00:00,"Commonwealth Sports Complex, Delhi - DPCC",94,Satisfactory,CO,100,0
2026-09-07T12:00:00+05:30,07-09-2026 12:00:00,"Pusa, Delhi - DPCC",93,Satisfactory,PM10,100,0
2026-09-07T12:00:00+05:30,07-09-2026 12:00:00,"Jahangirpuri, Delhi - DPCC",90,Satisfactory,CO,100,0
2026-09-07T12:00:00+05:30,07-09-2026 12:00:00,"Nehru Nagar, Delhi - DPCC",88,Satisfactory,PM10,100,0
2026-09-07T12:00:00+05:30,07-09-2026 12:00:00,"CRRI Mathura Road, Delhi - IITM",86,Satisfactory,CO,100,0
2026-09-07T12:00:00+05:30,07-09-2026 12:00:00,"Mandir Marg, Delhi - DPCC",86,Satisfactory,CO,100,0
2026-09-07T12:00:00+05:30,07-09-2026 12:00:00,"Bawana, Delhi - DPCC",85,Satisfactory,PM2.5,100,0
2026-09-07T12:00:00+05:30,07-09-2026 12:00:00,"Vivek Vihar, Delhi - DPCC",84,Satisfactory,PM2.5,100,0
2026-09-07T12:00:00+05:30,07-09-2026 12:00:00,"Ashok Vihar, Delhi - DPCC",84,Satisfactory,PM10,100,0
2026-09-07T12:00:00+05:30,07-09-2026 12:00:00,"Dwarka-Sector 8, Delhi - DPCC",84,Satisfactory,PM10,100,0
2026-09-07T12:00:00+05:30,07-09-2026 12:00:00,"Okhla Phase-2, Delhi - DPCC",81,Satisfactory,CO,100,0
2026-09-07T12:00:00+05:30,07-09-2026 12:00:00,"Jawaharlal Nehru Stadium, Delhi - DPCC",81,Satisfactory,CO,100,0
2026-09-07T12:00:00+05:30,07-09-2026 12:00:00,"IIT Delhi, Delhi - IITM",81,Satisfactory,PM10,100,0
2026-09-07T12:00:00+05:30,07-09-2026 12:00:00,"Patparganj, Delhi - DPCC",79,Satisfactory,CO,100,0
2026-09-07T12:00:00+05:30,07-09-2026 12:00:00,"R K Puram, Delhi - DPCC",78,Satisfactory,PM10,100,0
2026-09-07T12:00:00+05:30,07-09-2026 12:00:00,"IGI Airport (T3), Delhi - IITM",70,Satisfactory,PM10,100,0
2026-09-07T12:00:00+05:30,07-09-2026 12:00:00,"Burari Crossing, Delhi - IITM",67,Satisfactory,PM10,100,0
2026-09-07T12:00:00+05:30,07-09-2026 12:00:00,"IGNOU_Maidan Garhi, Delhi - DPCC",67,Satisfactory,CO,100,0
2026-09-07T12:00:00+05:30,07-09-2026 12:00:00,"Narela, Delhi - DPCC",66,Satisfactory,CO,100,0
2026-09-07T12:00:00+05:30,07-09-2026 12:00:00,"Dr. Karni Singh Shooting Range, Delhi - DPCC",65,Satisfactory,CO,100,0
2026-09-07T12:00:00+05:30,07-09-2026 12:00:00,"IMD Lodhi Road, Delhi - IITM",64,Satisfactory,PM10,100,0
2026-09-07T12:00:00+05:30,07-09-2026 12:00:00,"Sirifort, Delhi - CPCB",63,Satisfactory,PM10,100,0
2026-09-07T12:00:00+05:30,07-09-2026 12:00:00,"ITO, Delhi - CPCB",62,Satisfactory,CO,100,0
2026-09-07T12:00:00+05:30,07-09-2026 12:00:00,"JNU, Delhi - DPCC",62,Satisfactory,CO,100,0
2026-09-07T12:00:00+05:30,07-09-2026 12:00:00,"IHBAS, Dilshad Garden, Delhi - CPCB",60,Satisfactory,PM10,100,0
2026-09-07T12:00:00+05:30,07-09-2026 12:00:00,"DTU, Delhi - CPCB",55,Satisfactory,CO,100,0
2026-09-07T12:00:00+05:30,07-09-2026 12:00:00,"NSUT Jaffarpur, Delhi - DPCC",53,Satisfactory,CO,100,0
2026-09-07T12:00:00+05:30,07-09-2026 12:00:00,"Sri Aurobindo Marg, Delhi - DPCC",52,Satisfactory,PM10,100,0
2026-09-07T12:00:00+05:30,07-09-2026 12:00:00,"Shadipur, Delhi - CPCB",52,Satisfactory,NO2,100,0
2026-09-07T12:00:00+05:30,07-09-2026 12:00:00,"Aya Nagar, Delhi - IITM",47,Good,PM10,100,0
2026-09-07T12:00:00+05:30,07-09-2026 12:00:00,"NSIT Dwarka, Delhi - CPCB",43,Good,NO2,100,0
2026-09-07T12:00:00+05:30,07-09-2026 12:00:00,"Najafgarh, Delhi - DPCC",27,Good,PM10,100,0
2026-09-07T13:00:00+05:30,07-09-2026 13:00:00,"Pusa, Delhi - IITM",134,Moderately Polluted,OZONE,100,1
2026-09-07T13:00:00+05:30,07-09-2026 13:00:00,"Anand Vihar, Delhi - DPCC",131,Moderately Polluted,PM10,100,1
2026-09-07T13:00:00+05:30,07-09-2026 13:00:00,"Mundka, Delhi - DPCC",113,Moderately Polluted,PM10,100,1
2026-09-07T13:00:00+05:30,07-09-2026 13:00:00,"North Campus, DU, Delhi - IITM",111,Moderately Polluted,NO2,100,1
2026-09-07T13:00:00+05:30,07-09-2026 13:00:00,"Chandni Chowk, Delhi - IITM",105,Moderately Polluted,CO,100,1
2026-09-07T13:00:00+05:30,07-09-2026 13:00:00,"Sonia Vihar, Delhi - DPCC",102,Moderately Polluted,PM2.5,100,1
2026-09-07T13:00:00+05:30,07-09-2026 13:00:00,"Rohini, Delhi - DPCC",101,Moderately Polluted,PM10,100,1
2026-09-07T13:00:00+05:30,07-09-2026 13:00:00,"Wazirpur, Delhi - DPCC",99,Satisfactory,PM10,100,0
2026-09-07T13:00:00+05:30,07-09-2026 13:00:00,"Pusa, Delhi - DPCC",99,Satisfactory,PM10,100,0
2026-09-07T13:00:00+05:30,07-09-2026 13:00:00,"Punjabi Bagh, Delhi - DPCC",97,Satisfactory,PM10,100,0
2026-09-07T13:00:00+05:30,07-09-2026 13:00:00,"Nehru Nagar, Delhi - DPCC",93,Satisfactory,PM10,100,0
2026-09-07T13:00:00+05:30,07-09-2026 13:00:00,"Cantonment Area, Delhi - DPCC",92,Satisfactory,CO,100,0
2026-09-07T13:00:00+05:30,07-09-2026 13:00:00,"Major Dhyan Chand National Stadium, Delhi - DPCC",91,Satisfactory,CO,100,0
2026-09-07T13:00:00+05:30,07-09-2026 13:00:00,"Talkatora Garden, Delhi - DPCC",90,Satisfactory,CO,100,0
2026-09-07T13:00:00+05:30,07-09-2026 13:00:00,"Commonwealth Sports Complex, Delhi - DPCC",89,Satisfactory,CO,100,0
2026-09-07T13:00:00+05:30,07-09-2026 13:00:00,"Vivek Vihar, Delhi - DPCC",89,Satisfactory,PM10,100,0
2026-09-07T13:00:00+05:30,07-09-2026 13:00:00,"Ashok Vihar, Delhi - DPCC",88,Satisfactory,PM10,100,0
2026-09-07T13:00:00+05:30,07-09-2026 13:00:00,"Dwarka-Sector 8, Delhi - DPCC",87,Satisfactory,PM10,100,0
2026-09-07T13:00:00+05:30,07-09-2026 13:00:00,"Bawana, Delhi - DPCC",87,Satisfactory,PM2.5,100,0
2026-09-07T13:00:00+05:30,07-09-2026 13:00:00,"IIT Delhi, Delhi - IITM",86,Satisfactory,PM10,100,0
2026-09-07T13:00:00+05:30,07-09-2026 13:00:00,"Jahangirpuri, Delhi - DPCC",85,Satisfactory,CO,100,0
2026-09-07T13:00:00+05:30,07-09-2026 13:00:00,"Mandir Marg, Delhi - DPCC",80,Satisfactory,CO,100,0
2026-09-07T13:00:00+05:30,07-09-2026 13:00:00,"R K Puram, Delhi - DPCC",79,Satisfactory,PM10,100,0
2026-09-07T13:00:00+05:30,07-09-2026 13:00:00,"CRRI Mathura Road, Delhi - IITM",79,Satisfactory,CO,100,0
2026-09-07T13:00:00+05:30,07-09-2026 13:00:00,"Patparganj, Delhi - DPCC",78,Satisfactory,PM10,100,0
2026-09-07T13:00:00+05:30,07-09-2026 13:00:00,"Jawaharlal Nehru Stadium, Delhi - DPCC",78,Satisfactory,CO,100,0
2026-09-07T13:00:00+05:30,07-09-2026 13:00:00,"Okhla Phase-2, Delhi - DPCC",78,Satisfactory,PM10,100,0
2026-09-07T13:00:00+05:30,07-09-2026 13:00:00,"IGI Airport (T3), Delhi - IITM",73,Satisfactory,PM10,100,0
2026-09-07T13:00:00+05:30,07-09-2026 13:00:00,"Burari Crossing, Delhi - IITM",71,Satisfactory,PM10,100,0
2026-09-07T13:00:00+05:30,07-09-2026 13:00:00,"IMD Lodhi Road, Delhi - IITM",69,Satisfactory,PM10,100,0
2026-09-07T13:00:00+05:30,07-09-2026 13:00:00,"IGNOU_Maidan Garhi, Delhi - DPCC",67,Satisfactory,CO,100,0
2026-09-07T13:00:00+05:30,07-09-2026 13:00:00,"Sirifort, Delhi - CPCB",65,Satisfactory,PM10,100,0
2026-09-07T13:00:00+05:30,07-09-2026 13:00:00,"Dr. Karni Singh Shooting Range, Delhi - DPCC",65,Satisfactory,CO,100,0
2026-09-07T13:00:00+05:30,07-09-2026 13:00:00,"Narela, Delhi - DPCC",64,Satisfactory,CO,100,0
2026-09-07T13:00:00+05:30,07-09-2026 13:00:00,"ITO, Delhi - CPCB",62,Satisfactory,NO2,100,0
2026-09-07T13:00:00+05:30,07-09-2026 13:00:00,"IHBAS, Dilshad Garden, Delhi - CPCB",61,Satisfactory,PM10,100,0
2026-09-07T13:00:00+05:30,07-09-2026 13:00:00,"JNU, Delhi - DPCC",61,Satisfactory,CO,100,0
2026-09-07T13:00:00+05:30,07-09-2026 13:00:00,"DTU, Delhi - CPCB",56,Satisfactory,PM2.5,100,0
2026-09-07T13:00:00+05:30,07-09-2026 13:00:00,"Sri Aurobindo Marg, Delhi - DPCC",54,Satisfactory,PM10,100,0
2026-09-07T13:00:00+05:30,07-09-2026 13:00:00,"Shadipur, Delhi - CPCB",52,Satisfactory,NO2,100,0
2026-09-07T13:00:00+05:30,07-09-2026 13:00:00,"NSUT Jaffarpur, Delhi - DPCC",51,Satisfactory,CO,100,0
2026-09-07T13:00:00+05:30,07-09-2026 13:00:00,"Aya Nagar, Delhi - IITM",49,Good,PM10,100,0
2026-09-07T13:00:00+05:30,07-09-2026 13:00:00,"NSIT Dwarka, Delhi - CPCB",43,Good,NO2,100,0
2026-09-07T13:00:00+05:30,07-09-2026 13:00:00,"Najafgarh, Delhi - DPCC",27,Good,PM10,100,0
2026-09-07T14:00:00+05:30,07-09-2026 14:00:00,"Anand Vihar, Delhi - DPCC",137,Moderately Polluted,PM10,100,1
2026-09-07T14:00:00+05:30,07-09-2026 14:00:00,"Pusa, Delhi - IITM",136,Moderately Polluted,OZONE,100,1
2026-09-07T14:00:00+05:30,07-09-2026 14:00:00,"Mundka, Delhi - DPCC",116,Moderately Polluted,PM10,100,1
2026-09-07T14:00:00+05:30,07-09-2026 14:00:00,"North Campus, DU, Delhi - IITM",112,Moderately Polluted,NO2,100,1
2026-09-07T14:00:00+05:30,07-09-2026 14:00:00,"Wazirpur, Delhi - DPCC",106,Moderately Polluted,PM10,100,1
2026-09-07T14:00:00+05:30,07-09-2026 14:00:00,"Pusa, Delhi - DPCC",105,Moderately Polluted,PM10,100,1
2026-09-07T14:00:00+05:30,07-09-2026 14:00:00,"Rohini, Delhi - DPCC",104,Moderately Polluted,PM2.5,100,1
2026-09-07T14:00:00+05:30,07-09-2026 14:00:00,"Chandni Chowk, Delhi - IITM",104,Moderately Polluted,CO,100,1
2026-09-07T14:00:00+05:30,07-09-2026 14:00:00,"Sonia Vihar, Delhi - DPCC",103,Moderately Polluted,PM2.5,100,1
2026-09-07T14:00:00+05:30,07-09-2026 14:00:00,"Punjabi Bagh, Delhi - DPCC",98,Satisfactory,PM10,100,0
2026-09-07T14:00:00+05:30,07-09-2026 14:00:00,"Nehru Nagar, Delhi - DPCC",97,Satisfactory,PM10,100,0
2026-09-07T14:00:00+05:30,07-09-2026 14:00:00,"Vivek Vihar, Delhi - DPCC",93,Satisfactory,PM10,100,0
2026-09-07T14:00:00+05:30,07-09-2026 14:00:00,"Dwarka-Sector 8, Delhi - DPCC",93,Satisfactory,PM10,100,0
2026-09-07T14:00:00+05:30,07-09-2026 14:00:00,"Ashok Vihar, Delhi - DPCC",92,Satisfactory,PM10,100,0
2026-09-07T14:00:00+05:30,07-09-2026 14:00:00,"IIT Delhi, Delhi - IITM",91,Satisfactory,PM10,100,0
2026-09-07T14:00:00+05:30,07-09-2026 14:00:00,"Bawana, Delhi - DPCC",90,Satisfactory,PM2.5,100,0
2026-09-07T14:00:00+05:30,07-09-2026 14:00:00,"Cantonment Area, Delhi - DPCC",89,Satisfactory,CO,100,0
2026-09-07T14:00:00+05:30,07-09-2026 14:00:00,"Major Dhyan Chand National Stadium, Delhi - DPCC",85,Satisfactory,CO,100,0
2026-09-07T14:00:00+05:30,07-09-2026 14:00:00,"Talkatora Garden, Delhi - DPCC",85,Satisfactory,CO,100,0
2026-09-07T14:00:00+05:30,07-09-2026 14:00:00,"Commonwealth Sports Complex, Delhi - DPCC",83,Satisfactory,CO,100,0
2026-09-07T14:00:00+05:30,07-09-2026 14:00:00,"Patparganj, Delhi - DPCC",82,Satisfactory,PM10,100,0
2026-09-07T14:00:00+05:30,07-09-2026 14:00:00,"CRRI Mathura Road, Delhi - IITM",82,Satisfactory,PM10,100,0
2026-09-07T14:00:00+05:30,07-09-2026 14:00:00,"R K Puram, Delhi - DPCC",82,Satisfactory,PM10,100,0
2026-09-07T14:00:00+05:30,07-09-2026 14:00:00,"Okhla Phase-2, Delhi - DPCC",81,Satisfactory,PM10,100,0
2026-09-07T14:00:00+05:30,07-09-2026 14:00:00,"Jahangirpuri, Delhi - DPCC",81,Satisfactory,PM10,100,0
2026-09-07T14:00:00+05:30,07-09-2026 14:00:00,"IMD Lodhi Road, Delhi - IITM",79,Satisfactory,OZONE,100,0
2026-09-07T14:00:00+05:30,07-09-2026 14:00:00,"IGI Airport (T3), Delhi - IITM",78,Satisfactory,PM10,100,0
2026-09-07T14:00:00+05:30,07-09-2026 14:00:00,"Burari Crossing, Delhi - IITM",75,Satisfactory,PM10,100,0
2026-09-07T14:00:00+05:30,07-09-2026 14:00:00,"Mandir Marg, Delhi - DPCC",74,Satisfactory,PM10,100,0
2026-09-07T14:00:00+05:30,07-09-2026 14:00:00,"Sirifort, Delhi - CPCB",69,Satisfactory,PM10,100,0
2026-09-07T14:00:00+05:30,07-09-2026 14:00:00,"Jawaharlal Nehru Stadium, Delhi - DPCC",68,Satisfactory,CO,100,0
2026-09-07T14:00:00+05:30,07-09-2026 14:00:00,"IGNOU_Maidan Garhi, Delhi - DPCC",66,Satisfactory,CO,100,0
2026-09-07T14:00:00+05:30,07-09-2026 14:00:00,"Dr. Karni Singh Shooting Range, Delhi - DPCC",65,Satisfactory,CO,100,0
2026-09-07T14:00:00+05:30,07-09-2026 14:00:00,"Narela, Delhi - DPCC",64,Satisfactory,PM10,100,0
2026-09-07T14:00:00+05:30,07-09-2026 14:00:00,"ITO, Delhi - CPCB",63,Satisfactory,NO2,100,0
2026-09-07T14:00:00+05:30,07-09-2026 14:00:00,"IHBAS, Dilshad Garden, Delhi - CPCB",62,Satisfactory,PM10,100,0
2026-09-07T14:00:00+05:30,07-09-2026 14:00:00,"JNU, Delhi - DPCC",59,Satisfactory,CO,100,0
2026-09-07T14:00:00+05:30,07-09-2026 14:00:00,"DTU, Delhi - CPCB",59,Satisfactory,PM2.5,100,0
2026-09-07T14:00:00+05:30,07-09-2026 14:00:00,"Sri Aurobindo Marg, Delhi - DPCC",57,Satisfactory,PM10,100,0
2026-09-07T14:00:00+05:30,07-09-2026 14:00:00,"Aya Nagar, Delhi - IITM",54,Satisfactory,PM10,100,0
2026-09-07T14:00:00+05:30,07-09-2026 14:00:00,"Shadipur, Delhi - CPCB",53,Satisfactory,NO2,100,0
2026-09-07T14:00:00+05:30,07-09-2026 14:00:00,"NSUT Jaffarpur, Delhi - DPCC",49,Good,CO,100,0
2026-09-07T14:00:00+05:30,07-09-2026 14:00:00,"NSIT Dwarka, Delhi - CPCB",43,Good,NO2,100,0
2026-09-07T14:00:00+05:30,07-09-2026 14:00:00,"Najafgarh, Delhi - DPCC",29,Good,PM10,100,0
2026-09-07T15:00:00+05:30,07-09-2026 15:00:00,"Anand Vihar, Delhi - DPCC",142,Moderately Polluted,PM10,100,1
2026-09-07T15:00:00+05:30,07-09-2026 15:00:00,"Pusa, Delhi - IITM",134,Moderately Polluted,OZONE,100,1
2026-09-07T15:00:00+05:30,07-09-2026 15:00:00,"Mundka, Delhi - DPCC",119,Moderately Polluted,PM10,100,1
2026-09-07T15:00:00+05:30,07-09-2026 15:00:00,"Wazirpur, Delhi - DPCC",112,Moderately Polluted,PM10,100,1
2026-09-07T15:00:00+05:30,07-09-2026 15:00:00,"North Campus, DU, Delhi - IITM",112,Moderately Polluted,NO2,100,1
2026-09-07T15:00:00+05:30,07-09-2026 15:00:00,"Pusa, Delhi - DPCC",111,Moderately Polluted,PM10,100,1
2026-09-07T15:00:00+05:30,07-09-2026 15:00:00,"Rohini, Delhi - DPCC",107,Moderately Polluted,PM10,100,1
2026-09-07T15:00:00+05:30,07-09-2026 15:00:00,"Sonia Vihar, Delhi - DPCC",105,Moderately Polluted,PM2.5,100,1
2026-09-07T15:00:00+05:30,07-09-2026 15:00:00,"Punjabi Bagh, Delhi - DPCC",102,Moderately Polluted,PM10,100,1
2026-09-07T15:00:00+05:30,07-09-2026 15:00:00,"Dwarka-Sector 8, Delhi - DPCC",101,Moderately Polluted,PM10,100,1
2026-09-07T15:00:00+05:30,07-09-2026 15:00:00,"Nehru Nagar, Delhi - DPCC",101,Moderately Polluted,PM10,100,1
2026-09-07T15:00:00+05:30,07-09-2026 15:00:00,"Vivek Vihar, Delhi - DPCC",98,Satisfactory,PM10,100,0
2026-09-07T15:00:00+05:30,07-09-2026 15:00:00,"Chandni Chowk, Delhi - IITM",97,Satisfactory,CO,100,0
2026-09-07T15:00:00+05:30,07-09-2026 15:00:00,"IMD Lodhi Road, Delhi - IITM",97,Satisfactory,OZONE,100,0
2026-09-07T15:00:00+05:30,07-09-2026 15:00:00,"IIT Delhi, Delhi - IITM",97,Satisfactory,PM10,100,0
2026-09-07T15:00:00+05:30,07-09-2026 15:00:00,"Bawana, Delhi - DPCC",95,Satisfactory,PM2.5,100,0
2026-09-07T15:00:00+05:30,07-09-2026 15:00:00,"Ashok Vihar, Delhi - DPCC",93,Satisfactory,PM10,100,0
2026-09-07T15:00:00+05:30,07-09-2026 15:00:00,"IGI Airport (T3), Delhi - IITM",90,Satisfactory,OZONE,100,0
2026-09-07T15:00:00+05:30,07-09-2026 15:00:00,"CRRI Mathura Road, Delhi - IITM",86,Satisfactory,PM10,100,0
2026-09-07T15:00:00+05:30,07-09-2026 15:00:00,"R K Puram, Delhi - DPCC",86,Satisfactory,PM2.5,100,0
2026-09-07T15:00:00+05:30,07-09-2026 15:00:00,"Cantonment Area, Delhi - DPCC",85,Satisfactory,CO,100,0
2026-09-07T15:00:00+05:30,07-09-2026 15:00:00,"Okhla Phase-2, Delhi - DPCC",85,Satisfactory,PM10,100,0
2026-09-07T15:00:00+05:30,07-09-2026 15:00:00,"Patparganj, Delhi - DPCC",85,Satisfactory,PM10,100,0
2026-09-07T15:00:00+05:30,07-09-2026 15:00:00,"Jahangirpuri, Delhi - DPCC",82,Satisfactory,PM10,100,0
2026-09-07T15:00:00+05:30,07-09-2026 15:00:00,"Mandir Marg, Delhi - DPCC",79,Satisfactory,PM10,100,0
2026-09-07T15:00:00+05:30,07-09-2026 15:00:00,"Burari Crossing, Delhi - IITM",79,Satisfactory,PM10,100,0
2026-09-07T15:00:00+05:30,07-09-2026 15:00:00,"Talkatora Garden, Delhi - DPCC",79,Satisfactory,CO,100,0
2026-09-07T15:00:00+05:30,07-09-2026 15:00:00,"Commonwealth Sports Complex, Delhi - DPCC",78,Satisfactory,OZONE,100,0
2026-09-07T15:00:00+05:30,07-09-2026 15:00:00,"Major Dhyan Chand National Stadium, Delhi - DPCC",78,Satisfactory,CO,100,0
2026-09-07T15:00:00+05:30,07-09-2026 15:00:00,"Sirifort, Delhi - CPCB",72,Satisfactory,PM10,100,0
2026-09-07T15:00:00+05:30,07-09-2026 15:00:00,"ITO, Delhi - CPCB",66,Satisfactory,PM10,100,0
2026-09-07T15:00:00+05:30,07-09-2026 15:00:00,"IGNOU_Maidan Garhi, Delhi - DPCC",66,Satisfactory,CO,100,0
2026-09-07T15:00:00+05:30,07-09-2026 15:00:00,"Narela, Delhi - DPCC",65,Satisfactory,PM10,100,0
2026-09-07T15:00:00+05:30,07-09-2026 15:00:00,"IHBAS, Dilshad Garden, Delhi - CPCB",63,Satisfactory,PM10,100,0
2026-09-07T15:00:00+05:30,07-09-2026 15:00:00,"Dr. Karni Singh Shooting Range, Delhi - DPCC",63,Satisfactory,CO,100,0
2026-09-07T15:00:00+05:30,07-09-2026 15:00:00,"Sri Aurobindo Marg, Delhi - DPCC",62,Satisfactory,PM10,100,0
2026-09-07T15:00:00+05:30,07-09-2026 15:00:00,"DTU, Delhi - CPCB",59,Satisfactory,PM2.5,100,0
2026-09-07T15:00:00+05:30,07-09-2026 15:00:00,"Jawaharlal Nehru Stadium, Delhi - DPCC",59,Satisfactory,CO,100,0
2026-09-07T15:00:00+05:30,07-09-2026 15:00:00,"Aya Nagar, Delhi - IITM",56,Satisfactory,PM10,100,0
2026-09-07T15:00:00+05:30,07-09-2026 15:00:00,"JNU, Delhi - DPCC",56,Satisfactory,CO,100,0
2026-09-07T15:00:00+05:30,07-09-2026 15:00:00,"Shadipur, Delhi - CPCB",53,Satisfactory,NO2,100,0
2026-09-07T15:00:00+05:30,07-09-2026 15:00:00,"NSIT Dwarka, Delhi - CPCB",48,Good,OZONE,100,0
2026-09-07T15:00:00+05:30,07-09-2026 15:00:00,"NSUT Jaffarpur, Delhi - DPCC",46,Good,PM10,100,0
2026-09-07T15:00:00+05:30,07-09-2026 15:00:00,"Najafgarh, Delhi - DPCC",30,Good,PM10,100,0
2026-09-07T16:00:00+05:30,07-09-2026 16:00:00,"Anand Vihar, Delhi - DPCC",147,Moderately Polluted,PM10,100,1
2026-09-07T16:00:00+05:30,07-09-2026 16:00:00,"Pusa, Delhi - IITM",136,Moderately Polluted,OZONE,100,1
2026-09-07T16:00:00+05:30,07-09-2026 16:00:00,"North Campus, DU, Delhi - IITM",118,Moderately Polluted,OZONE,100,1
2026-09-07T16:00:00+05:30,07-09-2026 16:00:00,"Wazirpur, Delhi - DPCC",118,Moderately Polluted,PM10,100,1
2026-09-07T16:00:00+05:30,07-09-2026 16:00:00,"Mundka, Delhi - DPCC",118,Moderately Polluted,PM10,100,1
2026-09-07T16:00:00+05:30,07-09-2026 16:00:00,"Pusa, Delhi - DPCC",116,Moderately Polluted,PM10,100,1
2026-09-07T16:00:00+05:30,07-09-2026 16:00:00,"IMD Lodhi Road, Delhi - IITM",112,Moderately Polluted,OZONE,100,1
2026-09-07T16:00:00+05:30,07-09-2026 16:00:00,"Rohini, Delhi - DPCC",111,Moderately Polluted,PM2.5,100,1
2026-09-07T16:00:00+05:30,07-09-2026 16:00:00,"Sonia Vihar, Delhi - DPCC",109,Moderately Polluted,PM2.5,100,1
2026-09-07T16:00:00+05:30,07-09-2026 16:00:00,"Punjabi Bagh, Delhi - DPCC",104,Moderately Polluted,PM10,100,1
2026-09-07T16:00:00+05:30,07-09-2026 16:00:00,"Dwarka-Sector 8, Delhi - DPCC",103,Moderately Polluted,PM10,100,1
2026-09-07T16:00:00+05:30,07-09-2026 16:00:00,"IIT Delhi, Delhi - IITM",103,Moderately Polluted,PM10,100,1
2026-09-07T16:00:00+05:30,07-09-2026 16:00:00,"IGI Airport (T3), Delhi - IITM",102,Moderately Polluted,OZONE,100,1
2026-09-07T16:00:00+05:30,07-09-2026 16:00:00,"Nehru Nagar, Delhi - DPCC",101,Moderately Polluted,PM10,100,1
2026-09-07T16:00:00+05:30,07-09-2026 16:00:00,"Vivek Vihar, Delhi - DPCC",101,Moderately Polluted,PM10,100,1
2026-09-07T16:00:00+05:30,07-09-2026 16:00:00,"Chandni Chowk, Delhi - IITM",99,Satisfactory,PM10,100,0
2026-09-07T16:00:00+05:30,07-09-2026 16:00:00,"Ashok Vihar, Delhi - DPCC",97,Satisfactory,PM10,100,0
2026-09-07T16:00:00+05:30,07-09-2026 16:00:00,"Bawana, Delhi - DPCC",96,Satisfactory,PM2.5,100,0
2026-09-07T16:00:00+05:30,07-09-2026 16:00:00,"R K Puram, Delhi - DPCC",90,Satisfactory,PM10,100,0
2026-09-07T16:00:00+05:30,07-09-2026 16:00:00,"Patparganj, Delhi - DPCC",89,Satisfactory,PM10,100,0
2026-09-07T16:00:00+05:30,07-09-2026 16:00:00,"CRRI Mathura Road, Delhi - IITM",89,Satisfactory,PM10,100,0
2026-09-07T16:00:00+05:30,07-09-2026 16:00:00,"Okhla Phase-2, Delhi - DPCC",88,Satisfactory,PM10,100,0
2026-09-07T16:00:00+05:30,07-09-2026 16:00:00,"Commonwealth Sports Complex, Delhi - DPCC",88,Satisfactory,OZONE,100,0
2026-09-07T16:00:00+05:30,07-09-2026 16:00:00,"Jahangirpuri, Delhi - DPCC",82,Satisfactory,PM10,100,0
2026-09-07T16:00:00+05:30,07-09-2026 16:00:00,"Mandir Marg, Delhi - DPCC",82,Satisfactory,PM10,100,0
2026-09-07T16:00:00+05:30,07-09-2026 16:00:00,"Burari Crossing, Delhi - IITM",82,Satisfactory,PM10,100,0
2026-09-07T16:00:00+05:30,07-09-2026 16:00:00,"Cantonment Area, Delhi - DPCC",78,Satisfactory,CO,100,0
2026-09-07T16:00:00+05:30,07-09-2026 16:00:00,"Sirifort, Delhi - CPCB",76,Satisfactory,PM10,100,0
2026-09-07T16:00:00+05:30,07-09-2026 16:00:00,"Talkatora Garden, Delhi - DPCC",73,Satisfactory,CO,100,0
2026-09-07T16:00:00+05:30,07-09-2026 16:00:00,"Major Dhyan Chand National Stadium, Delhi - DPCC",71,Satisfactory,CO,100,0
2026-09-07T16:00:00+05:30,07-09-2026 16:00:00,"ITO, Delhi - CPCB",69,Satisfactory,PM10,100,0
2026-09-07T16:00:00+05:30,07-09-2026 16:00:00,"Narela, Delhi - DPCC",67,Satisfactory,PM10,100,0
2026-09-07T16:00:00+05:30,07-09-2026 16:00:00,"Sri Aurobindo Marg, Delhi - DPCC",66,Satisfactory,PM10,100,0
2026-09-07T16:00:00+05:30,07-09-2026 16:00:00,"IHBAS, Dilshad Garden, Delhi - CPCB",65,Satisfactory,PM10,100,0
2026-09-07T16:00:00+05:30,07-09-2026 16:00:00,"Dr. Karni Singh Shooting Range, Delhi - DPCC",64,Satisfactory,PM10,100,0
2026-09-07T16:00:00+05:30,07-09-2026 16:00:00,"IGNOU_Maidan Garhi, Delhi - DPCC",64,Satisfactory,CO,100,0
2026-09-07T16:00:00+05:30,07-09-2026 16:00:00,"DTU, Delhi - CPCB",62,Satisfactory,PM2.5,100,0
2026-09-07T16:00:00+05:30,07-09-2026 16:00:00,"Aya Nagar, Delhi - IITM",60,Satisfactory,PM10,100,0
2026-09-07T16:00:00+05:30,07-09-2026 16:00:00,"JNU, Delhi - DPCC",54,Satisfactory,CO,100,0
2026-09-07T16:00:00+05:30,07-09-2026 16:00:00,"NSIT Dwarka, Delhi - CPCB",53,Satisfactory,CO,100,0
2026-09-07T16:00:00+05:30,07-09-2026 16:00:00,"Shadipur, Delhi - CPCB",53,Satisfactory,NO2,100,0
2026-09-07T16:00:00+05:30,07-09-2026 16:00:00,"Jawaharlal Nehru Stadium, Delhi - DPCC",50,Good,CO,100,0
2026-09-07T16:00:00+05:30,07-09-2026 16:00:00,"NSUT Jaffarpur, Delhi - DPCC",49,Good,PM10,100,0
2026-09-07T16:00:00+05:30,07-09-2026 16:00:00,"Najafgarh, Delhi - DPCC",31,Good,PM10,100,0
2026-09-07T17:00:00+05:30,07-09-2026 17:00:00,"Anand Vihar, Delhi - DPCC",153,Moderately Polluted,PM10,100,1
2026-09-07T17:00:00+05:30,07-09-2026 17:00:00,"Pusa, Delhi - IITM",133,Moderately Polluted,OZONE,100,1
2026-09-07T17:00:00+05:30,07-09-2026 17:00:00,"North Campus, DU, Delhi - IITM",132,Moderately Polluted,OZONE,100,1
2026-09-07T17:00:00+05:30,07-09-2026 17:00:00,"Wazirpur, Delhi - DPCC",122,Moderately Polluted,PM10,100,1
2026-09-07T17:00:00+05:30,07-09-2026 17:00:00,"Mundka, Delhi - DPCC",122,Moderately Polluted,PM10,100,1
2026-09-07T17:00:00+05:30,07-09-2026 17:00:00,"IMD Lodhi Road, Delhi - IITM",121,Moderately Polluted,OZONE,100,1
2026-09-07T17:00:00+05:30,07-09-2026 17:00:00,"Pusa, Delhi - DPCC",120,Moderately Polluted,PM10,100,1
2026-09-07T17:00:00+05:30,07-09-2026 17:00:00,"Rohini, Delhi - DPCC",113,Moderately Polluted,PM2.5,100,1
2026-09-07T17:00:00+05:30,07-09-2026 17:00:00,"Sonia Vihar, Delhi - DPCC",111,Moderately Polluted,PM2.5,100,1
2026-09-07T17:00:00+05:30,07-09-2026 17:00:00,"IGI Airport (T3), Delhi - IITM",111,Moderately Polluted,OZONE,100,1
2026-09-07T17:00:00+05:30,07-09-2026 17:00:00,"Dwarka-Sector 8, Delhi - DPCC",110,Moderately Polluted,PM10,100,1
2026-09-07T17:00:00+05:30,07-09-2026 17:00:00,"IIT Delhi, Delhi - IITM",108,Moderately Polluted,PM10,100,1
2026-09-07T17:00:00+05:30,07-09-2026 17:00:00,"Punjabi Bagh, Delhi - DPCC",107,Moderately Polluted,PM10,100,1
2026-09-07T17:00:00+05:30,07-09-2026 17:00:00,"Vivek Vihar, Delhi - DPCC",105,Moderately Polluted,PM10,100,1
2026-09-07T17:00:00+05:30,07-09-2026 17:00:00,"Nehru Nagar, Delhi - DPCC",104,Moderately Polluted,PM10,100,1
2026-09-07T17:00:00+05:30,07-09-2026 17:00:00,"Chandni Chowk, Delhi - IITM",103,Moderately Polluted,PM10,100,1
2026-09-07T17:00:00+05:30,07-09-2026 17:00:00,"Ashok Vihar, Delhi - DPCC",101,Moderately Polluted,PM10,100,1
2026-09-07T17:00:00+05:30,07-09-2026 17:00:00,"Commonwealth Sports Complex, Delhi - DPCC",98,Satisfactory,OZONE,100,0
2026-09-07T17:00:00+05:30,07-09-2026 17:00:00,"Bawana, Delhi - DPCC",96,Satisfactory,PM2.5,100,0
2026-09-07T17:00:00+05:30,07-09-2026 17:00:00,"R K Puram, Delhi - DPCC",93,Satisfactory,PM10,100,0
2026-09-07T17:00:00+05:30,07-09-2026 17:00:00,"Patparganj, Delhi - DPCC",93,Satisfactory,PM10,100,0
2026-09-07T17:00:00+05:30,07-09-2026 17:00:00,"CRRI Mathura Road, Delhi - IITM",92,Satisfactory,PM10,100,0
2026-09-07T17:00:00+05:30,07-09-2026 17:00:00,"Okhla Phase-2, Delhi - DPCC",91,Satisfactory,PM10,100,0
2026-09-07T17:00:00+05:30,07-09-2026 17:00:00,"Jahangirpuri, Delhi - DPCC",86,Satisfactory,PM10,100,0
2026-09-07T17:00:00+05:30,07-09-2026 17:00:00,"Burari Crossing, Delhi - IITM",86,Satisfactory,PM10,100,0
2026-09-07T17:00:00+05:30,07-09-2026 17:00:00,"Mandir Marg, Delhi - DPCC",86,Satisfactory,PM10,100,0
2026-09-07T17:00:00+05:30,07-09-2026 17:00:00,"Sirifort, Delhi - CPCB",80,Satisfactory,PM10,100,0
2026-09-07T17:00:00+05:30,07-09-2026 17:00:00,"ITO, Delhi - CPCB",73,Satisfactory,PM10,100,0
2026-09-07T17:00:00+05:30,07-09-2026 17:00:00,"Cantonment Area, Delhi - DPCC",72,Satisfactory,CO,100,0
2026-09-07T17:00:00+05:30,07-09-2026 17:00:00,"Narela, Delhi - DPCC",70,Satisfactory,PM10,100,0
2026-09-07T17:00:00+05:30,07-09-2026 17:00:00,"NSIT Dwarka, Delhi - CPCB",70,Satisfactory,OZONE,100,0
2026-09-07T17:00:00+05:30,07-09-2026 17:00:00,"Sri Aurobindo Marg, Delhi - DPCC",69,Satisfactory,PM10,100,0
2026-09-07T17:00:00+05:30,07-09-2026 17:00:00,"Dr. Karni Singh Shooting Range, Delhi - DPCC",68,Satisfactory,PM10,100,0
2026-09-07T17:00:00+05:30,07-09-2026 17:00:00,"IHBAS, Dilshad Garden, Delhi - CPCB",67,Satisfactory,PM10,100,0
2026-09-07T17:00:00+05:30,07-09-2026 17:00:00,"Talkatora Garden, Delhi - DPCC",67,Satisfactory,CO,100,0
2026-09-07T17:00:00+05:30,07-09-2026 17:00:00,"Major Dhyan Chand National Stadium, Delhi - DPCC",66,Satisfactory,PM10,100,0
2026-09-07T17:00:00+05:30,07-09-2026 17:00:00,"DTU, Delhi - CPCB",64,Satisfactory,PM2.5,100,0
2026-09-07T17:00:00+05:30,07-09-2026 17:00:00,"IGNOU_Maidan Garhi, Delhi - DPCC",63,Satisfactory,CO,100,0
2026-09-07T17:00:00+05:30,07-09-2026 17:00:00,"Aya Nagar, Delhi - IITM",62,Satisfactory,PM10,100,0
2026-09-07T17:00:00+05:30,07-09-2026 17:00:00,"JNU, Delhi - DPCC",53,Satisfactory,CO,100,0
2026-09-07T17:00:00+05:30,07-09-2026 17:00:00,"NSUT Jaffarpur, Delhi - DPCC",52,Satisfactory,PM10,100,0
2026-09-07T17:00:00+05:30,07-09-2026 17:00:00,"Shadipur, Delhi - CPCB",52,Satisfactory,NO2,100,0
2026-09-07T17:00:00+05:30,07-09-2026 17:00:00,"Jawaharlal Nehru Stadium, Delhi - DPCC",50,Good,PM2.5,100,0
2026-09-07T17:00:00+05:30,07-09-2026 17:00:00,"Najafgarh, Delhi - DPCC",33,Good,PM10,100,0
2026-09-07T18:00:00+05:30,07-09-2026 18:00:00,"Anand Vihar, Delhi - DPCC",157,Moderately Polluted,PM10,100,1
2026-09-07T18:00:00+05:30,07-09-2026 18:00:00,"North Campus, DU, Delhi - IITM",137,Moderately Polluted,OZONE,100,1
2026-09-07T18:00:00+05:30,07-09-2026 18:00:00,"Pusa, Delhi - IITM",133,Moderately Polluted,OZONE,100,1
2026-09-07T18:00:00+05:30,07-09-2026 18:00:00,"Wazirpur, Delhi - DPCC",127,Moderately Polluted,PM10,100,1
2026-09-07T18:00:00+05:30,07-09-2026 18:00:00,"Pusa, Delhi - DPCC",126,Moderately Polluted,PM10,100,1
2026-09-07T18:00:00+05:30,07-09-2026 18:00:00,"IMD Lodhi Road, Delhi - IITM",125,Moderately Polluted,OZONE,100,1
2026-09-07T18:00:00+05:30,07-09-2026 18:00:00,"Mundka, Delhi - DPCC",123,Moderately Polluted,PM10,100,1
2026-09-07T18:00:00+05:30,07-09-2026 18:00:00,"Dwarka-Sector 8, Delhi - DPCC",117,Moderately Polluted,PM10,100,1
2026-09-07T18:00:00+05:30,07-09-2026 18:00:00,"IGI Airport (T3), Delhi - IITM",117,Moderately Polluted,OZONE,100,1
2026-09-07T18:00:00+05:30,07-09-2026 18:00:00,"Rohini, Delhi - DPCC",115,Moderately Polluted,PM2.5,100,1
2026-09-07T18:00:00+05:30,07-09-2026 18:00:00,"Sonia Vihar, Delhi - DPCC",113,Moderately Polluted,PM2.5,100,1
2026-09-07T18:00:00+05:30,07-09-2026 18:00:00,"IIT Delhi, Delhi - IITM",110,Moderately Polluted,PM10,100,1
2026-09-07T18:00:00+05:30,07-09-2026 18:00:00,"Punjabi Bagh, Delhi - DPCC",109,Moderately Polluted,PM10,100,1
2026-09-07T18:00:00+05:30,07-09-2026 18:00:00,"Vivek Vihar, Delhi - DPCC",108,Moderately Polluted,PM10,100,1
2026-09-07T18:00:00+05:30,07-09-2026 18:00:00,"Nehru Nagar, Delhi - DPCC",108,Moderately Polluted,PM10,100,1
2026-09-07T18:00:00+05:30,07-09-2026 18:00:00,"Chandni Chowk, Delhi - IITM",106,Moderately Polluted,PM10,100,1
2026-09-07T18:00:00+05:30,07-09-2026 18:00:00,"Ashok Vihar, Delhi - DPCC",105,Moderately Polluted,PM10,100,1
2026-09-07T18:00:00+05:30,07-09-2026 18:00:00,"NSIT Dwarka, Delhi - CPCB",105,Moderately Polluted,OZONE,100,1
2026-09-07T18:00:00+05:30,07-09-2026 18:00:00,"Bawana, Delhi - DPCC",101,Moderately Polluted,PM2.5,100,1
2026-09-07T18:00:00+05:30,07-09-2026 18:00:00,"Commonwealth Sports Complex, Delhi - DPCC",101,Moderately Polluted,OZONE,100,1
2026-09-07T18:00:00+05:30,07-09-2026 18:00:00,"R K Puram, Delhi - DPCC",97,Satisfactory,PM10,100,0
2026-09-07T18:00:00+05:30,07-09-2026 18:00:00,"Patparganj, Delhi - DPCC",95,Satisfactory,PM10,100,0
2026-09-07T18:00:00+05:30,07-09-2026 18:00:00,"CRRI Mathura Road, Delhi - IITM",95,Satisfactory,PM10,100,0
2026-09-07T18:00:00+05:30,07-09-2026 18:00:00,"Okhla Phase-2, Delhi - DPCC",94,Satisfactory,PM10,100,0
2026-09-07T18:00:00+05:30,07-09-2026 18:00:00,"Jahangirpuri, Delhi - DPCC",90,Satisfactory,PM10,100,0
2026-09-07T18:00:00+05:30,07-09-2026 18:00:00,"Burari Crossing, Delhi - IITM",90,Satisfactory,PM10,100,0
2026-09-07T18:00:00+05:30,07-09-2026 18:00:00,"Mandir Marg, Delhi - DPCC",89,Satisfactory,PM10,100,0
2026-09-07T18:00:00+05:30,07-09-2026 18:00:00,"Sirifort, Delhi - CPCB",82,Satisfactory,PM10,100,0
2026-09-07T18:00:00+05:30,07-09-2026 18:00:00,"ITO, Delhi - CPCB",76,Satisfactory,PM10,100,0
2026-09-07T18:00:00+05:30,07-09-2026 18:00:00,"Narela, Delhi - DPCC",73,Satisfactory,PM10,100,0
2026-09-07T18:00:00+05:30,07-09-2026 18:00:00,"Sri Aurobindo Marg, Delhi - DPCC",72,Satisfactory,PM10,100,0
2026-09-07T18:00:00+05:30,07-09-2026 18:00:00,"Dr. Karni Singh Shooting Range, Delhi - DPCC",72,Satisfactory,PM10,100,0
2026-09-07T18:00:00+05:30,07-09-2026 18:00:00,"Major Dhyan Chand National Stadium, Delhi - DPCC",70,Satisfactory,PM10,100,0
2026-09-07T18:00:00+05:30,07-09-2026 18:00:00,"IHBAS, Dilshad Garden, Delhi - CPCB",69,Satisfactory,PM10,100,0
2026-09-07T18:00:00+05:30,07-09-2026 18:00:00,"Cantonment Area, Delhi - DPCC",67,Satisfactory,CO,100,0
2026-09-07T18:00:00+05:30,07-09-2026 18:00:00,"Talkatora Garden, Delhi - DPCC",67,Satisfactory,PM10,100,0
2026-09-07T18:00:00+05:30,07-09-2026 18:00:00,"DTU, Delhi - CPCB",66,Satisfactory,PM2.5,100,0
2026-09-07T18:00:00+05:30,07-09-2026 18:00:00,"Aya Nagar, Delhi - IITM",64,Satisfactory,PM10,100,0
2026-09-07T18:00:00+05:30,07-09-2026 18:00:00,"IGNOU_Maidan Garhi, Delhi - DPCC",62,Satisfactory,CO,100,0
2026-09-07T18:00:00+05:30,07-09-2026 18:00:00,"NSUT Jaffarpur, Delhi - DPCC",55,Satisfactory,PM10,100,0
2026-09-07T18:00:00+05:30,07-09-2026 18:00:00,"JNU, Delhi - DPCC",54,Satisfactory,PM10,100,0
2026-09-07T18:00:00+05:30,07-09-2026 18:00:00,"Shadipur, Delhi - CPCB",53,Satisfactory,NO2,100,0
2026-09-07T18:00:00+05:30,07-09-2026 18:00:00,"Jawaharlal Nehru Stadium, Delhi - DPCC",51,Satisfactory,PM2.5,100,0
2026-09-07T18:00:00+05:30,07-09-2026 18:00:00,"Najafgarh, Delhi - DPCC",37,Good,PM10,100,0
2026-09-07T19:00:00+05:30,07-09-2026 19:00:00,"Anand Vihar, Delhi - DPCC",161,Moderately Polluted,PM10,100,1
2026-09-07T19:00:00+05:30,07-09-2026 19:00:00,"Pusa, Delhi - DPCC",130,Moderately Polluted,PM10,100,1
2026-09-07T19:00:00+05:30,07-09-2026 19:00:00,"Dwarka-Sector 8, Delhi - DPCC",129,Moderately Polluted,PM10,100,1
2026-09-07T19:00:00+05:30,07-09-2026 19:00:00,"Wazirpur, Delhi - DPCC",129,Moderately Polluted,PM10,100,1
2026-09-07T19:00:00+05:30,07-09-2026 19:00:00,"North Campus, DU, Delhi - IITM",127,Moderately Polluted,OZONE,100,1
2026-09-07T19:00:00+05:30,07-09-2026 19:00:00,"Mundka, Delhi - DPCC",123,Moderately Polluted,PM10,100,1
2026-09-07T19:00:00+05:30,07-09-2026 19:00:00,"Pusa, Delhi - IITM",120,Moderately Polluted,OZONE,100,1
2026-09-07T19:00:00+05:30,07-09-2026 19:00:00,"IMD Lodhi Road, Delhi - IITM",119,Moderately Polluted,OZONE,100,1
2026-09-07T19:00:00+05:30,07-09-2026 19:00:00,"Rohini, Delhi - DPCC",117,Moderately Polluted,PM2.5,100,1
2026-09-07T19:00:00+05:30,07-09-2026 19:00:00,"IGI Airport (T3), Delhi - IITM",116,Moderately Polluted,OZONE,100,1
2026-09-07T19:00:00+05:30,07-09-2026 19:00:00,"Sonia Vihar, Delhi - DPCC",115,Moderately Polluted,PM2.5,100,1
2026-09-07T19:00:00+05:30,07-09-2026 19:00:00,"Punjabi Bagh, Delhi - DPCC",113,Moderately Polluted,PM10,100,1
2026-09-07T19:00:00+05:30,07-09-2026 19:00:00,"Vivek Vihar, Delhi - DPCC",112,Moderately Polluted,PM10,100,1
2026-09-07T19:00:00+05:30,07-09-2026 19:00:00,"IIT Delhi, Delhi - IITM",112,Moderately Polluted,PM10,100,1
2026-09-07T19:00:00+05:30,07-09-2026 19:00:00,"Chandni Chowk, Delhi - IITM",111,Moderately Polluted,PM10,100,1
2026-09-07T19:00:00+05:30,07-09-2026 19:00:00,"Nehru Nagar, Delhi - DPCC",110,Moderately Polluted,PM10,100,1
2026-09-07T19:00:00+05:30,07-09-2026 19:00:00,"NSIT Dwarka, Delhi - CPCB",109,Moderately Polluted,OZONE,100,1
2026-09-07T19:00:00+05:30,07-09-2026 19:00:00,"Ashok Vihar, Delhi - DPCC",109,Moderately Polluted,PM10,100,1
2026-09-07T19:00:00+05:30,07-09-2026 19:00:00,"Bawana, Delhi - DPCC",104,Moderately Polluted,PM2.5,100,1
2026-09-07T19:00:00+05:30,07-09-2026 19:00:00,"R K Puram, Delhi - DPCC",100,Satisfactory,PM10,100,0
2026-09-07T19:00:00+05:30,07-09-2026 19:00:00,"CRRI Mathura Road, Delhi - IITM",98,Satisfactory,PM10,100,0
2026-09-07T19:00:00+05:30,07-09-2026 19:00:00,"Okhla Phase-2, Delhi - DPCC",98,Satisfactory,PM10,100,0
2026-09-07T19:00:00+05:30,07-09-2026 19:00:00,"Patparganj, Delhi - DPCC",98,Satisfactory,PM10,100,0
2026-09-07T19:00:00+05:30,07-09-2026 19:00:00,"Commonwealth Sports Complex, Delhi - DPCC",94,Satisfactory,OZONE,100,0
2026-09-07T19:00:00+05:30,07-09-2026 19:00:00,"Jahangirpuri, Delhi - DPCC",93,Satisfactory,PM10,100,0
2026-09-07T19:00:00+05:30,07-09-2026 19:00:00,"Burari Crossing, Delhi - IITM",92,Satisfactory,PM10,100,0
2026-09-07T19:00:00+05:30,07-09-2026 19:00:00,"Mandir Marg, Delhi - DPCC",92,Satisfactory,PM10,100,0
2026-09-07T19:00:00+05:30,07-09-2026 19:00:00,"Sirifort, Delhi - CPCB",85,Satisfactory,PM10,100,0
2026-09-07T19:00:00+05:30,07-09-2026 19:00:00,"ITO, Delhi - CPCB",80,Satisfactory,PM10,100,0
2026-09-07T19:00:00+05:30,07-09-2026 19:00:00,"Narela, Delhi - DPCC",77,Satisfactory,PM10,100,0
2026-09-07T19:00:00+05:30,07-09-2026 19:00:00,"Dr. Karni Singh Shooting Range, Delhi - DPCC",77,Satisfactory,PM10,100,0
2026-09-07T19:00:00+05:30,07-09-2026 19:00:00,"Major Dhyan Chand National Stadium, Delhi - DPCC",74,Satisfactory,PM10,100,0
2026-09-07T19:00:00+05:30,07-09-2026 19:00:00,"Sri Aurobindo Marg, Delhi - DPCC",74,Satisfactory,PM10,100,0
2026-09-07T19:00:00+05:30,07-09-2026 19:00:00,"IHBAS, Dilshad Garden, Delhi - CPCB",72,Satisfactory,PM10,100,0
2026-09-07T19:00:00+05:30,07-09-2026 19:00:00,"Talkatora Garden, Delhi - DPCC",70,Satisfactory,PM10,100,0
2026-09-07T19:00:00+05:30,07-09-2026 19:00:00,"DTU, Delhi - CPCB",68,Satisfactory,PM2.5,100,0
2026-09-07T19:00:00+05:30,07-09-2026 19:00:00,"Aya Nagar, Delhi - IITM",65,Satisfactory,PM10,100,0
2026-09-07T19:00:00+05:30,07-09-2026 19:00:00,"IGNOU_Maidan Garhi, Delhi - DPCC",65,Satisfactory,PM10,100,0
2026-09-07T19:00:00+05:30,07-09-2026 19:00:00,"Cantonment Area, Delhi - DPCC",63,Satisfactory,CO,100,0
2026-09-07T19:00:00+05:30,07-09-2026 19:00:00,"NSUT Jaffarpur, Delhi - DPCC",59,Satisfactory,PM10,100,0
2026-09-07T19:00:00+05:30,07-09-2026 19:00:00,"Shadipur, Delhi - CPCB",58,Satisfactory,CO,100,0
2026-09-07T19:00:00+05:30,07-09-2026 19:00:00,"JNU, Delhi - DPCC",57,Satisfactory,PM10,100,0
2026-09-07T19:00:00+05:30,07-09-2026 19:00:00,"Jawaharlal Nehru Stadium, Delhi - DPCC",54,Satisfactory,PM2.5,100,0
2026-09-07T19:00:00+05:30,07-09-2026 19:00:00,"Najafgarh, Delhi - DPCC",39,Good,PM10,100,0
2026-09-07T20:00:00+05:30,07-09-2026 20:00:00,"Anand Vihar, Delhi - DPCC",164,Moderately Polluted,PM10,100,1
2026-09-07T20:00:00+05:30,07-09-2026 20:00:00,"Dwarka-Sector 8, Delhi - DPCC",144,Moderately Polluted,PM10,100,1
2026-09-07T20:00:00+05:30,07-09-2026 20:00:00,"Pusa, Delhi - DPCC",131,Moderately Polluted,PM10,100,1
2026-09-07T20:00:00+05:30,07-09-2026 20:00:00,"Wazirpur, Delhi - DPCC",130,Moderately Polluted,PM10,100,1
2026-09-07T20:00:00+05:30,07-09-2026 20:00:00,"Mundka, Delhi - DPCC",125,Moderately Polluted,PM10,100,1
2026-09-07T20:00:00+05:30,07-09-2026 20:00:00,"North Campus, DU, Delhi - IITM",123,Moderately Polluted,NO2,100,1
2026-09-07T20:00:00+05:30,07-09-2026 20:00:00,"Rohini, Delhi - DPCC",120,Moderately Polluted,PM10,100,1
2026-09-07T20:00:00+05:30,07-09-2026 20:00:00,"Chandni Chowk, Delhi - IITM",119,Moderately Polluted,PM10,100,1
2026-09-07T20:00:00+05:30,07-09-2026 20:00:00,"Sonia Vihar, Delhi - DPCC",118,Moderately Polluted,PM2.5,100,1
2026-09-07T20:00:00+05:30,07-09-2026 20:00:00,"Punjabi Bagh, Delhi - DPCC",117,Moderately Polluted,PM10,100,1
2026-09-07T20:00:00+05:30,07-09-2026 20:00:00,"IIT Delhi, Delhi - IITM",117,Moderately Polluted,PM10,100,1
2026-09-07T20:00:00+05:30,07-09-2026 20:00:00,"Vivek Vihar, Delhi - DPCC",116,Moderately Polluted,PM10,100,1
2026-09-07T20:00:00+05:30,07-09-2026 20:00:00,"Nehru Nagar, Delhi - DPCC",113,Moderately Polluted,PM10,100,1
2026-09-07T20:00:00+05:30,07-09-2026 20:00:00,"Ashok Vihar, Delhi - DPCC",112,Moderately Polluted,PM10,100,1
2026-09-07T20:00:00+05:30,07-09-2026 20:00:00,"NSIT Dwarka, Delhi - CPCB",108,Moderately Polluted,OZONE,100,1
2026-09-07T20:00:00+05:30,07-09-2026 20:00:00,"Bawana, Delhi - DPCC",106,Moderately Polluted,PM2.5,100,1
2026-09-07T20:00:00+05:30,07-09-2026 20:00:00,"Pusa, Delhi - IITM",106,Moderately Polluted,OZONE,100,1
2026-09-07T20:00:00+05:30,07-09-2026 20:00:00,"IGI Airport (T3), Delhi - IITM",104,Moderately Polluted,OZONE,100,1
2026-09-07T20:00:00+05:30,07-09-2026 20:00:00,"Okhla Phase-2, Delhi - DPCC",102,Moderately Polluted,PM10,100,1
2026-09-07T20:00:00+05:30,07-09-2026 20:00:00,"Patparganj, Delhi - DPCC",101,Moderately Polluted,PM10,100,1
2026-09-07T20:00:00+05:30,07-09-2026 20:00:00,"R K Puram, Delhi - DPCC",101,Moderately Polluted,PM10,100,1
2026-09-07T20:00:00+05:30,07-09-2026 20:00:00,"CRRI Mathura Road, Delhi - IITM",101,Moderately Polluted,PM10,100,1
2026-09-07T20:00:00+05:30,07-09-2026 20:00:00,"IMD Lodhi Road, Delhi - IITM",100,Satisfactory,OZONE,100,0
2026-09-07T20:00:00+05:30,07-09-2026 20:00:00,"Jahangirpuri, Delhi - DPCC",96,Satisfactory,PM10,100,0
2026-09-07T20:00:00+05:30,07-09-2026 20:00:00,"Mandir Marg, Delhi - DPCC",94,Satisfactory,PM10,100,0
2026-09-07T20:00:00+05:30,07-09-2026 20:00:00,"Burari Crossing, Delhi - IITM",93,Satisfactory,PM10,100,0
2026-09-07T20:00:00+05:30,07-09-2026 20:00:00,"Sirifort, Delhi - CPCB",88,Satisfactory,PM10,100,0
2026-09-07T20:00:00+05:30,07-09-2026 20:00:00,"Commonwealth Sports Complex, Delhi - DPCC",87,Satisfactory,PM10,100,0
2026-09-07T20:00:00+05:30,07-09-2026 20:00:00,"ITO, Delhi - CPCB",83,Satisfactory,PM10,100,0
2026-09-07T20:00:00+05:30,07-09-2026 20:00:00,"Narela, Delhi - DPCC",83,Satisfactory,PM10,100,0
2026-09-07T20:00:00+05:30,07-09-2026 20:00:00,"Dr. Karni Singh Shooting Range, Delhi - DPCC",80,Satisfactory,PM10,100,0
2026-09-07T20:00:00+05:30,07-09-2026 20:00:00,"Major Dhyan Chand National Stadium, Delhi - DPCC",77,Satisfactory,PM10,100,0
2026-09-07T20:00:00+05:30,07-09-2026 20:00:00,"Sri Aurobindo Marg, Delhi - DPCC",76,Satisfactory,PM10,100,0
2026-09-07T20:00:00+05:30,07-09-2026 20:00:00,"IHBAS, Dilshad Garden, Delhi - CPCB",74,Satisfactory,PM10,100,0
2026-09-07T20:00:00+05:30,07-09-2026 20:00:00,"Talkatora Garden, Delhi - DPCC",73,Satisfactory,PM10,100,0
2026-09-07T20:00:00+05:30,07-09-2026 20:00:00,"DTU, Delhi - CPCB",70,Satisfactory,PM2.5,100,0
2026-09-07T20:00:00+05:30,07-09-2026 20:00:00,"IGNOU_Maidan Garhi, Delhi - DPCC",68,Satisfactory,PM10,100,0
2026-09-07T20:00:00+05:30,07-09-2026 20:00:00,"Aya Nagar, Delhi - IITM",67,Satisfactory,PM10,100,0
2026-09-07T20:00:00+05:30,07-09-2026 20:00:00,"Shadipur, Delhi - CPCB",65,Satisfactory,CO,100,0
2026-09-07T20:00:00+05:30,07-09-2026 20:00:00,"NSUT Jaffarpur, Delhi - DPCC",62,Satisfactory,PM10,100,0
2026-09-07T20:00:00+05:30,07-09-2026 20:00:00,"Cantonment Area, Delhi - DPCC",60,Satisfactory,CO,100,0
2026-09-07T20:00:00+05:30,07-09-2026 20:00:00,"JNU, Delhi - DPCC",60,Satisfactory,CO,100,0
2026-09-07T20:00:00+05:30,07-09-2026 20:00:00,"Jawaharlal Nehru Stadium, Delhi - DPCC",56,Satisfactory,PM2.5,100,0
2026-09-07T20:00:00+05:30,07-09-2026 20:00:00,"Najafgarh, Delhi - DPCC",42,Good,PM10,100,0
2026-09-07T21:00:00+05:30,07-09-2026 21:00:00,"Anand Vihar, Delhi - DPCC",164,Moderately Polluted,PM10,100,1
2026-09-07T21:00:00+05:30,07-09-2026 21:00:00,"Dwarka-Sector 8, Delhi - DPCC",163,Moderately Polluted,PM10,100,1
2026-09-07T21:00:00+05:30,07-09-2026 21:00:00,"Wazirpur, Delhi - DPCC",134,Moderately Polluted,PM10,100,1
2026-09-07T21:00:00+05:30,07-09-2026 21:00:00,"Pusa, Delhi - DPCC",132,Moderately Polluted,PM10,100,1
2026-09-07T21:00:00+05:30,07-09-2026 21:00:00,"Chandni Chowk, Delhi - IITM",128,Moderately Polluted,PM10,100,1
2026-09-07T21:00:00+05:30,07-09-2026 21:00:00,"Mundka, Delhi - DPCC",127,Moderately Polluted,PM10,100,1
2026-09-07T21:00:00+05:30,07-09-2026 21:00:00,"Rohini, Delhi - DPCC",126,Moderately Polluted,PM2.5,100,1
2026-09-07T21:00:00+05:30,07-09-2026 21:00:00,"North Campus, DU, Delhi - IITM",123,Moderately Polluted,NO2,100,1
2026-09-07T21:00:00+05:30,07-09-2026 21:00:00,"Sonia Vihar, Delhi - DPCC",121,Moderately Polluted,PM2.5,100,1
2026-09-07T21:00:00+05:30,07-09-2026 21:00:00,"Vivek Vihar, Delhi - DPCC",120,Moderately Polluted,PM10,100,1
2026-09-07T21:00:00+05:30,07-09-2026 21:00:00,"Punjabi Bagh, Delhi - DPCC",119,Moderately Polluted,PM10,100,1
2026-09-07T21:00:00+05:30,07-09-2026 21:00:00,"IIT Delhi, Delhi - IITM",119,Moderately Polluted,PM10,100,1
2026-09-07T21:00:00+05:30,07-09-2026 21:00:00,"Ashok Vihar, Delhi - DPCC",116,Moderately Polluted,PM10,100,1
2026-09-07T21:00:00+05:30,07-09-2026 21:00:00,"Nehru Nagar, Delhi - DPCC",114,Moderately Polluted,PM10,100,1
2026-09-07T21:00:00+05:30,07-09-2026 21:00:00,"Bawana, Delhi - DPCC",112,Moderately Polluted,PM2.5,100,1
2026-09-07T21:00:00+05:30,07-09-2026 21:00:00,"Patparganj, Delhi - DPCC",106,Moderately Polluted,PM10,100,1
2026-09-07T21:00:00+05:30,07-09-2026 21:00:00,"Okhla Phase-2, Delhi - DPCC",106,Moderately Polluted,PM10,100,1
2026-09-07T21:00:00+05:30,07-09-2026 21:00:00,"R K Puram, Delhi - DPCC",105,Moderately Polluted,PM10,100,1
2026-09-07T21:00:00+05:30,07-09-2026 21:00:00,"CRRI Mathura Road, Delhi - IITM",105,Moderately Polluted,PM10,100,1
2026-09-07T21:00:00+05:30,07-09-2026 21:00:00,"Jahangirpuri, Delhi - DPCC",99,Satisfactory,PM10,100,0
2026-09-07T21:00:00+05:30,07-09-2026 21:00:00,"NSIT Dwarka, Delhi - CPCB",99,Satisfactory,CO,100,0
2026-09-07T21:00:00+05:30,07-09-2026 21:00:00,"IGI Airport (T3), Delhi - IITM",98,Satisfactory,PM10,100,0
2026-09-07T21:00:00+05:30,07-09-2026 21:00:00,"Mandir Marg, Delhi - DPCC",97,Satisfactory,PM10,100,0
2026-09-07T21:00:00+05:30,07-09-2026 21:00:00,"Burari Crossing, Delhi - IITM",95,Satisfactory,PM10,100,0
2026-09-07T21:00:00+05:30,07-09-2026 21:00:00,"Sirifort, Delhi - CPCB",92,Satisfactory,PM10,100,0
2026-09-07T21:00:00+05:30,07-09-2026 21:00:00,"Commonwealth Sports Complex, Delhi - DPCC",90,Satisfactory,PM10,100,0
2026-09-07T21:00:00+05:30,07-09-2026 21:00:00,"Narela, Delhi - DPCC",88,Satisfactory,PM10,100,0
2026-09-07T21:00:00+05:30,07-09-2026 21:00:00,"ITO, Delhi - CPCB",87,Satisfactory,PM10,100,0
2026-09-07T21:00:00+05:30,07-09-2026 21:00:00,"IMD Lodhi Road, Delhi - IITM",86,Satisfactory,PM10,100,0
2026-09-07T21:00:00+05:30,07-09-2026 21:00:00,"Pusa, Delhi - IITM",86,Satisfactory,OZONE,100,0
2026-09-07T21:00:00+05:30,07-09-2026 21:00:00,"Dr. Karni Singh Shooting Range, Delhi - DPCC",85,Satisfactory,PM10,100,0
2026-09-07T21:00:00+05:30,07-09-2026 21:00:00,"Major Dhyan Chand National Stadium, Delhi - DPCC",80,Satisfactory,PM10,100,0
2026-09-07T21:00:00+05:30,07-09-2026 21:00:00,"Sri Aurobindo Marg, Delhi - DPCC",78,Satisfactory,PM10,100,0
2026-09-07T21:00:00+05:30,07-09-2026 21:00:00,"Talkatora Garden, Delhi - DPCC",76,Satisfactory,PM10,100,0
2026-09-07T21:00:00+05:30,07-09-2026 21:00:00,"Shadipur, Delhi - CPCB",76,Satisfactory,CO,100,0
2026-09-07T21:00:00+05:30,07-09-2026 21:00:00,"IHBAS, Dilshad Garden, Delhi - CPCB",75,Satisfactory,PM10,100,0
2026-09-07T21:00:00+05:30,07-09-2026 21:00:00,"DTU, Delhi - CPCB",72,Satisfactory,PM10,100,0
2026-09-07T21:00:00+05:30,07-09-2026 21:00:00,"IGNOU_Maidan Garhi, Delhi - DPCC",71,Satisfactory,PM10,100,0
2026-09-07T21:00:00+05:30,07-09-2026 21:00:00,"Aya Nagar, Delhi - IITM",69,Satisfactory,PM10,100,0
2026-09-07T21:00:00+05:30,07-09-2026 21:00:00,"JNU, Delhi - DPCC",65,Satisfactory,CO,100,0
2026-09-07T21:00:00+05:30,07-09-2026 21:00:00,"NSUT Jaffarpur, Delhi - DPCC",64,Satisfactory,PM10,100,0
2026-09-07T21:00:00+05:30,07-09-2026 21:00:00,"Cantonment Area, Delhi - DPCC",62,Satisfactory,CO,100,0
2026-09-07T21:00:00+05:30,07-09-2026 21:00:00,"Jawaharlal Nehru Stadium, Delhi - DPCC",59,Satisfactory,PM2.5,100,0
2026-09-07T21:00:00+05:30,07-09-2026 21:00:00,"Najafgarh, Delhi - DPCC",45,Good,PM10,100,0
2026-09-07T22:00:00+05:30,07-09-2026 22:00:00,"Dwarka-Sector 8, Delhi - DPCC",178,Moderately Polluted,PM10,100,1
2026-09-07T22:00:00+05:30,07-09-2026 22:00:00,"Anand Vihar, Delhi - DPCC",165,Moderately Polluted,PM10,100,1
2026-09-07T22:00:00+05:30,07-09-2026 22:00:00,"Wazirpur, Delhi - DPCC",150,Moderately Polluted,PM10,100,1
2026-09-07T22:00:00+05:30,07-09-2026 22:00:00,"Chandni Chowk, Delhi - IITM",138,Moderately Polluted,PM10,100,1
2026-09-07T22:00:00+05:30,07-09-2026 22:00:00,"Rohini, Delhi - DPCC",136,Moderately Polluted,PM2.5,100,1
2026-09-07T22:00:00+05:30,07-09-2026 22:00:00,"Mundka, Delhi - DPCC",132,Moderately Polluted,PM10,100,1
2026-09-07T22:00:00+05:30,07-09-2026 22:00:00,"Pusa, Delhi - DPCC",131,Moderately Polluted,PM10,100,1
2026-09-07T22:00:00+05:30,07-09-2026 22:00:00,"Sonia Vihar, Delhi - DPCC",126,Moderately Polluted,PM2.5,100,1
2026-09-07T22:00:00+05:30,07-09-2026 22:00:00,"Vivek Vihar, Delhi - DPCC",125,Moderately Polluted,PM10,100,1
2026-09-07T22:00:00+05:30,07-09-2026 22:00:00,"North Campus, DU, Delhi - IITM",124,Moderately Polluted,NO2,100,1
2026-09-07T22:00:00+05:30,07-09-2026 22:00:00,"Punjabi Bagh, Delhi - DPCC",123,Moderately Polluted,PM10,100,1
2026-09-07T22:00:00+05:30,07-09-2026 22:00:00,"Bawana, Delhi - DPCC",122,Moderately Polluted,PM2.5,100,1
2026-09-07T22:00:00+05:30,07-09-2026 22:00:00,"IIT Delhi, Delhi - IITM",122,Moderately Polluted,PM10,100,1
2026-09-07T22:00:00+05:30,07-09-2026 22:00:00,"Ashok Vihar, Delhi - DPCC",120,Moderately Polluted,PM10,100,1
2026-09-07T22:00:00+05:30,07-09-2026 22:00:00,"Nehru Nagar, Delhi - DPCC",117,Moderately Polluted,PM10,100,1
2026-09-07T22:00:00+05:30,07-09-2026 22:00:00,"CRRI Mathura Road, Delhi - IITM",111,Moderately Polluted,PM10,100,1
2026-09-07T22:00:00+05:30,07-09-2026 22:00:00,"R K Puram, Delhi - DPCC",111,Moderately Polluted,PM2.5,100,1
2026-09-07T22:00:00+05:30,07-09-2026 22:00:00,"Okhla Phase-2, Delhi - DPCC",111,Moderately Polluted,PM10,100,1
2026-09-07T22:00:00+05:30,07-09-2026 22:00:00,"Patparganj, Delhi - DPCC",110,Moderately Polluted,PM10,100,1
2026-09-07T22:00:00+05:30,07-09-2026 22:00:00,"Jahangirpuri, Delhi - DPCC",105,Moderately Polluted,PM10,100,1
2026-09-07T22:00:00+05:30,07-09-2026 22:00:00,"IGI Airport (T3), Delhi - IITM",100,Satisfactory,PM10,100,0
2026-09-07T22:00:00+05:30,07-09-2026 22:00:00,"Burari Crossing, Delhi - IITM",99,Satisfactory,PM10,100,0
2026-09-07T22:00:00+05:30,07-09-2026 22:00:00,"Mandir Marg, Delhi - DPCC",99,Satisfactory,PM10,100,0
2026-09-07T22:00:00+05:30,07-09-2026 22:00:00,"Sirifort, Delhi - CPCB",96,Satisfactory,PM10,100,0
2026-09-07T22:00:00+05:30,07-09-2026 22:00:00,"NSIT Dwarka, Delhi - CPCB",95,Satisfactory,CO,100,0
2026-09-07T22:00:00+05:30,07-09-2026 22:00:00,"Commonwealth Sports Complex, Delhi - DPCC",93,Satisfactory,PM10,100,0
2026-09-07T22:00:00+05:30,07-09-2026 22:00:00,"Narela, Delhi - DPCC",92,Satisfactory,PM10,100,0
2026-09-07T22:00:00+05:30,07-09-2026 22:00:00,"ITO, Delhi - CPCB",91,Satisfactory,PM10,100,0
2026-09-07T22:00:00+05:30,07-09-2026 22:00:00,"IMD Lodhi Road, Delhi - IITM",89,Satisfactory,PM10,100,0
2026-09-07T22:00:00+05:30,07-09-2026 22:00:00,"Dr. Karni Singh Shooting Range, Delhi - DPCC",89,Satisfactory,PM10,100,0
2026-09-07T22:00:00+05:30,07-09-2026 22:00:00,"Shadipur, Delhi - CPCB",84,Satisfactory,CO,100,0
2026-09-07T22:00:00+05:30,07-09-2026 22:00:00,"Major Dhyan Chand National Stadium, Delhi - DPCC",83,Satisfactory,PM10,100,0
2026-09-07T22:00:00+05:30,07-09-2026 22:00:00,"Sri Aurobindo Marg, Delhi - DPCC",80,Satisfactory,PM10,100,0
2026-09-07T22:00:00+05:30,07-09-2026 22:00:00,"Talkatora Garden, Delhi - DPCC",79,Satisfactory,PM10,100,0
2026-09-07T22:00:00+05:30,07-09-2026 22:00:00,"IHBAS, Dilshad Garden, Delhi - CPCB",77,Satisfactory,PM10,100,0
2026-09-07T22:00:00+05:30,07-09-2026 22:00:00,"DTU, Delhi - CPCB",75,Satisfactory,PM10,100,0
2026-09-07T22:00:00+05:30,07-09-2026 22:00:00,"IGNOU_Maidan Garhi, Delhi - DPCC",74,Satisfactory,PM10,100,0
2026-09-07T22:00:00+05:30,07-09-2026 22:00:00,"Aya Nagar, Delhi - IITM",71,Satisfactory,PM10,100,0
2026-09-07T22:00:00+05:30,07-09-2026 22:00:00,"JNU, Delhi - DPCC",71,Satisfactory,CO,100,0
2026-09-07T22:00:00+05:30,07-09-2026 22:00:00,"Pusa, Delhi - IITM",67,Satisfactory,OZONE,100,0
2026-09-07T22:00:00+05:30,07-09-2026 22:00:00,"NSUT Jaffarpur, Delhi - DPCC",66,Satisfactory,PM10,100,0
2026-09-07T22:00:00+05:30,07-09-2026 22:00:00,"Cantonment Area, Delhi - DPCC",64,Satisfactory,CO,100,0
2026-09-07T22:00:00+05:30,07-09-2026 22:00:00,"Jawaharlal Nehru Stadium, Delhi - DPCC",63,Satisfactory,PM2.5,100,0
2026-09-07T22:00:00+05:30,07-09-2026 22:00:00,"Najafgarh, Delhi - DPCC",48,Good,PM10,100,0
2026-09-08T04:00:00+05:30,08-09-2026 04:00:00,"Wazirpur, Delhi - DPCC",189,Moderately Polluted,PM10,100,1
2026-09-08T04:00:00+05:30,08-09-2026 04:00:00,"Dwarka-Sector 8, Delhi - DPCC",180,Moderately Polluted,PM10,100,1
2026-09-08T04:00:00+05:30,08-09-2026 04:00:00,"Bawana, Delhi - DPCC",162,Moderately Polluted,PM2.5,100,1
2026-09-08T04:00:00+05:30,08-09-2026 04:00:00,"Anand Vihar, Delhi - DPCC",159,Moderately Polluted,PM2.5,100,1
2026-09-08T04:00:00+05:30,08-09-2026 04:00:00,"Pusa, Delhi - DPCC",148,Moderately Polluted,PM10,100,1
2026-09-08T04:00:00+05:30,08-09-2026 04:00:00,"Rohini, Delhi - DPCC",148,Moderately Polluted,PM2.5,100,1
2026-09-08T04:00:00+05:30,08-09-2026 04:00:00,"Chandni Chowk, Delhi - IITM",144,Moderately Polluted,PM10,100,1
2026-09-08T04:00:00+05:30,08-09-2026 04:00:00,"Mundka, Delhi - DPCC",137,Moderately Polluted,PM10,100,1
2026-09-08T04:00:00+05:30,08-09-2026 04:00:00,"Sonia Vihar, Delhi - DPCC",132,Moderately Polluted,PM2.5,100,1
2026-09-08T04:00:00+05:30,08-09-2026 04:00:00,"IIT Delhi, Delhi - IITM",132,Moderately Polluted,PM10,100,1
2026-09-08T04:00:00+05:30,08-09-2026 04:00:00,"North Campus, DU, Delhi - IITM",132,Moderately Polluted,NO2,100,1
2026-09-08T04:00:00+05:30,08-09-2026 04:00:00,"Vivek Vihar, Delhi - DPCC",132,Moderately Polluted,PM10,100,1
2026-09-08T04:00:00+05:30,08-09-2026 04:00:00,"Jahangirpuri, Delhi - DPCC",131,Moderately Polluted,PM10,100,1
2026-09-08T04:00:00+05:30,08-09-2026 04:00:00,"Ashok Vihar, Delhi - DPCC",131,Moderately Polluted,PM10,100,1
2026-09-08T04:00:00+05:30,08-09-2026 04:00:00,"Punjabi Bagh, Delhi - DPCC",128,Moderately Polluted,PM10,100,1
2026-09-08T04:00:00+05:30,08-09-2026 04:00:00,"Nehru Nagar, Delhi - DPCC",121,Moderately Polluted,PM10,100,1
2026-09-08T04:00:00+05:30,08-09-2026 04:00:00,"Okhla Phase-2, Delhi - DPCC",121,Moderately Polluted,PM10,100,1
2026-09-08T04:00:00+05:30,08-09-2026 04:00:00,"CRRI Mathura Road, Delhi - IITM",118,Moderately Polluted,PM10,100,1
2026-09-08T04:00:00+05:30,08-09-2026 04:00:00,"R K Puram, Delhi - DPCC",115,Moderately Polluted,PM2.5,100,1
2026-09-08T04:00:00+05:30,08-09-2026 04:00:00,"Patparganj, Delhi - DPCC",114,Moderately Polluted,PM10,100,1
2026-09-08T04:00:00+05:30,08-09-2026 04:00:00,"Burari Crossing, Delhi - IITM",110,Moderately Polluted,PM10,100,1
2026-09-08T04:00:00+05:30,08-09-2026 04:00:00,"Narela, Delhi - DPCC",105,Moderately Polluted,PM10,100,1
2026-09-08T04:00:00+05:30,08-09-2026 04:00:00,"Dr. Karni Singh Shooting Range, Delhi - DPCC",104,Moderately Polluted,PM10,100,1
2026-09-08T04:00:00+05:30,08-09-2026 04:00:00,"Sirifort, Delhi - CPCB",104,Moderately Polluted,PM10,100,1
2026-09-08T04:00:00+05:30,08-09-2026 04:00:00,"Commonwealth Sports Complex, Delhi - DPCC",99,Satisfactory,PM10,100,0
2026-09-08T04:00:00+05:30,08-09-2026 04:00:00,"Mandir Marg, Delhi - DPCC",99,Satisfactory,PM10,100,0
2026-09-08T04:00:00+05:30,08-09-2026 04:00:00,"IGI Airport (T3), Delhi - IITM",99,Satisfactory,PM10,100,0
2026-09-08T04:00:00+05:30,08-09-2026 04:00:00,"IMD Lodhi Road, Delhi - IITM",97,Satisfactory,PM10,100,0
2026-09-08T04:00:00+05:30,08-09-2026 04:00:00,"ITO, Delhi - CPCB",94,Satisfactory,PM10,100,0
2026-09-08T04:00:00+05:30,08-09-2026 04:00:00,"DTU, Delhi - CPCB",91,Satisfactory,PM10,100,0
2026-09-08T04:00:00+05:30,08-09-2026 04:00:00,"Major Dhyan Chand National Stadium, Delhi - DPCC",88,Satisfactory,PM10,100,0
2026-09-08T04:00:00+05:30,08-09-2026 04:00:00,"IGNOU_Maidan Garhi, Delhi - DPCC",88,Satisfactory,PM10,100,0
2026-09-08T04:00:00+05:30,08-09-2026 04:00:00,"Sri Aurobindo Marg, Delhi - DPCC",88,Satisfactory,PM10,100,0
2026-09-08T04:00:00+05:30,08-09-2026 04:00:00,"Shadipur, Delhi - CPCB",86,Satisfactory,PM10,100,0
2026-09-08T04:00:00+05:30,08-09-2026 04:00:00,"Talkatora Garden, Delhi - DPCC",84,Satisfactory,PM10,100,0
2026-09-08T04:00:00+05:30,08-09-2026 04:00:00,"IHBAS, Dilshad Garden, Delhi - CPCB",83,Satisfactory,PM10,100,0
2026-09-08T04:00:00+05:30,08-09-2026 04:00:00,"JNU, Delhi - DPCC",80,Satisfactory,PM10,100,0
2026-09-08T04:00:00+05:30,08-09-2026 04:00:00,"Cantonment Area, Delhi - DPCC",79,Satisfactory,CO,100,0
2026-09-08T04:00:00+05:30,08-09-2026 04:00:00,"Aya Nagar, Delhi - IITM",76,Satisfactory,PM10,100,0
2026-09-08T04:00:00+05:30,08-09-2026 04:00:00,"Jawaharlal Nehru Stadium, Delhi - DPCC",68,Satisfactory,PM2.5,100,0
2026-09-08T04:00:00+05:30,08-09-2026 04:00:00,"NSUT Jaffarpur, Delhi - DPCC",68,Satisfactory,PM10,100,0
2026-09-08T04:00:00+05:30,08-09-2026 04:00:00,"NSIT Dwarka, Delhi - CPCB",63,Satisfactory,PM10,100,0
2026-09-08T04:00:00+05:30,08-09-2026 04:00:00,"Najafgarh, Delhi - DPCC",51,Satisfactory,PM10,100,0
2026-09-08T04:00:00+05:30,08-09-2026 04:00:00,"Pusa, Delhi - IITM",49,Good,CO,100,0
2026-09-08T05:00:00+05:30,08-09-2026 05:00:00,"Wazirpur, Delhi - DPCC",188,Moderately Polluted,PM10,100,1
2026-09-08T05:00:00+05:30,08-09-2026 05:00:00,"Dwarka-Sector 8, Delhi - DPCC",180,Moderately Polluted,PM10,100,1
2026-09-08T05:00:00+05:30,08-09-2026 05:00:00,"Bawana, Delhi - DPCC",170,Moderately Polluted,PM2.5,100,1
2026-09-08T05:00:00+05:30,08-09-2026 05:00:00,"Anand Vihar, Delhi - DPCC",157,Moderately Polluted,PM2.5,100,1
2026-09-08T05:00:00+05:30,08-09-2026 05:00:00,"Pusa, Delhi - DPCC",148,Moderately Polluted,PM10,100,1
2026-09-08T05:00:00+05:30,08-09-2026 05:00:00,"Rohini, Delhi - DPCC",146,Moderately Polluted,PM2.5,100,1
2026-09-08T05:00:00+05:30,08-09-2026 05:00:00,"Chandni Chowk, Delhi - IITM",142,Moderately Polluted,PM10,100,1
2026-09-08T05:00:00+05:30,08-09-2026 05:00:00,"Mundka, Delhi - DPCC",136,Moderately Polluted,PM10,100,1
2026-09-08T05:00:00+05:30,08-09-2026 05:00:00,"IIT Delhi, Delhi - IITM",133,Moderately Polluted,PM10,100,1
2026-09-08T05:00:00+05:30,08-09-2026 05:00:00,"North Campus, DU, Delhi - IITM",132,Moderately Polluted,NO2,100,1
2026-09-08T05:00:00+05:30,08-09-2026 05:00:00,"Jahangirpuri, Delhi - DPCC",130,Moderately Polluted,PM10,100,1
2026-09-08T05:00:00+05:30,08-09-2026 05:00:00,"Vivek Vihar, Delhi - DPCC",130,Moderately Polluted,PM10,100,1
2026-09-08T05:00:00+05:30,08-09-2026 05:00:00,"Ashok Vihar, Delhi - DPCC",129,Moderately Polluted,PM10,100,1
2026-09-08T05:00:00+05:30,08-09-2026 05:00:00,"Punjabi Bagh, Delhi - DPCC",127,Moderately Polluted,PM10,100,1
2026-09-08T05:00:00+05:30,08-09-2026 05:00:00,"Sonia Vihar, Delhi - DPCC",122,Moderately Polluted,PM2.5,100,1
2026-09-08T05:00:00+05:30,08-09-2026 05:00:00,"Okhla Phase-2, Delhi - DPCC",119,Moderately Polluted,PM10,100,1
2026-09-08T05:00:00+05:30,08-09-2026 05:00:00,"Nehru Nagar, Delhi - DPCC",119,Moderately Polluted,PM10,100,1
2026-09-08T05:00:00+05:30,08-09-2026 05:00:00,"R K Puram, Delhi - DPCC",118,Moderately Polluted,PM2.5,100,1
2026-09-08T05:00:00+05:30,08-09-2026 05:00:00,"CRRI Mathura Road, Delhi - IITM",116,Moderately Polluted,PM10,100,1
2026-09-08T05:00:00+05:30,08-09-2026 05:00:00,"Patparganj, Delhi - DPCC",112,Moderately Polluted,PM10,100,1
2026-09-08T05:00:00+05:30,08-09-2026 05:00:00,"Burari Crossing, Delhi - IITM",109,Moderately Polluted,PM10,100,1
2026-09-08T05:00:00+05:30,08-09-2026 05:00:00,"Jawaharlal Nehru Stadium, Delhi - DPCC",106,Moderately Polluted,PM10,100,1
2026-09-08T05:00:00+05:30,08-09-2026 05:00:00,"Narela, Delhi - DPCC",104,Moderately Polluted,PM10,100,1
2026-09-08T05:00:00+05:30,08-09-2026 05:00:00,"Sirifort, Delhi - CPCB",104,Moderately Polluted,PM10,100,1
2026-09-08T05:00:00+05:30,08-09-2026 05:00:00,"Dr. Karni Singh Shooting Range, Delhi - DPCC",104,Moderately Polluted,PM10,100,1
2026-09-08T05:00:00+05:30,08-09-2026 05:00:00,"Mandir Marg, Delhi - DPCC",98,Satisfactory,PM10,100,0
2026-09-08T05:00:00+05:30,08-09-2026 05:00:00,"IGI Airport (T3), Delhi - IITM",98,Satisfactory,PM10,100,0
2026-09-08T05:00:00+05:30,08-09-2026 05:00:00,"Commonwealth Sports Complex, Delhi - DPCC",98,Satisfactory,PM10,100,0
2026-09-08T05:00:00+05:30,08-09-2026 05:00:00,"IMD Lodhi Road, Delhi - IITM",96,Satisfactory,PM10,100,0
2026-09-08T05:00:00+05:30,08-09-2026 05:00:00,"ITO, Delhi - CPCB",94,Satisfactory,PM10,100,0
2026-09-08T05:00:00+05:30,08-09-2026 05:00:00,"DTU, Delhi - CPCB",90,Satisfactory,PM10,100,0
2026-09-08T05:00:00+05:30,08-09-2026 05:00:00,"Sri Aurobindo Marg, Delhi - DPCC",89,Satisfactory,PM10,100,0
2026-09-08T05:00:00+05:30,08-09-2026 05:00:00,"IGNOU_Maidan Garhi, Delhi - DPCC",88,Satisfactory,PM10,100,0
2026-09-08T05:00:00+05:30,08-09-2026 05:00:00,"Major Dhyan Chand National Stadium, Delhi - DPCC",87,Satisfactory,PM10,100,0
2026-09-08T05:00:00+05:30,08-09-2026 05:00:00,"Shadipur, Delhi - CPCB",87,Satisfactory,PM10,100,0
2026-09-08T05:00:00+05:30,08-09-2026 05:00:00,"IHBAS, Dilshad Garden, Delhi - CPCB",83,Satisfactory,PM10,100,0
2026-09-08T05:00:00+05:30,08-09-2026 05:00:00,"Talkatora Garden, Delhi - DPCC",83,Satisfactory,PM10,100,0
2026-09-08T05:00:00+05:30,08-09-2026 05:00:00,"JNU, Delhi - DPCC",82,Satisfactory,PM10,100,0
2026-09-08T05:00:00+05:30,08-09-2026 05:00:00,"Cantonment Area, Delhi - DPCC",76,Satisfactory,CO,100,0
2026-09-08T05:00:00+05:30,08-09-2026 05:00:00,"Aya Nagar, Delhi - IITM",75,Satisfactory,PM10,100,0
2026-09-08T05:00:00+05:30,08-09-2026 05:00:00,"NSUT Jaffarpur, Delhi - DPCC",67,Satisfactory,PM10,100,0
2026-09-08T05:00:00+05:30,08-09-2026 05:00:00,"NSIT Dwarka, Delhi - CPCB",63,Satisfactory,PM10,100,0
2026-09-08T05:00:00+05:30,08-09-2026 05:00:00,"Pusa, Delhi - IITM",55,Satisfactory,NO2,100,0
2026-09-08T05:00:00+05:30,08-09-2026 05:00:00,"Najafgarh, Delhi - DPCC",50,Good,PM10,100,0
2026-09-08T09:00:00+05:30,08-09-2026 09:00:00,"Wazirpur, Delhi - DPCC",190,Moderately Polluted,PM10,100,1
2026-09-08T09:00:00+05:30,08-09-2026 09:00:00,"Dwarka-Sector 8, Delhi - DPCC",179,Moderately Polluted,PM10,100,1
2026-09-08T09:00:00+05:30,08-09-2026 09:00:00,"Bawana, Delhi - DPCC",173,Moderately Polluted,PM2.5,100,1
2026-09-08T09:00:00+05:30,08-09-2026 09:00:00,"Anand Vihar, Delhi - DPCC",145,Moderately Polluted,PM2.5,100,1
2026-09-08T09:00:00+05:30,08-09-2026 09:00:00,"Pusa, Delhi - DPCC",145,Moderately Polluted,PM10,100,1
2026-09-08T09:00:00+05:30,08-09-2026 09:00:00,"Rohini, Delhi - DPCC",145,Moderately Polluted,PM10,100,1
2026-09-08T09:00:00+05:30,08-09-2026 09:00:00,"IIT Delhi, Delhi - IITM",137,Moderately Polluted,PM10,100,1
2026-09-08T09:00:00+05:30,08-09-2026 09:00:00,"Mundka, Delhi - DPCC",133,Moderately Polluted,PM10,100,1
2026-09-08T09:00:00+05:30,08-09-2026 09:00:00,"Chandni Chowk, Delhi - IITM",131,Moderately Polluted,PM10,100,1
2026-09-08T09:00:00+05:30,08-09-2026 09:00:00,"Jahangirpuri, Delhi - DPCC",130,Moderately Polluted,PM10,100,1
2026-09-08T09:00:00+05:30,08-09-2026 09:00:00,"Ashok Vihar, Delhi - DPCC",128,Moderately Polluted,PM10,100,1
2026-09-08T09:00:00+05:30,08-09-2026 09:00:00,"North Campus, DU, Delhi - IITM",126,Moderately Polluted,NO2,100,1
2026-09-08T09:00:00+05:30,08-09-2026 09:00:00,"Vivek Vihar, Delhi - DPCC",124,Moderately Polluted,PM10,100,1
2026-09-08T09:00:00+05:30,08-09-2026 09:00:00,"R K Puram, Delhi - DPCC",119,Moderately Polluted,PM2.5,100,1
2026-09-08T09:00:00+05:30,08-09-2026 09:00:00,"Punjabi Bagh, Delhi - DPCC",119,Moderately Polluted,PM10,100,1
2026-09-08T09:00:00+05:30,08-09-2026 09:00:00,"CRRI Mathura Road, Delhi - IITM",117,Moderately Polluted,PM10,100,1
2026-09-08T09:00:00+05:30,08-09-2026 09:00:00,"Sonia Vihar, Delhi - DPCC",116,Moderately Polluted,PM10,100,1
2026-09-08T09:00:00+05:30,08-09-2026 09:00:00,"Okhla Phase-2, Delhi - DPCC",116,Moderately Polluted,PM10,100,1
2026-09-08T09:00:00+05:30,08-09-2026 09:00:00,"Nehru Nagar, Delhi - DPCC",116,Moderately Polluted,PM10,100,1
2026-09-08T09:00:00+05:30,08-09-2026 09:00:00,"Burari Crossing, Delhi - IITM",108,Moderately Polluted,PM10,100,1
2026-09-08T09:00:00+05:30,08-09-2026 09:00:00,"Patparganj, Delhi - DPCC",107,Moderately Polluted,PM10,100,1
2026-09-08T09:00:00+05:30,08-09-2026 09:00:00,"IGI Airport (T3), Delhi - IITM",107,Moderately Polluted,NO2,100,1
2026-09-08T09:00:00+05:30,08-09-2026 09:00:00,"Narela, Delhi - DPCC",107,Moderately Polluted,PM10,100,1
2026-09-08T09:00:00+05:30,08-09-2026 09:00:00,"Sirifort, Delhi - CPCB",104,Moderately Polluted,PM10,100,1
2026-09-08T09:00:00+05:30,08-09-2026 09:00:00,"Dr. Karni Singh Shooting Range, Delhi - DPCC",103,Moderately Polluted,PM10,100,1
2026-09-08T09:00:00+05:30,08-09-2026 09:00:00,"Jawaharlal Nehru Stadium, Delhi - DPCC",99,Satisfactory,PM10,100,0
2026-09-08T09:00:00+05:30,08-09-2026 09:00:00,"Mandir Marg, Delhi - DPCC",94,Satisfactory,PM10,100,0
2026-09-08T09:00:00+05:30,08-09-2026 09:00:00,"IMD Lodhi Road, Delhi - IITM",94,Satisfactory,PM10,100,0
2026-09-08T09:00:00+05:30,08-09-2026 09:00:00,"ITO, Delhi - CPCB",92,Satisfactory,PM10,100,0
2026-09-08T09:00:00+05:30,08-09-2026 09:00:00,"DTU, Delhi - CPCB",92,Satisfactory,PM10,100,0
2026-09-08T09:00:00+05:30,08-09-2026 09:00:00,"Commonwealth Sports Complex, Delhi - DPCC",91,Satisfactory,PM10,100,0
2026-09-08T09:00:00+05:30,08-09-2026 09:00:00,"Sri Aurobindo Marg, Delhi - DPCC",89,Satisfactory,PM10,100,0
2026-09-08T09:00:00+05:30,08-09-2026 09:00:00,"Shadipur, Delhi - CPCB",87,Satisfactory,PM10,100,0
2026-09-08T09:00:00+05:30,08-09-2026 09:00:00,"Pusa, Delhi - IITM",87,Satisfactory,PM10,100,0
2026-09-08T09:00:00+05:30,08-09-2026 09:00:00,"IGNOU_Maidan Garhi, Delhi - DPCC",87,Satisfactory,PM10,100,0
2026-09-08T09:00:00+05:30,08-09-2026 09:00:00,"JNU, Delhi - DPCC",83,Satisfactory,PM10,100,0
2026-09-08T09:00:00+05:30,08-09-2026 09:00:00,"Major Dhyan Chand National Stadium, Delhi - DPCC",82,Satisfactory,PM10,100,0
2026-09-08T09:00:00+05:30,08-09-2026 09:00:00,"Talkatora Garden, Delhi - DPCC",80,Satisfactory,PM10,100,0
2026-09-08T09:00:00+05:30,08-09-2026 09:00:00,"IHBAS, Dilshad Garden, Delhi - CPCB",75,Satisfactory,PM10,100,0
2026-09-08T09:00:00+05:30,08-09-2026 09:00:00,"Aya Nagar, Delhi - IITM",75,Satisfactory,PM10,100,0
2026-09-08T09:00:00+05:30,08-09-2026 09:00:00,"Cantonment Area, Delhi - DPCC",67,Satisfactory,CO,100,0
2026-09-08T09:00:00+05:30,08-09-2026 09:00:00,"NSUT Jaffarpur, Delhi - DPCC",65,Satisfactory,PM10,100,0
2026-09-08T09:00:00+05:30,08-09-2026 09:00:00,"NSIT Dwarka, Delhi - CPCB",61,Satisfactory,PM10,100,0
2026-09-08T09:00:00+05:30,08-09-2026 09:00:00,"Najafgarh, Delhi - DPCC",48,Good,PM10,100,0
2026-09-08T10:00:00+05:30,08-09-2026 10:00:00,"Wazirpur, Delhi - DPCC",190,Moderately Polluted,PM10,100,1
2026-09-08T10:00:00+05:30,08-09-2026 10:00:00,"Dwarka-Sector 8, Delhi - DPCC",180,Moderately Polluted,PM10,100,1
2026-09-08T10:00:00+05:30,08-09-2026 10:00:00,"Bawana, Delhi - DPCC",173,Moderately Polluted,PM2.5,100,1
2026-09-08T10:00:00+05:30,08-09-2026 10:00:00,"Pusa, Delhi - DPCC",147,Moderately Polluted,PM10,100,1
2026-09-08T10:00:00+05:30,08-09-2026 10:00:00,"Rohini, Delhi - DPCC",145,Moderately Polluted,PM10,100,1
2026-09-08T10:00:00+05:30,08-09-2026 10:00:00,"Anand Vihar, Delhi - DPCC",142,Moderately Polluted,PM2.5,100,1
2026-09-08T10:00:00+05:30,08-09-2026 10:00:00,"IIT Delhi, Delhi - IITM",138,Moderately Polluted,PM10,100,1
2026-09-08T10:00:00+05:30,08-09-2026 10:00:00,"Mundka, Delhi - DPCC",135,Moderately Polluted,PM10,100,1
2026-09-08T10:00:00+05:30,08-09-2026 10:00:00,"Jahangirpuri, Delhi - DPCC",131,Moderately Polluted,PM10,100,1
2026-09-08T10:00:00+05:30,08-09-2026 10:00:00,"Chandni Chowk, Delhi - IITM",128,Moderately Polluted,PM10,100,1
2026-09-08T10:00:00+05:30,08-09-2026 10:00:00,"Ashok Vihar, Delhi - DPCC",128,Moderately Polluted,PM10,100,1
2026-09-08T10:00:00+05:30,08-09-2026 10:00:00,"Vivek Vihar, Delhi - DPCC",124,Moderately Polluted,PM10,100,1
2026-09-08T10:00:00+05:30,08-09-2026 10:00:00,"North Campus, DU, Delhi - IITM",124,Moderately Polluted,NO2,100,1
2026-09-08T10:00:00+05:30,08-09-2026 10:00:00,"Punjabi Bagh, Delhi - DPCC",120,Moderately Polluted,PM10,100,1
2026-09-08T10:00:00+05:30,08-09-2026 10:00:00,"R K Puram, Delhi - DPCC",119,Moderately Polluted,PM2.5,100,1
2026-09-08T10:00:00+05:30,08-09-2026 10:00:00,"CRRI Mathura Road, Delhi - IITM",118,Moderately Polluted,PM10,100,1
2026-09-08T10:00:00+05:30,08-09-2026 10:00:00,"Sonia Vihar, Delhi - DPCC",117,Moderately Polluted,PM10,100,1
2026-09-08T10:00:00+05:30,08-09-2026 10:00:00,"Okhla Phase-2, Delhi - DPCC",116,Moderately Polluted,PM10,100,1
2026-09-08T10:00:00+05:30,08-09-2026 10:00:00,"Nehru Nagar, Delhi - DPCC",116,Moderately Polluted,PM10,100,1
2026-09-08T10:00:00+05:30,08-09-2026 10:00:00,"IGI Airport (T3), Delhi - IITM",109,Moderately Polluted,NO2,100,1
2026-09-08T10:00:00+05:30,08-09-2026 10:00:00,"Burari Crossing, Delhi - IITM",108,Moderately Polluted,PM10,100,1
2026-09-08T10:00:00+05:30,08-09-2026 10:00:00,"Narela, Delhi - DPCC",107,Moderately Polluted,PM10,100,1
2026-09-08T10:00:00+05:30,08-09-2026 10:00:00,"Patparganj, Delhi - DPCC",107,Moderately Polluted,PM10,100,1
2026-09-08T10:00:00+05:30,08-09-2026 10:00:00,"Dr. Karni Singh Shooting Range, Delhi - DPCC",105,Moderately Polluted,PM10,100,1
2026-09-08T10:00:00+05:30,08-09-2026 10:00:00,"Sirifort, Delhi - CPCB",104,Moderately Polluted,PM10,100,1
2026-09-08T10:00:00+05:30,08-09-2026 10:00:00,"Jawaharlal Nehru Stadium, Delhi - DPCC",97,Satisfactory,PM10,100,0
2026-09-08T10:00:00+05:30,08-09-2026 10:00:00,"IMD Lodhi Road, Delhi - IITM",94,Satisfactory,PM10,100,0
2026-09-08T10:00:00+05:30,08-09-2026 10:00:00,"DTU, Delhi - CPCB",93,Satisfactory,PM10,100,0
2026-09-08T10:00:00+05:30,08-09-2026 10:00:00,"ITO, Delhi - CPCB",92,Satisfactory,PM10,100,0
2026-09-08T10:00:00+05:30,08-09-2026 10:00:00,"Mandir Marg, Delhi - DPCC",92,Satisfactory,PM10,100,0
2026-09-08T10:00:00+05:30,08-09-2026 10:00:00,"Sri Aurobindo Marg, Delhi - DPCC",91,Satisfactory,PM10,100,0
2026-09-08T10:00:00+05:30,08-09-2026 10:00:00,"Commonwealth Sports Complex, Delhi - DPCC",90,Satisfactory,PM10,100,0
2026-09-08T10:00:00+05:30,08-09-2026 10:00:00,"Pusa, Delhi - IITM",88,Satisfactory,PM10,100,0
2026-09-08T10:00:00+05:30,08-09-2026 10:00:00,"IGNOU_Maidan Garhi, Delhi - DPCC",87,Satisfactory,PM10,100,0
2026-09-08T10:00:00+05:30,08-09-2026 10:00:00,"Shadipur, Delhi - CPCB",87,Satisfactory,PM10,100,0
2026-09-08T10:00:00+05:30,08-09-2026 10:00:00,"JNU, Delhi - DPCC",83,Satisfactory,PM10,100,0
2026-09-08T10:00:00+05:30,08-09-2026 10:00:00,"Major Dhyan Chand National Stadium, Delhi - DPCC",83,Satisfactory,PM10,100,0
2026-09-08T10:00:00+05:30,08-09-2026 10:00:00,"Talkatora Garden, Delhi - DPCC",81,Satisfactory,PM10,100,0
2026-09-08T10:00:00+05:30,08-09-2026 10:00:00,"Aya Nagar, Delhi - IITM",74,Satisfactory,PM10,100,0
2026-09-08T10:00:00+05:30,08-09-2026 10:00:00,"IHBAS, Dilshad Garden, Delhi - CPCB",72,Satisfactory,PM10,100,0
2026-09-08T10:00:00+05:30,08-09-2026 10:00:00,"Cantonment Area, Delhi - DPCC",67,Satisfactory,CO,100,0
2026-09-08T10:00:00+05:30,08-09-2026 10:00:00,"NSUT Jaffarpur, Delhi - DPCC",65,Satisfactory,PM10,100,0
2026-09-08T10:00:00+05:30,08-09-2026 10:00:00,"NSIT Dwarka, Delhi - CPCB",61,Satisfactory,PM10,100,0
2026-09-08T10:00:00+05:30,08-09-2026 10:00:00,"Najafgarh, Delhi - DPCC",48,Good,PM10,100,0
2026-09-08T11:00:00+05:30,08-09-2026 11:00:00,"Wazirpur, Delhi - DPCC",194,Moderately Polluted,PM10,100,1
2026-09-08T11:00:00+05:30,08-09-2026 11:00:00,"Dwarka-Sector 8, Delhi - DPCC",177,Moderately Polluted,PM10,100,1
2026-09-08T11:00:00+05:30,08-09-2026 11:00:00,"Bawana, Delhi - DPCC",175,Moderately Polluted,PM2.5,100,1
2026-09-08T11:00:00+05:30,08-09-2026 11:00:00,"Pusa, Delhi - DPCC",147,Moderately Polluted,PM10,100,1
2026-09-08T11:00:00+05:30,08-09-2026 11:00:00,"Rohini, Delhi - DPCC",145,Moderately Polluted,PM10,100,1
2026-09-08T11:00:00+05:30,08-09-2026 11:00:00,"Anand Vihar, Delhi - DPCC",140,Moderately Polluted,PM2.5,100,1
2026-09-08T11:00:00+05:30,08-09-2026 11:00:00,"IIT Delhi, Delhi - IITM",139,Moderately Polluted,PM10,100,1
2026-09-08T11:00:00+05:30,08-09-2026 11:00:00,"Mundka, Delhi - DPCC",136,Moderately Polluted,PM10,100,1
2026-09-08T11:00:00+05:30,08-09-2026 11:00:00,"Jahangirpuri, Delhi - DPCC",131,Moderately Polluted,PM10,100,1
2026-09-08T11:00:00+05:30,08-09-2026 11:00:00,"Ashok Vihar, Delhi - DPCC",128,Moderately Polluted,PM10,100,1
2026-09-08T11:00:00+05:30,08-09-2026 11:00:00,"Vivek Vihar, Delhi - DPCC",126,Moderately Polluted,PM10,100,1
2026-09-08T11:00:00+05:30,08-09-2026 11:00:00,"Chandni Chowk, Delhi - IITM",126,Moderately Polluted,PM10,100,1
2026-09-08T11:00:00+05:30,08-09-2026 11:00:00,"Punjabi Bagh, Delhi - DPCC",122,Moderately Polluted,PM10,100,1
2026-09-08T11:00:00+05:30,08-09-2026 11:00:00,"North Campus, DU, Delhi - IITM",121,Moderately Polluted,NO2,100,1
2026-09-08T11:00:00+05:30,08-09-2026 11:00:00,"R K Puram, Delhi - DPCC",121,Moderately Polluted,PM10,100,1
2026-09-08T11:00:00+05:30,08-09-2026 11:00:00,"CRRI Mathura Road, Delhi - IITM",120,Moderately Polluted,PM10,100,1
2026-09-08T11:00:00+05:30,08-09-2026 11:00:00,"Sonia Vihar, Delhi - DPCC",118,Moderately Polluted,PM10,100,1
2026-09-08T11:00:00+05:30,08-09-2026 11:00:00,"Nehru Nagar, Delhi - DPCC",118,Moderately Polluted,PM10,100,1
2026-09-08T11:00:00+05:30,08-09-2026 11:00:00,"Okhla Phase-2, Delhi - DPCC",117,Moderately Polluted,PM10,100,1
2026-09-08T11:00:00+05:30,08-09-2026 11:00:00,"IGI Airport (T3), Delhi - IITM",110,Moderately Polluted,NO2,100,1
2026-09-08T11:00:00+05:30,08-09-2026 11:00:00,"Narela, Delhi - DPCC",109,Moderately Polluted,PM10,100,1
2026-09-08T11:00:00+05:30,08-09-2026 11:00:00,"Patparganj, Delhi - DPCC",108,Moderately Polluted,PM10,100,1
2026-09-08T11:00:00+05:30,08-09-2026 11:00:00,"Dr. Karni Singh Shooting Range, Delhi - DPCC",107,Moderately Polluted,PM10,100,1
2026-09-08T11:00:00+05:30,08-09-2026 11:00:00,"Burari Crossing, Delhi - IITM",107,Moderately Polluted,PM10,100,1
2026-09-08T11:00:00+05:30,08-09-2026 11:00:00,"Sirifort, Delhi - CPCB",105,Moderately Polluted,PM10,100,1
2026-09-08T11:00:00+05:30,08-09-2026 11:00:00,"Jawaharlal Nehru Stadium, Delhi - DPCC",97,Satisfactory,PM10,100,0
2026-09-08T11:00:00+05:30,08-09-2026 11:00:00,"Mandir Marg, Delhi - DPCC",95,Satisfactory,PM10,100,0
2026-09-08T11:00:00+05:30,08-09-2026 11:00:00,"IMD Lodhi Road, Delhi - IITM",95,Satisfactory,PM10,100,0
2026-09-08T11:00:00+05:30,08-09-2026 11:00:00,"DTU, Delhi - CPCB",94,Satisfactory,PM10,100,0
2026-09-08T11:00:00+05:30,08-09-2026 11:00:00,"ITO, Delhi - CPCB",92,Satisfactory,PM10,100,0
2026-09-08T11:00:00+05:30,08-09-2026 11:00:00,"Sri Aurobindo Marg, Delhi - DPCC",92,Satisfactory,PM10,100,0
2026-09-08T11:00:00+05:30,08-09-2026 11:00:00,"Pusa, Delhi - IITM",90,Satisfactory,PM10,100,0
2026-09-08T11:00:00+05:30,08-09-2026 11:00:00,"Commonwealth Sports Complex, Delhi - DPCC",89,Satisfactory,PM10,100,0
2026-09-08T11:00:00+05:30,08-09-2026 11:00:00,"IGNOU_Maidan Garhi, Delhi - DPCC",88,Satisfactory,PM10,100,0
2026-09-08T11:00:00+05:30,08-09-2026 11:00:00,"Shadipur, Delhi - CPCB",88,Satisfactory,PM10,100,0
2026-09-08T11:00:00+05:30,08-09-2026 11:00:00,"Major Dhyan Chand National Stadium, Delhi - DPCC",85,Satisfactory,PM10,100,0
2026-09-08T11:00:00+05:30,08-09-2026 11:00:00,"JNU, Delhi - DPCC",83,Satisfactory,PM10,100,0
2026-09-08T11:00:00+05:30,08-09-2026 11:00:00,"Talkatora Garden, Delhi - DPCC",81,Satisfactory,PM10,100,0
2026-09-08T11:00:00+05:30,08-09-2026 11:00:00,"Aya Nagar, Delhi - IITM",74,Satisfactory,PM10,100,0
2026-09-08T11:00:00+05:30,08-09-2026 11:00:00,"IHBAS, Dilshad Garden, Delhi - CPCB",69,Satisfactory,PM10,100,0
2026-09-08T11:00:00+05:30,08-09-2026 11:00:00,"Cantonment Area, Delhi - DPCC",67,Satisfactory,CO,100,0
2026-09-08T11:00:00+05:30,08-09-2026 11:00:00,"NSUT Jaffarpur, Delhi - DPCC",66,Satisfactory,PM10,100,0
2026-09-08T11:00:00+05:30,08-09-2026 11:00:00,"NSIT Dwarka, Delhi - CPCB",63,Satisfactory,PM10,100,0
2026-09-08T11:00:00+05:30,08-09-2026 11:00:00,"Najafgarh, Delhi - DPCC",50,Good,PM10,100,0
2026-09-08T12:00:00+05:30,08-09-2026 12:00:00,"Wazirpur, Delhi - DPCC",196,Moderately Polluted,PM10,100,1
2026-09-08T12:00:00+05:30,08-09-2026 12:00:00,"Bawana, Delhi - DPCC",176,Moderately Polluted,PM2.5,100,1
2026-09-08T12:00:00+05:30,08-09-2026 12:00:00,"Dwarka-Sector 8, Delhi - DPCC",175,Moderately Polluted,PM10,100,1
2026-09-08T12:00:00+05:30,08-09-2026 12:00:00,"Pusa, Delhi - DPCC",147,Moderately Polluted,PM10,100,1
2026-09-08T12:00:00+05:30,08-09-2026 12:00:00,"Rohini, Delhi - DPCC",146,Moderately Polluted,PM10,100,1
2026-09-08T12:00:00+05:30,08-09-2026 12:00:00,"IIT Delhi, Delhi - IITM",142,Moderately Polluted,PM10,100,1
2026-09-08T12:00:00+05:30,08-09-2026 12:00:00,"Anand Vihar, Delhi - DPCC",138,Moderately Polluted,PM2.5,100,1
2026-09-08T12:00:00+05:30,08-09-2026 12:00:00,"Mundka, Delhi - DPCC",137,Moderately Polluted,PM10,100,1
2026-09-08T12:00:00+05:30,08-09-2026 12:00:00,"Jahangirpuri, Delhi - DPCC",131,Moderately Polluted,PM10,100,1
2026-09-08T12:00:00+05:30,08-09-2026 12:00:00,"Ashok Vihar, Delhi - DPCC",127,Moderately Polluted,PM10,100,1
2026-09-08T12:00:00+05:30,08-09-2026 12:00:00,"Vivek Vihar, Delhi - DPCC",127,Moderately Polluted,PM10,100,1
2026-09-08T12:00:00+05:30,08-09-2026 12:00:00,"Chandni Chowk, Delhi - IITM",124,Moderately Polluted,PM10,100,1
2026-09-08T12:00:00+05:30,08-09-2026 12:00:00,"Punjabi Bagh, Delhi - DPCC",123,Moderately Polluted,PM10,100,1
2026-09-08T12:00:00+05:30,08-09-2026 12:00:00,"R K Puram, Delhi - DPCC",122,Moderately Polluted,PM2.5,100,1
2026-09-08T12:00:00+05:30,08-09-2026 12:00:00,"CRRI Mathura Road, Delhi - IITM",121,Moderately Polluted,PM10,100,1
2026-09-08T12:00:00+05:30,08-09-2026 12:00:00,"Nehru Nagar, Delhi - DPCC",120,Moderately Polluted,PM10,100,1
2026-09-08T12:00:00+05:30,08-09-2026 12:00:00,"North Campus, DU, Delhi - IITM",119,Moderately Polluted,NO2,100,1
2026-09-08T12:00:00+05:30,08-09-2026 12:00:00,"Okhla Phase-2, Delhi - DPCC",118,Moderately Polluted,PM10,100,1
2026-09-08T12:00:00+05:30,08-09-2026 12:00:00,"Sonia Vihar, Delhi - DPCC",117,Moderately Polluted,PM10,100,1
2026-09-08T12:00:00+05:30,08-09-2026 12:00:00,"IGI Airport (T3), Delhi - IITM",112,Moderately Polluted,NO2,100,1
2026-09-08T12:00:00+05:30,08-09-2026 12:00:00,"Narela, Delhi - DPCC",111,Moderately Polluted,PM10,100,1
2026-09-08T12:00:00+05:30,08-09-2026 12:00:00,"Patparganj, Delhi - DPCC",109,Moderately Polluted,PM10,100,1
2026-09-08T12:00:00+05:30,08-09-2026 12:00:00,"Dr. Karni Singh Shooting Range, Delhi - DPCC",108,Moderately Polluted,PM10,100,1
2026-09-08T12:00:00+05:30,08-09-2026 12:00:00,"Burari Crossing, Delhi - IITM",107,Moderately Polluted,PM10,100,1
2026-09-08T12:00:00+05:30,08-09-2026 12:00:00,"Sirifort, Delhi - CPCB",106,Moderately Polluted,PM10,100,1
2026-09-08T12:00:00+05:30,08-09-2026 12:00:00,"Jawaharlal Nehru Stadium, Delhi - DPCC",97,Satisfactory,PM10,100,0
2026-09-08T12:00:00+05:30,08-09-2026 12:00:00,"Mandir Marg, Delhi - DPCC",96,Satisfactory,PM10,100,0
2026-09-08T12:00:00+05:30,08-09-2026 12:00:00,"IMD Lodhi Road, Delhi - IITM",95,Satisfactory,PM10,100,0
2026-09-08T12:00:00+05:30,08-09-2026 12:00:00,"DTU, Delhi - CPCB",94,Satisfactory,PM10,100,0
2026-09-08T12:00:00+05:30,08-09-2026 12:00:00,"Sri Aurobindo Marg, Delhi - DPCC",93,Satisfactory,PM10,100,0
2026-09-08T12:00:00+05:30,08-09-2026 12:00:00,"ITO, Delhi - CPCB",93,Satisfactory,PM10,100,0
2026-09-08T12:00:00+05:30,08-09-2026 12:00:00,"Commonwealth Sports Complex, Delhi - DPCC",91,Satisfactory,PM10,100,0
2026-09-08T12:00:00+05:30,08-09-2026 12:00:00,"Pusa, Delhi - IITM",91,Satisfactory,PM10,100,0
2026-09-08T12:00:00+05:30,08-09-2026 12:00:00,"Shadipur, Delhi - CPCB",89,Satisfactory,PM10,100,0
2026-09-08T12:00:00+05:30,08-09-2026 12:00:00,"IGNOU_Maidan Garhi, Delhi - DPCC",88,Satisfactory,PM10,100,0
2026-09-08T12:00:00+05:30,08-09-2026 12:00:00,"Major Dhyan Chand National Stadium, Delhi - DPCC",86,Satisfactory,PM10,100,0
2026-09-08T12:00:00+05:30,08-09-2026 12:00:00,"JNU, Delhi - DPCC",85,Satisfactory,PM10,100,0
2026-09-08T12:00:00+05:30,08-09-2026 12:00:00,"Talkatora Garden, Delhi - DPCC",82,Satisfactory,PM10,100,0
2026-09-08T12:00:00+05:30,08-09-2026 12:00:00,"Aya Nagar, Delhi - IITM",74,Satisfactory,PM10,100,0
2026-09-08T12:00:00+05:30,08-09-2026 12:00:00,"IHBAS, Dilshad Garden, Delhi - CPCB",69,Satisfactory,PM10,100,0
2026-09-08T12:00:00+05:30,08-09-2026 12:00:00,"NSUT Jaffarpur, Delhi - DPCC",67,Satisfactory,PM10,100,0
2026-09-08T12:00:00+05:30,08-09-2026 12:00:00,"NSIT Dwarka, Delhi - CPCB",65,Satisfactory,PM10,100,0
2026-09-08T12:00:00+05:30,08-09-2026 12:00:00,"Cantonment Area, Delhi - DPCC",65,Satisfactory,CO,100,0
2026-09-08T12:00:00+05:30,08-09-2026 12:00:00,"Najafgarh, Delhi - DPCC",52,Satisfactory,PM10,100,0
2026-09-08T12:00:00+05:30,08-09-2026 12:00:00,"Alipur, Delhi - DPCC",12,Good,OZONE,100,0
2026-09-08T13:00:00+05:30,08-09-2026 13:00:00,"Wazirpur, Delhi - DPCC",198,Moderately Polluted,PM10,100,1
2026-09-08T13:00:00+05:30,08-09-2026 13:00:00,"Bawana, Delhi - DPCC",179,Moderately Polluted,PM2.5,100,1
2026-09-08T13:00:00+05:30,08-09-2026 13:00:00,"Dwarka-Sector 8, Delhi - DPCC",175,Moderately Polluted,PM10,100,1
2026-09-08T13:00:00+05:30,08-09-2026 13:00:00,"Rohini, Delhi - DPCC",148,Moderately Polluted,PM10,100,1
2026-09-08T13:00:00+05:30,08-09-2026 13:00:00,"Pusa, Delhi - DPCC",148,Moderately Polluted,PM10,100,1
2026-09-08T13:00:00+05:30,08-09-2026 13:00:00,"IIT Delhi, Delhi - IITM",144,Moderately Polluted,PM10,100,1
2026-09-08T13:00:00+05:30,08-09-2026 13:00:00,"Mundka, Delhi - DPCC",139,Moderately Polluted,PM10,100,1
2026-09-08T13:00:00+05:30,08-09-2026 13:00:00,"Anand Vihar, Delhi - DPCC",137,Moderately Polluted,PM2.5,100,1
2026-09-08T13:00:00+05:30,08-09-2026 13:00:00,"Jahangirpuri, Delhi - DPCC",131,Moderately Polluted,PM10,100,1
2026-09-08T13:00:00+05:30,08-09-2026 13:00:00,"Ashok Vihar, Delhi - DPCC",127,Moderately Polluted,PM10,100,1
2026-09-08T13:00:00+05:30,08-09-2026 13:00:00,"Vivek Vihar, Delhi - DPCC",126,Moderately Polluted,PM10,100,1
2026-09-08T13:00:00+05:30,08-09-2026 13:00:00,"Punjabi Bagh, Delhi - DPCC",124,Moderately Polluted,PM10,100,1
2026-09-08T13:00:00+05:30,08-09-2026 13:00:00,"Chandni Chowk, Delhi - IITM",124,Moderately Polluted,PM10,100,1
2026-09-08T13:00:00+05:30,08-09-2026 13:00:00,"CRRI Mathura Road, Delhi - IITM",122,Moderately Polluted,PM10,100,1
2026-09-08T13:00:00+05:30,08-09-2026 13:00:00,"R K Puram, Delhi - DPCC",122,Moderately Polluted,PM10,100,1
2026-09-08T13:00:00+05:30,08-09-2026 13:00:00,"Nehru Nagar, Delhi - DPCC",120,Moderately Polluted,PM10,100,1
2026-09-08T13:00:00+05:30,08-09-2026 13:00:00,"Okhla Phase-2, Delhi - DPCC",119,Moderately Polluted,PM10,100,1
2026-09-08T13:00:00+05:30,08-09-2026 13:00:00,"North Campus, DU, Delhi - IITM",119,Moderately Polluted,NO2,100,1
2026-09-08T13:00:00+05:30,08-09-2026 13:00:00,"Sonia Vihar, Delhi - DPCC",118,Moderately Polluted,PM10,100,1
2026-09-08T13:00:00+05:30,08-09-2026 13:00:00,"IGI Airport (T3), Delhi - IITM",113,Moderately Polluted,NO2,100,1
2026-09-08T13:00:00+05:30,08-09-2026 13:00:00,"Narela, Delhi - DPCC",112,Moderately Polluted,PM10,100,1
2026-09-08T13:00:00+05:30,08-09-2026 13:00:00,"Patparganj, Delhi - DPCC",110,Moderately Polluted,PM10,100,1
2026-09-08T13:00:00+05:30,08-09-2026 13:00:00,"Dr. Karni Singh Shooting Range, Delhi - DPCC",109,Moderately Polluted,PM10,100,1
2026-09-08T13:00:00+05:30,08-09-2026 13:00:00,"Sirifort, Delhi - CPCB",106,Moderately Polluted,PM10,100,1
2026-09-08T13:00:00+05:30,08-09-2026 13:00:00,"Burari Crossing, Delhi - IITM",106,Moderately Polluted,PM10,100,1
2026-09-08T13:00:00+05:30,08-09-2026 13:00:00,"Jawaharlal Nehru Stadium, Delhi - DPCC",97,Satisfactory,PM10,100,0
2026-09-08T13:00:00+05:30,08-09-2026 13:00:00,"Mandir Marg, Delhi - DPCC",96,Satisfactory,PM10,100,0
2026-09-08T13:00:00+05:30,08-09-2026 13:00:00,"DTU, Delhi - CPCB",96,Satisfactory,PM10,100,0
2026-09-08T13:00:00+05:30,08-09-2026 13:00:00,"ITO, Delhi - CPCB",94,Satisfactory,PM10,100,0
2026-09-08T13:00:00+05:30,08-09-2026 13:00:00,"IMD Lodhi Road, Delhi - IITM",94,Satisfactory,PM10,100,0
2026-09-08T13:00:00+05:30,08-09-2026 13:00:00,"Sri Aurobindo Marg, Delhi - DPCC",93,Satisfactory,PM10,100,0
2026-09-08T13:00:00+05:30,08-09-2026 13:00:00,"Commonwealth Sports Complex, Delhi - DPCC",92,Satisfactory,PM10,100,0
2026-09-08T13:00:00+05:30,08-09-2026 13:00:00,"Shadipur, Delhi - CPCB",90,Satisfactory,PM10,100,0
2026-09-08T13:00:00+05:30,08-09-2026 13:00:00,"Pusa, Delhi - IITM",90,Satisfactory,PM10,100,0
2026-09-08T13:00:00+05:30,08-09-2026 13:00:00,"IGNOU_Maidan Garhi, Delhi - DPCC",89,Satisfactory,PM10,100,0
2026-09-08T13:00:00+05:30,08-09-2026 13:00:00,"JNU, Delhi - DPCC",86,Satisfactory,PM10,100,0
2026-09-08T13:00:00+05:30,08-09-2026 13:00:00,"Major Dhyan Chand National Stadium, Delhi - DPCC",85,Satisfactory,PM10,100,0
2026-09-08T13:00:00+05:30,08-09-2026 13:00:00,"Talkatora Garden, Delhi - DPCC",82,Satisfactory,PM10,100,0
2026-09-08T13:00:00+05:30,08-09-2026 13:00:00,"Aya Nagar, Delhi - IITM",75,Satisfactory,PM10,100,0
2026-09-08T13:00:00+05:30,08-09-2026 13:00:00,"IHBAS, Dilshad Garden, Delhi - CPCB",69,Satisfactory,PM10,100,0
2026-09-08T13:00:00+05:30,08-09-2026 13:00:00,"NSUT Jaffarpur, Delhi - DPCC",69,Satisfactory,PM10,100,0
2026-09-08T13:00:00+05:30,08-09-2026 13:00:00,"NSIT Dwarka, Delhi - CPCB",66,Satisfactory,PM10,100,0
2026-09-08T13:00:00+05:30,08-09-2026 13:00:00,"Cantonment Area, Delhi - DPCC",63,Satisfactory,CO,100,0
2026-09-08T13:00:00+05:30,08-09-2026 13:00:00,"Najafgarh, Delhi - DPCC",53,Satisfactory,PM10,100,0
2026-09-08T13:00:00+05:30,08-09-2026 13:00:00,"Alipur, Delhi - DPCC",14,Good,OZONE,100,0
2026-09-08T14:00:00+05:30,08-09-2026 14:00:00,"Wazirpur, Delhi - DPCC",199,Moderately Polluted,PM10,100,1
2026-09-08T14:00:00+05:30,08-09-2026 14:00:00,"Bawana, Delhi - DPCC",183,Moderately Polluted,PM2.5,100,1
2026-09-08T14:00:00+05:30,08-09-2026 14:00:00,"Dwarka-Sector 8, Delhi - DPCC",175,Moderately Polluted,PM10,100,1
2026-09-08T14:00:00+05:30,08-09-2026 14:00:00,"Pusa, Delhi - DPCC",150,Moderately Polluted,PM10,100,1
2026-09-08T14:00:00+05:30,08-09-2026 14:00:00,"Rohini, Delhi - DPCC",149,Moderately Polluted,PM10,100,1
2026-09-08T14:00:00+05:30,08-09-2026 14:00:00,"IIT Delhi, Delhi - IITM",145,Moderately Polluted,PM10,100,1
2026-09-08T14:00:00+05:30,08-09-2026 14:00:00,"Mundka, Delhi - DPCC",142,Moderately Polluted,PM10,100,1
2026-09-08T14:00:00+05:30,08-09-2026 14:00:00,"Anand Vihar, Delhi - DPCC",135,Moderately Polluted,PM2.5,100,1
2026-09-08T14:00:00+05:30,08-09-2026 14:00:00,"Jahangirpuri, Delhi - DPCC",133,Moderately Polluted,PM10,100,1
2026-09-08T14:00:00+05:30,08-09-2026 14:00:00,"Ashok Vihar, Delhi - DPCC",127,Moderately Polluted,PM10,100,1
2026-09-08T14:00:00+05:30,08-09-2026 14:00:00,"Vivek Vihar, Delhi - DPCC",126,Moderately Polluted,PM10,100,1
2026-09-08T14:00:00+05:30,08-09-2026 14:00:00,"Punjabi Bagh, Delhi - DPCC",124,Moderately Polluted,PM10,100,1
2026-09-08T14:00:00+05:30,08-09-2026 14:00:00,"Chandni Chowk, Delhi - IITM",124,Moderately Polluted,PM10,100,1
2026-09-08T14:00:00+05:30,08-09-2026 14:00:00,"CRRI Mathura Road, Delhi - IITM",123,Moderately Polluted,PM10,100,1
2026-09-08T14:00:00+05:30,08-09-2026 14:00:00,"R K Puram, Delhi - DPCC",121,Moderately Polluted,PM10,100,1
2026-09-08T14:00:00+05:30,08-09-2026 14:00:00,"Nehru Nagar, Delhi - DPCC",120,Moderately Polluted,PM10,100,1
2026-09-08T14:00:00+05:30,08-09-2026 14:00:00,"North Campus, DU, Delhi - IITM",119,Moderately Polluted,NO2,100,1
2026-09-08T14:00:00+05:30,08-09-2026 14:00:00,"Okhla Phase-2, Delhi - DPCC",119,Moderately Polluted,PM10,100,1
2026-09-08T14:00:00+05:30,08-09-2026 14:00:00,"Sonia Vihar, Delhi - DPCC",118,Moderately Polluted,PM10,100,1
2026-09-08T14:00:00+05:30,08-09-2026 14:00:00,"IGI Airport (T3), Delhi - IITM",114,Moderately Polluted,NO2,100,1
2026-09-08T14:00:00+05:30,08-09-2026 14:00:00,"Narela, Delhi - DPCC",113,Moderately Polluted,PM10,100,1
2026-09-08T14:00:00+05:30,08-09-2026 14:00:00,"Patparganj, Delhi - DPCC",110,Moderately Polluted,PM10,100,1
2026-09-08T14:00:00+05:30,08-09-2026 14:00:00,"Dr. Karni Singh Shooting Range, Delhi - DPCC",109,Moderately Polluted,PM10,100,1
2026-09-08T14:00:00+05:30,08-09-2026 14:00:00,"Burari Crossing, Delhi - IITM",107,Moderately Polluted,PM10,100,1
2026-09-08T14:00:00+05:30,08-09-2026 14:00:00,"Sirifort, Delhi - CPCB",106,Moderately Polluted,PM10,100,1
2026-09-08T14:00:00+05:30,08-09-2026 14:00:00,"DTU, Delhi - CPCB",97,Satisfactory,PM10,100,0
2026-09-08T14:00:00+05:30,08-09-2026 14:00:00,"Jawaharlal Nehru Stadium, Delhi - DPCC",97,Satisfactory,PM10,100,0
2026-09-08T14:00:00+05:30,08-09-2026 14:00:00,"Mandir Marg, Delhi - DPCC",95,Satisfactory,PM10,100,0
2026-09-08T14:00:00+05:30,08-09-2026 14:00:00,"ITO, Delhi - CPCB",94,Satisfactory,PM10,100,0
2026-09-08T14:00:00+05:30,08-09-2026 14:00:00,"IMD Lodhi Road, Delhi - IITM",94,Satisfactory,PM10,100,0
2026-09-08T14:00:00+05:30,08-09-2026 14:00:00,"Sri Aurobindo Marg, Delhi - DPCC",94,Satisfactory,PM10,100,0
2026-09-08T14:00:00+05:30,08-09-2026 14:00:00,"Pusa, Delhi - IITM",92,Satisfactory,PM10,100,0
2026-09-08T14:00:00+05:30,08-09-2026 14:00:00,"Commonwealth Sports Complex, Delhi - DPCC",92,Satisfactory,PM10,100,0
2026-09-08T14:00:00+05:30,08-09-2026 14:00:00,"Shadipur, Delhi - CPCB",91,Satisfactory,PM10,100,0
2026-09-08T14:00:00+05:30,08-09-2026 14:00:00,"IGNOU_Maidan Garhi, Delhi - DPCC",90,Satisfactory,PM10,100,0
2026-09-08T14:00:00+05:30,08-09-2026 14:00:00,"JNU, Delhi - DPCC",86,Satisfactory,PM10,100,0
2026-09-08T14:00:00+05:30,08-09-2026 14:00:00,"Major Dhyan Chand National Stadium, Delhi - DPCC",85,Satisfactory,PM10,100,0
2026-09-08T14:00:00+05:30,08-09-2026 14:00:00,"Talkatora Garden, Delhi - DPCC",82,Satisfactory,PM10,100,0
2026-09-08T14:00:00+05:30,08-09-2026 14:00:00,"Aya Nagar, Delhi - IITM",75,Satisfactory,PM10,100,0
2026-09-08T14:00:00+05:30,08-09-2026 14:00:00,"NSUT Jaffarpur, Delhi - DPCC",70,Satisfactory,PM10,100,0
2026-09-08T14:00:00+05:30,08-09-2026 14:00:00,"IHBAS, Dilshad Garden, Delhi - CPCB",69,Satisfactory,PM10,100,0
2026-09-08T14:00:00+05:30,08-09-2026 14:00:00,"NSIT Dwarka, Delhi - CPCB",68,Satisfactory,PM10,100,0
2026-09-08T14:00:00+05:30,08-09-2026 14:00:00,"Cantonment Area, Delhi - DPCC",62,Satisfactory,CO,100,0
2026-09-08T14:00:00+05:30,08-09-2026 14:00:00,"Najafgarh, Delhi - DPCC",55,Satisfactory,PM10,100,0
2026-09-08T14:00:00+05:30,08-09-2026 14:00:00,"Alipur, Delhi - DPCC",36,Good,CO,100,0
2026-09-08T15:00:00+05:30,08-09-2026 15:00:00,"Wazirpur, Delhi - DPCC",200,Moderately Polluted,PM10,100,1
2026-09-08T15:00:00+05:30,08-09-2026 15:00:00,"Bawana, Delhi - DPCC",185,Moderately Polluted,PM2.5,100,1
2026-09-08T15:00:00+05:30,08-09-2026 15:00:00,"Dwarka-Sector 8, Delhi - DPCC",173,Moderately Polluted,PM10,100,1
2026-09-08T15:00:00+05:30,08-09-2026 15:00:00,"Rohini, Delhi - DPCC",150,Moderately Polluted,PM10,100,1
2026-09-08T15:00:00+05:30,08-09-2026 15:00:00,"Pusa, Delhi - DPCC",149,Moderately Polluted,PM10,100,1
2026-09-08T15:00:00+05:30,08-09-2026 15:00:00,"IIT Delhi, Delhi - IITM",146,Moderately Polluted,PM10,100,1
2026-09-08T15:00:00+05:30,08-09-2026 15:00:00,"Mundka, Delhi - DPCC",143,Moderately Polluted,PM10,100,1
2026-09-08T15:00:00+05:30,08-09-2026 15:00:00,"Jahangirpuri, Delhi - DPCC",135,Moderately Polluted,PM10,100,1
2026-09-08T15:00:00+05:30,08-09-2026 15:00:00,"Anand Vihar, Delhi - DPCC",133,Moderately Polluted,PM2.5,100,1
2026-09-08T15:00:00+05:30,08-09-2026 15:00:00,"Ashok Vihar, Delhi - DPCC",128,Moderately Polluted,PM10,100,1
2026-09-08T15:00:00+05:30,08-09-2026 15:00:00,"Vivek Vihar, Delhi - DPCC",126,Moderately Polluted,PM10,100,1
2026-09-08T15:00:00+05:30,08-09-2026 15:00:00,"Punjabi Bagh, Delhi - DPCC",125,Moderately Polluted,PM10,100,1
2026-09-08T15:00:00+05:30,08-09-2026 15:00:00,"Chandni Chowk, Delhi - IITM",124,Moderately Polluted,PM10,100,1
2026-09-08T15:00:00+05:30,08-09-2026 15:00:00,"CRRI Mathura Road, Delhi - IITM",124,Moderately Polluted,PM10,100,1
2026-09-08T15:00:00+05:30,08-09-2026 15:00:00,"Nehru Nagar, Delhi - DPCC",121,Moderately Polluted,PM10,100,1
2026-09-08T15:00:00+05:30,08-09-2026 15:00:00,"R K Puram, Delhi - DPCC",121,Moderately Polluted,PM10,100,1
2026-09-08T15:00:00+05:30,08-09-2026 15:00:00,"Okhla Phase-2, Delhi - DPCC",119,Moderately Polluted,PM10,100,1
2026-09-08T15:00:00+05:30,08-09-2026 15:00:00,"North Campus, DU, Delhi - IITM",118,Moderately Polluted,NO2,100,1
2026-09-08T15:00:00+05:30,08-09-2026 15:00:00,"Sonia Vihar, Delhi - DPCC",117,Moderately Polluted,PM10,100,1
2026-09-08T15:00:00+05:30,08-09-2026 15:00:00,"Narela, Delhi - DPCC",115,Moderately Polluted,PM10,100,1
2026-09-08T15:00:00+05:30,08-09-2026 15:00:00,"IGI Airport (T3), Delhi - IITM",115,Moderately Polluted,NO2,100,1
2026-09-08T15:00:00+05:30,08-09-2026 15:00:00,"Patparganj, Delhi - DPCC",111,Moderately Polluted,PM10,100,1
2026-09-08T15:00:00+05:30,08-09-2026 15:00:00,"Dr. Karni Singh Shooting Range, Delhi - DPCC",108,Moderately Polluted,PM10,100,1
2026-09-08T15:00:00+05:30,08-09-2026 15:00:00,"Burari Crossing, Delhi - IITM",107,Moderately Polluted,PM10,100,1
2026-09-08T15:00:00+05:30,08-09-2026 15:00:00,"Sirifort, Delhi - CPCB",106,Moderately Polluted,PM10,100,1
2026-09-08T15:00:00+05:30,08-09-2026 15:00:00,"DTU, Delhi - CPCB",99,Satisfactory,PM10,100,0
2026-09-08T15:00:00+05:30,08-09-2026 15:00:00,"Jawaharlal Nehru Stadium, Delhi - DPCC",98,Satisfactory,PM10,100,0
2026-09-08T15:00:00+05:30,08-09-2026 15:00:00,"Mandir Marg, Delhi - DPCC",96,Satisfactory,PM10,100,0
2026-09-08T15:00:00+05:30,08-09-2026 15:00:00,"IMD Lodhi Road, Delhi - IITM",96,Satisfactory,PM10,100,0
2026-09-08T15:00:00+05:30,08-09-2026 15:00:00,"ITO, Delhi - CPCB",95,Satisfactory,PM10,100,0
2026-09-08T15:00:00+05:30,08-09-2026 15:00:00,"Pusa, Delhi - IITM",94,Satisfactory,OZONE,100,0
2026-09-08T15:00:00+05:30,08-09-2026 15:00:00,"Sri Aurobindo Marg, Delhi - DPCC",93,Satisfactory,PM10,100,0
2026-09-08T15:00:00+05:30,08-09-2026 15:00:00,"Commonwealth Sports Complex, Delhi - DPCC",93,Satisfactory,PM10,100,0
2026-09-08T15:00:00+05:30,08-09-2026 15:00:00,"Shadipur, Delhi - CPCB",92,Satisfactory,PM10,100,0
2026-09-08T15:00:00+05:30,08-09-2026 15:00:00,"IGNOU_Maidan Garhi, Delhi - DPCC",90,Satisfactory,PM10,100,0
2026-09-08T15:00:00+05:30,08-09-2026 15:00:00,"JNU, Delhi - DPCC",87,Satisfactory,PM10,100,0
2026-09-08T15:00:00+05:30,08-09-2026 15:00:00,"Major Dhyan Chand National Stadium, Delhi - DPCC",86,Satisfactory,PM10,100,0
2026-09-08T15:00:00+05:30,08-09-2026 15:00:00,"Talkatora Garden, Delhi - DPCC",83,Satisfactory,PM10,100,0
2026-09-08T15:00:00+05:30,08-09-2026 15:00:00,"Aya Nagar, Delhi - IITM",75,Satisfactory,PM10,100,0
2026-09-08T15:00:00+05:30,08-09-2026 15:00:00,"NSUT Jaffarpur, Delhi - DPCC",72,Satisfactory,PM10,100,0
2026-09-08T15:00:00+05:30,08-09-2026 15:00:00,"NSIT Dwarka, Delhi - CPCB",70,Satisfactory,PM10,100,0
2026-09-08T15:00:00+05:30,08-09-2026 15:00:00,"IHBAS, Dilshad Garden, Delhi - CPCB",69,Satisfactory,PM10,100,0
2026-09-08T15:00:00+05:30,08-09-2026 15:00:00,"Cantonment Area, Delhi - DPCC",61,Satisfactory,CO,100,0
2026-09-08T15:00:00+05:30,08-09-2026 15:00:00,"Najafgarh, Delhi - DPCC",57,Satisfactory,PM10,100,0
2026-09-08T15:00:00+05:30,08-09-2026 15:00:00,"Alipur, Delhi - DPCC",35,Good,CO,100,0
2026-09-08T16:00:00+05:30,08-09-2026 16:00:00,"Wazirpur, Delhi - DPCC",203,Poor,PM10,100,1
2026-09-08T16:00:00+05:30,08-09-2026 16:00:00,"Bawana, Delhi - DPCC",189,Moderately Polluted,PM2.5,100,1
2026-09-08T16:00:00+05:30,08-09-2026 16:00:00,"Dwarka-Sector 8, Delhi - DPCC",177,Moderately Polluted,PM10,100,1
2026-09-08T16:00:00+05:30,08-09-2026 16:00:00,"Rohini, Delhi - DPCC",151,Moderately Polluted,PM10,100,1
2026-09-08T16:00:00+05:30,08-09-2026 16:00:00,"Pusa, Delhi - DPCC",150,Moderately Polluted,PM10,100,1
2026-09-08T16:00:00+05:30,08-09-2026 16:00:00,"IIT Delhi, Delhi - IITM",147,Moderately Polluted,PM10,100,1
2026-09-08T16:00:00+05:30,08-09-2026 16:00:00,"Mundka, Delhi - DPCC",144,Moderately Polluted,PM10,100,1
2026-09-08T16:00:00+05:30,08-09-2026 16:00:00,"Jahangirpuri, Delhi - DPCC",136,Moderately Polluted,PM10,100,1
2026-09-08T16:00:00+05:30,08-09-2026 16:00:00,"Anand Vihar, Delhi - DPCC",133,Moderately Polluted,PM2.5,100,1
2026-09-08T16:00:00+05:30,08-09-2026 16:00:00,"Ashok Vihar, Delhi - DPCC",128,Moderately Polluted,PM10,100,1
2026-09-08T16:00:00+05:30,08-09-2026 16:00:00,"Vivek Vihar, Delhi - DPCC",127,Moderately Polluted,PM10,100,1
2026-09-08T16:00:00+05:30,08-09-2026 16:00:00,"Punjabi Bagh, Delhi - DPCC",126,Moderately Polluted,PM10,100,1
2026-09-08T16:00:00+05:30,08-09-2026 16:00:00,"CRRI Mathura Road, Delhi - IITM",125,Moderately Polluted,PM10,100,1
2026-09-08T16:00:00+05:30,08-09-2026 16:00:00,"Chandni Chowk, Delhi - IITM",124,Moderately Polluted,PM10,100,1
2026-09-08T16:00:00+05:30,08-09-2026 16:00:00,"R K Puram, Delhi - DPCC",122,Moderately Polluted,PM10,100,1
2026-09-08T16:00:00+05:30,08-09-2026 16:00:00,"Nehru Nagar, Delhi - DPCC",122,Moderately Polluted,PM10,100,1
2026-09-08T16:00:00+05:30,08-09-2026 16:00:00,"Okhla Phase-2, Delhi - DPCC",120,Moderately Polluted,PM10,100,1
2026-09-08T16:00:00+05:30,08-09-2026 16:00:00,"North Campus, DU, Delhi - IITM",118,Moderately Polluted,NO2,100,1
2026-09-08T16:00:00+05:30,08-09-2026 16:00:00,"Sonia Vihar, Delhi - DPCC",117,Moderately Polluted,PM10,100,1
2026-09-08T16:00:00+05:30,08-09-2026 16:00:00,"Narela, Delhi - DPCC",117,Moderately Polluted,PM10,100,1
2026-09-08T16:00:00+05:30,08-09-2026 16:00:00,"IGI Airport (T3), Delhi - IITM",116,Moderately Polluted,NO2,100,1
2026-09-08T16:00:00+05:30,08-09-2026 16:00:00,"Pusa, Delhi - IITM",112,Moderately Polluted,OZONE,100,1
2026-09-08T16:00:00+05:30,08-09-2026 16:00:00,"Patparganj, Delhi - DPCC",111,Moderately Polluted,PM10,100,1
2026-09-08T16:00:00+05:30,08-09-2026 16:00:00,"Burari Crossing, Delhi - IITM",108,Moderately Polluted,PM10,100,1
2026-09-08T16:00:00+05:30,08-09-2026 16:00:00,"Dr. Karni Singh Shooting Range, Delhi - DPCC",108,Moderately Polluted,PM10,100,1
2026-09-08T16:00:00+05:30,08-09-2026 16:00:00,"Sirifort, Delhi - CPCB",107,Moderately Polluted,PM10,100,1
2026-09-08T16:00:00+05:30,08-09-2026 16:00:00,"DTU, Delhi - CPCB",103,Moderately Polluted,PM10,100,1
2026-09-08T16:00:00+05:30,08-09-2026 16:00:00,"Jawaharlal Nehru Stadium, Delhi - DPCC",98,Satisfactory,PM10,100,0
2026-09-08T16:00:00+05:30,08-09-2026 16:00:00,"Mandir Marg, Delhi - DPCC",97,Satisfactory,PM10,100,0
2026-09-08T16:00:00+05:30,08-09-2026 16:00:00,"IMD Lodhi Road, Delhi - IITM",96,Satisfactory,PM10,100,0
2026-09-08T16:00:00+05:30,08-09-2026 16:00:00,"ITO, Delhi - CPCB",95,Satisfactory,PM10,100,0
2026-09-08T16:00:00+05:30,08-09-2026 16:00:00,"Commonwealth Sports Complex, Delhi - DPCC",94,Satisfactory,PM10,100,0
2026-09-08T16:00:00+05:30,08-09-2026 16:00:00,"Sri Aurobindo Marg, Delhi - DPCC",94,Satisfactory,PM10,100,0
2026-09-08T16:00:00+05:30,08-09-2026 16:00:00,"Shadipur, Delhi - CPCB",93,Satisfactory,PM10,100,0
2026-09-08T16:00:00+05:30,08-09-2026 16:00:00,"IGNOU_Maidan Garhi, Delhi - DPCC",91,Satisfactory,PM10,100,0
2026-09-08T16:00:00+05:30,08-09-2026 16:00:00,"JNU, Delhi - DPCC",87,Satisfactory,PM10,100,0
2026-09-08T16:00:00+05:30,08-09-2026 16:00:00,"Major Dhyan Chand National Stadium, Delhi - DPCC",87,Satisfactory,PM10,100,0
2026-09-08T16:00:00+05:30,08-09-2026 16:00:00,"Talkatora Garden, Delhi - DPCC",83,Satisfactory,PM10,100,0
2026-09-08T16:00:00+05:30,08-09-2026 16:00:00,"IHBAS, Dilshad Garden, Delhi - CPCB",80,Satisfactory,CO,100,0
2026-09-08T16:00:00+05:30,08-09-2026 16:00:00,"Aya Nagar, Delhi - IITM",75,Satisfactory,PM10,100,0
2026-09-08T16:00:00+05:30,08-09-2026 16:00:00,"NSUT Jaffarpur, Delhi - DPCC",73,Satisfactory,PM10,100,0
2026-09-08T16:00:00+05:30,08-09-2026 16:00:00,"NSIT Dwarka, Delhi - CPCB",70,Satisfactory,PM10,100,0
2026-09-08T16:00:00+05:30,08-09-2026 16:00:00,"Cantonment Area, Delhi - DPCC",59,Satisfactory,CO,100,0
2026-09-08T16:00:00+05:30,08-09-2026 16:00:00,"Najafgarh, Delhi - DPCC",59,Satisfactory,PM10,100,0
2026-09-08T16:00:00+05:30,08-09-2026 16:00:00,"Alipur, Delhi - DPCC",35,Good,CO,100,0
2026-09-08T17:00:00+05:30,08-09-2026 17:00:00,"Wazirpur, Delhi - DPCC",206,Poor,PM10,100,1
2026-09-08T17:00:00+05:30,08-09-2026 17:00:00,"Bawana, Delhi - DPCC",195,Moderately Polluted,PM2.5,100,1
2026-09-08T17:00:00+05:30,08-09-2026 17:00:00,"Dwarka-Sector 8, Delhi - DPCC",176,Moderately Polluted,PM10,100,1
2026-09-08T17:00:00+05:30,08-09-2026 17:00:00,"Rohini, Delhi - DPCC",153,Moderately Polluted,PM10,100,1
2026-09-08T17:00:00+05:30,08-09-2026 17:00:00,"Pusa, Delhi - DPCC",152,Moderately Polluted,PM10,100,1
2026-09-08T17:00:00+05:30,08-09-2026 17:00:00,"IIT Delhi, Delhi - IITM",149,Moderately Polluted,PM10,100,1
2026-09-08T17:00:00+05:30,08-09-2026 17:00:00,"Mundka, Delhi - DPCC",145,Moderately Polluted,PM10,100,1
2026-09-08T17:00:00+05:30,08-09-2026 17:00:00,"Jahangirpuri, Delhi - DPCC",139,Moderately Polluted,PM10,100,1
2026-09-08T17:00:00+05:30,08-09-2026 17:00:00,"Anand Vihar, Delhi - DPCC",133,Moderately Polluted,PM2.5,100,1
2026-09-08T17:00:00+05:30,08-09-2026 17:00:00,"Ashok Vihar, Delhi - DPCC",128,Moderately Polluted,PM10,100,1
2026-09-08T17:00:00+05:30,08-09-2026 17:00:00,"Vivek Vihar, Delhi - DPCC",127,Moderately Polluted,PM10,100,1
2026-09-08T17:00:00+05:30,08-09-2026 17:00:00,"CRRI Mathura Road, Delhi - IITM",127,Moderately Polluted,PM10,100,1
2026-09-08T17:00:00+05:30,08-09-2026 17:00:00,"Punjabi Bagh, Delhi - DPCC",126,Moderately Polluted,PM10,100,1
2026-09-08T17:00:00+05:30,08-09-2026 17:00:00,"Pusa, Delhi - IITM",124,Moderately Polluted,OZONE,100,1
2026-09-08T17:00:00+05:30,08-09-2026 17:00:00,"Chandni Chowk, Delhi - IITM",124,Moderately Polluted,PM10,100,1
2026-09-08T17:00:00+05:30,08-09-2026 17:00:00,"Nehru Nagar, Delhi - DPCC",123,Moderately Polluted,PM10,100,1
2026-09-08T17:00:00+05:30,08-09-2026 17:00:00,"Okhla Phase-2, Delhi - DPCC",121,Moderately Polluted,PM10,100,1
2026-09-08T17:00:00+05:30,08-09-2026 17:00:00,"Sonia Vihar, Delhi - DPCC",119,Moderately Polluted,PM10,100,1
2026-09-08T17:00:00+05:30,08-09-2026 17:00:00,"North Campus, DU, Delhi - IITM",118,Moderately Polluted,NO2,100,1
2026-09-08T17:00:00+05:30,08-09-2026 17:00:00,"IGI Airport (T3), Delhi - IITM",117,Moderately Polluted,NO2,100,1
2026-09-08T17:00:00+05:30,08-09-2026 17:00:00,"Narela, Delhi - DPCC",117,Moderately Polluted,PM10,100,1
2026-09-08T17:00:00+05:30,08-09-2026 17:00:00,"Patparganj, Delhi - DPCC",112,Moderately Polluted,PM10,100,1
2026-09-08T17:00:00+05:30,08-09-2026 17:00:00,"Burari Crossing, Delhi - IITM",109,Moderately Polluted,PM10,100,1
2026-09-08T17:00:00+05:30,08-09-2026 17:00:00,"Sirifort, Delhi - CPCB",108,Moderately Polluted,PM10,100,1
2026-09-08T17:00:00+05:30,08-09-2026 17:00:00,"Dr. Karni Singh Shooting Range, Delhi - DPCC",108,Moderately Polluted,PM10,100,1
2026-09-08T17:00:00+05:30,08-09-2026 17:00:00,"DTU, Delhi - CPCB",105,Moderately Polluted,PM10,100,1
2026-09-08T17:00:00+05:30,08-09-2026 17:00:00,"Jawaharlal Nehru Stadium, Delhi - DPCC",99,Satisfactory,PM10,100,0
2026-09-08T17:00:00+05:30,08-09-2026 17:00:00,"Mandir Marg, Delhi - DPCC",96,Satisfactory,PM10,100,0
2026-09-08T17:00:00+05:30,08-09-2026 17:00:00,"IMD Lodhi Road, Delhi - IITM",96,Satisfactory,PM10,100,0
2026-09-08T17:00:00+05:30,08-09-2026 17:00:00,"ITO, Delhi - CPCB",96,Satisfactory,PM10,100,0
2026-09-08T17:00:00+05:30,08-09-2026 17:00:00,"Commonwealth Sports Complex, Delhi - DPCC",95,Satisfactory,PM10,100,0
2026-09-08T17:00:00+05:30,08-09-2026 17:00:00,"Shadipur, Delhi - CPCB",94,Satisfactory,PM10,100,0
2026-09-08T17:00:00+05:30,08-09-2026 17:00:00,"Sri Aurobindo Marg, Delhi - DPCC",94,Satisfactory,PM10,100,0
2026-09-08T17:00:00+05:30,08-09-2026 17:00:00,"IHBAS, Dilshad Garden, Delhi - CPCB",94,Satisfactory,CO,100,0
2026-09-08T17:00:00+05:30,08-09-2026 17:00:00,"IGNOU_Maidan Garhi, Delhi - DPCC",91,Satisfactory,PM10,100,0
2026-09-08T17:00:00+05:30,08-09-2026 17:00:00,"Major Dhyan Chand National Stadium, Delhi - DPCC",87,Satisfactory,PM10,100,0
2026-09-08T17:00:00+05:30,08-09-2026 17:00:00,"JNU, Delhi - DPCC",87,Satisfactory,PM10,100,0
2026-09-08T17:00:00+05:30,08-09-2026 17:00:00,"Talkatora Garden, Delhi - DPCC",83,Satisfactory,PM10,100,0
2026-09-08T17:00:00+05:30,08-09-2026 17:00:00,"Aya Nagar, Delhi - IITM",75,Satisfactory,PM10,100,0
2026-09-08T17:00:00+05:30,08-09-2026 17:00:00,"NSIT Dwarka, Delhi - CPCB",75,Satisfactory,CO,100,0
2026-09-08T17:00:00+05:30,08-09-2026 17:00:00,"NSUT Jaffarpur, Delhi - DPCC",73,Satisfactory,PM10,100,0
2026-09-08T17:00:00+05:30,08-09-2026 17:00:00,"Najafgarh, Delhi - DPCC",60,Satisfactory,PM10,100,0
2026-09-08T17:00:00+05:30,08-09-2026 17:00:00,"Cantonment Area, Delhi - DPCC",57,Satisfactory,CO,100,0
2026-09-08T17:00:00+05:30,08-09-2026 17:00:00,"R K Puram, Delhi - DPCC",52,Satisfactory,CO,100,0
2026-09-08T17:00:00+05:30,08-09-2026 17:00:00,"Alipur, Delhi - DPCC",34,Good,CO,100,0
2026-09-08T18:00:00+05:30,08-09-2026 18:00:00,"Wazirpur, Delhi - DPCC",206,Poor,PM10,100,1
2026-09-08T18:00:00+05:30,08-09-2026 18:00:00,"Bawana, Delhi - DPCC",197,Moderately Polluted,PM2.5,100,1
2026-09-08T18:00:00+05:30,08-09-2026 18:00:00,"Dwarka-Sector 8, Delhi - DPCC",177,Moderately Polluted,PM10,100,1
2026-09-08T18:00:00+05:30,08-09-2026 18:00:00,"Rohini, Delhi - DPCC",154,Moderately Polluted,PM10,100,1
2026-09-08T18:00:00+05:30,08-09-2026 18:00:00,"Pusa, Delhi - DPCC",153,Moderately Polluted,PM10,100,1
2026-09-08T18:00:00+05:30,08-09-2026 18:00:00,"IIT Delhi, Delhi - IITM",151,Moderately Polluted,PM10,100,1
2026-09-08T18:00:00+05:30,08-09-2026 18:00:00,"Mundka, Delhi - DPCC",147,Moderately Polluted,PM10,100,1
2026-09-08T18:00:00+05:30,08-09-2026 18:00:00,"Jahangirpuri, Delhi - DPCC",140,Moderately Polluted,PM10,100,1
2026-09-08T18:00:00+05:30,08-09-2026 18:00:00,"Pusa, Delhi - IITM",130,Moderately Polluted,OZONE,100,1
2026-09-08T18:00:00+05:30,08-09-2026 18:00:00,"CRRI Mathura Road, Delhi - IITM",129,Moderately Polluted,PM10,100,1
2026-09-08T18:00:00+05:30,08-09-2026 18:00:00,"Anand Vihar, Delhi - DPCC",129,Moderately Polluted,PM2.5,100,1
2026-09-08T18:00:00+05:30,08-09-2026 18:00:00,"Ashok Vihar, Delhi - DPCC",129,Moderately Polluted,PM10,100,1
2026-09-08T18:00:00+05:30,08-09-2026 18:00:00,"Punjabi Bagh, Delhi - DPCC",128,Moderately Polluted,PM10,100,1
2026-09-08T18:00:00+05:30,08-09-2026 18:00:00,"Vivek Vihar, Delhi - DPCC",127,Moderately Polluted,PM10,100,1
2026-09-08T18:00:00+05:30,08-09-2026 18:00:00,"Chandni Chowk, Delhi - IITM",124,Moderately Polluted,PM10,100,1
2026-09-08T18:00:00+05:30,08-09-2026 18:00:00,"Nehru Nagar, Delhi - DPCC",124,Moderately Polluted,PM10,100,1
2026-09-08T18:00:00+05:30,08-09-2026 18:00:00,"Okhla Phase-2, Delhi - DPCC",122,Moderately Polluted,PM10,100,1
2026-09-08T18:00:00+05:30,08-09-2026 18:00:00,"Sonia Vihar, Delhi - DPCC",120,Moderately Polluted,PM10,100,1
2026-09-08T18:00:00+05:30,08-09-2026 18:00:00,"Narela, Delhi - DPCC",118,Moderately Polluted,PM10,100,1
2026-09-08T18:00:00+05:30,08-09-2026 18:00:00,"IGI Airport (T3), Delhi - IITM",117,Moderately Polluted,NO2,100,1
2026-09-08T18:00:00+05:30,08-09-2026 18:00:00,"North Campus, DU, Delhi - IITM",117,Moderately Polluted,NO2,100,1
2026-09-08T18:00:00+05:30,08-09-2026 18:00:00,"Patparganj, Delhi - DPCC",113,Moderately Polluted,PM10,100,1
2026-09-08T18:00:00+05:30,08-09-2026 18:00:00,"Sirifort, Delhi - CPCB",109,Moderately Polluted,PM10,100,1
2026-09-08T18:00:00+05:30,08-09-2026 18:00:00,"Dr. Karni Singh Shooting Range, Delhi - DPCC",109,Moderately Polluted,PM10,100,1
2026-09-08T18:00:00+05:30,08-09-2026 18:00:00,"Burari Crossing, Delhi - IITM",109,Moderately Polluted,PM10,100,1
2026-09-08T18:00:00+05:30,08-09-2026 18:00:00,"IHBAS, Dilshad Garden, Delhi - CPCB",108,Moderately Polluted,CO,100,1
2026-09-08T18:00:00+05:30,08-09-2026 18:00:00,"DTU, Delhi - CPCB",107,Moderately Polluted,PM10,100,1
2026-09-08T18:00:00+05:30,08-09-2026 18:00:00,"Jawaharlal Nehru Stadium, Delhi - DPCC",100,Satisfactory,PM10,100,0
2026-09-08T18:00:00+05:30,08-09-2026 18:00:00,"Mandir Marg, Delhi - DPCC",97,Satisfactory,PM10,100,0
2026-09-08T18:00:00+05:30,08-09-2026 18:00:00,"ITO, Delhi - CPCB",97,Satisfactory,PM10,100,0
2026-09-08T18:00:00+05:30,08-09-2026 18:00:00,"IMD Lodhi Road, Delhi - IITM",97,Satisfactory,PM10,100,0
2026-09-08T18:00:00+05:30,08-09-2026 18:00:00,"Shadipur, Delhi - CPCB",95,Satisfactory,PM10,100,0
2026-09-08T18:00:00+05:30,08-09-2026 18:00:00,"Commonwealth Sports Complex, Delhi - DPCC",95,Satisfactory,PM10,100,0
2026-09-08T18:00:00+05:30,08-09-2026 18:00:00,"Sri Aurobindo Marg, Delhi - DPCC",95,Satisfactory,PM10,100,0
2026-09-08T18:00:00+05:30,08-09-2026 18:00:00,"IGNOU_Maidan Garhi, Delhi - DPCC",92,Satisfactory,PM10,100,0
2026-09-08T18:00:00+05:30,08-09-2026 18:00:00,"JNU, Delhi - DPCC",88,Satisfactory,PM10,100,0
2026-09-08T18:00:00+05:30,08-09-2026 18:00:00,"Major Dhyan Chand National Stadium, Delhi - DPCC",87,Satisfactory,PM10,100,0
2026-09-08T18:00:00+05:30,08-09-2026 18:00:00,"Talkatora Garden, Delhi - DPCC",84,Satisfactory,PM10,100,0
2026-09-08T18:00:00+05:30,08-09-2026 18:00:00,"NSIT Dwarka, Delhi - CPCB",81,Satisfactory,CO,100,0
2026-09-08T18:00:00+05:30,08-09-2026 18:00:00,"Aya Nagar, Delhi - IITM",76,Satisfactory,PM10,100,0
2026-09-08T18:00:00+05:30,08-09-2026 18:00:00,"NSUT Jaffarpur, Delhi - DPCC",74,Satisfactory,PM10,100,0
2026-09-08T18:00:00+05:30,08-09-2026 18:00:00,"Najafgarh, Delhi - DPCC",61,Satisfactory,PM10,100,0
2026-09-08T18:00:00+05:30,08-09-2026 18:00:00,"R K Puram, Delhi - DPCC",52,Satisfactory,CO,100,0
2026-09-08T18:00:00+05:30,08-09-2026 18:00:00,"Cantonment Area, Delhi - DPCC",51,Satisfactory,CO,100,0
2026-09-08T18:00:00+05:30,08-09-2026 18:00:00,"Alipur, Delhi - DPCC",34,Good,CO,100,0
2026-09-08T19:00:00+05:30,08-09-2026 19:00:00,"Wazirpur, Delhi - DPCC",208,Poor,PM10,100,1
2026-09-08T19:00:00+05:30,08-09-2026 19:00:00,"Bawana, Delhi - DPCC",201,Poor,PM2.5,100,1
2026-09-08T19:00:00+05:30,08-09-2026 19:00:00,"Dwarka-Sector 8, Delhi - DPCC",174,Moderately Polluted,PM10,100,1
2026-09-08T19:00:00+05:30,08-09-2026 19:00:00,"Pusa, Delhi - DPCC",156,Moderately Polluted,PM10,100,1
2026-09-08T19:00:00+05:30,08-09-2026 19:00:00,"Rohini, Delhi - DPCC",155,Moderately Polluted,PM10,100,1
2026-09-08T19:00:00+05:30,08-09-2026 19:00:00,"IIT Delhi, Delhi - IITM",152,Moderately Polluted,PM10,100,1
2026-09-08T19:00:00+05:30,08-09-2026 19:00:00,"Mundka, Delhi - DPCC",148,Moderately Polluted,PM10,100,1
2026-09-08T19:00:00+05:30,08-09-2026 19:00:00,"Jahangirpuri, Delhi - DPCC",144,Moderately Polluted,PM10,100,1
2026-09-08T19:00:00+05:30,08-09-2026 19:00:00,"Ashok Vihar, Delhi - DPCC",130,Moderately Polluted,PM10,100,1
2026-09-08T19:00:00+05:30,08-09-2026 19:00:00,"CRRI Mathura Road, Delhi - IITM",130,Moderately Polluted,PM10,100,1
2026-09-08T19:00:00+05:30,08-09-2026 19:00:00,"Punjabi Bagh, Delhi - DPCC",128,Moderately Polluted,PM10,100,1
2026-09-08T19:00:00+05:30,08-09-2026 19:00:00,"Vivek Vihar, Delhi - DPCC",127,Moderately Polluted,PM10,100,1
2026-09-08T19:00:00+05:30,08-09-2026 19:00:00,"Pusa, Delhi - IITM",127,Moderately Polluted,OZONE,100,1
2026-09-08T19:00:00+05:30,08-09-2026 19:00:00,"Chandni Chowk, Delhi - IITM",126,Moderately Polluted,PM10,100,1
2026-09-08T19:00:00+05:30,08-09-2026 19:00:00,"Nehru Nagar, Delhi - DPCC",124,Moderately Polluted,PM10,100,1
2026-09-08T19:00:00+05:30,08-09-2026 19:00:00,"IHBAS, Dilshad Garden, Delhi - CPCB",123,Moderately Polluted,CO,100,1
2026-09-08T19:00:00+05:30,08-09-2026 19:00:00,"Anand Vihar, Delhi - DPCC",123,Moderately Polluted,PM2.5,100,1
2026-09-08T19:00:00+05:30,08-09-2026 19:00:00,"Okhla Phase-2, Delhi - DPCC",122,Moderately Polluted,PM10,100,1
2026-09-08T19:00:00+05:30,08-09-2026 19:00:00,"Sonia Vihar, Delhi - DPCC",121,Moderately Polluted,PM10,100,1
2026-09-08T19:00:00+05:30,08-09-2026 19:00:00,"Narela, Delhi - DPCC",119,Moderately Polluted,PM10,100,1
2026-09-08T19:00:00+05:30,08-09-2026 19:00:00,"North Campus, DU, Delhi - IITM",116,Moderately Polluted,PM10,100,1
2026-09-08T19:00:00+05:30,08-09-2026 19:00:00,"IGI Airport (T3), Delhi - IITM",116,Moderately Polluted,NO2,100,1
2026-09-08T19:00:00+05:30,08-09-2026 19:00:00,"Patparganj, Delhi - DPCC",114,Moderately Polluted,PM10,100,1
2026-09-08T19:00:00+05:30,08-09-2026 19:00:00,"Sirifort, Delhi - CPCB",110,Moderately Polluted,PM10,100,1
2026-09-08T19:00:00+05:30,08-09-2026 19:00:00,"Dr. Karni Singh Shooting Range, Delhi - DPCC",110,Moderately Polluted,PM10,100,1
2026-09-08T19:00:00+05:30,08-09-2026 19:00:00,"Burari Crossing, Delhi - IITM",110,Moderately Polluted,PM10,100,1
2026-09-08T19:00:00+05:30,08-09-2026 19:00:00,"DTU, Delhi - CPCB",109,Moderately Polluted,PM10,100,1
2026-09-08T19:00:00+05:30,08-09-2026 19:00:00,"Jawaharlal Nehru Stadium, Delhi - DPCC",101,Moderately Polluted,PM10,100,1
2026-09-08T19:00:00+05:30,08-09-2026 19:00:00,"Mandir Marg, Delhi - DPCC",98,Satisfactory,PM10,100,0
2026-09-08T19:00:00+05:30,08-09-2026 19:00:00,"ITO, Delhi - CPCB",98,Satisfactory,PM10,100,0
2026-09-08T19:00:00+05:30,08-09-2026 19:00:00,"IMD Lodhi Road, Delhi - IITM",97,Satisfactory,PM10,100,0
2026-09-08T19:00:00+05:30,08-09-2026 19:00:00,"Sri Aurobindo Marg, Delhi - DPCC",96,Satisfactory,PM10,100,0
2026-09-08T19:00:00+05:30,08-09-2026 19:00:00,"Commonwealth Sports Complex, Delhi - DPCC",96,Satisfactory,PM10,100,0
2026-09-08T19:00:00+05:30,08-09-2026 19:00:00,"Shadipur, Delhi - CPCB",95,Satisfactory,PM10,100,0
2026-09-08T19:00:00+05:30,08-09-2026 19:00:00,"IGNOU_Maidan Garhi, Delhi - DPCC",92,Satisfactory,PM10,100,0
2026-09-08T19:00:00+05:30,08-09-2026 19:00:00,"JNU, Delhi - DPCC",89,Satisfactory,PM10,100,0
2026-09-08T19:00:00+05:30,08-09-2026 19:00:00,"Major Dhyan Chand National Stadium, Delhi - DPCC",88,Satisfactory,PM10,100,0
2026-09-08T19:00:00+05:30,08-09-2026 19:00:00,"Talkatora Garden, Delhi - DPCC",85,Satisfactory,PM10,100,0
2026-09-08T19:00:00+05:30,08-09-2026 19:00:00,"NSIT Dwarka, Delhi - CPCB",83,Satisfactory,CO,100,0
2026-09-08T19:00:00+05:30,08-09-2026 19:00:00,"Aya Nagar, Delhi - IITM",76,Satisfactory,PM10,100,0
2026-09-08T19:00:00+05:30,08-09-2026 19:00:00,"NSUT Jaffarpur, Delhi - DPCC",75,Satisfactory,PM10,100,0
2026-09-08T19:00:00+05:30,08-09-2026 19:00:00,"Najafgarh, Delhi - DPCC",62,Satisfactory,PM10,100,0
2026-09-08T19:00:00+05:30,08-09-2026 19:00:00,"R K Puram, Delhi - DPCC",55,Satisfactory,CO,100,0
2026-09-08T19:00:00+05:30,08-09-2026 19:00:00,"Cantonment Area, Delhi - DPCC",49,Good,PM10,100,0
2026-09-08T19:00:00+05:30,08-09-2026 19:00:00,"Alipur, Delhi - DPCC",34,Good,CO,100,0
2026-09-08T20:00:00+05:30,08-09-2026 20:00:00,"Bawana, Delhi - DPCC",211,Poor,PM2.5,100,1
2026-09-08T20:00:00+05:30,08-09-2026 20:00:00,"Wazirpur, Delhi - DPCC",210,Poor,PM10,100,1
2026-09-08T20:00:00+05:30,08-09-2026 20:00:00,"Dwarka-Sector 8, Delhi - DPCC",164,Moderately Polluted,PM10,100,1
2026-09-08T20:00:00+05:30,08-09-2026 20:00:00,"Pusa, Delhi - DPCC",160,Moderately Polluted,PM10,100,1
2026-09-08T20:00:00+05:30,08-09-2026 20:00:00,"Rohini, Delhi - DPCC",156,Moderately Polluted,PM10,100,1
2026-09-08T20:00:00+05:30,08-09-2026 20:00:00,"IIT Delhi, Delhi - IITM",152,Moderately Polluted,PM10,100,1
2026-09-08T20:00:00+05:30,08-09-2026 20:00:00,"Mundka, Delhi - DPCC",149,Moderately Polluted,PM10,100,1
2026-09-08T20:00:00+05:30,08-09-2026 20:00:00,"Jahangirpuri, Delhi - DPCC",148,Moderately Polluted,PM10,100,1
2026-09-08T20:00:00+05:30,08-09-2026 20:00:00,"CRRI Mathura Road, Delhi - IITM",133,Moderately Polluted,PM10,100,1
2026-09-08T20:00:00+05:30,08-09-2026 20:00:00,"Ashok Vihar, Delhi - DPCC",130,Moderately Polluted,PM10,100,1
2026-09-08T20:00:00+05:30,08-09-2026 20:00:00,"Punjabi Bagh, Delhi - DPCC",128,Moderately Polluted,PM10,100,1
2026-09-08T20:00:00+05:30,08-09-2026 20:00:00,"Vivek Vihar, Delhi - DPCC",126,Moderately Polluted,PM10,100,1
2026-09-08T20:00:00+05:30,08-09-2026 20:00:00,"Chandni Chowk, Delhi - IITM",126,Moderately Polluted,PM10,100,1
2026-09-08T20:00:00+05:30,08-09-2026 20:00:00,"Nehru Nagar, Delhi - DPCC",125,Moderately Polluted,PM10,100,1
2026-09-08T20:00:00+05:30,08-09-2026 20:00:00,"IHBAS, Dilshad Garden, Delhi - CPCB",124,Moderately Polluted,CO,100,1
2026-09-08T20:00:00+05:30,08-09-2026 20:00:00,"Sonia Vihar, Delhi - DPCC",123,Moderately Polluted,PM10,100,1
2026-09-08T20:00:00+05:30,08-09-2026 20:00:00,"Okhla Phase-2, Delhi - DPCC",122,Moderately Polluted,PM10,100,1
2026-09-08T20:00:00+05:30,08-09-2026 20:00:00,"Narela, Delhi - DPCC",119,Moderately Polluted,PM10,100,1
2026-09-08T20:00:00+05:30,08-09-2026 20:00:00,"Pusa, Delhi - IITM",119,Moderately Polluted,OZONE,100,1
2026-09-08T20:00:00+05:30,08-09-2026 20:00:00,"Anand Vihar, Delhi - DPCC",118,Moderately Polluted,PM2.5,100,1
2026-09-08T20:00:00+05:30,08-09-2026 20:00:00,"North Campus, DU, Delhi - IITM",116,Moderately Polluted,PM10,100,1
2026-09-08T20:00:00+05:30,08-09-2026 20:00:00,"Patparganj, Delhi - DPCC",115,Moderately Polluted,PM10,100,1
2026-09-08T20:00:00+05:30,08-09-2026 20:00:00,"IGI Airport (T3), Delhi - IITM",114,Moderately Polluted,NO2,100,1
2026-09-08T20:00:00+05:30,08-09-2026 20:00:00,"Dr. Karni Singh Shooting Range, Delhi - DPCC",112,Moderately Polluted,PM10,100,1
2026-09-08T20:00:00+05:30,08-09-2026 20:00:00,"Burari Crossing, Delhi - IITM",112,Moderately Polluted,PM10,100,1
2026-09-08T20:00:00+05:30,08-09-2026 20:00:00,"Sirifort, Delhi - CPCB",111,Moderately Polluted,PM10,100,1
2026-09-08T20:00:00+05:30,08-09-2026 20:00:00,"DTU, Delhi - CPCB",109,Moderately Polluted,PM10,100,1
2026-09-08T20:00:00+05:30,08-09-2026 20:00:00,"Jawaharlal Nehru Stadium, Delhi - DPCC",102,Moderately Polluted,PM10,100,1
2026-09-08T20:00:00+05:30,08-09-2026 20:00:00,"Mandir Marg, Delhi - DPCC",99,Satisfactory,PM10,100,0
2026-09-08T20:00:00+05:30,08-09-2026 20:00:00,"ITO, Delhi - CPCB",99,Satisfactory,PM10,100,0
2026-09-08T20:00:00+05:30,08-09-2026 20:00:00,"Sri Aurobindo Marg, Delhi - DPCC",98,Satisfactory,PM10,100,0
2026-09-08T20:00:00+05:30,08-09-2026 20:00:00,"IMD Lodhi Road, Delhi - IITM",97,Satisfactory,PM10,100,0
2026-09-08T20:00:00+05:30,08-09-2026 20:00:00,"Commonwealth Sports Complex, Delhi - DPCC",96,Satisfactory,PM10,100,0
2026-09-08T20:00:00+05:30,08-09-2026 20:00:00,"Shadipur, Delhi - CPCB",94,Satisfactory,PM10,100,0
2026-09-08T20:00:00+05:30,08-09-2026 20:00:00,"IGNOU_Maidan Garhi, Delhi - DPCC",93,Satisfactory,PM10,100,0
2026-09-08T20:00:00+05:30,08-09-2026 20:00:00,"JNU, Delhi - DPCC",90,Satisfactory,PM10,100,0
2026-09-08T20:00:00+05:30,08-09-2026 20:00:00,"Major Dhyan Chand National Stadium, Delhi - DPCC",88,Satisfactory,PM10,100,0
2026-09-08T20:00:00+05:30,08-09-2026 20:00:00,"Talkatora Garden, Delhi - DPCC",85,Satisfactory,PM10,100,0
2026-09-08T20:00:00+05:30,08-09-2026 20:00:00,"NSIT Dwarka, Delhi - CPCB",84,Satisfactory,CO,100,0
2026-09-08T20:00:00+05:30,08-09-2026 20:00:00,"NSUT Jaffarpur, Delhi - DPCC",76,Satisfactory,PM10,100,0
2026-09-08T20:00:00+05:30,08-09-2026 20:00:00,"Aya Nagar, Delhi - IITM",76,Satisfactory,PM10,100,0
2026-09-08T20:00:00+05:30,08-09-2026 20:00:00,"Najafgarh, Delhi - DPCC",63,Satisfactory,PM10,100,0
2026-09-08T20:00:00+05:30,08-09-2026 20:00:00,"R K Puram, Delhi - DPCC",62,Satisfactory,CO,100,0
2026-09-08T20:00:00+05:30,08-09-2026 20:00:00,"Cantonment Area, Delhi - DPCC",50,Good,PM10,100,0
2026-09-08T20:00:00+05:30,08-09-2026 20:00:00,"Alipur, Delhi - DPCC",35,Good,CO,100,0
2026-09-08T21:00:00+05:30,08-09-2026 21:00:00,"Wazirpur, Delhi - DPCC",213,Poor,PM10,100,1
2026-09-08T21:00:00+05:30,08-09-2026 21:00:00,"Bawana, Delhi - DPCC",211,Poor,PM2.5,100,1
2026-09-08T21:00:00+05:30,08-09-2026 21:00:00,"Pusa, Delhi - DPCC",166,Moderately Polluted,PM10,100,1
2026-09-08T21:00:00+05:30,08-09-2026 21:00:00,"Rohini, Delhi - DPCC",156,Moderately Polluted,PM10,100,1
2026-09-08T21:00:00+05:30,08-09-2026 21:00:00,"IIT Delhi, Delhi - IITM",153,Moderately Polluted,PM10,100,1
2026-09-08T21:00:00+05:30,08-09-2026 21:00:00,"Jahangirpuri, Delhi - DPCC",152,Moderately Polluted,PM10,100,1
2026-09-08T21:00:00+05:30,08-09-2026 21:00:00,"Dwarka-Sector 8, Delhi - DPCC",151,Moderately Polluted,PM10,100,1
2026-09-08T21:00:00+05:30,08-09-2026 21:00:00,"Mundka, Delhi - DPCC",148,Moderately Polluted,PM10,100,1
2026-09-08T21:00:00+05:30,08-09-2026 21:00:00,"CRRI Mathura Road, Delhi - IITM",132,Moderately Polluted,PM10,100,1
2026-09-08T21:00:00+05:30,08-09-2026 21:00:00,"Nehru Nagar, Delhi - DPCC",131,Moderately Polluted,PM10,100,1
2026-09-08T21:00:00+05:30,08-09-2026 21:00:00,"Ashok Vihar, Delhi - DPCC",130,Moderately Polluted,PM10,100,1
2026-09-08T21:00:00+05:30,08-09-2026 21:00:00,"Punjabi Bagh, Delhi - DPCC",128,Moderately Polluted,PM10,100,1
2026-09-08T21:00:00+05:30,08-09-2026 21:00:00,"Vivek Vihar, Delhi - DPCC",127,Moderately Polluted,PM10,100,1
2026-09-08T21:00:00+05:30,08-09-2026 21:00:00,"Sonia Vihar, Delhi - DPCC",125,Moderately Polluted,PM10,100,1
2026-09-08T21:00:00+05:30,08-09-2026 21:00:00,"Chandni Chowk, Delhi - IITM",125,Moderately Polluted,PM10,100,1
2026-09-08T21:00:00+05:30,08-09-2026 21:00:00,"IHBAS, Dilshad Garden, Delhi - CPCB",124,Moderately Polluted,CO,100,1
2026-09-08T21:00:00+05:30,08-09-2026 21:00:00,"Okhla Phase-2, Delhi - DPCC",122,Moderately Polluted,PM10,100,1
2026-09-08T21:00:00+05:30,08-09-2026 21:00:00,"Narela, Delhi - DPCC",119,Moderately Polluted,PM10,100,1
2026-09-08T21:00:00+05:30,08-09-2026 21:00:00,"North Campus, DU, Delhi - IITM",117,Moderately Polluted,PM10,100,1
2026-09-08T21:00:00+05:30,08-09-2026 21:00:00,"Patparganj, Delhi - DPCC",115,Moderately Polluted,PM10,100,1
2026-09-08T21:00:00+05:30,08-09-2026 21:00:00,"IGI Airport (T3), Delhi - IITM",113,Moderately Polluted,NO2,100,1
2026-09-08T21:00:00+05:30,08-09-2026 21:00:00,"Dr. Karni Singh Shooting Range, Delhi - DPCC",113,Moderately Polluted,PM10,100,1
2026-09-08T21:00:00+05:30,08-09-2026 21:00:00,"Burari Crossing, Delhi - IITM",113,Moderately Polluted,PM10,100,1
2026-09-08T21:00:00+05:30,08-09-2026 21:00:00,"Anand Vihar, Delhi - DPCC",112,Moderately Polluted,PM2.5,100,1
2026-09-08T21:00:00+05:30,08-09-2026 21:00:00,"Sirifort, Delhi - CPCB",112,Moderately Polluted,PM10,100,1
2026-09-08T21:00:00+05:30,08-09-2026 21:00:00,"DTU, Delhi - CPCB",110,Moderately Polluted,PM10,100,1
2026-09-08T21:00:00+05:30,08-09-2026 21:00:00,"Pusa, Delhi - IITM",108,Moderately Polluted,OZONE,100,1
2026-09-08T21:00:00+05:30,08-09-2026 21:00:00,"Jawaharlal Nehru Stadium, Delhi - DPCC",103,Moderately Polluted,PM10,100,1
2026-09-08T21:00:00+05:30,08-09-2026 21:00:00,"Mandir Marg, Delhi - DPCC",100,Satisfactory,PM10,100,0
2026-09-08T21:00:00+05:30,08-09-2026 21:00:00,"ITO, Delhi - CPCB",100,Satisfactory,PM10,100,0
2026-09-08T21:00:00+05:30,08-09-2026 21:00:00,"Sri Aurobindo Marg, Delhi - DPCC",100,Satisfactory,PM10,100,0
2026-09-08T21:00:00+05:30,08-09-2026 21:00:00,"IMD Lodhi Road, Delhi - IITM",98,Satisfactory,PM10,100,0
2026-09-08T21:00:00+05:30,08-09-2026 21:00:00,"Commonwealth Sports Complex, Delhi - DPCC",97,Satisfactory,PM10,100,0
2026-09-08T21:00:00+05:30,08-09-2026 21:00:00,"IGNOU_Maidan Garhi, Delhi - DPCC",94,Satisfactory,PM10,100,0
2026-09-08T21:00:00+05:30,08-09-2026 21:00:00,"Shadipur, Delhi - CPCB",92,Satisfactory,PM10,100,0
2026-09-08T21:00:00+05:30,08-09-2026 21:00:00,"JNU, Delhi - DPCC",90,Satisfactory,PM10,100,0
2026-09-08T21:00:00+05:30,08-09-2026 21:00:00,"Major Dhyan Chand National Stadium, Delhi - DPCC",89,Satisfactory,PM10,100,0
2026-09-08T21:00:00+05:30,08-09-2026 21:00:00,"Talkatora Garden, Delhi - DPCC",85,Satisfactory,PM10,100,0
2026-09-08T21:00:00+05:30,08-09-2026 21:00:00,"NSIT Dwarka, Delhi - CPCB",83,Satisfactory,PM10,100,0
2026-09-08T21:00:00+05:30,08-09-2026 21:00:00,"NSUT Jaffarpur, Delhi - DPCC",77,Satisfactory,PM10,100,0
2026-09-08T21:00:00+05:30,08-09-2026 21:00:00,"Aya Nagar, Delhi - IITM",76,Satisfactory,PM10,100,0
2026-09-08T21:00:00+05:30,08-09-2026 21:00:00,"R K Puram, Delhi - DPCC",71,Satisfactory,CO,100,0
2026-09-08T21:00:00+05:30,08-09-2026 21:00:00,"Najafgarh, Delhi - DPCC",64,Satisfactory,PM10,100,0
2026-09-08T21:00:00+05:30,08-09-2026 21:00:00,"Cantonment Area, Delhi - DPCC",52,Satisfactory,PM10,100,0
2026-09-08T21:00:00+05:30,08-09-2026 21:00:00,"Alipur, Delhi - DPCC",36,Good,CO,100,0
2026-09-08T22:00:00+05:30,08-09-2026 22:00:00,"Bawana, Delhi - DPCC",210,Poor,PM2.5,100,1
2026-09-08T22:00:00+05:30,08-09-2026 22:00:00,"Wazirpur, Delhi - DPCC",203,Poor,PM10,100,1
2026-09-08T22:00:00+05:30,08-09-2026 22:00:00,"Pusa, Delhi - DPCC",174,Moderately Polluted,PM10,100,1
2026-09-08T22:00:00+05:30,08-09-2026 22:00:00,"Rohini, Delhi - DPCC",156,Moderately Polluted,PM10,100,1
2026-09-08T22:00:00+05:30,08-09-2026 22:00:00,"Jahangirpuri, Delhi - DPCC",152,Moderately Polluted,PM10,100,1
2026-09-08T22:00:00+05:30,08-09-2026 22:00:00,"IIT Delhi, Delhi - IITM",152,Moderately Polluted,PM10,100,1
2026-09-08T22:00:00+05:30,08-09-2026 22:00:00,"Mundka, Delhi - DPCC",146,Moderately Polluted,PM10,100,1
2026-09-08T22:00:00+05:30,08-09-2026 22:00:00,"Dwarka-Sector 8, Delhi - DPCC",138,Moderately Polluted,PM10,100,1
2026-09-08T22:00:00+05:30,08-09-2026 22:00:00,"Nehru Nagar, Delhi - DPCC",133,Moderately Polluted,PM10,100,1
2026-09-08T22:00:00+05:30,08-09-2026 22:00:00,"Ashok Vihar, Delhi - DPCC",130,Moderately Polluted,PM10,100,1
2026-09-08T22:00:00+05:30,08-09-2026 22:00:00,"CRRI Mathura Road, Delhi - IITM",130,Moderately Polluted,PM10,100,1
2026-09-08T22:00:00+05:30,08-09-2026 22:00:00,"Punjabi Bagh, Delhi - DPCC",127,Moderately Polluted,PM10,100,1
2026-09-08T22:00:00+05:30,08-09-2026 22:00:00,"Sonia Vihar, Delhi - DPCC",127,Moderately Polluted,PM10,100,1
2026-09-08T22:00:00+05:30,08-09-2026 22:00:00,"Vivek Vihar, Delhi - DPCC",126,Moderately Polluted,PM10,100,1
2026-09-08T22:00:00+05:30,08-09-2026 22:00:00,"Chandni Chowk, Delhi - IITM",123,Moderately Polluted,PM10,100,1
2026-09-08T22:00:00+05:30,08-09-2026 22:00:00,"Okhla Phase-2, Delhi - DPCC",120,Moderately Polluted,PM10,100,1
2026-09-08T22:00:00+05:30,08-09-2026 22:00:00,"Narela, Delhi - DPCC",118,Moderately Polluted,PM10,100,1
2026-09-08T22:00:00+05:30,08-09-2026 22:00:00,"North Campus, DU, Delhi - IITM",118,Moderately Polluted,PM10,100,1
2026-09-08T22:00:00+05:30,08-09-2026 22:00:00,"Sirifort, Delhi - CPCB",114,Moderately Polluted,PM10,100,1
2026-09-08T22:00:00+05:30,08-09-2026 22:00:00,"Dr. Karni Singh Shooting Range, Delhi - DPCC",114,Moderately Polluted,PM10,100,1
2026-09-08T22:00:00+05:30,08-09-2026 22:00:00,"Burari Crossing, Delhi - IITM",114,Moderately Polluted,PM10,100,1
2026-09-08T22:00:00+05:30,08-09-2026 22:00:00,"Patparganj, Delhi - DPCC",113,Moderately Polluted,PM10,100,1
2026-09-08T22:00:00+05:30,08-09-2026 22:00:00,"IGI Airport (T3), Delhi - IITM",112,Moderately Polluted,NO2,100,1
2026-09-08T22:00:00+05:30,08-09-2026 22:00:00,"DTU, Delhi - CPCB",110,Moderately Polluted,PM10,100,1
2026-09-08T22:00:00+05:30,08-09-2026 22:00:00,"Jawaharlal Nehru Stadium, Delhi - DPCC",103,Moderately Polluted,PM10,100,1
2026-09-08T22:00:00+05:30,08-09-2026 22:00:00,"Mandir Marg, Delhi - DPCC",101,Moderately Polluted,PM10,100,1
2026-09-08T22:00:00+05:30,08-09-2026 22:00:00,"Anand Vihar, Delhi - DPCC",101,Moderately Polluted,PM2.5,100,1
2026-09-08T22:00:00+05:30,08-09-2026 22:00:00,"ITO, Delhi - CPCB",101,Moderately Polluted,PM10,100,1
2026-09-08T22:00:00+05:30,08-09-2026 22:00:00,"Sri Aurobindo Marg, Delhi - DPCC",100,Satisfactory,PM10,100,0
2026-09-08T22:00:00+05:30,08-09-2026 22:00:00,"IMD Lodhi Road, Delhi - IITM",99,Satisfactory,PM10,100,0
2026-09-08T22:00:00+05:30,08-09-2026 22:00:00,"Commonwealth Sports Complex, Delhi - DPCC",98,Satisfactory,PM10,100,0
2026-09-08T22:00:00+05:30,08-09-2026 22:00:00,"Pusa, Delhi - IITM",96,Satisfactory,OZONE,100,0
2026-09-08T22:00:00+05:30,08-09-2026 22:00:00,"IGNOU_Maidan Garhi, Delhi - DPCC",94,Satisfactory,PM10,100,0
2026-09-08T22:00:00+05:30,08-09-2026 22:00:00,"Shadipur, Delhi - CPCB",91,Satisfactory,PM10,100,0
2026-09-08T22:00:00+05:30,08-09-2026 22:00:00,"JNU, Delhi - DPCC",90,Satisfactory,PM10,100,0
2026-09-08T22:00:00+05:30,08-09-2026 22:00:00,"Major Dhyan Chand National Stadium, Delhi - DPCC",90,Satisfactory,PM10,100,0
2026-09-08T22:00:00+05:30,08-09-2026 22:00:00,"Talkatora Garden, Delhi - DPCC",85,Satisfactory,PM10,100,0
2026-09-08T22:00:00+05:30,08-09-2026 22:00:00,"NSIT Dwarka, Delhi - CPCB",84,Satisfactory,PM10,100,0
2026-09-08T22:00:00+05:30,08-09-2026 22:00:00,"R K Puram, Delhi - DPCC",81,Satisfactory,CO,100,0
2026-09-08T22:00:00+05:30,08-09-2026 22:00:00,"NSUT Jaffarpur, Delhi - DPCC",78,Satisfactory,PM10,100,0
2026-09-08T22:00:00+05:30,08-09-2026 22:00:00,"Aya Nagar, Delhi - IITM",76,Satisfactory,PM10,100,0
2026-09-08T22:00:00+05:30,08-09-2026 22:00:00,"IHBAS, Dilshad Garden, Delhi - CPCB",74,Satisfactory,PM10,100,0
2026-09-08T22:00:00+05:30,08-09-2026 22:00:00,"Najafgarh, Delhi - DPCC",65,Satisfactory,PM10,100,0
2026-09-08T22:00:00+05:30,08-09-2026 22:00:00,"Cantonment Area, Delhi - DPCC",54,Satisfactory,PM10,100,0
2026-09-08T22:00:00+05:30,08-09-2026 22:00:00,"Alipur, Delhi - DPCC",38,Good,CO,100,0
2026-09-09T04:00:00+05:30,09-09-2026 04:00:00,"Bawana, Delhi - DPCC",216,Poor,PM2.5,100,1
2026-09-09T04:00:00+05:30,09-09-2026 04:00:00,"Wazirpur, Delhi - DPCC",198,Moderately Polluted,PM10,100,1
2026-09-09T04:00:00+05:30,09-09-2026 04:00:00,"Pusa, Delhi - DPCC",174,Moderately Polluted,PM10,100,1
2026-09-09T04:00:00+05:30,09-09-2026 04:00:00,"IIT Delhi, Delhi - IITM",156,Moderately Polluted,PM10,100,1
2026-09-09T04:00:00+05:30,09-09-2026 04:00:00,"Rohini, Delhi - DPCC",154,Moderately Polluted,PM10,100,1
2026-09-09T04:00:00+05:30,09-09-2026 04:00:00,"Dwarka-Sector 8, Delhi - DPCC",153,Moderately Polluted,PM10,100,1
2026-09-09T04:00:00+05:30,09-09-2026 04:00:00,"Jahangirpuri, Delhi - DPCC",149,Moderately Polluted,PM10,100,1
2026-09-09T04:00:00+05:30,09-09-2026 04:00:00,"Mundka, Delhi - DPCC",147,Moderately Polluted,PM10,100,1
2026-09-09T04:00:00+05:30,09-09-2026 04:00:00,"Chandni Chowk, Delhi - IITM",144,Moderately Polluted,PM10,100,1
2026-09-09T04:00:00+05:30,09-09-2026 04:00:00,"Nehru Nagar, Delhi - DPCC",140,Moderately Polluted,PM10,100,1
2026-09-09T04:00:00+05:30,09-09-2026 04:00:00,"CRRI Mathura Road, Delhi - IITM",136,Moderately Polluted,PM10,100,1
2026-09-09T04:00:00+05:30,09-09-2026 04:00:00,"Punjabi Bagh, Delhi - DPCC",135,Moderately Polluted,PM10,100,1
2026-09-09T04:00:00+05:30,09-09-2026 04:00:00,"Ashok Vihar, Delhi - DPCC",132,Moderately Polluted,PM10,100,1
2026-09-09T04:00:00+05:30,09-09-2026 04:00:00,"Sonia Vihar, Delhi - DPCC",130,Moderately Polluted,PM10,100,1
2026-09-09T04:00:00+05:30,09-09-2026 04:00:00,"Okhla Phase-2, Delhi - DPCC",130,Moderately Polluted,PM10,100,1
2026-09-09T04:00:00+05:30,09-09-2026 04:00:00,"Alipur, Delhi - DPCC",128,Moderately Polluted,PM10,100,1
2026-09-09T04:00:00+05:30,09-09-2026 04:00:00,"Vivek Vihar, Delhi - DPCC",124,Moderately Polluted,PM10,100,1
2026-09-09T04:00:00+05:30,09-09-2026 04:00:00,"Patparganj, Delhi - DPCC",124,Moderately Polluted,PM10,100,1
2026-09-09T04:00:00+05:30,09-09-2026 04:00:00,"Sirifort, Delhi - CPCB",123,Moderately Polluted,PM10,100,1
2026-09-09T04:00:00+05:30,09-09-2026 04:00:00,"Narela, Delhi - DPCC",122,Moderately Polluted,PM10,100,1
2026-09-09T04:00:00+05:30,09-09-2026 04:00:00,"Dr. Karni Singh Shooting Range, Delhi - DPCC",121,Moderately Polluted,PM10,100,1
2026-09-09T04:00:00+05:30,09-09-2026 04:00:00,"North Campus, DU, Delhi - IITM",120,Moderately Polluted,PM10,100,1
2026-09-09T04:00:00+05:30,09-09-2026 04:00:00,"Burari Crossing, Delhi - IITM",117,Moderately Polluted,PM10,100,1
2026-09-09T04:00:00+05:30,09-09-2026 04:00:00,"IGI Airport (T3), Delhi - IITM",116,Moderately Polluted,PM10,100,1
2026-09-09T04:00:00+05:30,09-09-2026 04:00:00,"ITO, Delhi - CPCB",114,Moderately Polluted,PM10,100,1
2026-09-09T04:00:00+05:30,09-09-2026 04:00:00,"Jawaharlal Nehru Stadium, Delhi - DPCC",110,Moderately Polluted,PM10,100,1
2026-09-09T04:00:00+05:30,09-09-2026 04:00:00,"DTU, Delhi - CPCB",109,Moderately Polluted,PM10,100,1
2026-09-09T04:00:00+05:30,09-09-2026 04:00:00,"Mandir Marg, Delhi - DPCC",107,Moderately Polluted,PM10,100,1
2026-09-09T04:00:00+05:30,09-09-2026 04:00:00,"R K Puram, Delhi - DPCC",107,Moderately Polluted,CO,100,1
2026-09-09T04:00:00+05:30,09-09-2026 04:00:00,"IMD Lodhi Road, Delhi - IITM",105,Moderately Polluted,PM10,100,1
2026-09-09T04:00:00+05:30,09-09-2026 04:00:00,"Major Dhyan Chand National Stadium, Delhi - DPCC",104,Moderately Polluted,CO,100,1
2026-09-09T04:00:00+05:30,09-09-2026 04:00:00,"Pusa, Delhi - IITM",104,Moderately Polluted,PM10,100,1
2026-09-09T04:00:00+05:30,09-09-2026 04:00:00,"IGNOU_Maidan Garhi, Delhi - DPCC",103,Moderately Polluted,PM10,100,1
2026-09-09T04:00:00+05:30,09-09-2026 04:00:00,"Sri Aurobindo Marg, Delhi - DPCC",102,Moderately Polluted,PM10,100,1
2026-09-09T04:00:00+05:30,09-09-2026 04:00:00,"Commonwealth Sports Complex, Delhi - DPCC",101,Moderately Polluted,PM10,100,1
2026-09-09T04:00:00+05:30,09-09-2026 04:00:00,"Shadipur, Delhi - CPCB",99,Satisfactory,PM10,100,0
2026-09-09T04:00:00+05:30,09-09-2026 04:00:00,"Anand Vihar, Delhi - DPCC",98,Satisfactory,PM10,100,0
2026-09-09T04:00:00+05:30,09-09-2026 04:00:00,"NSIT Dwarka, Delhi - CPCB",96,Satisfactory,PM10,100,0
2026-09-09T04:00:00+05:30,09-09-2026 04:00:00,"JNU, Delhi - DPCC",96,Satisfactory,PM10,100,0
2026-09-09T04:00:00+05:30,09-09-2026 04:00:00,"NSUT Jaffarpur, Delhi - DPCC",93,Satisfactory,PM10,100,0
2026-09-09T04:00:00+05:30,09-09-2026 04:00:00,"Talkatora Garden, Delhi - DPCC",90,Satisfactory,PM10,100,0
2026-09-09T04:00:00+05:30,09-09-2026 04:00:00,"Aya Nagar, Delhi - IITM",88,Satisfactory,PM10,100,0
2026-09-09T04:00:00+05:30,09-09-2026 04:00:00,"Cantonment Area, Delhi - DPCC",86,Satisfactory,CO,100,0
2026-09-09T04:00:00+05:30,09-09-2026 04:00:00,"Najafgarh, Delhi - DPCC",81,Satisfactory,PM10,100,0
2026-09-09T04:00:00+05:30,09-09-2026 04:00:00,"IHBAS, Dilshad Garden, Delhi - CPCB",77,Satisfactory,PM10,100,0
2026-09-09T05:00:00+05:30,09-09-2026 05:00:00,"Bawana, Delhi - DPCC",218,Poor,PM2.5,100,1
2026-09-09T05:00:00+05:30,09-09-2026 05:00:00,"Wazirpur, Delhi - DPCC",200,Moderately Polluted,PM10,100,1
2026-09-09T05:00:00+05:30,09-09-2026 05:00:00,"Pusa, Delhi - DPCC",176,Moderately Polluted,PM10,100,1
2026-09-09T05:00:00+05:30,09-09-2026 05:00:00,"IIT Delhi, Delhi - IITM",157,Moderately Polluted,PM10,100,1
2026-09-09T05:00:00+05:30,09-09-2026 05:00:00,"Rohini, Delhi - DPCC",157,Moderately Polluted,PM10,100,1
2026-09-09T05:00:00+05:30,09-09-2026 05:00:00,"Dwarka-Sector 8, Delhi - DPCC",154,Moderately Polluted,PM10,100,1
2026-09-09T05:00:00+05:30,09-09-2026 05:00:00,"Jahangirpuri, Delhi - DPCC",151,Moderately Polluted,PM10,100,1
2026-09-09T05:00:00+05:30,09-09-2026 05:00:00,"Mundka, Delhi - DPCC",150,Moderately Polluted,PM10,100,1
2026-09-09T05:00:00+05:30,09-09-2026 05:00:00,"Chandni Chowk, Delhi - IITM",149,Moderately Polluted,PM10,100,1
2026-09-09T05:00:00+05:30,09-09-2026 05:00:00,"Nehru Nagar, Delhi - DPCC",143,Moderately Polluted,PM10,100,1
2026-09-09T05:00:00+05:30,09-09-2026 05:00:00,"Punjabi Bagh, Delhi - DPCC",138,Moderately Polluted,PM10,100,1
2026-09-09T05:00:00+05:30,09-09-2026 05:00:00,"CRRI Mathura Road, Delhi - IITM",137,Moderately Polluted,PM10,100,1
2026-09-09T05:00:00+05:30,09-09-2026 05:00:00,"Okhla Phase-2, Delhi - DPCC",134,Moderately Polluted,PM10,100,1
2026-09-09T05:00:00+05:30,09-09-2026 05:00:00,"Ashok Vihar, Delhi - DPCC",133,Moderately Polluted,PM10,100,1
2026-09-09T05:00:00+05:30,09-09-2026 05:00:00,"Sonia Vihar, Delhi - DPCC",133,Moderately Polluted,PM10,100,1
2026-09-09T05:00:00+05:30,09-09-2026 05:00:00,"Alipur, Delhi - DPCC",127,Moderately Polluted,PM10,100,1
2026-09-09T05:00:00+05:30,09-09-2026 05:00:00,"Patparganj, Delhi - DPCC",127,Moderately Polluted,PM10,100,1
2026-09-09T05:00:00+05:30,09-09-2026 05:00:00,"Sirifort, Delhi - CPCB",126,Moderately Polluted,PM10,100,1
2026-09-09T05:00:00+05:30,09-09-2026 05:00:00,"Vivek Vihar, Delhi - DPCC",125,Moderately Polluted,PM10,100,1
2026-09-09T05:00:00+05:30,09-09-2026 05:00:00,"Dr. Karni Singh Shooting Range, Delhi - DPCC",124,Moderately Polluted,PM10,100,1
2026-09-09T05:00:00+05:30,09-09-2026 05:00:00,"Narela, Delhi - DPCC",124,Moderately Polluted,PM10,100,1
2026-09-09T05:00:00+05:30,09-09-2026 05:00:00,"North Campus, DU, Delhi - IITM",122,Moderately Polluted,PM10,100,1
2026-09-09T05:00:00+05:30,09-09-2026 05:00:00,"Burari Crossing, Delhi - IITM",118,Moderately Polluted,PM10,100,1
2026-09-09T05:00:00+05:30,09-09-2026 05:00:00,"IGI Airport (T3), Delhi - IITM",118,Moderately Polluted,PM10,100,1
2026-09-09T05:00:00+05:30,09-09-2026 05:00:00,"ITO, Delhi - CPCB",116,Moderately Polluted,PM10,100,1
2026-09-09T05:00:00+05:30,09-09-2026 05:00:00,"Jawaharlal Nehru Stadium, Delhi - DPCC",114,Moderately Polluted,PM10,100,1
2026-09-09T05:00:00+05:30,09-09-2026 05:00:00,"DTU, Delhi - CPCB",111,Moderately Polluted,PM10,100,1
2026-09-09T05:00:00+05:30,09-09-2026 05:00:00,"Mandir Marg, Delhi - DPCC",108,Moderately Polluted,PM10,100,1
2026-09-09T05:00:00+05:30,09-09-2026 05:00:00,"R K Puram, Delhi - DPCC",107,Moderately Polluted,CO,100,1
2026-09-09T05:00:00+05:30,09-09-2026 05:00:00,"IGNOU_Maidan Garhi, Delhi - DPCC",107,Moderately Polluted,PM10,100,1
2026-09-09T05:00:00+05:30,09-09-2026 05:00:00,"IMD Lodhi Road, Delhi - IITM",107,Moderately Polluted,PM10,100,1
2026-09-09T05:00:00+05:30,09-09-2026 05:00:00,"Pusa, Delhi - IITM",106,Moderately Polluted,PM10,100,1
2026-09-09T05:00:00+05:30,09-09-2026 05:00:00,"Commonwealth Sports Complex, Delhi - DPCC",104,Moderately Polluted,PM10,100,1
2026-09-09T05:00:00+05:30,09-09-2026 05:00:00,"Sri Aurobindo Marg, Delhi - DPCC",104,Moderately Polluted,PM10,100,1
2026-09-09T05:00:00+05:30,09-09-2026 05:00:00,"Major Dhyan Chand National Stadium, Delhi - DPCC",102,Moderately Polluted,PM10,100,1
2026-09-09T05:00:00+05:30,09-09-2026 05:00:00,"Shadipur, Delhi - CPCB",101,Moderately Polluted,PM10,100,1
2026-09-09T05:00:00+05:30,09-09-2026 05:00:00,"NSIT Dwarka, Delhi - CPCB",98,Satisfactory,PM10,100,0
2026-09-09T05:00:00+05:30,09-09-2026 05:00:00,"Anand Vihar, Delhi - DPCC",97,Satisfactory,PM10,100,0
2026-09-09T05:00:00+05:30,09-09-2026 05:00:00,"JNU, Delhi - DPCC",97,Satisfactory,PM10,100,0
2026-09-09T05:00:00+05:30,09-09-2026 05:00:00,"NSUT Jaffarpur, Delhi - DPCC",95,Satisfactory,PM10,100,0
2026-09-09T05:00:00+05:30,09-09-2026 05:00:00,"Talkatora Garden, Delhi - DPCC",92,Satisfactory,PM10,100,0
2026-09-09T05:00:00+05:30,09-09-2026 05:00:00,"Aya Nagar, Delhi - IITM",90,Satisfactory,PM10,100,0
2026-09-09T05:00:00+05:30,09-09-2026 05:00:00,"Cantonment Area, Delhi - DPCC",86,Satisfactory,CO,100,0
2026-09-09T05:00:00+05:30,09-09-2026 05:00:00,"Najafgarh, Delhi - DPCC",83,Satisfactory,PM10,100,0
2026-09-09T05:00:00+05:30,09-09-2026 05:00:00,"IHBAS, Dilshad Garden, Delhi - CPCB",78,Satisfactory,PM10,100,0
2026-09-09T09:00:00+05:30,09-09-2026 09:00:00,"Bawana, Delhi - DPCC",214,Poor,PM2.5,100,1
2026-09-09T09:00:00+05:30,09-09-2026 09:00:00,"Wazirpur, Delhi - DPCC",202,Poor,PM10,100,1
2026-09-09T09:00:00+05:30,09-09-2026 09:00:00,"Pusa, Delhi - DPCC",176,Moderately Polluted,PM10,100,1
2026-09-09T09:00:00+05:30,09-09-2026 09:00:00,"IIT Delhi, Delhi - IITM",161,Moderately Polluted,PM10,100,1
2026-09-09T09:00:00+05:30,09-09-2026 09:00:00,"Chandni Chowk, Delhi - IITM",161,Moderately Polluted,PM10,100,1
2026-09-09T09:00:00+05:30,09-09-2026 09:00:00,"Mundka, Delhi - DPCC",159,Moderately Polluted,PM10,100,1
2026-09-09T09:00:00+05:30,09-09-2026 09:00:00,"Dwarka-Sector 8, Delhi - DPCC",155,Moderately Polluted,PM10,100,1
2026-09-09T09:00:00+05:30,09-09-2026 09:00:00,"Rohini, Delhi - DPCC",155,Moderately Polluted,PM10,100,1
2026-09-09T09:00:00+05:30,09-09-2026 09:00:00,"Jahangirpuri, Delhi - DPCC",149,Moderately Polluted,PM10,100,1
2026-09-09T09:00:00+05:30,09-09-2026 09:00:00,"Nehru Nagar, Delhi - DPCC",147,Moderately Polluted,PM10,100,1
2026-09-09T09:00:00+05:30,09-09-2026 09:00:00,"Punjabi Bagh, Delhi - DPCC",138,Moderately Polluted,PM10,100,1
2026-09-09T09:00:00+05:30,09-09-2026 09:00:00,"Sonia Vihar, Delhi - DPCC",136,Moderately Polluted,PM10,100,1
2026-09-09T09:00:00+05:30,09-09-2026 09:00:00,"Okhla Phase-2, Delhi - DPCC",136,Moderately Polluted,PM10,100,1
2026-09-09T09:00:00+05:30,09-09-2026 09:00:00,"Ashok Vihar, Delhi - DPCC",135,Moderately Polluted,PM10,100,1
2026-09-09T09:00:00+05:30,09-09-2026 09:00:00,"Patparganj, Delhi - DPCC",132,Moderately Polluted,PM10,100,1
2026-09-09T09:00:00+05:30,09-09-2026 09:00:00,"CRRI Mathura Road, Delhi - IITM",131,Moderately Polluted,PM10,100,1
2026-09-09T09:00:00+05:30,09-09-2026 09:00:00,"Sirifort, Delhi - CPCB",129,Moderately Polluted,PM10,100,1
2026-09-09T09:00:00+05:30,09-09-2026 09:00:00,"Vivek Vihar, Delhi - DPCC",128,Moderately Polluted,PM10,100,1
2026-09-09T09:00:00+05:30,09-09-2026 09:00:00,"North Campus, DU, Delhi - IITM",125,Moderately Polluted,PM10,100,1
2026-09-09T09:00:00+05:30,09-09-2026 09:00:00,"Alipur, Delhi - DPCC",124,Moderately Polluted,PM10,100,1
2026-09-09T09:00:00+05:30,09-09-2026 09:00:00,"Dr. Karni Singh Shooting Range, Delhi - DPCC",124,Moderately Polluted,PM10,100,1
2026-09-09T09:00:00+05:30,09-09-2026 09:00:00,"Narela, Delhi - DPCC",123,Moderately Polluted,PM10,100,1
2026-09-09T09:00:00+05:30,09-09-2026 09:00:00,"Jawaharlal Nehru Stadium, Delhi - DPCC",118,Moderately Polluted,PM10,100,1
2026-09-09T09:00:00+05:30,09-09-2026 09:00:00,"IGI Airport (T3), Delhi - IITM",118,Moderately Polluted,PM10,100,1
2026-09-09T09:00:00+05:30,09-09-2026 09:00:00,"Burari Crossing, Delhi - IITM",117,Moderately Polluted,PM10,100,1
2026-09-09T09:00:00+05:30,09-09-2026 09:00:00,"ITO, Delhi - CPCB",117,Moderately Polluted,PM10,100,1
2026-09-09T09:00:00+05:30,09-09-2026 09:00:00,"DTU, Delhi - CPCB",113,Moderately Polluted,PM10,100,1
2026-09-09T09:00:00+05:30,09-09-2026 09:00:00,"IMD Lodhi Road, Delhi - IITM",112,Moderately Polluted,PM10,100,1
2026-09-09T09:00:00+05:30,09-09-2026 09:00:00,"IGNOU_Maidan Garhi, Delhi - DPCC",112,Moderately Polluted,PM10,100,1
2026-09-09T09:00:00+05:30,09-09-2026 09:00:00,"Mandir Marg, Delhi - DPCC",111,Moderately Polluted,PM10,100,1
2026-09-09T09:00:00+05:30,09-09-2026 09:00:00,"Pusa, Delhi - IITM",109,Moderately Polluted,PM10,100,1
2026-09-09T09:00:00+05:30,09-09-2026 09:00:00,"Shadipur, Delhi - CPCB",108,Moderately Polluted,PM10,100,1
2026-09-09T09:00:00+05:30,09-09-2026 09:00:00,"Sri Aurobindo Marg, Delhi - DPCC",108,Moderately Polluted,PM10,100,1
2026-09-09T09:00:00+05:30,09-09-2026 09:00:00,"Major Dhyan Chand National Stadium, Delhi - DPCC",107,Moderately Polluted,PM10,100,1
2026-09-09T09:00:00+05:30,09-09-2026 09:00:00,"Commonwealth Sports Complex, Delhi - DPCC",106,Moderately Polluted,PM10,100,1
2026-09-09T09:00:00+05:30,09-09-2026 09:00:00,"NSIT Dwarka, Delhi - CPCB",104,Moderately Polluted,PM10,100,1
2026-09-09T09:00:00+05:30,09-09-2026 09:00:00,"NSUT Jaffarpur, Delhi - DPCC",101,Moderately Polluted,PM10,100,1
2026-09-09T09:00:00+05:30,09-09-2026 09:00:00,"Talkatora Garden, Delhi - DPCC",97,Satisfactory,PM10,100,0
2026-09-09T09:00:00+05:30,09-09-2026 09:00:00,"JNU, Delhi - DPCC",97,Satisfactory,PM10,100,0
2026-09-09T09:00:00+05:30,09-09-2026 09:00:00,"Anand Vihar, Delhi - DPCC",92,Satisfactory,PM10,100,0
2026-09-09T09:00:00+05:30,09-09-2026 09:00:00,"Najafgarh, Delhi - DPCC",90,Satisfactory,PM10,100,0
2026-09-09T09:00:00+05:30,09-09-2026 09:00:00,"Aya Nagar, Delhi - IITM",90,Satisfactory,PM10,100,0
2026-09-09T09:00:00+05:30,09-09-2026 09:00:00,"IHBAS, Dilshad Garden, Delhi - CPCB",84,Satisfactory,PM10,100,0
2026-09-09T09:00:00+05:30,09-09-2026 09:00:00,"Cantonment Area, Delhi - DPCC",71,Satisfactory,CO,100,0
2026-09-09T09:00:00+05:30,09-09-2026 09:00:00,"R K Puram, Delhi - DPCC",9,Good,OZONE,100,0
2026-09-09T10:00:00+05:30,09-09-2026 10:00:00,"Bawana, Delhi - DPCC",214,Poor,PM2.5,100,1
2026-09-09T10:00:00+05:30,09-09-2026 10:00:00,"Wazirpur, Delhi - DPCC",209,Poor,PM10,100,1
2026-09-09T10:00:00+05:30,09-09-2026 10:00:00,"Pusa, Delhi - DPCC",172,Moderately Polluted,PM10,100,1
2026-09-09T10:00:00+05:30,09-09-2026 10:00:00,"Chandni Chowk, Delhi - IITM",163,Moderately Polluted,PM10,100,1
2026-09-09T10:00:00+05:30,09-09-2026 10:00:00,"IIT Delhi, Delhi - IITM",162,Moderately Polluted,PM10,100,1
2026-09-09T10:00:00+05:30,09-09-2026 10:00:00,"Mundka, Delhi - DPCC",159,Moderately Polluted,PM10,100,1
2026-09-09T10:00:00+05:30,09-09-2026 10:00:00,"Dwarka-Sector 8, Delhi - DPCC",154,Moderately Polluted,PM10,100,1
2026-09-09T10:00:00+05:30,09-09-2026 10:00:00,"Rohini, Delhi - DPCC",154,Moderately Polluted,PM10,100,1
2026-09-09T10:00:00+05:30,09-09-2026 10:00:00,"Jahangirpuri, Delhi - DPCC",148,Moderately Polluted,PM10,100,1
2026-09-09T10:00:00+05:30,09-09-2026 10:00:00,"Nehru Nagar, Delhi - DPCC",147,Moderately Polluted,PM10,100,1
2026-09-09T10:00:00+05:30,09-09-2026 10:00:00,"Punjabi Bagh, Delhi - DPCC",138,Moderately Polluted,PM10,100,1
2026-09-09T10:00:00+05:30,09-09-2026 10:00:00,"Okhla Phase-2, Delhi - DPCC",136,Moderately Polluted,PM10,100,1
2026-09-09T10:00:00+05:30,09-09-2026 10:00:00,"Sonia Vihar, Delhi - DPCC",136,Moderately Polluted,PM10,100,1
2026-09-09T10:00:00+05:30,09-09-2026 10:00:00,"Ashok Vihar, Delhi - DPCC",136,Moderately Polluted,PM10,100,1
2026-09-09T10:00:00+05:30,09-09-2026 10:00:00,"Patparganj, Delhi - DPCC",132,Moderately Polluted,PM10,100,1
2026-09-09T10:00:00+05:30,09-09-2026 10:00:00,"Vivek Vihar, Delhi - DPCC",129,Moderately Polluted,PM10,100,1
2026-09-09T10:00:00+05:30,09-09-2026 10:00:00,"Sirifort, Delhi - CPCB",129,Moderately Polluted,PM10,100,1
2026-09-09T10:00:00+05:30,09-09-2026 10:00:00,"CRRI Mathura Road, Delhi - IITM",128,Moderately Polluted,PM10,100,1
2026-09-09T10:00:00+05:30,09-09-2026 10:00:00,"Dr. Karni Singh Shooting Range, Delhi - DPCC",125,Moderately Polluted,PM10,100,1
2026-09-09T10:00:00+05:30,09-09-2026 10:00:00,"North Campus, DU, Delhi - IITM",125,Moderately Polluted,PM10,100,1
2026-09-09T10:00:00+05:30,09-09-2026 10:00:00,"Alipur, Delhi - DPCC",124,Moderately Polluted,PM10,100,1
2026-09-09T10:00:00+05:30,09-09-2026 10:00:00,"Narela, Delhi - DPCC",123,Moderately Polluted,PM10,100,1
2026-09-09T10:00:00+05:30,09-09-2026 10:00:00,"Jawaharlal Nehru Stadium, Delhi - DPCC",120,Moderately Polluted,PM10,100,1
2026-09-09T10:00:00+05:30,09-09-2026 10:00:00,"IGI Airport (T3), Delhi - IITM",119,Moderately Polluted,PM10,100,1
2026-09-09T10:00:00+05:30,09-09-2026 10:00:00,"ITO, Delhi - CPCB",117,Moderately Polluted,PM10,100,1
2026-09-09T10:00:00+05:30,09-09-2026 10:00:00,"Burari Crossing, Delhi - IITM",117,Moderately Polluted,PM10,100,1
2026-09-09T10:00:00+05:30,09-09-2026 10:00:00,"DTU, Delhi - CPCB",114,Moderately Polluted,PM10,100,1
2026-09-09T10:00:00+05:30,09-09-2026 10:00:00,"IMD Lodhi Road, Delhi - IITM",113,Moderately Polluted,PM10,100,1
2026-09-09T10:00:00+05:30,09-09-2026 10:00:00,"IGNOU_Maidan Garhi, Delhi - DPCC",113,Moderately Polluted,PM10,100,1
2026-09-09T10:00:00+05:30,09-09-2026 10:00:00,"Mandir Marg, Delhi - DPCC",111,Moderately Polluted,PM10,100,1
2026-09-09T10:00:00+05:30,09-09-2026 10:00:00,"Shadipur, Delhi - CPCB",109,Moderately Polluted,PM10,100,1
2026-09-09T10:00:00+05:30,09-09-2026 10:00:00,"Sri Aurobindo Marg, Delhi - DPCC",109,Moderately Polluted,PM10,100,1
2026-09-09T10:00:00+05:30,09-09-2026 10:00:00,"Pusa, Delhi - IITM",108,Moderately Polluted,PM10,100,1
2026-09-09T10:00:00+05:30,09-09-2026 10:00:00,"Major Dhyan Chand National Stadium, Delhi - DPCC",107,Moderately Polluted,PM10,100,1
2026-09-09T10:00:00+05:30,09-09-2026 10:00:00,"Commonwealth Sports Complex, Delhi - DPCC",106,Moderately Polluted,PM10,100,1
2026-09-09T10:00:00+05:30,09-09-2026 10:00:00,"NSIT Dwarka, Delhi - CPCB",104,Moderately Polluted,PM10,100,1
2026-09-09T10:00:00+05:30,09-09-2026 10:00:00,"NSUT Jaffarpur, Delhi - DPCC",102,Moderately Polluted,PM10,100,1
2026-09-09T10:00:00+05:30,09-09-2026 10:00:00,"Talkatora Garden, Delhi - DPCC",97,Satisfactory,PM10,100,0
2026-09-09T10:00:00+05:30,09-09-2026 10:00:00,"JNU, Delhi - DPCC",97,Satisfactory,PM10,100,0
2026-09-09T10:00:00+05:30,09-09-2026 10:00:00,"Najafgarh, Delhi - DPCC",93,Satisfactory,PM10,100,0
2026-09-09T10:00:00+05:30,09-09-2026 10:00:00,"Aya Nagar, Delhi - IITM",91,Satisfactory,PM10,100,0
2026-09-09T10:00:00+05:30,09-09-2026 10:00:00,"Anand Vihar, Delhi - DPCC",90,Satisfactory,PM10,100,0
2026-09-09T10:00:00+05:30,09-09-2026 10:00:00,"IHBAS, Dilshad Garden, Delhi - CPCB",86,Satisfactory,PM10,100,0
2026-09-09T10:00:00+05:30,09-09-2026 10:00:00,"Cantonment Area, Delhi - DPCC",74,Satisfactory,PM10,100,0
2026-09-09T10:00:00+05:30,09-09-2026 10:00:00,"R K Puram, Delhi - DPCC",54,Satisfactory,CO,100,0
2026-09-09T11:00:00+05:30,09-09-2026 11:00:00,"Bawana, Delhi - DPCC",219,Poor,PM2.5,100,1
2026-09-09T11:00:00+05:30,09-09-2026 11:00:00,"Wazirpur, Delhi - DPCC",209,Poor,PM10,100,1
2026-09-09T11:00:00+05:30,09-09-2026 11:00:00,"Pusa, Delhi - DPCC",171,Moderately Polluted,PM10,100,1
2026-09-09T11:00:00+05:30,09-09-2026 11:00:00,"Chandni Chowk, Delhi - IITM",164,Moderately Polluted,PM10,100,1
2026-09-09T11:00:00+05:30,09-09-2026 11:00:00,"IIT Delhi, Delhi - IITM",163,Moderately Polluted,PM10,100,1
2026-09-09T11:00:00+05:30,09-09-2026 11:00:00,"Mundka, Delhi - DPCC",159,Moderately Polluted,PM10,100,1
2026-09-09T11:00:00+05:30,09-09-2026 11:00:00,"Dwarka-Sector 8, Delhi - DPCC",155,Moderately Polluted,PM10,100,1
2026-09-09T11:00:00+05:30,09-09-2026 11:00:00,"Rohini, Delhi - DPCC",154,Moderately Polluted,PM10,100,1
2026-09-09T11:00:00+05:30,09-09-2026 11:00:00,"Jahangirpuri, Delhi - DPCC",148,Moderately Polluted,PM10,100,1
2026-09-09T11:00:00+05:30,09-09-2026 11:00:00,"Nehru Nagar, Delhi - DPCC",147,Moderately Polluted,PM10,100,1
2026-09-09T11:00:00+05:30,09-09-2026 11:00:00,"Punjabi Bagh, Delhi - DPCC",138,Moderately Polluted,PM10,100,1
2026-09-09T11:00:00+05:30,09-09-2026 11:00:00,"Okhla Phase-2, Delhi - DPCC",136,Moderately Polluted,PM10,100,1
2026-09-09T11:00:00+05:30,09-09-2026 11:00:00,"Sonia Vihar, Delhi - DPCC",135,Moderately Polluted,PM10,100,1
2026-09-09T11:00:00+05:30,09-09-2026 11:00:00,"Ashok Vihar, Delhi - DPCC",135,Moderately Polluted,PM10,100,1
2026-09-09T11:00:00+05:30,09-09-2026 11:00:00,"Patparganj, Delhi - DPCC",132,Moderately Polluted,PM10,100,1
2026-09-09T11:00:00+05:30,09-09-2026 11:00:00,"Sirifort, Delhi - CPCB",130,Moderately Polluted,PM10,100,1
2026-09-09T11:00:00+05:30,09-09-2026 11:00:00,"Vivek Vihar, Delhi - DPCC",128,Moderately Polluted,PM10,100,1
2026-09-09T11:00:00+05:30,09-09-2026 11:00:00,"CRRI Mathura Road, Delhi - IITM",125,Moderately Polluted,PM10,100,1
2026-09-09T11:00:00+05:30,09-09-2026 11:00:00,"North Campus, DU, Delhi - IITM",125,Moderately Polluted,PM10,100,1
2026-09-09T11:00:00+05:30,09-09-2026 11:00:00,"Dr. Karni Singh Shooting Range, Delhi - DPCC",125,Moderately Polluted,PM10,100,1
2026-09-09T11:00:00+05:30,09-09-2026 11:00:00,"Narela, Delhi - DPCC",123,Moderately Polluted,PM10,100,1
2026-09-09T11:00:00+05:30,09-09-2026 11:00:00,"Alipur, Delhi - DPCC",123,Moderately Polluted,PM10,100,1
2026-09-09T11:00:00+05:30,09-09-2026 11:00:00,"Jawaharlal Nehru Stadium, Delhi - DPCC",120,Moderately Polluted,PM10,100,1
2026-09-09T11:00:00+05:30,09-09-2026 11:00:00,"IGI Airport (T3), Delhi - IITM",120,Moderately Polluted,PM10,100,1
2026-09-09T11:00:00+05:30,09-09-2026 11:00:00,"Burari Crossing, Delhi - IITM",117,Moderately Polluted,PM10,100,1
2026-09-09T11:00:00+05:30,09-09-2026 11:00:00,"ITO, Delhi - CPCB",116,Moderately Polluted,PM10,100,1
2026-09-09T11:00:00+05:30,09-09-2026 11:00:00,"DTU, Delhi - CPCB",115,Moderately Polluted,PM10,100,1
2026-09-09T11:00:00+05:30,09-09-2026 11:00:00,"IGNOU_Maidan Garhi, Delhi - DPCC",114,Moderately Polluted,PM10,100,1
2026-09-09T11:00:00+05:30,09-09-2026 11:00:00,"IMD Lodhi Road, Delhi - IITM",113,Moderately Polluted,PM10,100,1
2026-09-09T11:00:00+05:30,09-09-2026 11:00:00,"Mandir Marg, Delhi - DPCC",111,Moderately Polluted,PM10,100,1
2026-09-09T11:00:00+05:30,09-09-2026 11:00:00,"Shadipur, Delhi - CPCB",109,Moderately Polluted,PM10,100,1
2026-09-09T11:00:00+05:30,09-09-2026 11:00:00,"Sri Aurobindo Marg, Delhi - DPCC",109,Moderately Polluted,PM10,100,1
2026-09-09T11:00:00+05:30,09-09-2026 11:00:00,"Pusa, Delhi - IITM",109,Moderately Polluted,PM10,100,1
2026-09-09T11:00:00+05:30,09-09-2026 11:00:00,"Major Dhyan Chand National Stadium, Delhi - DPCC",107,Moderately Polluted,PM10,100,1
2026-09-09T11:00:00+05:30,09-09-2026 11:00:00,"Commonwealth Sports Complex, Delhi - DPCC",107,Moderately Polluted,PM10,100,1
2026-09-09T11:00:00+05:30,09-09-2026 11:00:00,"NSIT Dwarka, Delhi - CPCB",105,Moderately Polluted,PM10,100,1
2026-09-09T11:00:00+05:30,09-09-2026 11:00:00,"NSUT Jaffarpur, Delhi - DPCC",104,Moderately Polluted,PM10,100,1
2026-09-09T11:00:00+05:30,09-09-2026 11:00:00,"JNU, Delhi - DPCC",98,Satisfactory,PM10,100,0
2026-09-09T11:00:00+05:30,09-09-2026 11:00:00,"Talkatora Garden, Delhi - DPCC",97,Satisfactory,PM10,100,0
2026-09-09T11:00:00+05:30,09-09-2026 11:00:00,"Najafgarh, Delhi - DPCC",95,Satisfactory,PM10,100,0
2026-09-09T11:00:00+05:30,09-09-2026 11:00:00,"Aya Nagar, Delhi - IITM",92,Satisfactory,PM10,100,0
2026-09-09T11:00:00+05:30,09-09-2026 11:00:00,"Anand Vihar, Delhi - DPCC",89,Satisfactory,PM10,100,0
2026-09-09T11:00:00+05:30,09-09-2026 11:00:00,"IHBAS, Dilshad Garden, Delhi - CPCB",88,Satisfactory,PM10,100,0
2026-09-09T11:00:00+05:30,09-09-2026 11:00:00,"Cantonment Area, Delhi - DPCC",81,Satisfactory,PM10,100,0
2026-09-09T11:00:00+05:30,09-09-2026 11:00:00,"R K Puram, Delhi - DPCC",54,Satisfactory,CO,100,0
2026-09-09T12:00:00+05:30,09-09-2026 12:00:00,"Bawana, Delhi - DPCC",225,Poor,PM2.5,100,1
2026-09-09T12:00:00+05:30,09-09-2026 12:00:00,"Wazirpur, Delhi - DPCC",210,Poor,PM10,100,1
2026-09-09T12:00:00+05:30,09-09-2026 12:00:00,"Pusa, Delhi - DPCC",171,Moderately Polluted,PM10,100,1
2026-09-09T12:00:00+05:30,09-09-2026 12:00:00,"Chandni Chowk, Delhi - IITM",165,Moderately Polluted,PM10,100,1
2026-09-09T12:00:00+05:30,09-09-2026 12:00:00,"IIT Delhi, Delhi - IITM",163,Moderately Polluted,PM10,100,1
2026-09-09T12:00:00+05:30,09-09-2026 12:00:00,"Mundka, Delhi - DPCC",158,Moderately Polluted,PM10,100,1
2026-09-09T12:00:00+05:30,09-09-2026 12:00:00,"Dwarka-Sector 8, Delhi - DPCC",158,Moderately Polluted,PM10,100,1
2026-09-09T12:00:00+05:30,09-09-2026 12:00:00,"Rohini, Delhi - DPCC",153,Moderately Polluted,PM10,100,1
2026-09-09T12:00:00+05:30,09-09-2026 12:00:00,"Nehru Nagar, Delhi - DPCC",148,Moderately Polluted,PM10,100,1
2026-09-09T12:00:00+05:30,09-09-2026 12:00:00,"Jahangirpuri, Delhi - DPCC",147,Moderately Polluted,PM10,100,1
2026-09-09T12:00:00+05:30,09-09-2026 12:00:00,"Punjabi Bagh, Delhi - DPCC",139,Moderately Polluted,PM10,100,1
2026-09-09T12:00:00+05:30,09-09-2026 12:00:00,"Okhla Phase-2, Delhi - DPCC",137,Moderately Polluted,PM10,100,1
2026-09-09T12:00:00+05:30,09-09-2026 12:00:00,"Ashok Vihar, Delhi - DPCC",136,Moderately Polluted,PM10,100,1
2026-09-09T12:00:00+05:30,09-09-2026 12:00:00,"Sonia Vihar, Delhi - DPCC",136,Moderately Polluted,PM10,100,1
2026-09-09T12:00:00+05:30,09-09-2026 12:00:00,"Patparganj, Delhi - DPCC",132,Moderately Polluted,PM10,100,1
2026-09-09T12:00:00+05:30,09-09-2026 12:00:00,"Sirifort, Delhi - CPCB",131,Moderately Polluted,PM10,100,1
2026-09-09T12:00:00+05:30,09-09-2026 12:00:00,"Vivek Vihar, Delhi - DPCC",129,Moderately Polluted,PM10,100,1
2026-09-09T12:00:00+05:30,09-09-2026 12:00:00,"Dr. Karni Singh Shooting Range, Delhi - DPCC",126,Moderately Polluted,PM10,100,1
2026-09-09T12:00:00+05:30,09-09-2026 12:00:00,"North Campus, DU, Delhi - IITM",126,Moderately Polluted,PM10,100,1
2026-09-09T12:00:00+05:30,09-09-2026 12:00:00,"Alipur, Delhi - DPCC",125,Moderately Polluted,PM10,100,1
2026-09-09T12:00:00+05:30,09-09-2026 12:00:00,"CRRI Mathura Road, Delhi - IITM",123,Moderately Polluted,PM10,100,1
2026-09-09T12:00:00+05:30,09-09-2026 12:00:00,"Narela, Delhi - DPCC",123,Moderately Polluted,PM10,100,1
2026-09-09T12:00:00+05:30,09-09-2026 12:00:00,"Jawaharlal Nehru Stadium, Delhi - DPCC",120,Moderately Polluted,PM10,100,1
2026-09-09T12:00:00+05:30,09-09-2026 12:00:00,"IGI Airport (T3), Delhi - IITM",120,Moderately Polluted,PM10,100,1
2026-09-09T12:00:00+05:30,09-09-2026 12:00:00,"Burari Crossing, Delhi - IITM",118,Moderately Polluted,PM10,100,1
2026-09-09T12:00:00+05:30,09-09-2026 12:00:00,"DTU, Delhi - CPCB",116,Moderately Polluted,PM10,100,1
2026-09-09T12:00:00+05:30,09-09-2026 12:00:00,"ITO, Delhi - CPCB",116,Moderately Polluted,PM10,100,1
2026-09-09T12:00:00+05:30,09-09-2026 12:00:00,"IMD Lodhi Road, Delhi - IITM",114,Moderately Polluted,PM10,100,1
2026-09-09T12:00:00+05:30,09-09-2026 12:00:00,"IGNOU_Maidan Garhi, Delhi - DPCC",114,Moderately Polluted,PM10,100,1
2026-09-09T12:00:00+05:30,09-09-2026 12:00:00,"Mandir Marg, Delhi - DPCC",111,Moderately Polluted,PM10,100,1
2026-09-09T12:00:00+05:30,09-09-2026 12:00:00,"Sri Aurobindo Marg, Delhi - DPCC",110,Moderately Polluted,PM10,100,1
2026-09-09T12:00:00+05:30,09-09-2026 12:00:00,"Shadipur, Delhi - CPCB",110,Moderately Polluted,PM10,100,1
2026-09-09T12:00:00+05:30,09-09-2026 12:00:00,"Pusa, Delhi - IITM",109,Moderately Polluted,PM10,100,1
2026-09-09T12:00:00+05:30,09-09-2026 12:00:00,"Commonwealth Sports Complex, Delhi - DPCC",107,Moderately Polluted,PM10,100,1
2026-09-09T12:00:00+05:30,09-09-2026 12:00:00,"Major Dhyan Chand National Stadium, Delhi - DPCC",107,Moderately Polluted,PM10,100,1
2026-09-09T12:00:00+05:30,09-09-2026 12:00:00,"NSIT Dwarka, Delhi - CPCB",106,Moderately Polluted,PM10,100,1
2026-09-09T12:00:00+05:30,09-09-2026 12:00:00,"NSUT Jaffarpur, Delhi - DPCC",105,Moderately Polluted,PM10,100,1
2026-09-09T12:00:00+05:30,09-09-2026 12:00:00,"JNU, Delhi - DPCC",99,Satisfactory,PM10,100,0
2026-09-09T12:00:00+05:30,09-09-2026 12:00:00,"Talkatora Garden, Delhi - DPCC",98,Satisfactory,PM10,100,0
2026-09-09T12:00:00+05:30,09-09-2026 12:00:00,"Najafgarh, Delhi - DPCC",97,Satisfactory,PM10,100,0
2026-09-09T12:00:00+05:30,09-09-2026 12:00:00,"Aya Nagar, Delhi - IITM",93,Satisfactory,PM10,100,0
2026-09-09T12:00:00+05:30,09-09-2026 12:00:00,"IHBAS, Dilshad Garden, Delhi - CPCB",89,Satisfactory,PM10,100,0
2026-09-09T12:00:00+05:30,09-09-2026 12:00:00,"Anand Vihar, Delhi - DPCC",88,Satisfactory,PM10,100,0
2026-09-09T12:00:00+05:30,09-09-2026 12:00:00,"Cantonment Area, Delhi - DPCC",84,Satisfactory,PM10,100,0
2026-09-09T12:00:00+05:30,09-09-2026 12:00:00,"R K Puram, Delhi - DPCC",53,Satisfactory,CO,100,0
2026-09-09T13:00:00+05:30,09-09-2026 13:00:00,"Bawana, Delhi - DPCC",229,Poor,PM2.5,100,1
2026-09-09T13:00:00+05:30,09-09-2026 13:00:00,"Wazirpur, Delhi - DPCC",209,Poor,PM10,100,1
2026-09-09T13:00:00+05:30,09-09-2026 13:00:00,"Pusa, Delhi - DPCC",172,Moderately Polluted,PM10,100,1
2026-09-09T13:00:00+05:30,09-09-2026 13:00:00,"Chandni Chowk, Delhi - IITM",163,Moderately Polluted,PM10,100,1
2026-09-09T13:00:00+05:30,09-09-2026 13:00:00,"IIT Delhi, Delhi - IITM",163,Moderately Polluted,PM10,100,1
2026-09-09T13:00:00+05:30,09-09-2026 13:00:00,"Dwarka-Sector 8, Delhi - DPCC",159,Moderately Polluted,PM10,100,1
2026-09-09T13:00:00+05:30,09-09-2026 13:00:00,"Mundka, Delhi - DPCC",158,Moderately Polluted,PM10,100,1
2026-09-09T13:00:00+05:30,09-09-2026 13:00:00,"Rohini, Delhi - DPCC",152,Moderately Polluted,PM10,100,1
2026-09-09T13:00:00+05:30,09-09-2026 13:00:00,"Nehru Nagar, Delhi - DPCC",149,Moderately Polluted,PM10,100,1
2026-09-09T13:00:00+05:30,09-09-2026 13:00:00,"Jahangirpuri, Delhi - DPCC",148,Moderately Polluted,PM10,100,1
2026-09-09T13:00:00+05:30,09-09-2026 13:00:00,"Punjabi Bagh, Delhi - DPCC",139,Moderately Polluted,PM10,100,1
2026-09-09T13:00:00+05:30,09-09-2026 13:00:00,"Sonia Vihar, Delhi - DPCC",137,Moderately Polluted,PM10,100,1
2026-09-09T13:00:00+05:30,09-09-2026 13:00:00,"Ashok Vihar, Delhi - DPCC",137,Moderately Polluted,PM10,100,1
2026-09-09T13:00:00+05:30,09-09-2026 13:00:00,"Okhla Phase-2, Delhi - DPCC",137,Moderately Polluted,PM10,100,1
2026-09-09T13:00:00+05:30,09-09-2026 13:00:00,"Patparganj, Delhi - DPCC",132,Moderately Polluted,PM10,100,1
2026-09-09T13:00:00+05:30,09-09-2026 13:00:00,"Sirifort, Delhi - CPCB",131,Moderately Polluted,PM10,100,1
2026-09-09T13:00:00+05:30,09-09-2026 13:00:00,"Vivek Vihar, Delhi - DPCC",130,Moderately Polluted,PM10,100,1
2026-09-09T13:00:00+05:30,09-09-2026 13:00:00,"North Campus, DU, Delhi - IITM",126,Moderately Polluted,PM10,100,1
2026-09-09T13:00:00+05:30,09-09-2026 13:00:00,"Dr. Karni Singh Shooting Range, Delhi - DPCC",126,Moderately Polluted,PM10,100,1
2026-09-09T13:00:00+05:30,09-09-2026 13:00:00,"Alipur, Delhi - DPCC",126,Moderately Polluted,PM10,100,1
2026-09-09T13:00:00+05:30,09-09-2026 13:00:00,"Narela, Delhi - DPCC",123,Moderately Polluted,PM10,100,1
2026-09-09T13:00:00+05:30,09-09-2026 13:00:00,"Jawaharlal Nehru Stadium, Delhi - DPCC",121,Moderately Polluted,PM10,100,1
2026-09-09T13:00:00+05:30,09-09-2026 13:00:00,"IGI Airport (T3), Delhi - IITM",120,Moderately Polluted,PM10,100,1
2026-09-09T13:00:00+05:30,09-09-2026 13:00:00,"CRRI Mathura Road, Delhi - IITM",120,Moderately Polluted,PM10,100,1
2026-09-09T13:00:00+05:30,09-09-2026 13:00:00,"Burari Crossing, Delhi - IITM",119,Moderately Polluted,PM10,100,1
2026-09-09T13:00:00+05:30,09-09-2026 13:00:00,"DTU, Delhi - CPCB",116,Moderately Polluted,PM10,100,1
2026-09-09T13:00:00+05:30,09-09-2026 13:00:00,"ITO, Delhi - CPCB",116,Moderately Polluted,PM10,100,1
2026-09-09T13:00:00+05:30,09-09-2026 13:00:00,"IMD Lodhi Road, Delhi - IITM",115,Moderately Polluted,PM10,100,1
2026-09-09T13:00:00+05:30,09-09-2026 13:00:00,"IGNOU_Maidan Garhi, Delhi - DPCC",114,Moderately Polluted,PM10,100,1
2026-09-09T13:00:00+05:30,09-09-2026 13:00:00,"Mandir Marg, Delhi - DPCC",111,Moderately Polluted,PM10,100,1
2026-09-09T13:00:00+05:30,09-09-2026 13:00:00,"Sri Aurobindo Marg, Delhi - DPCC",111,Moderately Polluted,PM10,100,1
2026-09-09T13:00:00+05:30,09-09-2026 13:00:00,"Shadipur, Delhi - CPCB",110,Moderately Polluted,PM10,100,1
2026-09-09T13:00:00+05:30,09-09-2026 13:00:00,"Pusa, Delhi - IITM",109,Moderately Polluted,PM10,100,1
2026-09-09T13:00:00+05:30,09-09-2026 13:00:00,"Major Dhyan Chand National Stadium, Delhi - DPCC",108,Moderately Polluted,PM10,100,1
2026-09-09T13:00:00+05:30,09-09-2026 13:00:00,"NSIT Dwarka, Delhi - CPCB",107,Moderately Polluted,PM10,100,1
2026-09-09T13:00:00+05:30,09-09-2026 13:00:00,"Commonwealth Sports Complex, Delhi - DPCC",107,Moderately Polluted,PM10,100,1
2026-09-09T13:00:00+05:30,09-09-2026 13:00:00,"NSUT Jaffarpur, Delhi - DPCC",106,Moderately Polluted,PM10,100,1
2026-09-09T13:00:00+05:30,09-09-2026 13:00:00,"JNU, Delhi - DPCC",99,Satisfactory,PM10,100,0
2026-09-09T13:00:00+05:30,09-09-2026 13:00:00,"Talkatora Garden, Delhi - DPCC",98,Satisfactory,PM10,100,0
2026-09-09T13:00:00+05:30,09-09-2026 13:00:00,"Najafgarh, Delhi - DPCC",96,Satisfactory,PM10,100,0
2026-09-09T13:00:00+05:30,09-09-2026 13:00:00,"Aya Nagar, Delhi - IITM",93,Satisfactory,PM10,100,0
2026-09-09T13:00:00+05:30,09-09-2026 13:00:00,"IHBAS, Dilshad Garden, Delhi - CPCB",90,Satisfactory,PM10,100,0
2026-09-09T13:00:00+05:30,09-09-2026 13:00:00,"Anand Vihar, Delhi - DPCC",87,Satisfactory,PM10,100,0
2026-09-09T13:00:00+05:30,09-09-2026 13:00:00,"Cantonment Area, Delhi - DPCC",85,Satisfactory,PM10,100,0
2026-09-09T13:00:00+05:30,09-09-2026 13:00:00,"R K Puram, Delhi - DPCC",53,Satisfactory,CO,100,0
2026-09-09T14:00:00+05:30,09-09-2026 14:00:00,"Bawana, Delhi - DPCC",229,Poor,PM2.5,100,1
2026-09-09T14:00:00+05:30,09-09-2026 14:00:00,"Wazirpur, Delhi - DPCC",208,Poor,PM10,100,1
2026-09-09T14:00:00+05:30,09-09-2026 14:00:00,"Pusa, Delhi - DPCC",171,Moderately Polluted,PM10,100,1
2026-09-09T14:00:00+05:30,09-09-2026 14:00:00,"IIT Delhi, Delhi - IITM",165,Moderately Polluted,PM10,100,1
2026-09-09T14:00:00+05:30,09-09-2026 14:00:00,"Chandni Chowk, Delhi - IITM",161,Moderately Polluted,PM10,100,1
2026-09-09T14:00:00+05:30,09-09-2026 14:00:00,"Dwarka-Sector 8, Delhi - DPCC",160,Moderately Polluted,PM10,100,1
2026-09-09T14:00:00+05:30,09-09-2026 14:00:00,"Mundka, Delhi - DPCC",157,Moderately Polluted,PM10,100,1
2026-09-09T14:00:00+05:30,09-09-2026 14:00:00,"Rohini, Delhi - DPCC",151,Moderately Polluted,PM10,100,1
2026-09-09T14:00:00+05:30,09-09-2026 14:00:00,"Nehru Nagar, Delhi - DPCC",149,Moderately Polluted,PM10,100,1
2026-09-09T14:00:00+05:30,09-09-2026 14:00:00,"Jahangirpuri, Delhi - DPCC",149,Moderately Polluted,PM10,100,1
2026-09-09T14:00:00+05:30,09-09-2026 14:00:00,"Punjabi Bagh, Delhi - DPCC",139,Moderately Polluted,PM10,100,1
2026-09-09T14:00:00+05:30,09-09-2026 14:00:00,"Sonia Vihar, Delhi - DPCC",138,Moderately Polluted,PM10,100,1
2026-09-09T14:00:00+05:30,09-09-2026 14:00:00,"Ashok Vihar, Delhi - DPCC",137,Moderately Polluted,PM10,100,1
2026-09-09T14:00:00+05:30,09-09-2026 14:00:00,"Okhla Phase-2, Delhi - DPCC",137,Moderately Polluted,PM10,100,1
2026-09-09T14:00:00+05:30,09-09-2026 14:00:00,"Patparganj, Delhi - DPCC",133,Moderately Polluted,PM10,100,1
2026-09-09T14:00:00+05:30,09-09-2026 14:00:00,"Sirifort, Delhi - CPCB",132,Moderately Polluted,PM10,100,1
2026-09-09T14:00:00+05:30,09-09-2026 14:00:00,"Vivek Vihar, Delhi - DPCC",131,Moderately Polluted,PM10,100,1
2026-09-09T14:00:00+05:30,09-09-2026 14:00:00,"North Campus, DU, Delhi - IITM",127,Moderately Polluted,PM10,100,1
2026-09-09T14:00:00+05:30,09-09-2026 14:00:00,"Alipur, Delhi - DPCC",127,Moderately Polluted,PM10,100,1
2026-09-09T14:00:00+05:30,09-09-2026 14:00:00,"Dr. Karni Singh Shooting Range, Delhi - DPCC",127,Moderately Polluted,PM10,100,1
2026-09-09T14:00:00+05:30,09-09-2026 14:00:00,"Narela, Delhi - DPCC",124,Moderately Polluted,PM10,100,1
2026-09-09T14:00:00+05:30,09-09-2026 14:00:00,"Jawaharlal Nehru Stadium, Delhi - DPCC",122,Moderately Polluted,PM10,100,1
2026-09-09T14:00:00+05:30,09-09-2026 14:00:00,"IGI Airport (T3), Delhi - IITM",120,Moderately Polluted,PM10,100,1
2026-09-09T14:00:00+05:30,09-09-2026 14:00:00,"Burari Crossing, Delhi - IITM",119,Moderately Polluted,PM10,100,1
2026-09-09T14:00:00+05:30,09-09-2026 14:00:00,"DTU, Delhi - CPCB",117,Moderately Polluted,PM10,100,1
2026-09-09T14:00:00+05:30,09-09-2026 14:00:00,"CRRI Mathura Road, Delhi - IITM",117,Moderately Polluted,PM10,100,1
2026-09-09T14:00:00+05:30,09-09-2026 14:00:00,"ITO, Delhi - CPCB",116,Moderately Polluted,PM10,100,1
2026-09-09T14:00:00+05:30,09-09-2026 14:00:00,"IMD Lodhi Road, Delhi - IITM",115,Moderately Polluted,PM10,100,1
2026-09-09T14:00:00+05:30,09-09-2026 14:00:00,"IGNOU_Maidan Garhi, Delhi - DPCC",114,Moderately Polluted,PM10,100,1
2026-09-09T14:00:00+05:30,09-09-2026 14:00:00,"Mandir Marg, Delhi - DPCC",111,Moderately Polluted,PM10,100,1
2026-09-09T14:00:00+05:30,09-09-2026 14:00:00,"Shadipur, Delhi - CPCB",111,Moderately Polluted,PM10,100,1
2026-09-09T14:00:00+05:30,09-09-2026 14:00:00,"Sri Aurobindo Marg, Delhi - DPCC",111,Moderately Polluted,PM10,100,1
2026-09-09T14:00:00+05:30,09-09-2026 14:00:00,"Pusa, Delhi - IITM",109,Moderately Polluted,PM10,100,1
2026-09-09T14:00:00+05:30,09-09-2026 14:00:00,"Major Dhyan Chand National Stadium, Delhi - DPCC",108,Moderately Polluted,PM10,100,1
2026-09-09T14:00:00+05:30,09-09-2026 14:00:00,"NSIT Dwarka, Delhi - CPCB",108,Moderately Polluted,PM10,100,1
2026-09-09T14:00:00+05:30,09-09-2026 14:00:00,"Commonwealth Sports Complex, Delhi - DPCC",107,Moderately Polluted,PM10,100,1
2026-09-09T14:00:00+05:30,09-09-2026 14:00:00,"NSUT Jaffarpur, Delhi - DPCC",106,Moderately Polluted,PM10,100,1
2026-09-09T14:00:00+05:30,09-09-2026 14:00:00,"JNU, Delhi - DPCC",100,Satisfactory,PM10,100,0
2026-09-09T14:00:00+05:30,09-09-2026 14:00:00,"Talkatora Garden, Delhi - DPCC",98,Satisfactory,PM10,100,0
2026-09-09T14:00:00+05:30,09-09-2026 14:00:00,"Najafgarh, Delhi - DPCC",96,Satisfactory,PM10,100,0
2026-09-09T14:00:00+05:30,09-09-2026 14:00:00,"Aya Nagar, Delhi - IITM",93,Satisfactory,PM10,100,0
2026-09-09T14:00:00+05:30,09-09-2026 14:00:00,"IHBAS, Dilshad Garden, Delhi - CPCB",90,Satisfactory,PM10,100,0
2026-09-09T14:00:00+05:30,09-09-2026 14:00:00,"Cantonment Area, Delhi - DPCC",87,Satisfactory,PM10,100,0
2026-09-09T14:00:00+05:30,09-09-2026 14:00:00,"Anand Vihar, Delhi - DPCC",86,Satisfactory,PM10,100,0
2026-09-09T14:00:00+05:30,09-09-2026 14:00:00,"R K Puram, Delhi - DPCC",54,Satisfactory,CO,100,0
2026-09-09T15:00:00+05:30,09-09-2026 15:00:00,"Bawana, Delhi - DPCC",229,Poor,PM2.5,100,1
2026-09-09T15:00:00+05:30,09-09-2026 15:00:00,"Wazirpur, Delhi - DPCC",208,Poor,PM10,100,1
2026-09-09T15:00:00+05:30,09-09-2026 15:00:00,"Pusa, Delhi - DPCC",171,Moderately Polluted,PM10,100,1
2026-09-09T15:00:00+05:30,09-09-2026 15:00:00,"IIT Delhi, Delhi - IITM",166,Moderately Polluted,PM10,100,1
2026-09-09T15:00:00+05:30,09-09-2026 15:00:00,"Dwarka-Sector 8, Delhi - DPCC",159,Moderately Polluted,PM10,100,1
2026-09-09T15:00:00+05:30,09-09-2026 15:00:00,"Chandni Chowk, Delhi - IITM",158,Moderately Polluted,PM10,100,1
2026-09-09T15:00:00+05:30,09-09-2026 15:00:00,"Mundka, Delhi - DPCC",157,Moderately Polluted,PM10,100,1
2026-09-09T15:00:00+05:30,09-09-2026 15:00:00,"Jahangirpuri, Delhi - DPCC",151,Moderately Polluted,PM10,100,1
2026-09-09T15:00:00+05:30,09-09-2026 15:00:00,"Rohini, Delhi - DPCC",150,Moderately Polluted,PM10,100,1
2026-09-09T15:00:00+05:30,09-09-2026 15:00:00,"Nehru Nagar, Delhi - DPCC",148,Moderately Polluted,PM10,100,1
2026-09-09T15:00:00+05:30,09-09-2026 15:00:00,"Sonia Vihar, Delhi - DPCC",139,Moderately Polluted,PM10,100,1
2026-09-09T15:00:00+05:30,09-09-2026 15:00:00,"Punjabi Bagh, Delhi - DPCC",139,Moderately Polluted,PM10,100,1
2026-09-09T15:00:00+05:30,09-09-2026 15:00:00,"Okhla Phase-2, Delhi - DPCC",137,Moderately Polluted,PM10,100,1
2026-09-09T15:00:00+05:30,09-09-2026 15:00:00,"Ashok Vihar, Delhi - DPCC",137,Moderately Polluted,PM10,100,1
2026-09-09T15:00:00+05:30,09-09-2026 15:00:00,"Patparganj, Delhi - DPCC",133,Moderately Polluted,PM10,100,1
2026-09-09T15:00:00+05:30,09-09-2026 15:00:00,"Sirifort, Delhi - CPCB",132,Moderately Polluted,PM10,100,1
2026-09-09T15:00:00+05:30,09-09-2026 15:00:00,"Vivek Vihar, Delhi - DPCC",131,Moderately Polluted,PM10,100,1
2026-09-09T15:00:00+05:30,09-09-2026 15:00:00,"North Campus, DU, Delhi - IITM",127,Moderately Polluted,PM10,100,1
2026-09-09T15:00:00+05:30,09-09-2026 15:00:00,"Dr. Karni Singh Shooting Range, Delhi - DPCC",127,Moderately Polluted,PM10,100,1
2026-09-09T15:00:00+05:30,09-09-2026 15:00:00,"Alipur, Delhi - DPCC",127,Moderately Polluted,PM10,100,1
2026-09-09T15:00:00+05:30,09-09-2026 15:00:00,"Narela, Delhi - DPCC",124,Moderately Polluted,PM10,100,1
2026-09-09T15:00:00+05:30,09-09-2026 15:00:00,"Jawaharlal Nehru Stadium, Delhi - DPCC",122,Moderately Polluted,PM10,100,1
2026-09-09T15:00:00+05:30,09-09-2026 15:00:00,"IGI Airport (T3), Delhi - IITM",121,Moderately Polluted,PM10,100,1
2026-09-09T15:00:00+05:30,09-09-2026 15:00:00,"Burari Crossing, Delhi - IITM",120,Moderately Polluted,PM10,100,1
2026-09-09T15:00:00+05:30,09-09-2026 15:00:00,"ITO, Delhi - CPCB",117,Moderately Polluted,PM10,100,1
2026-09-09T15:00:00+05:30,09-09-2026 15:00:00,"DTU, Delhi - CPCB",116,Moderately Polluted,PM10,100,1
2026-09-09T15:00:00+05:30,09-09-2026 15:00:00,"CRRI Mathura Road, Delhi - IITM",114,Moderately Polluted,PM10,100,1
2026-09-09T15:00:00+05:30,09-09-2026 15:00:00,"IMD Lodhi Road, Delhi - IITM",114,Moderately Polluted,PM10,100,1
2026-09-09T15:00:00+05:30,09-09-2026 15:00:00,"IGNOU_Maidan Garhi, Delhi - DPCC",114,Moderately Polluted,PM10,100,1
2026-09-09T15:00:00+05:30,09-09-2026 15:00:00,"Shadipur, Delhi - CPCB",111,Moderately Polluted,PM10,100,1
2026-09-09T15:00:00+05:30,09-09-2026 15:00:00,"Sri Aurobindo Marg, Delhi - DPCC",111,Moderately Polluted,PM10,100,1
2026-09-09T15:00:00+05:30,09-09-2026 15:00:00,"Mandir Marg, Delhi - DPCC",110,Moderately Polluted,PM10,100,1
2026-09-09T15:00:00+05:30,09-09-2026 15:00:00,"Pusa, Delhi - IITM",109,Moderately Polluted,PM10,100,1
2026-09-09T15:00:00+05:30,09-09-2026 15:00:00,"Major Dhyan Chand National Stadium, Delhi - DPCC",108,Moderately Polluted,PM10,100,1
2026-09-09T15:00:00+05:30,09-09-2026 15:00:00,"Commonwealth Sports Complex, Delhi - DPCC",107,Moderately Polluted,PM10,100,1
2026-09-09T15:00:00+05:30,09-09-2026 15:00:00,"NSIT Dwarka, Delhi - CPCB",107,Moderately Polluted,PM10,100,1
2026-09-09T15:00:00+05:30,09-09-2026 15:00:00,"NSUT Jaffarpur, Delhi - DPCC",106,Moderately Polluted,PM10,100,1
2026-09-09T15:00:00+05:30,09-09-2026 15:00:00,"JNU, Delhi - DPCC",100,Satisfactory,PM10,100,0
2026-09-09T15:00:00+05:30,09-09-2026 15:00:00,"Talkatora Garden, Delhi - DPCC",98,Satisfactory,PM10,100,0
2026-09-09T15:00:00+05:30,09-09-2026 15:00:00,"Najafgarh, Delhi - DPCC",95,Satisfactory,PM10,100,0
2026-09-09T15:00:00+05:30,09-09-2026 15:00:00,"Aya Nagar, Delhi - IITM",94,Satisfactory,PM10,100,0
2026-09-09T15:00:00+05:30,09-09-2026 15:00:00,"IHBAS, Dilshad Garden, Delhi - CPCB",91,Satisfactory,PM10,100,0
2026-09-09T15:00:00+05:30,09-09-2026 15:00:00,"Cantonment Area, Delhi - DPCC",89,Satisfactory,PM10,100,0
2026-09-09T15:00:00+05:30,09-09-2026 15:00:00,"Anand Vihar, Delhi - DPCC",84,Satisfactory,PM10,100,0
2026-09-09T15:00:00+05:30,09-09-2026 15:00:00,"R K Puram, Delhi - DPCC",54,Satisfactory,CO,100,0
2026-09-09T18:00:00+05:30,09-09-2026 18:00:00,"Bawana, Delhi - DPCC",228,Poor,PM2.5,100,1
2026-09-09T18:00:00+05:30,09-09-2026 18:00:00,"Wazirpur, Delhi - DPCC",205,Poor,PM10,100,1
2026-09-09T18:00:00+05:30,09-09-2026 18:00:00,"Pusa, Delhi - DPCC",170,Moderately Polluted,PM10,100,1
2026-09-09T18:00:00+05:30,09-09-2026 18:00:00,"IIT Delhi, Delhi - IITM",164,Moderately Polluted,PM10,100,1
2026-09-09T18:00:00+05:30,09-09-2026 18:00:00,"Chandni Chowk, Delhi - IITM",159,Moderately Polluted,PM10,100,1
2026-09-09T18:00:00+05:30,09-09-2026 18:00:00,"Mundka, Delhi - DPCC",158,Moderately Polluted,PM10,100,1
2026-09-09T18:00:00+05:30,09-09-2026 18:00:00,"Dwarka-Sector 8, Delhi - DPCC",153,Moderately Polluted,PM10,100,1
2026-09-09T18:00:00+05:30,09-09-2026 18:00:00,"Jahangirpuri, Delhi - DPCC",152,Moderately Polluted,PM10,100,1
2026-09-09T18:00:00+05:30,09-09-2026 18:00:00,"Rohini, Delhi - DPCC",149,Moderately Polluted,PM10,100,1
2026-09-09T18:00:00+05:30,09-09-2026 18:00:00,"Nehru Nagar, Delhi - DPCC",149,Moderately Polluted,PM10,100,1
2026-09-09T18:00:00+05:30,09-09-2026 18:00:00,"Sonia Vihar, Delhi - DPCC",139,Moderately Polluted,PM10,100,1
2026-09-09T18:00:00+05:30,09-09-2026 18:00:00,"Punjabi Bagh, Delhi - DPCC",138,Moderately Polluted,PM10,100,1
2026-09-09T18:00:00+05:30,09-09-2026 18:00:00,"Okhla Phase-2, Delhi - DPCC",137,Moderately Polluted,PM10,100,1
2026-09-09T18:00:00+05:30,09-09-2026 18:00:00,"Ashok Vihar, Delhi - DPCC",137,Moderately Polluted,PM10,100,1
2026-09-09T18:00:00+05:30,09-09-2026 18:00:00,"Vivek Vihar, Delhi - DPCC",133,Moderately Polluted,PM10,100,1
2026-09-09T18:00:00+05:30,09-09-2026 18:00:00,"Sirifort, Delhi - CPCB",132,Moderately Polluted,PM10,100,1
2026-09-09T18:00:00+05:30,09-09-2026 18:00:00,"Patparganj, Delhi - DPCC",132,Moderately Polluted,PM10,100,1
2026-09-09T18:00:00+05:30,09-09-2026 18:00:00,"North Campus, DU, Delhi - IITM",127,Moderately Polluted,PM10,100,1
2026-09-09T18:00:00+05:30,09-09-2026 18:00:00,"Alipur, Delhi - DPCC",127,Moderately Polluted,PM10,100,1
2026-09-09T18:00:00+05:30,09-09-2026 18:00:00,"Dr. Karni Singh Shooting Range, Delhi - DPCC",126,Moderately Polluted,PM10,100,1
2026-09-09T18:00:00+05:30,09-09-2026 18:00:00,"IGI Airport (T3), Delhi - IITM",124,Moderately Polluted,PM10,100,1
2026-09-09T18:00:00+05:30,09-09-2026 18:00:00,"Narela, Delhi - DPCC",123,Moderately Polluted,PM10,100,1
2026-09-09T18:00:00+05:30,09-09-2026 18:00:00,"IHBAS, Dilshad Garden, Delhi - CPCB",123,Moderately Polluted,CO,100,1
2026-09-09T18:00:00+05:30,09-09-2026 18:00:00,"Jawaharlal Nehru Stadium, Delhi - DPCC",122,Moderately Polluted,PM10,100,1
2026-09-09T18:00:00+05:30,09-09-2026 18:00:00,"Burari Crossing, Delhi - IITM",120,Moderately Polluted,PM10,100,1
2026-09-09T18:00:00+05:30,09-09-2026 18:00:00,"ITO, Delhi - CPCB",116,Moderately Polluted,PM10,100,1
2026-09-09T18:00:00+05:30,09-09-2026 18:00:00,"IGNOU_Maidan Garhi, Delhi - DPCC",114,Moderately Polluted,PM10,100,1
2026-09-09T18:00:00+05:30,09-09-2026 18:00:00,"Shadipur, Delhi - CPCB",113,Moderately Polluted,PM10,100,1
2026-09-09T18:00:00+05:30,09-09-2026 18:00:00,"IMD Lodhi Road, Delhi - IITM",113,Moderately Polluted,PM10,100,1
2026-09-09T18:00:00+05:30,09-09-2026 18:00:00,"DTU, Delhi - CPCB",112,Moderately Polluted,PM10,100,1
2026-09-09T18:00:00+05:30,09-09-2026 18:00:00,"Sri Aurobindo Marg, Delhi - DPCC",110,Moderately Polluted,PM10,100,1
2026-09-09T18:00:00+05:30,09-09-2026 18:00:00,"Mandir Marg, Delhi - DPCC",110,Moderately Polluted,PM10,100,1
2026-09-09T18:00:00+05:30,09-09-2026 18:00:00,"Pusa, Delhi - IITM",108,Moderately Polluted,PM10,100,1
2026-09-09T18:00:00+05:30,09-09-2026 18:00:00,"Major Dhyan Chand National Stadium, Delhi - DPCC",107,Moderately Polluted,PM10,100,1
2026-09-09T18:00:00+05:30,09-09-2026 18:00:00,"Commonwealth Sports Complex, Delhi - DPCC",107,Moderately Polluted,PM10,100,1
2026-09-09T18:00:00+05:30,09-09-2026 18:00:00,"NSIT Dwarka, Delhi - CPCB",106,Moderately Polluted,PM10,100,1
2026-09-09T18:00:00+05:30,09-09-2026 18:00:00,"CRRI Mathura Road, Delhi - IITM",105,Moderately Polluted,PM10,100,1
2026-09-09T18:00:00+05:30,09-09-2026 18:00:00,"NSUT Jaffarpur, Delhi - DPCC",104,Moderately Polluted,PM10,100,1
2026-09-09T18:00:00+05:30,09-09-2026 18:00:00,"JNU, Delhi - DPCC",100,Satisfactory,PM10,100,0
2026-09-09T18:00:00+05:30,09-09-2026 18:00:00,"Talkatora Garden, Delhi - DPCC",97,Satisfactory,PM10,100,0
2026-09-09T18:00:00+05:30,09-09-2026 18:00:00,"Aya Nagar, Delhi - IITM",95,Satisfactory,PM10,100,0
2026-09-09T18:00:00+05:30,09-09-2026 18:00:00,"Cantonment Area, Delhi - DPCC",95,Satisfactory,PM10,100,0
2026-09-09T18:00:00+05:30,09-09-2026 18:00:00,"Najafgarh, Delhi - DPCC",94,Satisfactory,PM10,100,0
2026-09-09T18:00:00+05:30,09-09-2026 18:00:00,"Anand Vihar, Delhi - DPCC",79,Satisfactory,PM10,100,0
2026-09-09T18:00:00+05:30,09-09-2026 18:00:00,"R K Puram, Delhi - DPCC",54,Satisfactory,CO,100,0
2026-09-09T19:00:00+05:30,09-09-2026 19:00:00,"Bawana, Delhi - DPCC",225,Poor,PM2.5,100,1
2026-09-09T19:00:00+05:30,09-09-2026 19:00:00,"Wazirpur, Delhi - DPCC",203,Poor,PM10,100,1
2026-09-09T19:00:00+05:30,09-09-2026 19:00:00,"Pusa, Delhi - DPCC",168,Moderately Polluted,PM10,100,1
2026-09-09T19:00:00+05:30,09-09-2026 19:00:00,"IIT Delhi, Delhi - IITM",165,Moderately Polluted,PM10,100,1
2026-09-09T19:00:00+05:30,09-09-2026 19:00:00,"Mundka, Delhi - DPCC",157,Moderately Polluted,PM10,100,1
2026-09-09T19:00:00+05:30,09-09-2026 19:00:00,"Chandni Chowk, Delhi - IITM",156,Moderately Polluted,PM10,100,1
2026-09-09T19:00:00+05:30,09-09-2026 19:00:00,"Jahangirpuri, Delhi - DPCC",151,Moderately Polluted,PM10,100,1
2026-09-09T19:00:00+05:30,09-09-2026 19:00:00,"Nehru Nagar, Delhi - DPCC",149,Moderately Polluted,PM10,100,1
2026-09-09T19:00:00+05:30,09-09-2026 19:00:00,"Dwarka-Sector 8, Delhi - DPCC",149,Moderately Polluted,PM10,100,1
2026-09-09T19:00:00+05:30,09-09-2026 19:00:00,"Rohini, Delhi - DPCC",147,Moderately Polluted,PM10,100,1
2026-09-09T19:00:00+05:30,09-09-2026 19:00:00,"Punjabi Bagh, Delhi - DPCC",137,Moderately Polluted,PM10,100,1
2026-09-09T19:00:00+05:30,09-09-2026 19:00:00,"Sonia Vihar, Delhi - DPCC",137,Moderately Polluted,PM10,100,1
2026-09-09T19:00:00+05:30,09-09-2026 19:00:00,"Okhla Phase-2, Delhi - DPCC",136,Moderately Polluted,PM10,100,1
2026-09-09T19:00:00+05:30,09-09-2026 19:00:00,"Ashok Vihar, Delhi - DPCC",136,Moderately Polluted,PM10,100,1
2026-09-09T19:00:00+05:30,09-09-2026 19:00:00,"Vivek Vihar, Delhi - DPCC",134,Moderately Polluted,PM10,100,1
2026-09-09T19:00:00+05:30,09-09-2026 19:00:00,"Patparganj, Delhi - DPCC",132,Moderately Polluted,PM10,100,1
2026-09-09T19:00:00+05:30,09-09-2026 19:00:00,"Sirifort, Delhi - CPCB",131,Moderately Polluted,PM10,100,1
2026-09-09T19:00:00+05:30,09-09-2026 19:00:00,"Alipur, Delhi - DPCC",127,Moderately Polluted,PM10,100,1
2026-09-09T19:00:00+05:30,09-09-2026 19:00:00,"North Campus, DU, Delhi - IITM",126,Moderately Polluted,PM10,100,1
2026-09-09T19:00:00+05:30,09-09-2026 19:00:00,"Dr. Karni Singh Shooting Range, Delhi - DPCC",125,Moderately Polluted,PM10,100,1
2026-09-09T19:00:00+05:30,09-09-2026 19:00:00,"Narela, Delhi - DPCC",123,Moderately Polluted,PM10,100,1
2026-09-09T19:00:00+05:30,09-09-2026 19:00:00,"Jawaharlal Nehru Stadium, Delhi - DPCC",122,Moderately Polluted,PM10,100,1
2026-09-09T19:00:00+05:30,09-09-2026 19:00:00,"Burari Crossing, Delhi - IITM",119,Moderately Polluted,PM10,100,1
2026-09-09T19:00:00+05:30,09-09-2026 19:00:00,"IGI Airport (T3), Delhi - IITM",119,Moderately Polluted,PM10,100,1
2026-09-09T19:00:00+05:30,09-09-2026 19:00:00,"ITO, Delhi - CPCB",116,Moderately Polluted,PM10,100,1
2026-09-09T19:00:00+05:30,09-09-2026 19:00:00,"IMD Lodhi Road, Delhi - IITM",115,Moderately Polluted,PM10,100,1
2026-09-09T19:00:00+05:30,09-09-2026 19:00:00,"IGNOU_Maidan Garhi, Delhi - DPCC",114,Moderately Polluted,PM10,100,1
2026-09-09T19:00:00+05:30,09-09-2026 19:00:00,"Shadipur, Delhi - CPCB",112,Moderately Polluted,PM10,100,1
2026-09-09T19:00:00+05:30,09-09-2026 19:00:00,"DTU, Delhi - CPCB",111,Moderately Polluted,PM10,100,1
2026-09-09T19:00:00+05:30,09-09-2026 19:00:00,"Pusa, Delhi - IITM",111,Moderately Polluted,OZONE,100,1
2026-09-09T19:00:00+05:30,09-09-2026 19:00:00,"Mandir Marg, Delhi - DPCC",110,Moderately Polluted,PM10,100,1
2026-09-09T19:00:00+05:30,09-09-2026 19:00:00,"Sri Aurobindo Marg, Delhi - DPCC",110,Moderately Polluted,PM10,100,1
2026-09-09T19:00:00+05:30,09-09-2026 19:00:00,"Major Dhyan Chand National Stadium, Delhi - DPCC",107,Moderately Polluted,PM10,100,1
2026-09-09T19:00:00+05:30,09-09-2026 19:00:00,"Commonwealth Sports Complex, Delhi - DPCC",107,Moderately Polluted,PM10,100,1
2026-09-09T19:00:00+05:30,09-09-2026 19:00:00,"NSIT Dwarka, Delhi - CPCB",105,Moderately Polluted,PM10,100,1
2026-09-09T19:00:00+05:30,09-09-2026 19:00:00,"NSUT Jaffarpur, Delhi - DPCC",103,Moderately Polluted,PM10,100,1
2026-09-09T19:00:00+05:30,09-09-2026 19:00:00,"JNU, Delhi - DPCC",99,Satisfactory,PM10,100,0
2026-09-09T19:00:00+05:30,09-09-2026 19:00:00,"CRRI Mathura Road, Delhi - IITM",99,Satisfactory,PM10,100,0
2026-09-09T19:00:00+05:30,09-09-2026 19:00:00,"Talkatora Garden, Delhi - DPCC",97,Satisfactory,PM10,100,0
2026-09-09T19:00:00+05:30,09-09-2026 19:00:00,"Aya Nagar, Delhi - IITM",97,Satisfactory,PM10,100,0
2026-09-09T19:00:00+05:30,09-09-2026 19:00:00,"Najafgarh, Delhi - DPCC",94,Satisfactory,PM10,100,0
2026-09-09T19:00:00+05:30,09-09-2026 19:00:00,"IHBAS, Dilshad Garden, Delhi - CPCB",90,Satisfactory,PM10,100,0
2026-09-09T19:00:00+05:30,09-09-2026 19:00:00,"Anand Vihar, Delhi - DPCC",76,Satisfactory,PM10,100,0
2026-09-09T19:00:00+05:30,09-09-2026 19:00:00,"R K Puram, Delhi - DPCC",58,Satisfactory,CO,100,0
2026-09-09T19:00:00+05:30,09-09-2026 19:00:00,"Cantonment Area, Delhi - DPCC",46,Good,CO,100,0
2026-09-09T20:00:00+05:30,09-09-2026 20:00:00,"Bawana, Delhi - DPCC",222,Poor,PM2.5,100,1
2026-09-09T20:00:00+05:30,09-09-2026 20:00:00,"Wazirpur, Delhi - DPCC",203,Poor,PM10,100,1
2026-09-09T20:00:00+05:30,09-09-2026 20:00:00,"Pusa, Delhi - DPCC",171,Moderately Polluted,PM10,100,1
2026-09-09T20:00:00+05:30,09-09-2026 20:00:00,"IIT Delhi, Delhi - IITM",165,Moderately Polluted,PM10,100,1
2026-09-09T20:00:00+05:30,09-09-2026 20:00:00,"Mundka, Delhi - DPCC",158,Moderately Polluted,PM10,100,1
2026-09-09T20:00:00+05:30,09-09-2026 20:00:00,"Chandni Chowk, Delhi - IITM",156,Moderately Polluted,PM10,100,1
2026-09-09T20:00:00+05:30,09-09-2026 20:00:00,"Nehru Nagar, Delhi - DPCC",150,Moderately Polluted,PM10,100,1
2026-09-09T20:00:00+05:30,09-09-2026 20:00:00,"Jahangirpuri, Delhi - DPCC",150,Moderately Polluted,PM10,100,1
2026-09-09T20:00:00+05:30,09-09-2026 20:00:00,"Dwarka-Sector 8, Delhi - DPCC",149,Moderately Polluted,PM10,100,1
2026-09-09T20:00:00+05:30,09-09-2026 20:00:00,"Rohini, Delhi - DPCC",146,Moderately Polluted,PM10,100,1
2026-09-09T20:00:00+05:30,09-09-2026 20:00:00,"Okhla Phase-2, Delhi - DPCC",136,Moderately Polluted,PM10,100,1
2026-09-09T20:00:00+05:30,09-09-2026 20:00:00,"Ashok Vihar, Delhi - DPCC",136,Moderately Polluted,PM10,100,1
2026-09-09T20:00:00+05:30,09-09-2026 20:00:00,"Sonia Vihar, Delhi - DPCC",136,Moderately Polluted,PM10,100,1
2026-09-09T20:00:00+05:30,09-09-2026 20:00:00,"Punjabi Bagh, Delhi - DPCC",136,Moderately Polluted,PM10,100,1
2026-09-09T20:00:00+05:30,09-09-2026 20:00:00,"Vivek Vihar, Delhi - DPCC",134,Moderately Polluted,PM10,100,1
2026-09-09T20:00:00+05:30,09-09-2026 20:00:00,"Patparganj, Delhi - DPCC",132,Moderately Polluted,PM10,100,1
2026-09-09T20:00:00+05:30,09-09-2026 20:00:00,"Sirifort, Delhi - CPCB",132,Moderately Polluted,PM10,100,1
2026-09-09T20:00:00+05:30,09-09-2026 20:00:00,"Alipur, Delhi - DPCC",129,Moderately Polluted,PM10,100,1
2026-09-09T20:00:00+05:30,09-09-2026 20:00:00,"North Campus, DU, Delhi - IITM",125,Moderately Polluted,PM10,100,1
2026-09-09T20:00:00+05:30,09-09-2026 20:00:00,"Dr. Karni Singh Shooting Range, Delhi - DPCC",124,Moderately Polluted,PM10,100,1
2026-09-09T20:00:00+05:30,09-09-2026 20:00:00,"Jawaharlal Nehru Stadium, Delhi - DPCC",122,Moderately Polluted,PM10,100,1
2026-09-09T20:00:00+05:30,09-09-2026 20:00:00,"Narela, Delhi - DPCC",122,Moderately Polluted,PM10,100,1
2026-09-09T20:00:00+05:30,09-09-2026 20:00:00,"Burari Crossing, Delhi - IITM",118,Moderately Polluted,PM10,100,1
2026-09-09T20:00:00+05:30,09-09-2026 20:00:00,"ITO, Delhi - CPCB",117,Moderately Polluted,PM10,100,1
2026-09-09T20:00:00+05:30,09-09-2026 20:00:00,"IGI Airport (T3), Delhi - IITM",116,Moderately Polluted,PM10,100,1
2026-09-09T20:00:00+05:30,09-09-2026 20:00:00,"IMD Lodhi Road, Delhi - IITM",114,Moderately Polluted,PM10,100,1
2026-09-09T20:00:00+05:30,09-09-2026 20:00:00,"IGNOU_Maidan Garhi, Delhi - DPCC",113,Moderately Polluted,PM10,100,1
2026-09-09T20:00:00+05:30,09-09-2026 20:00:00,"Shadipur, Delhi - CPCB",112,Moderately Polluted,PM10,100,1
2026-09-09T20:00:00+05:30,09-09-2026 20:00:00,"DTU, Delhi - CPCB",111,Moderately Polluted,PM10,100,1
2026-09-09T20:00:00+05:30,09-09-2026 20:00:00,"Sri Aurobindo Marg, Delhi - DPCC",109,Moderately Polluted,PM10,100,1
2026-09-09T20:00:00+05:30,09-09-2026 20:00:00,"Mandir Marg, Delhi - DPCC",109,Moderately Polluted,PM10,100,1
2026-09-09T20:00:00+05:30,09-09-2026 20:00:00,"Major Dhyan Chand National Stadium, Delhi - DPCC",107,Moderately Polluted,PM10,100,1
2026-09-09T20:00:00+05:30,09-09-2026 20:00:00,"Pusa, Delhi - IITM",107,Moderately Polluted,PM10,100,1
2026-09-09T20:00:00+05:30,09-09-2026 20:00:00,"Commonwealth Sports Complex, Delhi - DPCC",107,Moderately Polluted,PM10,100,1
2026-09-09T20:00:00+05:30,09-09-2026 20:00:00,"NSIT Dwarka, Delhi - CPCB",105,Moderately Polluted,PM10,100,1
2026-09-09T20:00:00+05:30,09-09-2026 20:00:00,"NSUT Jaffarpur, Delhi - DPCC",102,Moderately Polluted,PM10,100,1
2026-09-09T20:00:00+05:30,09-09-2026 20:00:00,"JNU, Delhi - DPCC",99,Satisfactory,PM10,100,0
2026-09-09T20:00:00+05:30,09-09-2026 20:00:00,"Talkatora Garden, Delhi - DPCC",96,Satisfactory,PM10,100,0
2026-09-09T20:00:00+05:30,09-09-2026 20:00:00,"Aya Nagar, Delhi - IITM",96,Satisfactory,PM10,100,0
2026-09-09T20:00:00+05:30,09-09-2026 20:00:00,"CRRI Mathura Road, Delhi - IITM",95,Satisfactory,PM10,100,0
2026-09-09T20:00:00+05:30,09-09-2026 20:00:00,"Najafgarh, Delhi - DPCC",93,Satisfactory,PM10,100,0
2026-09-09T20:00:00+05:30,09-09-2026 20:00:00,"IHBAS, Dilshad Garden, Delhi - CPCB",90,Satisfactory,PM10,100,0
2026-09-09T20:00:00+05:30,09-09-2026 20:00:00,"Anand Vihar, Delhi - DPCC",73,Satisfactory,PM10,100,0
2026-09-09T20:00:00+05:30,09-09-2026 20:00:00,"R K Puram, Delhi - DPCC",65,Satisfactory,CO,100,0
2026-09-09T20:00:00+05:30,09-09-2026 20:00:00,"Cantonment Area, Delhi - DPCC",50,Good,CO,100,0
2026-09-09T21:00:00+05:30,09-09-2026 21:00:00,"Bawana, Delhi - DPCC",226,Poor,PM2.5,100,1
2026-09-09T21:00:00+05:30,09-09-2026 21:00:00,"Wazirpur, Delhi - DPCC",204,Poor,PM10,100,1
2026-09-09T21:00:00+05:30,09-09-2026 21:00:00,"Pusa, Delhi - DPCC",169,Moderately Polluted,PM10,100,1
2026-09-09T21:00:00+05:30,09-09-2026 21:00:00,"IIT Delhi, Delhi - IITM",164,Moderately Polluted,PM10,100,1
2026-09-09T21:00:00+05:30,09-09-2026 21:00:00,"Mundka, Delhi - DPCC",158,Moderately Polluted,PM10,100,1
2026-09-09T21:00:00+05:30,09-09-2026 21:00:00,"Dwarka-Sector 8, Delhi - DPCC",157,Moderately Polluted,PM10,100,1
2026-09-09T21:00:00+05:30,09-09-2026 21:00:00,"Chandni Chowk, Delhi - IITM",155,Moderately Polluted,PM10,100,1
2026-09-09T21:00:00+05:30,09-09-2026 21:00:00,"Jahangirpuri, Delhi - DPCC",149,Moderately Polluted,PM10,100,1
2026-09-09T21:00:00+05:30,09-09-2026 21:00:00,"Nehru Nagar, Delhi - DPCC",148,Moderately Polluted,PM10,100,1
2026-09-09T21:00:00+05:30,09-09-2026 21:00:00,"Rohini, Delhi - DPCC",145,Moderately Polluted,PM10,100,1
2026-09-09T21:00:00+05:30,09-09-2026 21:00:00,"Okhla Phase-2, Delhi - DPCC",137,Moderately Polluted,PM10,100,1
2026-09-09T21:00:00+05:30,09-09-2026 21:00:00,"Sirifort, Delhi - CPCB",136,Moderately Polluted,PM10,100,1
2026-09-09T21:00:00+05:30,09-09-2026 21:00:00,"Punjabi Bagh, Delhi - DPCC",136,Moderately Polluted,PM10,100,1
2026-09-09T21:00:00+05:30,09-09-2026 21:00:00,"Ashok Vihar, Delhi - DPCC",135,Moderately Polluted,PM10,100,1
2026-09-09T21:00:00+05:30,09-09-2026 21:00:00,"Vivek Vihar, Delhi - DPCC",134,Moderately Polluted,PM10,100,1
2026-09-09T21:00:00+05:30,09-09-2026 21:00:00,"Sonia Vihar, Delhi - DPCC",134,Moderately Polluted,PM10,100,1
2026-09-09T21:00:00+05:30,09-09-2026 21:00:00,"Patparganj, Delhi - DPCC",132,Moderately Polluted,PM10,100,1
2026-09-09T21:00:00+05:30,09-09-2026 21:00:00,"Alipur, Delhi - DPCC",128,Moderately Polluted,PM10,100,1
2026-09-09T21:00:00+05:30,09-09-2026 21:00:00,"North Campus, DU, Delhi - IITM",125,Moderately Polluted,PM10,100,1
2026-09-09T21:00:00+05:30,09-09-2026 21:00:00,"Shadipur, Delhi - CPCB",123,Moderately Polluted,PM10,100,1
2026-09-09T21:00:00+05:30,09-09-2026 21:00:00,"Dr. Karni Singh Shooting Range, Delhi - DPCC",122,Moderately Polluted,PM10,100,1
2026-09-09T21:00:00+05:30,09-09-2026 21:00:00,"Jawaharlal Nehru Stadium, Delhi - DPCC",122,Moderately Polluted,PM10,100,1
2026-09-09T21:00:00+05:30,09-09-2026 21:00:00,"Narela, Delhi - DPCC",121,Moderately Polluted,PM10,100,1
2026-09-09T21:00:00+05:30,09-09-2026 21:00:00,"ITO, Delhi - CPCB",117,Moderately Polluted,PM10,100,1
2026-09-09T21:00:00+05:30,09-09-2026 21:00:00,"Burari Crossing, Delhi - IITM",117,Moderately Polluted,PM10,100,1
2026-09-09T21:00:00+05:30,09-09-2026 21:00:00,"IGI Airport (T3), Delhi - IITM",114,Moderately Polluted,PM10,100,1
2026-09-09T21:00:00+05:30,09-09-2026 21:00:00,"IGNOU_Maidan Garhi, Delhi - DPCC",113,Moderately Polluted,PM10,100,1
2026-09-09T21:00:00+05:30,09-09-2026 21:00:00,"IMD Lodhi Road, Delhi - IITM",113,Moderately Polluted,PM10,100,1
2026-09-09T21:00:00+05:30,09-09-2026 21:00:00,"DTU, Delhi - CPCB",112,Moderately Polluted,PM10,100,1
2026-09-09T21:00:00+05:30,09-09-2026 21:00:00,"Mandir Marg, Delhi - DPCC",108,Moderately Polluted,PM10,100,1
2026-09-09T21:00:00+05:30,09-09-2026 21:00:00,"Pusa, Delhi - IITM",108,Moderately Polluted,PM10,100,1
2026-09-09T21:00:00+05:30,09-09-2026 21:00:00,"Sri Aurobindo Marg, Delhi - DPCC",108,Moderately Polluted,PM10,100,1
2026-09-09T21:00:00+05:30,09-09-2026 21:00:00,"Major Dhyan Chand National Stadium, Delhi - DPCC",108,Moderately Polluted,PM10,100,1
2026-09-09T21:00:00+05:30,09-09-2026 21:00:00,"Commonwealth Sports Complex, Delhi - DPCC",107,Moderately Polluted,PM10,100,1
2026-09-09T21:00:00+05:30,09-09-2026 21:00:00,"NSIT Dwarka, Delhi - CPCB",103,Moderately Polluted,PM10,100,1
2026-09-09T21:00:00+05:30,09-09-2026 21:00:00,"NSUT Jaffarpur, Delhi - DPCC",100,Satisfactory,PM10,100,0
2026-09-09T21:00:00+05:30,09-09-2026 21:00:00,"JNU, Delhi - DPCC",100,Satisfactory,PM10,100,0
2026-09-09T21:00:00+05:30,09-09-2026 21:00:00,"Talkatora Garden, Delhi - DPCC",96,Satisfactory,PM10,100,0
2026-09-09T21:00:00+05:30,09-09-2026 21:00:00,"Aya Nagar, Delhi - IITM",96,Satisfactory,PM10,100,0
2026-09-09T21:00:00+05:30,09-09-2026 21:00:00,"Najafgarh, Delhi - DPCC",93,Satisfactory,PM10,100,0
2026-09-09T21:00:00+05:30,09-09-2026 21:00:00,"CRRI Mathura Road, Delhi - IITM",92,Satisfactory,PM10,100,0
2026-09-09T21:00:00+05:30,09-09-2026 21:00:00,"IHBAS, Dilshad Garden, Delhi - CPCB",90,Satisfactory,PM10,100,0
2026-09-09T21:00:00+05:30,09-09-2026 21:00:00,"Anand Vihar, Delhi - DPCC",75,Satisfactory,PM10,100,0
2026-09-09T21:00:00+05:30,09-09-2026 21:00:00,"R K Puram, Delhi - DPCC",71,Satisfactory,CO,100,0
2026-09-09T21:00:00+05:30,09-09-2026 21:00:00,"Cantonment Area, Delhi - DPCC",54,Satisfactory,CO,100,0
