observed,observed_source,station,aqi,band,governing_pollutant,aqi_limit,above_limit
2026-08-25T21:00:00+05:30,25-08-2026 21:00:00,"Anand Vihar, Delhi - DPCC",171,Moderately Polluted,PM2.5,100,1
2026-08-25T21:00:00+05:30,25-08-2026 21:00:00,"Jahangirpuri, Delhi - DPCC",170,Moderately Polluted,PM2.5,100,1
2026-08-25T21:00:00+05:30,25-08-2026 21:00:00,"Jawaharlal Nehru Stadium, Delhi - DPCC",134,Moderately Polluted,PM2.5,100,1
2026-08-25T21:00:00+05:30,25-08-2026 21:00:00,"Nehru Nagar, Delhi - DPCC",133,Moderately Polluted,PM2.5,100,1
2026-08-25T21:00:00+05:30,25-08-2026 21:00:00,"Wazirpur, Delhi - DPCC",132,Moderately Polluted,PM10,100,1
2026-08-25T21:00:00+05:30,25-08-2026 21:00:00,"North Campus, DU, Delhi - IITM",127,Moderately Polluted,NO2,100,1
2026-08-25T21:00:00+05:30,25-08-2026 21:00:00,"Chandni Chowk, Delhi - IITM",127,Moderately Polluted,PM2.5,100,1
2026-08-25T21:00:00+05:30,25-08-2026 21:00:00,"Rohini, Delhi - DPCC",124,Moderately Polluted,PM2.5,100,1
2026-08-25T21:00:00+05:30,25-08-2026 21:00:00,"Mandir Marg, Delhi - DPCC",119,Moderately Polluted,PM2.5,100,1
2026-08-25T21:00:00+05:30,25-08-2026 21:00:00,"Sonia Vihar, Delhi - DPCC",117,Moderately Polluted,PM2.5,100,1
2026-08-25T21:00:00+05:30,25-08-2026 21:00:00,"IGI Airport (T3), Delhi - IITM",117,Moderately Polluted,OZONE,100,1
2026-08-25T21:00:00+05:30,25-08-2026 21:00:00,"Okhla Phase-2, Delhi - DPCC",116,Moderately Polluted,PM2.5,100,1
2026-08-25T21:00:00+05:30,25-08-2026 21:00:00,"Sirifort, Delhi - CPCB",115,Moderately Polluted,PM2.5,100,1
2026-08-25T21:00:00+05:30,25-08-2026 21:00:00,"Pusa, Delhi - DPCC",111,Moderately Polluted,PM10,100,1
2026-08-25T21:00:00+05:30,25-08-2026 21:00:00,"Bawana, Delhi - DPCC",109,Moderately Polluted,PM10,100,1
2026-08-25T21:00:00+05:30,25-08-2026 21:00:00,"CRRI Mathura Road, Delhi - IITM",109,Moderately Polluted,NO2,100,1
2026-08-25T21:00:00+05:30,25-08-2026 21:00:00,"R K Puram, Delhi - DPCC",109,Moderately Polluted,PM2.5,100,1
2026-08-25T21:00:00+05:30,25-08-2026 21:00:00,"Ashok Vihar, Delhi - DPCC",108,Moderately Polluted,PM2.5,100,1
2026-08-25T21:00:00+05:30,25-08-2026 21:00:00,"Punjabi Bagh, Delhi - DPCC",107,Moderately Polluted,PM2.5,100,1
2026-08-25T21:00:00+05:30,25-08-2026 21:00:00,"Patparganj, Delhi - DPCC",103,Moderately Polluted,PM2.5,100,1
2026-08-25T21:00:00+05:30,25-08-2026 21:00:00,"ITO, Delhi - CPCB",102,Moderately Polluted,PM10,100,1
2026-08-25T21:00:00+05:30,25-08-2026 21:00:00,"NSIT Dwarka, Delhi - CPCB",100,Satisfactory,CO,100,0
2026-08-25T21:00:00+05:30,25-08-2026 21:00:00,"DTU, Delhi - CPCB",96,Satisfactory,PM2.5,100,0
2026-08-25T21:00:00+05:30,25-08-2026 21:00:00,"IIT Delhi, Delhi - IITM",95,Satisfactory,PM10,100,0
2026-08-25T21:00:00+05:30,25-08-2026 21:00:00,"Vivek Vihar, Delhi - DPCC",91,Satisfactory,PM10,100,0
2026-08-25T21:00:00+05:30,25-08-2026 21:00:00,"Major Dhyan Chand National Stadium, Delhi - DPCC",89,Satisfactory,PM2.5,100,0
2026-08-25T21:00:00+05:30,25-08-2026 21:00:00,"Dr. Karni Singh Shooting Range, Delhi - DPCC",89,Satisfactory,PM2.5,100,0
2026-08-25T21:00:00+05:30,25-08-2026 21:00:00,"Dwarka-Sector 8, Delhi - DPCC",87,Satisfactory,PM10,100,0
2026-08-25T21:00:00+05:30,25-08-2026 21:00:00,"Commonwealth Sports Complex, Delhi - DPCC",85,Satisfactory,PM2.5,100,0
2026-08-25T21:00:00+05:30,25-08-2026 21:00:00,"IMD Lodhi Road, Delhi - IITM",83,Satisfactory,PM10,100,0
2026-08-25T21:00:00+05:30,25-08-2026 21:00:00,"Narela, Delhi - DPCC",78,Satisfactory,PM10,100,0
2026-08-25T21:00:00+05:30,25-08-2026 21:00:00,"Burari Crossing, Delhi - IITM",77,Satisfactory,PM2.5,100,0
2026-08-25T21:00:00+05:30,25-08-2026 21:00:00,"Mundka, Delhi - DPCC",76,Satisfactory,NO2,100,0
2026-08-25T21:00:00+05:30,25-08-2026 21:00:00,"JNU, Delhi - DPCC",76,Satisfactory,CO,100,0
2026-08-25T21:00:00+05:30,25-08-2026 21:00:00,"Talkatora Garden, Delhi - DPCC",76,Satisfactory,PM2.5,100,0
2026-08-25T21:00:00+05:30,25-08-2026 21:00:00,"Sri Aurobindo Marg, Delhi - DPCC",72,Satisfactory,PM10,100,0
2026-08-25T21:00:00+05:30,25-08-2026 21:00:00,"Aya Nagar, Delhi - IITM",69,Satisfactory,OZONE,100,0
2026-08-25T21:00:00+05:30,25-08-2026 21:00:00,"NSUT Jaffarpur, Delhi - DPCC",67,Satisfactory,PM2.5,100,0
2026-08-25T21:00:00+05:30,25-08-2026 21:00:00,"IHBAS, Dilshad Garden, Delhi - CPCB",62,Satisfactory,PM10,100,0
2026-08-25T21:00:00+05:30,25-08-2026 21:00:00,"Najafgarh, Delhi - DPCC",62,Satisfactory,PM10,100,0
2026-08-25T21:00:00+05:30,25-08-2026 21:00:00,"IGNOU_Maidan Garhi, Delhi - DPCC",59,Satisfactory,CO,100,0
2026-08-25T21:00:00+05:30,25-08-2026 21:00:00,"Shadipur, Delhi - CPCB",53,Satisfactory,PM10,100,0
2026-08-25T21:00:00+05:30,25-08-2026 21:00:00,"Cantonment Area, Delhi - DPCC",21,Good,PM2.5,100,0
2026-08-25T21:00:00+05:30,25-08-2026 21:00:00,"Alipur, Delhi - DPCC",14,Good,OZONE,100,0
2026-08-26T02:00:00+05:30,26-08-2026 02:00:00,"Anand Vihar, Delhi - DPCC",149,Moderately Polluted,PM2.5,100,1
2026-08-26T02:00:00+05:30,26-08-2026 02:00:00,"Jahangirpuri, Delhi - DPCC",138,Moderately Polluted,PM2.5,100,1
2026-08-26T02:00:00+05:30,26-08-2026 02:00:00,"Sonia Vihar, Delhi - DPCC",133,Moderately Polluted,PM2.5,100,1
2026-08-26T02:00:00+05:30,26-08-2026 02:00:00,"Wazirpur, Delhi - DPCC",123,Moderately Polluted,PM10,100,1
2026-08-26T02:00:00+05:30,26-08-2026 02:00:00,"North Campus, DU, Delhi - IITM",120,Moderately Polluted,NO2,100,1
2026-08-26T02:00:00+05:30,26-08-2026 02:00:00,"Chandni Chowk, Delhi - IITM",118,Moderately Polluted,PM10,100,1
2026-08-26T02:00:00+05:30,26-08-2026 02:00:00,"CRRI Mathura Road, Delhi - IITM",113,Moderately Polluted,NO2,100,1
2026-08-26T02:00:00+05:30,26-08-2026 02:00:00,"Rohini, Delhi - DPCC",113,Moderately Polluted,PM2.5,100,1
2026-08-26T02:00:00+05:30,26-08-2026 02:00:00,"Pusa, Delhi - DPCC",109,Moderately Polluted,PM10,100,1
2026-08-26T02:00:00+05:30,26-08-2026 02:00:00,"Nehru Nagar, Delhi - DPCC",109,Moderately Polluted,PM2.5,100,1
2026-08-26T02:00:00+05:30,26-08-2026 02:00:00,"Bawana, Delhi - DPCC",106,Moderately Polluted,PM10,100,1
2026-08-26T02:00:00+05:30,26-08-2026 02:00:00,"Ashok Vihar, Delhi - DPCC",105,Moderately Polluted,CO,100,1
2026-08-26T02:00:00+05:30,26-08-2026 02:00:00,"Mandir Marg, Delhi - DPCC",105,Moderately Polluted,PM2.5,100,1
2026-08-26T02:00:00+05:30,26-08-2026 02:00:00,"Patparganj, Delhi - DPCC",103,Moderately Polluted,CO,100,1
2026-08-26T02:00:00+05:30,26-08-2026 02:00:00,"Jawaharlal Nehru Stadium, Delhi - DPCC",102,Moderately Polluted,PM2.5,100,1
2026-08-26T02:00:00+05:30,26-08-2026 02:00:00,"NSIT Dwarka, Delhi - CPCB",100,Satisfactory,CO,100,0
2026-08-26T02:00:00+05:30,26-08-2026 02:00:00,"R K Puram, Delhi - DPCC",99,Satisfactory,PM2.5,100,0
2026-08-26T02:00:00+05:30,26-08-2026 02:00:00,"ITO, Delhi - CPCB",97,Satisfactory,PM10,100,0
2026-08-26T02:00:00+05:30,26-08-2026 02:00:00,"Punjabi Bagh, Delhi - DPCC",96,Satisfactory,PM2.5,100,0
2026-08-26T02:00:00+05:30,26-08-2026 02:00:00,"DTU, Delhi - CPCB",94,Satisfactory,PM2.5,100,0
2026-08-26T02:00:00+05:30,26-08-2026 02:00:00,"Commonwealth Sports Complex, Delhi - DPCC",93,Satisfactory,CO,100,0
2026-08-26T02:00:00+05:30,26-08-2026 02:00:00,"Sirifort, Delhi - CPCB",90,Satisfactory,PM2.5,100,0
2026-08-26T02:00:00+05:30,26-08-2026 02:00:00,"Burari Crossing, Delhi - IITM",88,Satisfactory,CO,100,0
2026-08-26T02:00:00+05:30,26-08-2026 02:00:00,"IIT Delhi, Delhi - IITM",88,Satisfactory,PM10,100,0
2026-08-26T02:00:00+05:30,26-08-2026 02:00:00,"Okhla Phase-2, Delhi - DPCC",85,Satisfactory,PM2.5,100,0
2026-08-26T02:00:00+05:30,26-08-2026 02:00:00,"JNU, Delhi - DPCC",82,Satisfactory,CO,100,0
2026-08-26T02:00:00+05:30,26-08-2026 02:00:00,"Major Dhyan Chand National Stadium, Delhi - DPCC",82,Satisfactory,PM2.5,100,0
2026-08-26T02:00:00+05:30,26-08-2026 02:00:00,"Talkatora Garden, Delhi - DPCC",80,Satisfactory,CO,100,0
2026-08-26T02:00:00+05:30,26-08-2026 02:00:00,"Mundka, Delhi - DPCC",78,Satisfactory,NO2,100,0
2026-08-26T02:00:00+05:30,26-08-2026 02:00:00,"Vivek Vihar, Delhi - DPCC",77,Satisfactory,PM10,100,0
2026-08-26T02:00:00+05:30,26-08-2026 02:00:00,"IGI Airport (T3), Delhi - IITM",77,Satisfactory,PM10,100,0
2026-08-26T02:00:00+05:30,26-08-2026 02:00:00,"IMD Lodhi Road, Delhi - IITM",75,Satisfactory,PM10,100,0
2026-08-26T02:00:00+05:30,26-08-2026 02:00:00,"Sri Aurobindo Marg, Delhi - DPCC",74,Satisfactory,CO,100,0
2026-08-26T02:00:00+05:30,26-08-2026 02:00:00,"Dwarka-Sector 8, Delhi - DPCC",72,Satisfactory,PM10,100,0
2026-08-26T02:00:00+05:30,26-08-2026 02:00:00,"Narela, Delhi - DPCC",67,Satisfactory,CO,100,0
2026-08-26T02:00:00+05:30,26-08-2026 02:00:00,"NSUT Jaffarpur, Delhi - DPCC",62,Satisfactory,PM2.5,100,0
2026-08-26T02:00:00+05:30,26-08-2026 02:00:00,"Dr. Karni Singh Shooting Range, Delhi - DPCC",62,Satisfactory,PM10,100,0
2026-08-26T02:00:00+05:30,26-08-2026 02:00:00,"Najafgarh, Delhi - DPCC",59,Satisfactory,PM2.5,100,0
2026-08-26T02:00:00+05:30,26-08-2026 02:00:00,"Aya Nagar, Delhi - IITM",57,Satisfactory,PM10,100,0
2026-08-26T02:00:00+05:30,26-08-2026 02:00:00,"IGNOU_Maidan Garhi, Delhi - DPCC",56,Satisfactory,CO,100,0
2026-08-26T02:00:00+05:30,26-08-2026 02:00:00,"IHBAS, Dilshad Garden, Delhi - CPCB",54,Satisfactory,PM10,100,0
2026-08-26T02:00:00+05:30,26-08-2026 02:00:00,"Shadipur, Delhi - CPCB",51,Satisfactory,PM10,100,0
2026-08-26T02:00:00+05:30,26-08-2026 02:00:00,"Cantonment Area, Delhi - DPCC",21,Good,PM2.5,100,0
2026-08-26T02:00:00+05:30,26-08-2026 02:00:00,"Alipur, Delhi - DPCC",7,Good,OZONE,100,0
2026-08-26T15:00:00+05:30,26-08-2026 15:00:00,"Anand Vihar, Delhi - DPCC",181,Moderately Polluted,PM10,100,1
2026-08-26T15:00:00+05:30,26-08-2026 15:00:00,"Pusa, Delhi - IITM",155,Moderately Polluted,OZONE,100,1
2026-08-26T15:00:00+05:30,26-08-2026 15:00:00,"Sonia Vihar, Delhi - DPCC",135,Moderately Polluted,PM2.5,100,1
2026-08-26T15:00:00+05:30,26-08-2026 15:00:00,"Wazirpur, Delhi - DPCC",129,Moderately Polluted,PM10,100,1
2026-08-26T15:00:00+05:30,26-08-2026 15:00:00,"Pusa, Delhi - DPCC",124,Moderately Polluted,PM10,100,1
2026-08-26T15:00:00+05:30,26-08-2026 15:00:00,"Bawana, Delhi - DPCC",124,Moderately Polluted,PM2.5,100,1
2026-08-26T15:00:00+05:30,26-08-2026 15:00:00,"R K Puram, Delhi - DPCC",124,Moderately Polluted,PM2.5,100,1
2026-08-26T15:00:00+05:30,26-08-2026 15:00:00,"Rohini, Delhi - DPCC",121,Moderately Polluted,PM2.5,100,1
2026-08-26T15:00:00+05:30,26-08-2026 15:00:00,"Jahangirpuri, Delhi - DPCC",118,Moderately Polluted,PM2.5,100,1
2026-08-26T15:00:00+05:30,26-08-2026 15:00:00,"North Campus, DU, Delhi - IITM",118,Moderately Polluted,NO2,100,1
2026-08-26T15:00:00+05:30,26-08-2026 15:00:00,"Chandni Chowk, Delhi - IITM",116,Moderately Polluted,PM10,100,1
2026-08-26T15:00:00+05:30,26-08-2026 15:00:00,"IGI Airport (T3), Delhi - IITM",109,Moderately Polluted,OZONE,100,1
2026-08-26T15:00:00+05:30,26-08-2026 15:00:00,"IIT Delhi, Delhi - IITM",106,Moderately Polluted,PM10,100,1
2026-08-26T15:00:00+05:30,26-08-2026 15:00:00,"Nehru Nagar, Delhi - DPCC",104,Moderately Polluted,PM10,100,1
2026-08-26T15:00:00+05:30,26-08-2026 15:00:00,"Ashok Vihar, Delhi - DPCC",103,Moderately Polluted,CO,100,1
2026-08-26T15:00:00+05:30,26-08-2026 15:00:00,"ITO, Delhi - CPCB",102,Moderately Polluted,PM10,100,1
2026-08-26T15:00:00+05:30,26-08-2026 15:00:00,"NSIT Dwarka, Delhi - CPCB",101,Moderately Polluted,CO,100,1
2026-08-26T15:00:00+05:30,26-08-2026 15:00:00,"Mundka, Delhi - DPCC",98,Satisfactory,PM10,100,0
2026-08-26T15:00:00+05:30,26-08-2026 15:00:00,"Patparganj, Delhi - DPCC",98,Satisfactory,PM2.5,100,0
2026-08-26T15:00:00+05:30,26-08-2026 15:00:00,"Punjabi Bagh, Delhi - DPCC",97,Satisfactory,PM10,100,0
2026-08-26T15:00:00+05:30,26-08-2026 15:00:00,"Dwarka-Sector 8, Delhi - DPCC",93,Satisfactory,PM10,100,0
2026-08-26T15:00:00+05:30,26-08-2026 15:00:00,"Sirifort, Delhi - CPCB",92,Satisfactory,PM2.5,100,0
2026-08-26T15:00:00+05:30,26-08-2026 15:00:00,"DTU, Delhi - CPCB",92,Satisfactory,PM2.5,100,0
2026-08-26T15:00:00+05:30,26-08-2026 15:00:00,"Okhla Phase-2, Delhi - DPCC",84,Satisfactory,PM10,100,0
2026-08-26T15:00:00+05:30,26-08-2026 15:00:00,"Burari Crossing, Delhi - IITM",84,Satisfactory,PM10,100,0
2026-08-26T15:00:00+05:30,26-08-2026 15:00:00,"Mandir Marg, Delhi - DPCC",82,Satisfactory,PM10,100,0
2026-08-26T15:00:00+05:30,26-08-2026 15:00:00,"Vivek Vihar, Delhi - DPCC",82,Satisfactory,PM10,100,0
2026-08-26T15:00:00+05:30,26-08-2026 15:00:00,"Sri Aurobindo Marg, Delhi - DPCC",81,Satisfactory,PM10,100,0
2026-08-26T15:00:00+05:30,26-08-2026 15:00:00,"CRRI Mathura Road, Delhi - IITM",81,Satisfactory,PM10,100,0
2026-08-26T15:00:00+05:30,26-08-2026 15:00:00,"Commonwealth Sports Complex, Delhi - DPCC",80,Satisfactory,PM10,100,0
2026-08-26T15:00:00+05:30,26-08-2026 15:00:00,"Major Dhyan Chand National Stadium, Delhi - DPCC",80,Satisfactory,PM10,100,0
2026-08-26T15:00:00+05:30,26-08-2026 15:00:00,"Jawaharlal Nehru Stadium, Delhi - DPCC",78,Satisfactory,PM2.5,100,0
2026-08-26T15:00:00+05:30,26-08-2026 15:00:00,"Najafgarh, Delhi - DPCC",78,Satisfactory,PM2.5,100,0
2026-08-26T15:00:00+05:30,26-08-2026 15:00:00,"Aya Nagar, Delhi - IITM",77,Satisfactory,PM10,100,0
2026-08-26T15:00:00+05:30,26-08-2026 15:00:00,"IMD Lodhi Road, Delhi - IITM",73,Satisfactory,PM10,100,0
2026-08-26T15:00:00+05:30,26-08-2026 15:00:00,"Talkatora Garden, Delhi - DPCC",72,Satisfactory,CO,100,0
2026-08-26T15:00:00+05:30,26-08-2026 15:00:00,"NSUT Jaffarpur, Delhi - DPCC",70,Satisfactory,PM2.5,100,0
2026-08-26T15:00:00+05:30,26-08-2026 15:00:00,"JNU, Delhi - DPCC",70,Satisfactory,PM10,100,0
2026-08-26T15:00:00+05:30,26-08-2026 15:00:00,"Dr. Karni Singh Shooting Range, Delhi - DPCC",66,Satisfactory,PM10,100,0
2026-08-26T15:00:00+05:30,26-08-2026 15:00:00,"IGNOU_Maidan Garhi, Delhi - DPCC",63,Satisfactory,PM10,100,0
2026-08-26T15:00:00+05:30,26-08-2026 15:00:00,"Narela, Delhi - DPCC",59,Satisfactory,CO,100,0
2026-08-26T15:00:00+05:30,26-08-2026 15:00:00,"IHBAS, Dilshad Garden, Delhi - CPCB",57,Satisfactory,PM10,100,0
2026-08-26T15:00:00+05:30,26-08-2026 15:00:00,"Shadipur, Delhi - CPCB",51,Satisfactory,PM10,100,0
2026-08-26T15:00:00+05:30,26-08-2026 15:00:00,"Cantonment Area, Delhi - DPCC",25,Good,PM2.5,100,0
2026-08-26T16:00:00+05:30,26-08-2026 16:00:00,"Anand Vihar, Delhi - DPCC",183,Moderately Polluted,PM10,100,1
2026-08-26T16:00:00+05:30,26-08-2026 16:00:00,"Pusa, Delhi - IITM",146,Moderately Polluted,OZONE,100,1
2026-08-26T16:00:00+05:30,26-08-2026 16:00:00,"Sonia Vihar, Delhi - DPCC",138,Moderately Polluted,PM2.5,100,1
2026-08-26T16:00:00+05:30,26-08-2026 16:00:00,"Wazirpur, Delhi - DPCC",131,Moderately Polluted,PM10,100,1
2026-08-26T16:00:00+05:30,26-08-2026 16:00:00,"Bawana, Delhi - DPCC",129,Moderately Polluted,PM2.5,100,1
2026-08-26T16:00:00+05:30,26-08-2026 16:00:00,"Rohini, Delhi - DPCC",126,Moderately Polluted,PM2.5,100,1
2026-08-26T16:00:00+05:30,26-08-2026 16:00:00,"R K Puram, Delhi - DPCC",122,Moderately Polluted,PM2.5,100,1
2026-08-26T16:00:00+05:30,26-08-2026 16:00:00,"IGI Airport (T3), Delhi - IITM",122,Moderately Polluted,OZONE,100,1
2026-08-26T16:00:00+05:30,26-08-2026 16:00:00,"Pusa, Delhi - DPCC",120,Moderately Polluted,PM10,100,1
2026-08-26T16:00:00+05:30,26-08-2026 16:00:00,"Jahangirpuri, Delhi - DPCC",119,Moderately Polluted,PM2.5,100,1
2026-08-26T16:00:00+05:30,26-08-2026 16:00:00,"North Campus, DU, Delhi - IITM",118,Moderately Polluted,NO2,100,1
2026-08-26T16:00:00+05:30,26-08-2026 16:00:00,"Chandni Chowk, Delhi - IITM",117,Moderately Polluted,PM10,100,1
2026-08-26T16:00:00+05:30,26-08-2026 16:00:00,"Nehru Nagar, Delhi - DPCC",105,Moderately Polluted,PM10,100,1
2026-08-26T16:00:00+05:30,26-08-2026 16:00:00,"IIT Delhi, Delhi - IITM",105,Moderately Polluted,PM10,100,1
2026-08-26T16:00:00+05:30,26-08-2026 16:00:00,"ITO, Delhi - CPCB",102,Moderately Polluted,PM10,100,1
2026-08-26T16:00:00+05:30,26-08-2026 16:00:00,"NSIT Dwarka, Delhi - CPCB",102,Moderately Polluted,CO,100,1
2026-08-26T16:00:00+05:30,26-08-2026 16:00:00,"Punjabi Bagh, Delhi - DPCC",101,Moderately Polluted,PM2.5,100,1
2026-08-26T16:00:00+05:30,26-08-2026 16:00:00,"Ashok Vihar, Delhi - DPCC",101,Moderately Polluted,CO,100,1
2026-08-26T16:00:00+05:30,26-08-2026 16:00:00,"Patparganj, Delhi - DPCC",100,Satisfactory,PM2.5,100,0
2026-08-26T16:00:00+05:30,26-08-2026 16:00:00,"Mundka, Delhi - DPCC",98,Satisfactory,PM10,100,0
2026-08-26T16:00:00+05:30,26-08-2026 16:00:00,"DTU, Delhi - CPCB",97,Satisfactory,PM2.5,100,0
2026-08-26T16:00:00+05:30,26-08-2026 16:00:00,"Sirifort, Delhi - CPCB",93,Satisfactory,PM2.5,100,0
2026-08-26T16:00:00+05:30,26-08-2026 16:00:00,"Dwarka-Sector 8, Delhi - DPCC",93,Satisfactory,PM10,100,0
2026-08-26T16:00:00+05:30,26-08-2026 16:00:00,"Burari Crossing, Delhi - IITM",85,Satisfactory,PM10,100,0
2026-08-26T16:00:00+05:30,26-08-2026 16:00:00,"Okhla Phase-2, Delhi - DPCC",85,Satisfactory,PM10,100,0
2026-08-26T16:00:00+05:30,26-08-2026 16:00:00,"Vivek Vihar, Delhi - DPCC",84,Satisfactory,PM10,100,0
2026-08-26T16:00:00+05:30,26-08-2026 16:00:00,"CRRI Mathura Road, Delhi - IITM",83,Satisfactory,PM10,100,0
2026-08-26T16:00:00+05:30,26-08-2026 16:00:00,"Commonwealth Sports Complex, Delhi - DPCC",82,Satisfactory,OZONE,100,0
2026-08-26T16:00:00+05:30,26-08-2026 16:00:00,"Mandir Marg, Delhi - DPCC",82,Satisfactory,PM10,100,0
2026-08-26T16:00:00+05:30,26-08-2026 16:00:00,"Sri Aurobindo Marg, Delhi - DPCC",81,Satisfactory,PM10,100,0
2026-08-26T16:00:00+05:30,26-08-2026 16:00:00,"Major Dhyan Chand National Stadium, Delhi - DPCC",79,Satisfactory,PM10,100,0
2026-08-26T16:00:00+05:30,26-08-2026 16:00:00,"Aya Nagar, Delhi - IITM",78,Satisfactory,PM10,100,0
2026-08-26T16:00:00+05:30,26-08-2026 16:00:00,"Najafgarh, Delhi - DPCC",78,Satisfactory,PM2.5,100,0
2026-08-26T16:00:00+05:30,26-08-2026 16:00:00,"Jawaharlal Nehru Stadium, Delhi - DPCC",73,Satisfactory,PM10,100,0
2026-08-26T16:00:00+05:30,26-08-2026 16:00:00,"IMD Lodhi Road, Delhi - IITM",72,Satisfactory,PM10,100,0
2026-08-26T16:00:00+05:30,26-08-2026 16:00:00,"NSUT Jaffarpur, Delhi - DPCC",72,Satisfactory,PM2.5,100,0
2026-08-26T16:00:00+05:30,26-08-2026 16:00:00,"Talkatora Garden, Delhi - DPCC",69,Satisfactory,PM2.5,100,0
2026-08-26T16:00:00+05:30,26-08-2026 16:00:00,"JNU, Delhi - DPCC",69,Satisfactory,PM10,100,0
2026-08-26T16:00:00+05:30,26-08-2026 16:00:00,"Dr. Karni Singh Shooting Range, Delhi - DPCC",67,Satisfactory,PM10,100,0
2026-08-26T16:00:00+05:30,26-08-2026 16:00:00,"IGNOU_Maidan Garhi, Delhi - DPCC",64,Satisfactory,PM10,100,0
2026-08-26T16:00:00+05:30,26-08-2026 16:00:00,"IHBAS, Dilshad Garden, Delhi - CPCB",61,Satisfactory,PM10,100,0
2026-08-26T16:00:00+05:30,26-08-2026 16:00:00,"Narela, Delhi - DPCC",58,Satisfactory,CO,100,0
2026-08-26T16:00:00+05:30,26-08-2026 16:00:00,"Shadipur, Delhi - CPCB",52,Satisfactory,PM10,100,0
2026-08-26T16:00:00+05:30,26-08-2026 16:00:00,"Cantonment Area, Delhi - DPCC",25,Good,PM2.5,100,0
2026-08-26T17:00:00+05:30,26-08-2026 17:00:00,"Anand Vihar, Delhi - DPCC",187,Moderately Polluted,PM10,100,1
2026-08-26T17:00:00+05:30,26-08-2026 17:00:00,"Sonia Vihar, Delhi - DPCC",143,Moderately Polluted,PM2.5,100,1
2026-08-26T17:00:00+05:30,26-08-2026 17:00:00,"Pusa, Delhi - IITM",142,Moderately Polluted,OZONE,100,1
2026-08-26T17:00:00+05:30,26-08-2026 17:00:00,"Wazirpur, Delhi - DPCC",132,Moderately Polluted,PM10,100,1
2026-08-26T17:00:00+05:30,26-08-2026 17:00:00,"IGI Airport (T3), Delhi - IITM",132,Moderately Polluted,OZONE,100,1
2026-08-26T17:00:00+05:30,26-08-2026 17:00:00,"Bawana, Delhi - DPCC",130,Moderately Polluted,PM2.5,100,1
2026-08-26T17:00:00+05:30,26-08-2026 17:00:00,"Rohini, Delhi - DPCC",127,Moderately Polluted,PM2.5,100,1
2026-08-26T17:00:00+05:30,26-08-2026 17:00:00,"Jahangirpuri, Delhi - DPCC",121,Moderately Polluted,PM2.5,100,1
2026-08-26T17:00:00+05:30,26-08-2026 17:00:00,"North Campus, DU, Delhi - IITM",120,Moderately Polluted,NO2,100,1
2026-08-26T17:00:00+05:30,26-08-2026 17:00:00,"Pusa, Delhi - DPCC",119,Moderately Polluted,PM10,100,1
2026-08-26T17:00:00+05:30,26-08-2026 17:00:00,"R K Puram, Delhi - DPCC",119,Moderately Polluted,PM2.5,100,1
2026-08-26T17:00:00+05:30,26-08-2026 17:00:00,"Chandni Chowk, Delhi - IITM",118,Moderately Polluted,PM10,100,1
2026-08-26T17:00:00+05:30,26-08-2026 17:00:00,"Patparganj, Delhi - DPCC",107,Moderately Polluted,CO,100,1
2026-08-26T17:00:00+05:30,26-08-2026 17:00:00,"Nehru Nagar, Delhi - DPCC",106,Moderately Polluted,PM10,100,1
2026-08-26T17:00:00+05:30,26-08-2026 17:00:00,"ITO, Delhi - CPCB",104,Moderately Polluted,PM10,100,1
2026-08-26T17:00:00+05:30,26-08-2026 17:00:00,"IIT Delhi, Delhi - IITM",103,Moderately Polluted,PM10,100,1
2026-08-26T17:00:00+05:30,26-08-2026 17:00:00,"NSIT Dwarka, Delhi - CPCB",103,Moderately Polluted,CO,100,1
2026-08-26T17:00:00+05:30,26-08-2026 17:00:00,"Punjabi Bagh, Delhi - DPCC",102,Moderately Polluted,PM2.5,100,1
2026-08-26T17:00:00+05:30,26-08-2026 17:00:00,"Mundka, Delhi - DPCC",100,Satisfactory,PM10,100,0
2026-08-26T17:00:00+05:30,26-08-2026 17:00:00,"Ashok Vihar, Delhi - DPCC",100,Satisfactory,CO,100,0
2026-08-26T17:00:00+05:30,26-08-2026 17:00:00,"DTU, Delhi - CPCB",98,Satisfactory,PM2.5,100,0
2026-08-26T17:00:00+05:30,26-08-2026 17:00:00,"Dwarka-Sector 8, Delhi - DPCC",89,Satisfactory,PM10,100,0
2026-08-26T17:00:00+05:30,26-08-2026 17:00:00,"Commonwealth Sports Complex, Delhi - DPCC",88,Satisfactory,OZONE,100,0
2026-08-26T17:00:00+05:30,26-08-2026 17:00:00,"Sirifort, Delhi - CPCB",87,Satisfactory,PM2.5,100,0
2026-08-26T17:00:00+05:30,26-08-2026 17:00:00,"Burari Crossing, Delhi - IITM",87,Satisfactory,PM10,100,0
2026-08-26T17:00:00+05:30,26-08-2026 17:00:00,"Vivek Vihar, Delhi - DPCC",86,Satisfactory,PM10,100,0
2026-08-26T17:00:00+05:30,26-08-2026 17:00:00,"Okhla Phase-2, Delhi - DPCC",85,Satisfactory,PM10,100,0
2026-08-26T17:00:00+05:30,26-08-2026 17:00:00,"CRRI Mathura Road, Delhi - IITM",84,Satisfactory,PM10,100,0
2026-08-26T17:00:00+05:30,26-08-2026 17:00:00,"Mandir Marg, Delhi - DPCC",83,Satisfactory,PM10,100,0
2026-08-26T17:00:00+05:30,26-08-2026 17:00:00,"Major Dhyan Chand National Stadium, Delhi - DPCC",80,Satisfactory,PM10,100,0
2026-08-26T17:00:00+05:30,26-08-2026 17:00:00,"Sri Aurobindo Marg, Delhi - DPCC",80,Satisfactory,PM10,100,0
2026-08-26T17:00:00+05:30,26-08-2026 17:00:00,"Najafgarh, Delhi - DPCC",80,Satisfactory,PM2.5,100,0
2026-08-26T17:00:00+05:30,26-08-2026 17:00:00,"Jawaharlal Nehru Stadium, Delhi - DPCC",76,Satisfactory,PM10,100,0
2026-08-26T17:00:00+05:30,26-08-2026 17:00:00,"Aya Nagar, Delhi - IITM",75,Satisfactory,PM10,100,0
2026-08-26T17:00:00+05:30,26-08-2026 17:00:00,"IMD Lodhi Road, Delhi - IITM",75,Satisfactory,PM10,100,0
2026-08-26T17:00:00+05:30,26-08-2026 17:00:00,"NSUT Jaffarpur, Delhi - DPCC",74,Satisfactory,PM2.5,100,0
2026-08-26T17:00:00+05:30,26-08-2026 17:00:00,"Talkatora Garden, Delhi - DPCC",69,Satisfactory,PM2.5,100,0
2026-08-26T17:00:00+05:30,26-08-2026 17:00:00,"JNU, Delhi - DPCC",68,Satisfactory,PM10,100,0
2026-08-26T17:00:00+05:30,26-08-2026 17:00:00,"IHBAS, Dilshad Garden, Delhi - CPCB",65,Satisfactory,PM10,100,0
2026-08-26T17:00:00+05:30,26-08-2026 17:00:00,"Dr. Karni Singh Shooting Range, Delhi - DPCC",63,Satisfactory,PM10,100,0
2026-08-26T17:00:00+05:30,26-08-2026 17:00:00,"IGNOU_Maidan Garhi, Delhi - DPCC",62,Satisfactory,PM10,100,0
2026-08-26T17:00:00+05:30,26-08-2026 17:00:00,"Narela, Delhi - DPCC",59,Satisfactory,PM10,100,0
2026-08-26T17:00:00+05:30,26-08-2026 17:00:00,"Shadipur, Delhi - CPCB",52,Satisfactory,PM10,100,0
2026-08-26T17:00:00+05:30,26-08-2026 17:00:00,"Cantonment Area, Delhi - DPCC",25,Good,PM2.5,100,0
2026-08-26T23:00:00+05:30,26-08-2026 23:00:00,"Anand Vihar, Delhi - DPCC",256,Poor,PM10,100,1
2026-08-26T23:00:00+05:30,26-08-2026 23:00:00,"Bawana, Delhi - DPCC",174,Moderately Polluted,PM2.5,100,1
2026-08-26T23:00:00+05:30,26-08-2026 23:00:00,"Sonia Vihar, Delhi - DPCC",173,Moderately Polluted,PM2.5,100,1
2026-08-26T23:00:00+05:30,26-08-2026 23:00:00,"Wazirpur, Delhi - DPCC",160,Moderately Polluted,PM10,100,1
2026-08-26T23:00:00+05:30,26-08-2026 23:00:00,"Jahangirpuri, Delhi - DPCC",149,Moderately Polluted,PM10,100,1
2026-08-26T23:00:00+05:30,26-08-2026 23:00:00,"Dwarka-Sector 8, Delhi - DPCC",148,Moderately Polluted,PM10,100,1
2026-08-26T23:00:00+05:30,26-08-2026 23:00:00,"Rohini, Delhi - DPCC",147,Moderately Polluted,PM2.5,100,1
2026-08-26T23:00:00+05:30,26-08-2026 23:00:00,"Pusa, Delhi - DPCC",146,Moderately Polluted,PM10,100,1
2026-08-26T23:00:00+05:30,26-08-2026 23:00:00,"North Campus, DU, Delhi - IITM",146,Moderately Polluted,NO2,100,1
2026-08-26T23:00:00+05:30,26-08-2026 23:00:00,"R K Puram, Delhi - DPCC",136,Moderately Polluted,PM2.5,100,1
2026-08-26T23:00:00+05:30,26-08-2026 23:00:00,"Chandni Chowk, Delhi - IITM",131,Moderately Polluted,PM10,100,1
2026-08-26T23:00:00+05:30,26-08-2026 23:00:00,"Mundka, Delhi - DPCC",130,Moderately Polluted,PM10,100,1
2026-08-26T23:00:00+05:30,26-08-2026 23:00:00,"Punjabi Bagh, Delhi - DPCC",127,Moderately Polluted,PM10,100,1
2026-08-26T23:00:00+05:30,26-08-2026 23:00:00,"IIT Delhi, Delhi - IITM",123,Moderately Polluted,PM10,100,1
2026-08-26T23:00:00+05:30,26-08-2026 23:00:00,"Ashok Vihar, Delhi - DPCC",120,Moderately Polluted,PM2.5,100,1
2026-08-26T23:00:00+05:30,26-08-2026 23:00:00,"Nehru Nagar, Delhi - DPCC",118,Moderately Polluted,PM10,100,1
2026-08-26T23:00:00+05:30,26-08-2026 23:00:00,"ITO, Delhi - CPCB",114,Moderately Polluted,PM10,100,1
2026-08-26T23:00:00+05:30,26-08-2026 23:00:00,"IGI Airport (T3), Delhi - IITM",113,Moderately Polluted,PM10,100,1
2026-08-26T23:00:00+05:30,26-08-2026 23:00:00,"Patparganj, Delhi - DPCC",112,Moderately Polluted,PM10,100,1
2026-08-26T23:00:00+05:30,26-08-2026 23:00:00,"Sirifort, Delhi - CPCB",111,Moderately Polluted,PM2.5,100,1
2026-08-26T23:00:00+05:30,26-08-2026 23:00:00,"Vivek Vihar, Delhi - DPCC",107,Moderately Polluted,PM10,100,1
2026-08-26T23:00:00+05:30,26-08-2026 23:00:00,"DTU, Delhi - CPCB",107,Moderately Polluted,PM2.5,100,1
2026-08-26T23:00:00+05:30,26-08-2026 23:00:00,"Okhla Phase-2, Delhi - DPCC",107,Moderately Polluted,PM10,100,1
2026-08-26T23:00:00+05:30,26-08-2026 23:00:00,"NSIT Dwarka, Delhi - CPCB",106,Moderately Polluted,OZONE,100,1
2026-08-26T23:00:00+05:30,26-08-2026 23:00:00,"Burari Crossing, Delhi - IITM",98,Satisfactory,PM10,100,0
2026-08-26T23:00:00+05:30,26-08-2026 23:00:00,"CRRI Mathura Road, Delhi - IITM",96,Satisfactory,PM10,100,0
2026-08-26T23:00:00+05:30,26-08-2026 23:00:00,"Jawaharlal Nehru Stadium, Delhi - DPCC",96,Satisfactory,PM2.5,100,0
2026-08-26T23:00:00+05:30,26-08-2026 23:00:00,"Major Dhyan Chand National Stadium, Delhi - DPCC",94,Satisfactory,PM10,100,0
2026-08-26T23:00:00+05:30,26-08-2026 23:00:00,"Mandir Marg, Delhi - DPCC",93,Satisfactory,PM10,100,0
2026-08-26T23:00:00+05:30,26-08-2026 23:00:00,"Commonwealth Sports Complex, Delhi - DPCC",92,Satisfactory,PM10,100,0
2026-08-26T23:00:00+05:30,26-08-2026 23:00:00,"Sri Aurobindo Marg, Delhi - DPCC",91,Satisfactory,PM10,100,0
2026-08-26T23:00:00+05:30,26-08-2026 23:00:00,"IMD Lodhi Road, Delhi - IITM",89,Satisfactory,PM10,100,0
2026-08-26T23:00:00+05:30,26-08-2026 23:00:00,"Aya Nagar, Delhi - IITM",85,Satisfactory,PM10,100,0
2026-08-26T23:00:00+05:30,26-08-2026 23:00:00,"Narela, Delhi - DPCC",83,Satisfactory,PM10,100,0
2026-08-26T23:00:00+05:30,26-08-2026 23:00:00,"Dr. Karni Singh Shooting Range, Delhi - DPCC",80,Satisfactory,PM10,100,0
2026-08-26T23:00:00+05:30,26-08-2026 23:00:00,"Talkatora Garden, Delhi - DPCC",80,Satisfactory,PM2.5,100,0
2026-08-26T23:00:00+05:30,26-08-2026 23:00:00,"IHBAS, Dilshad Garden, Delhi - CPCB",80,Satisfactory,PM10,100,0
2026-08-26T23:00:00+05:30,26-08-2026 23:00:00,"NSUT Jaffarpur, Delhi - DPCC",79,Satisfactory,PM2.5,100,0
2026-08-26T23:00:00+05:30,26-08-2026 23:00:00,"Najafgarh, Delhi - DPCC",77,Satisfactory,PM2.5,100,0
2026-08-26T23:00:00+05:30,26-08-2026 23:00:00,"JNU, Delhi - DPCC",75,Satisfactory,PM10,100,0
2026-08-26T23:00:00+05:30,26-08-2026 23:00:00,"IGNOU_Maidan Garhi, Delhi - DPCC",70,Satisfactory,PM10,100,0
2026-08-26T23:00:00+05:30,26-08-2026 23:00:00,"Shadipur, Delhi - CPCB",61,Satisfactory,PM10,100,0
2026-08-26T23:00:00+05:30,26-08-2026 23:00:00,"Pusa, Delhi - IITM",59,Satisfactory,OZONE,100,0
2026-08-26T23:00:00+05:30,26-08-2026 23:00:00,"Cantonment Area, Delhi - DPCC",31,Good,PM2.5,100,0
2026-08-27T01:00:00+05:30,27-08-2026 01:00:00,"Anand Vihar, Delhi - DPCC",272,Poor,PM10,100,1
2026-08-27T01:00:00+05:30,27-08-2026 01:00:00,"Bawana, Delhi - DPCC",188,Moderately Polluted,PM2.5,100,1
2026-08-27T01:00:00+05:30,27-08-2026 01:00:00,"Sonia Vihar, Delhi - DPCC",168,Moderately Polluted,PM2.5,100,1
2026-08-27T01:00:00+05:30,27-08-2026 01:00:00,"Wazirpur, Delhi - DPCC",167,Moderately Polluted,PM10,100,1
2026-08-27T01:00:00+05:30,27-08-2026 01:00:00,"Dwarka-Sector 8, Delhi - DPCC",164,Moderately Polluted,PM10,100,1
2026-08-27T01:00:00+05:30,27-08-2026 01:00:00,"Jahangirpuri, Delhi - DPCC",156,Moderately Polluted,PM10,100,1
2026-08-27T01:00:00+05:30,27-08-2026 01:00:00,"North Campus, DU, Delhi - IITM",152,Moderately Polluted,NO2,100,1
2026-08-27T01:00:00+05:30,27-08-2026 01:00:00,"Rohini, Delhi - DPCC",147,Moderately Polluted,PM2.5,100,1
2026-08-27T01:00:00+05:30,27-08-2026 01:00:00,"Pusa, Delhi - DPCC",147,Moderately Polluted,PM10,100,1
2026-08-27T01:00:00+05:30,27-08-2026 01:00:00,"Mundka, Delhi - DPCC",137,Moderately Polluted,PM10,100,1
2026-08-27T01:00:00+05:30,27-08-2026 01:00:00,"R K Puram, Delhi - DPCC",136,Moderately Polluted,PM2.5,100,1
2026-08-27T01:00:00+05:30,27-08-2026 01:00:00,"Punjabi Bagh, Delhi - DPCC",133,Moderately Polluted,PM10,100,1
2026-08-27T01:00:00+05:30,27-08-2026 01:00:00,"Chandni Chowk, Delhi - IITM",133,Moderately Polluted,PM10,100,1
2026-08-27T01:00:00+05:30,27-08-2026 01:00:00,"IIT Delhi, Delhi - IITM",127,Moderately Polluted,PM10,100,1
2026-08-27T01:00:00+05:30,27-08-2026 01:00:00,"Ashok Vihar, Delhi - DPCC",125,Moderately Polluted,PM2.5,100,1
2026-08-27T01:00:00+05:30,27-08-2026 01:00:00,"Nehru Nagar, Delhi - DPCC",119,Moderately Polluted,PM10,100,1
2026-08-27T01:00:00+05:30,27-08-2026 01:00:00,"IGI Airport (T3), Delhi - IITM",118,Moderately Polluted,PM10,100,1
2026-08-27T01:00:00+05:30,27-08-2026 01:00:00,"Patparganj, Delhi - DPCC",114,Moderately Polluted,PM10,100,1
2026-08-27T01:00:00+05:30,27-08-2026 01:00:00,"ITO, Delhi - CPCB",113,Moderately Polluted,PM10,100,1
2026-08-27T01:00:00+05:30,27-08-2026 01:00:00,"Sirifort, Delhi - CPCB",113,Moderately Polluted,PM2.5,100,1
2026-08-27T01:00:00+05:30,27-08-2026 01:00:00,"Vivek Vihar, Delhi - DPCC",112,Moderately Polluted,PM10,100,1
2026-08-27T01:00:00+05:30,27-08-2026 01:00:00,"DTU, Delhi - CPCB",111,Moderately Polluted,PM2.5,100,1
2026-08-27T01:00:00+05:30,27-08-2026 01:00:00,"Okhla Phase-2, Delhi - DPCC",110,Moderately Polluted,PM10,100,1
2026-08-27T01:00:00+05:30,27-08-2026 01:00:00,"NSIT Dwarka, Delhi - CPCB",105,Moderately Polluted,CO,100,1
2026-08-27T01:00:00+05:30,27-08-2026 01:00:00,"CRRI Mathura Road, Delhi - IITM",101,Moderately Polluted,PM10,100,1
2026-08-27T01:00:00+05:30,27-08-2026 01:00:00,"Burari Crossing, Delhi - IITM",101,Moderately Polluted,PM10,100,1
2026-08-27T01:00:00+05:30,27-08-2026 01:00:00,"Commonwealth Sports Complex, Delhi - DPCC",96,Satisfactory,PM10,100,0
2026-08-27T01:00:00+05:30,27-08-2026 01:00:00,"Jawaharlal Nehru Stadium, Delhi - DPCC",96,Satisfactory,PM2.5,100,0
2026-08-27T01:00:00+05:30,27-08-2026 01:00:00,"Mandir Marg, Delhi - DPCC",93,Satisfactory,PM10,100,0
2026-08-27T01:00:00+05:30,27-08-2026 01:00:00,"Sri Aurobindo Marg, Delhi - DPCC",93,Satisfactory,PM10,100,0
2026-08-27T01:00:00+05:30,27-08-2026 01:00:00,"Major Dhyan Chand National Stadium, Delhi - DPCC",93,Satisfactory,PM10,100,0
2026-08-27T01:00:00+05:30,27-08-2026 01:00:00,"IMD Lodhi Road, Delhi - IITM",92,Satisfactory,PM10,100,0
2026-08-27T01:00:00+05:30,27-08-2026 01:00:00,"Narela, Delhi - DPCC",91,Satisfactory,PM10,100,0
2026-08-27T01:00:00+05:30,27-08-2026 01:00:00,"Aya Nagar, Delhi - IITM",89,Satisfactory,PM10,100,0
2026-08-27T01:00:00+05:30,27-08-2026 01:00:00,"IHBAS, Dilshad Garden, Delhi - CPCB",86,Satisfactory,PM10,100,0
2026-08-27T01:00:00+05:30,27-08-2026 01:00:00,"Talkatora Garden, Delhi - DPCC",84,Satisfactory,PM2.5,100,0
2026-08-27T01:00:00+05:30,27-08-2026 01:00:00,"NSUT Jaffarpur, Delhi - DPCC",84,Satisfactory,PM2.5,100,0
2026-08-27T01:00:00+05:30,27-08-2026 01:00:00,"Najafgarh, Delhi - DPCC",81,Satisfactory,PM10,100,0
2026-08-27T01:00:00+05:30,27-08-2026 01:00:00,"Dr. Karni Singh Shooting Range, Delhi - DPCC",81,Satisfactory,PM10,100,0
2026-08-27T01:00:00+05:30,27-08-2026 01:00:00,"JNU, Delhi - DPCC",78,Satisfactory,PM10,100,0
2026-08-27T01:00:00+05:30,27-08-2026 01:00:00,"IGNOU_Maidan Garhi, Delhi - DPCC",73,Satisfactory,PM10,100,0
2026-08-27T01:00:00+05:30,27-08-2026 01:00:00,"Shadipur, Delhi - CPCB",63,Satisfactory,PM10,100,0
2026-08-27T01:00:00+05:30,27-08-2026 01:00:00,"Pusa, Delhi - IITM",58,Satisfactory,CO,100,0
2026-08-27T01:00:00+05:30,27-08-2026 01:00:00,"Cantonment Area, Delhi - DPCC",33,Good,PM2.5,100,0
2026-08-27T05:00:00+05:30,27-08-2026 05:00:00,"Anand Vihar, Delhi - DPCC",311,Very Poor,PM10,100,1
2026-08-27T05:00:00+05:30,27-08-2026 05:00:00,"Bawana, Delhi - DPCC",209,Poor,PM2.5,100,1
2026-08-27T05:00:00+05:30,27-08-2026 05:00:00,"Wazirpur, Delhi - DPCC",177,Moderately Polluted,PM10,100,1
2026-08-27T05:00:00+05:30,27-08-2026 05:00:00,"Dwarka-Sector 8, Delhi - DPCC",177,Moderately Polluted,PM10,100,1
2026-08-27T05:00:00+05:30,27-08-2026 05:00:00,"Sonia Vihar, Delhi - DPCC",176,Moderately Polluted,PM2.5,100,1
2026-08-27T05:00:00+05:30,27-08-2026 05:00:00,"North Campus, DU, Delhi - IITM",160,Moderately Polluted,NO2,100,1
2026-08-27T05:00:00+05:30,27-08-2026 05:00:00,"Jahangirpuri, Delhi - DPCC",159,Moderately Polluted,PM10,100,1
2026-08-27T05:00:00+05:30,27-08-2026 05:00:00,"Pusa, Delhi - DPCC",154,Moderately Polluted,PM10,100,1
2026-08-27T05:00:00+05:30,27-08-2026 05:00:00,"Rohini, Delhi - DPCC",142,Moderately Polluted,PM10,100,1
2026-08-27T05:00:00+05:30,27-08-2026 05:00:00,"R K Puram, Delhi - DPCC",138,Moderately Polluted,PM2.5,100,1
2026-08-27T05:00:00+05:30,27-08-2026 05:00:00,"Punjabi Bagh, Delhi - DPCC",136,Moderately Polluted,PM10,100,1
2026-08-27T05:00:00+05:30,27-08-2026 05:00:00,"Mundka, Delhi - DPCC",134,Moderately Polluted,PM10,100,1
2026-08-27T05:00:00+05:30,27-08-2026 05:00:00,"Chandni Chowk, Delhi - IITM",134,Moderately Polluted,PM10,100,1
2026-08-27T05:00:00+05:30,27-08-2026 05:00:00,"IIT Delhi, Delhi - IITM",129,Moderately Polluted,PM10,100,1
2026-08-27T05:00:00+05:30,27-08-2026 05:00:00,"Ashok Vihar, Delhi - DPCC",129,Moderately Polluted,PM2.5,100,1
2026-08-27T05:00:00+05:30,27-08-2026 05:00:00,"IGI Airport (T3), Delhi - IITM",122,Moderately Polluted,PM10,100,1
2026-08-27T05:00:00+05:30,27-08-2026 05:00:00,"Nehru Nagar, Delhi - DPCC",121,Moderately Polluted,PM10,100,1
2026-08-27T05:00:00+05:30,27-08-2026 05:00:00,"Vivek Vihar, Delhi - DPCC",118,Moderately Polluted,PM10,100,1
2026-08-27T05:00:00+05:30,27-08-2026 05:00:00,"Patparganj, Delhi - DPCC",116,Moderately Polluted,PM10,100,1
2026-08-27T05:00:00+05:30,27-08-2026 05:00:00,"Sirifort, Delhi - CPCB",116,Moderately Polluted,PM2.5,100,1
2026-08-27T05:00:00+05:30,27-08-2026 05:00:00,"ITO, Delhi - CPCB",112,Moderately Polluted,PM10,100,1
2026-08-27T05:00:00+05:30,27-08-2026 05:00:00,"DTU, Delhi - CPCB",110,Moderately Polluted,PM2.5,100,1
2026-08-27T05:00:00+05:30,27-08-2026 05:00:00,"Okhla Phase-2, Delhi - DPCC",107,Moderately Polluted,PM10,100,1
2026-08-27T05:00:00+05:30,27-08-2026 05:00:00,"Burari Crossing, Delhi - IITM",105,Moderately Polluted,PM10,100,1
2026-08-27T05:00:00+05:30,27-08-2026 05:00:00,"Jawaharlal Nehru Stadium, Delhi - DPCC",100,Satisfactory,PM10,100,0
2026-08-27T05:00:00+05:30,27-08-2026 05:00:00,"Narela, Delhi - DPCC",99,Satisfactory,PM10,100,0
2026-08-27T05:00:00+05:30,27-08-2026 05:00:00,"Commonwealth Sports Complex, Delhi - DPCC",99,Satisfactory,PM10,100,0
2026-08-27T05:00:00+05:30,27-08-2026 05:00:00,"Mandir Marg, Delhi - DPCC",98,Satisfactory,PM10,100,0
2026-08-27T05:00:00+05:30,27-08-2026 05:00:00,"CRRI Mathura Road, Delhi - IITM",97,Satisfactory,PM10,100,0
2026-08-27T05:00:00+05:30,27-08-2026 05:00:00,"IMD Lodhi Road, Delhi - IITM",95,Satisfactory,PM10,100,0
2026-08-27T05:00:00+05:30,27-08-2026 05:00:00,"Sri Aurobindo Marg, Delhi - DPCC",94,Satisfactory,PM10,100,0
2026-08-27T05:00:00+05:30,27-08-2026 05:00:00,"Major Dhyan Chand National Stadium, Delhi - DPCC",94,Satisfactory,PM10,100,0
2026-08-27T05:00:00+05:30,27-08-2026 05:00:00,"Pusa, Delhi - IITM",94,Satisfactory,PM10,100,0
2026-08-27T05:00:00+05:30,27-08-2026 05:00:00,"IHBAS, Dilshad Garden, Delhi - CPCB",93,Satisfactory,PM10,100,0
2026-08-27T05:00:00+05:30,27-08-2026 05:00:00,"Aya Nagar, Delhi - IITM",92,Satisfactory,PM10,100,0
2026-08-27T05:00:00+05:30,27-08-2026 05:00:00,"Talkatora Garden, Delhi - DPCC",90,Satisfactory,PM2.5,100,0
2026-08-27T05:00:00+05:30,27-08-2026 05:00:00,"NSUT Jaffarpur, Delhi - DPCC",87,Satisfactory,PM2.5,100,0
2026-08-27T05:00:00+05:30,27-08-2026 05:00:00,"NSIT Dwarka, Delhi - CPCB",87,Satisfactory,CO,100,0
2026-08-27T05:00:00+05:30,27-08-2026 05:00:00,"JNU, Delhi - DPCC",83,Satisfactory,PM10,100,0
2026-08-27T05:00:00+05:30,27-08-2026 05:00:00,"Dr. Karni Singh Shooting Range, Delhi - DPCC",82,Satisfactory,PM10,100,0
2026-08-27T05:00:00+05:30,27-08-2026 05:00:00,"Najafgarh, Delhi - DPCC",82,Satisfactory,PM10,100,0
2026-08-27T05:00:00+05:30,27-08-2026 05:00:00,"IGNOU_Maidan Garhi, Delhi - DPCC",77,Satisfactory,PM10,100,0
2026-08-27T05:00:00+05:30,27-08-2026 05:00:00,"Shadipur, Delhi - CPCB",67,Satisfactory,PM10,100,0
2026-08-27T05:00:00+05:30,27-08-2026 05:00:00,"Cantonment Area, Delhi - DPCC",34,Good,PM2.5,100,0
2026-08-27T05:00:00+05:30,27-08-2026 05:00:00,"Alipur, Delhi - DPCC",9,Good,OZONE,100,0
2026-08-28T09:00:00+05:30,28-08-2026 09:00:00,"Anand Vihar, Delhi - DPCC",224,Poor,PM2.5,100,1
2026-08-28T09:00:00+05:30,28-08-2026 09:00:00,"Wazirpur, Delhi - DPCC",220,Poor,PM10,100,1
2026-08-28T09:00:00+05:30,28-08-2026 09:00:00,"Dwarka-Sector 8, Delhi - DPCC",204,Poor,PM10,100,1
2026-08-28T09:00:00+05:30,28-08-2026 09:00:00,"IIT Delhi, Delhi - IITM",173,Moderately Polluted,PM10,100,1
2026-08-28T09:00:00+05:30,28-08-2026 09:00:00,"North Campus, DU, Delhi - IITM",161,Moderately Polluted,NO2,100,1
2026-08-28T09:00:00+05:30,28-08-2026 09:00:00,"Jahangirpuri, Delhi - DPCC",158,Moderately Polluted,PM10,100,1
2026-08-28T09:00:00+05:30,28-08-2026 09:00:00,"Rohini, Delhi - DPCC",152,Moderately Polluted,PM10,100,1
2026-08-28T09:00:00+05:30,28-08-2026 09:00:00,"Nehru Nagar, Delhi - DPCC",150,Moderately Polluted,PM10,100,1
2026-08-28T09:00:00+05:30,28-08-2026 09:00:00,"Mundka, Delhi - DPCC",147,Moderately Polluted,PM10,100,1
2026-08-28T09:00:00+05:30,28-08-2026 09:00:00,"Punjabi Bagh, Delhi - DPCC",140,Moderately Polluted,PM10,100,1
2026-08-28T09:00:00+05:30,28-08-2026 09:00:00,"Bawana, Delhi - DPCC",138,Moderately Polluted,PM2.5,100,1
2026-08-28T09:00:00+05:30,28-08-2026 09:00:00,"Sonia Vihar, Delhi - DPCC",136,Moderately Polluted,PM10,100,1
2026-08-28T09:00:00+05:30,28-08-2026 09:00:00,"Sirifort, Delhi - CPCB",135,Moderately Polluted,PM10,100,1
2026-08-28T09:00:00+05:30,28-08-2026 09:00:00,"Pusa, Delhi - DPCC",134,Moderately Polluted,PM10,100,1
2026-08-28T09:00:00+05:30,28-08-2026 09:00:00,"CRRI Mathura Road, Delhi - IITM",129,Moderately Polluted,PM10,100,1
2026-08-28T09:00:00+05:30,28-08-2026 09:00:00,"R K Puram, Delhi - DPCC",129,Moderately Polluted,PM10,100,1
2026-08-28T09:00:00+05:30,28-08-2026 09:00:00,"Okhla Phase-2, Delhi - DPCC",128,Moderately Polluted,PM10,100,1
2026-08-28T09:00:00+05:30,28-08-2026 09:00:00,"Jawaharlal Nehru Stadium, Delhi - DPCC",127,Moderately Polluted,PM10,100,1
2026-08-28T09:00:00+05:30,28-08-2026 09:00:00,"Ashok Vihar, Delhi - DPCC",126,Moderately Polluted,PM10,100,1
2026-08-28T09:00:00+05:30,28-08-2026 09:00:00,"IGI Airport (T3), Delhi - IITM",125,Moderately Polluted,PM10,100,1
2026-08-28T09:00:00+05:30,28-08-2026 09:00:00,"Aya Nagar, Delhi - IITM",124,Moderately Polluted,PM10,100,1
2026-08-28T09:00:00+05:30,28-08-2026 09:00:00,"IMD Lodhi Road, Delhi - IITM",124,Moderately Polluted,PM10,100,1
2026-08-28T09:00:00+05:30,28-08-2026 09:00:00,"ITO, Delhi - CPCB",123,Moderately Polluted,PM10,100,1
2026-08-28T09:00:00+05:30,28-08-2026 09:00:00,"Vivek Vihar, Delhi - DPCC",123,Moderately Polluted,PM10,100,1
2026-08-28T09:00:00+05:30,28-08-2026 09:00:00,"Sri Aurobindo Marg, Delhi - DPCC",120,Moderately Polluted,PM10,100,1
2026-08-28T09:00:00+05:30,28-08-2026 09:00:00,"Narela, Delhi - DPCC",119,Moderately Polluted,PM10,100,1
2026-08-28T09:00:00+05:30,28-08-2026 09:00:00,"Patparganj, Delhi - DPCC",118,Moderately Polluted,PM10,100,1
2026-08-28T09:00:00+05:30,28-08-2026 09:00:00,"Najafgarh, Delhi - DPCC",118,Moderately Polluted,PM10,100,1
2026-08-28T09:00:00+05:30,28-08-2026 09:00:00,"Dr. Karni Singh Shooting Range, Delhi - DPCC",118,Moderately Polluted,PM10,100,1
2026-08-28T09:00:00+05:30,28-08-2026 09:00:00,"NSUT Jaffarpur, Delhi - DPCC",112,Moderately Polluted,PM10,100,1
2026-08-28T09:00:00+05:30,28-08-2026 09:00:00,"Burari Crossing, Delhi - IITM",111,Moderately Polluted,PM10,100,1
2026-08-28T09:00:00+05:30,28-08-2026 09:00:00,"Mandir Marg, Delhi - DPCC",111,Moderately Polluted,PM10,100,1
2026-08-28T09:00:00+05:30,28-08-2026 09:00:00,"Major Dhyan Chand National Stadium, Delhi - DPCC",110,Moderately Polluted,PM10,100,1
2026-08-28T09:00:00+05:30,28-08-2026 09:00:00,"Pusa, Delhi - IITM",110,Moderately Polluted,PM10,100,1
2026-08-28T09:00:00+05:30,28-08-2026 09:00:00,"Talkatora Garden, Delhi - DPCC",107,Moderately Polluted,PM10,100,1
2026-08-28T09:00:00+05:30,28-08-2026 09:00:00,"Commonwealth Sports Complex, Delhi - DPCC",105,Moderately Polluted,PM10,100,1
2026-08-28T09:00:00+05:30,28-08-2026 09:00:00,"IGNOU_Maidan Garhi, Delhi - DPCC",102,Moderately Polluted,PM10,100,1
2026-08-28T09:00:00+05:30,28-08-2026 09:00:00,"JNU, Delhi - DPCC",100,Satisfactory,PM10,100,0
2026-08-28T09:00:00+05:30,28-08-2026 09:00:00,"DTU, Delhi - CPCB",100,Satisfactory,PM10,100,0
2026-08-28T09:00:00+05:30,28-08-2026 09:00:00,"NSIT Dwarka, Delhi - CPCB",98,Satisfactory,PM10,100,0
2026-08-28T09:00:00+05:30,28-08-2026 09:00:00,"Chandni Chowk, Delhi - IITM",97,Satisfactory,PM10,100,0
2026-08-28T09:00:00+05:30,28-08-2026 09:00:00,"IHBAS, Dilshad Garden, Delhi - CPCB",89,Satisfactory,PM10,100,0
2026-08-28T09:00:00+05:30,28-08-2026 09:00:00,"Shadipur, Delhi - CPCB",80,Satisfactory,PM10,100,0
2026-08-28T09:00:00+05:30,28-08-2026 09:00:00,"Alipur, Delhi - DPCC",80,Satisfactory,NO2,100,0
2026-08-28T09:00:00+05:30,28-08-2026 09:00:00,"Cantonment Area, Delhi - DPCC",57,Satisfactory,PM10,100,0
2026-08-28T10:00:00+05:30,28-08-2026 10:00:00,"Anand Vihar, Delhi - DPCC",229,Poor,PM2.5,100,1
2026-08-28T10:00:00+05:30,28-08-2026 10:00:00,"Wazirpur, Delhi - DPCC",219,Poor,PM10,100,1
2026-08-28T10:00:00+05:30,28-08-2026 10:00:00,"Dwarka-Sector 8, Delhi - DPCC",202,Poor,PM10,100,1
2026-08-28T10:00:00+05:30,28-08-2026 10:00:00,"IIT Delhi, Delhi - IITM",176,Moderately Polluted,PM10,100,1
2026-08-28T10:00:00+05:30,28-08-2026 10:00:00,"North Campus, DU, Delhi - IITM",159,Moderately Polluted,NO2,100,1
2026-08-28T10:00:00+05:30,28-08-2026 10:00:00,"Jahangirpuri, Delhi - DPCC",156,Moderately Polluted,PM10,100,1
2026-08-28T10:00:00+05:30,28-08-2026 10:00:00,"Rohini, Delhi - DPCC",152,Moderately Polluted,PM10,100,1
2026-08-28T10:00:00+05:30,28-08-2026 10:00:00,"Nehru Nagar, Delhi - DPCC",151,Moderately Polluted,PM10,100,1
2026-08-28T10:00:00+05:30,28-08-2026 10:00:00,"Mundka, Delhi - DPCC",146,Moderately Polluted,PM10,100,1
2026-08-28T10:00:00+05:30,28-08-2026 10:00:00,"Punjabi Bagh, Delhi - DPCC",140,Moderately Polluted,PM10,100,1
2026-08-28T10:00:00+05:30,28-08-2026 10:00:00,"Sonia Vihar, Delhi - DPCC",136,Moderately Polluted,PM10,100,1
2026-08-28T10:00:00+05:30,28-08-2026 10:00:00,"Sirifort, Delhi - CPCB",135,Moderately Polluted,PM10,100,1
2026-08-28T10:00:00+05:30,28-08-2026 10:00:00,"Pusa, Delhi - DPCC",135,Moderately Polluted,PM10,100,1
2026-08-28T10:00:00+05:30,28-08-2026 10:00:00,"Bawana, Delhi - DPCC",131,Moderately Polluted,PM2.5,100,1
2026-08-28T10:00:00+05:30,28-08-2026 10:00:00,"R K Puram, Delhi - DPCC",130,Moderately Polluted,PM10,100,1
2026-08-28T10:00:00+05:30,28-08-2026 10:00:00,"CRRI Mathura Road, Delhi - IITM",130,Moderately Polluted,PM10,100,1
2026-08-28T10:00:00+05:30,28-08-2026 10:00:00,"Okhla Phase-2, Delhi - DPCC",128,Moderately Polluted,PM10,100,1
2026-08-28T10:00:00+05:30,28-08-2026 10:00:00,"Jawaharlal Nehru Stadium, Delhi - DPCC",128,Moderately Polluted,PM10,100,1
2026-08-28T10:00:00+05:30,28-08-2026 10:00:00,"IGI Airport (T3), Delhi - IITM",126,Moderately Polluted,PM10,100,1
2026-08-28T10:00:00+05:30,28-08-2026 10:00:00,"Ashok Vihar, Delhi - DPCC",126,Moderately Polluted,PM10,100,1
2026-08-28T10:00:00+05:30,28-08-2026 10:00:00,"Vivek Vihar, Delhi - DPCC",124,Moderately Polluted,PM10,100,1
2026-08-28T10:00:00+05:30,28-08-2026 10:00:00,"ITO, Delhi - CPCB",124,Moderately Polluted,PM10,100,1
2026-08-28T10:00:00+05:30,28-08-2026 10:00:00,"Aya Nagar, Delhi - IITM",124,Moderately Polluted,PM10,100,1
2026-08-28T10:00:00+05:30,28-08-2026 10:00:00,"IMD Lodhi Road, Delhi - IITM",124,Moderately Polluted,PM10,100,1
2026-08-28T10:00:00+05:30,28-08-2026 10:00:00,"Sri Aurobindo Marg, Delhi - DPCC",121,Moderately Polluted,PM10,100,1
2026-08-28T10:00:00+05:30,28-08-2026 10:00:00,"Narela, Delhi - DPCC",120,Moderately Polluted,PM10,100,1
2026-08-28T10:00:00+05:30,28-08-2026 10:00:00,"Najafgarh, Delhi - DPCC",120,Moderately Polluted,PM10,100,1
2026-08-28T10:00:00+05:30,28-08-2026 10:00:00,"Patparganj, Delhi - DPCC",118,Moderately Polluted,PM10,100,1
2026-08-28T10:00:00+05:30,28-08-2026 10:00:00,"Dr. Karni Singh Shooting Range, Delhi - DPCC",118,Moderately Polluted,PM10,100,1
2026-08-28T10:00:00+05:30,28-08-2026 10:00:00,"NSUT Jaffarpur, Delhi - DPCC",112,Moderately Polluted,PM10,100,1
2026-08-28T10:00:00+05:30,28-08-2026 10:00:00,"Mandir Marg, Delhi - DPCC",112,Moderately Polluted,PM10,100,1
2026-08-28T10:00:00+05:30,28-08-2026 10:00:00,"Major Dhyan Chand National Stadium, Delhi - DPCC",111,Moderately Polluted,PM10,100,1
2026-08-28T10:00:00+05:30,28-08-2026 10:00:00,"Burari Crossing, Delhi - IITM",111,Moderately Polluted,PM10,100,1
2026-08-28T10:00:00+05:30,28-08-2026 10:00:00,"Pusa, Delhi - IITM",111,Moderately Polluted,PM10,100,1
2026-08-28T10:00:00+05:30,28-08-2026 10:00:00,"Talkatora Garden, Delhi - DPCC",108,Moderately Polluted,PM10,100,1
2026-08-28T10:00:00+05:30,28-08-2026 10:00:00,"Commonwealth Sports Complex, Delhi - DPCC",105,Moderately Polluted,PM10,100,1
2026-08-28T10:00:00+05:30,28-08-2026 10:00:00,"IGNOU_Maidan Garhi, Delhi - DPCC",103,Moderately Polluted,PM10,100,1
2026-08-28T10:00:00+05:30,28-08-2026 10:00:00,"JNU, Delhi - DPCC",100,Satisfactory,PM10,100,0
2026-08-28T10:00:00+05:30,28-08-2026 10:00:00,"DTU, Delhi - CPCB",100,Satisfactory,PM10,100,0
2026-08-28T10:00:00+05:30,28-08-2026 10:00:00,"NSIT Dwarka, Delhi - CPCB",99,Satisfactory,PM10,100,0
2026-08-28T10:00:00+05:30,28-08-2026 10:00:00,"Chandni Chowk, Delhi - IITM",96,Satisfactory,PM10,100,0
2026-08-28T10:00:00+05:30,28-08-2026 10:00:00,"IHBAS, Dilshad Garden, Delhi - CPCB",90,Satisfactory,PM10,100,0
2026-08-28T10:00:00+05:30,28-08-2026 10:00:00,"Shadipur, Delhi - CPCB",81,Satisfactory,PM10,100,0
2026-08-28T10:00:00+05:30,28-08-2026 10:00:00,"Alipur, Delhi - DPCC",78,Satisfactory,NO2,100,0
2026-08-28T10:00:00+05:30,28-08-2026 10:00:00,"Cantonment Area, Delhi - DPCC",58,Satisfactory,PM10,100,0
2026-08-28T11:00:00+05:30,28-08-2026 11:00:00,"Anand Vihar, Delhi - DPCC",229,Poor,PM2.5,100,1
2026-08-28T11:00:00+05:30,28-08-2026 11:00:00,"Wazirpur, Delhi - DPCC",218,Poor,PM10,100,1
2026-08-28T11:00:00+05:30,28-08-2026 11:00:00,"Dwarka-Sector 8, Delhi - DPCC",200,Moderately Polluted,PM10,100,1
2026-08-28T11:00:00+05:30,28-08-2026 11:00:00,"IIT Delhi, Delhi - IITM",177,Moderately Polluted,PM10,100,1
2026-08-28T11:00:00+05:30,28-08-2026 11:00:00,"North Campus, DU, Delhi - IITM",157,Moderately Polluted,NO2,100,1
2026-08-28T11:00:00+05:30,28-08-2026 11:00:00,"Jahangirpuri, Delhi - DPCC",155,Moderately Polluted,PM10,100,1
2026-08-28T11:00:00+05:30,28-08-2026 11:00:00,"Nehru Nagar, Delhi - DPCC",152,Moderately Polluted,PM10,100,1
2026-08-28T11:00:00+05:30,28-08-2026 11:00:00,"Rohini, Delhi - DPCC",151,Moderately Polluted,PM10,100,1
2026-08-28T11:00:00+05:30,28-08-2026 11:00:00,"Mundka, Delhi - DPCC",145,Moderately Polluted,PM10,100,1
2026-08-28T11:00:00+05:30,28-08-2026 11:00:00,"Punjabi Bagh, Delhi - DPCC",140,Moderately Polluted,PM10,100,1
2026-08-28T11:00:00+05:30,28-08-2026 11:00:00,"Sonia Vihar, Delhi - DPCC",137,Moderately Polluted,PM10,100,1
2026-08-28T11:00:00+05:30,28-08-2026 11:00:00,"Sirifort, Delhi - CPCB",136,Moderately Polluted,PM10,100,1
2026-08-28T11:00:00+05:30,28-08-2026 11:00:00,"R K Puram, Delhi - DPCC",131,Moderately Polluted,PM10,100,1
2026-08-28T11:00:00+05:30,28-08-2026 11:00:00,"Pusa, Delhi - DPCC",131,Moderately Polluted,PM10,100,1
2026-08-28T11:00:00+05:30,28-08-2026 11:00:00,"CRRI Mathura Road, Delhi - IITM",130,Moderately Polluted,PM10,100,1
2026-08-28T11:00:00+05:30,28-08-2026 11:00:00,"Bawana, Delhi - DPCC",129,Moderately Polluted,PM2.5,100,1
2026-08-28T11:00:00+05:30,28-08-2026 11:00:00,"Okhla Phase-2, Delhi - DPCC",129,Moderately Polluted,PM10,100,1
2026-08-28T11:00:00+05:30,28-08-2026 11:00:00,"Jawaharlal Nehru Stadium, Delhi - DPCC",129,Moderately Polluted,PM10,100,1
2026-08-28T11:00:00+05:30,28-08-2026 11:00:00,"Ashok Vihar, Delhi - DPCC",126,Moderately Polluted,PM10,100,1
2026-08-28T11:00:00+05:30,28-08-2026 11:00:00,"IGI Airport (T3), Delhi - IITM",126,Moderately Polluted,PM10,100,1
2026-08-28T11:00:00+05:30,28-08-2026 11:00:00,"IMD Lodhi Road, Delhi - IITM",124,Moderately Polluted,PM10,100,1
2026-08-28T11:00:00+05:30,28-08-2026 11:00:00,"Vivek Vihar, Delhi - DPCC",124,Moderately Polluted,PM10,100,1
2026-08-28T11:00:00+05:30,28-08-2026 11:00:00,"ITO, Delhi - CPCB",124,Moderately Polluted,PM10,100,1
2026-08-28T11:00:00+05:30,28-08-2026 11:00:00,"Aya Nagar, Delhi - IITM",124,Moderately Polluted,PM10,100,1
2026-08-28T11:00:00+05:30,28-08-2026 11:00:00,"Sri Aurobindo Marg, Delhi - DPCC",122,Moderately Polluted,PM10,100,1
2026-08-28T11:00:00+05:30,28-08-2026 11:00:00,"Narela, Delhi - DPCC",121,Moderately Polluted,PM10,100,1
2026-08-28T11:00:00+05:30,28-08-2026 11:00:00,"Najafgarh, Delhi - DPCC",120,Moderately Polluted,PM10,100,1
2026-08-28T11:00:00+05:30,28-08-2026 11:00:00,"Patparganj, Delhi - DPCC",118,Moderately Polluted,PM10,100,1
2026-08-28T11:00:00+05:30,28-08-2026 11:00:00,"Dr. Karni Singh Shooting Range, Delhi - DPCC",118,Moderately Polluted,PM10,100,1
2026-08-28T11:00:00+05:30,28-08-2026 11:00:00,"NSUT Jaffarpur, Delhi - DPCC",113,Moderately Polluted,PM10,100,1
2026-08-28T11:00:00+05:30,28-08-2026 11:00:00,"Mandir Marg, Delhi - DPCC",112,Moderately Polluted,PM10,100,1
2026-08-28T11:00:00+05:30,28-08-2026 11:00:00,"Burari Crossing, Delhi - IITM",111,Moderately Polluted,PM10,100,1
2026-08-28T11:00:00+05:30,28-08-2026 11:00:00,"Pusa, Delhi - IITM",111,Moderately Polluted,PM10,100,1
2026-08-28T11:00:00+05:30,28-08-2026 11:00:00,"Major Dhyan Chand National Stadium, Delhi - DPCC",111,Moderately Polluted,PM10,100,1
2026-08-28T11:00:00+05:30,28-08-2026 11:00:00,"Talkatora Garden, Delhi - DPCC",108,Moderately Polluted,PM10,100,1
2026-08-28T11:00:00+05:30,28-08-2026 11:00:00,"Commonwealth Sports Complex, Delhi - DPCC",105,Moderately Polluted,PM10,100,1
2026-08-28T11:00:00+05:30,28-08-2026 11:00:00,"IGNOU_Maidan Garhi, Delhi - DPCC",103,Moderately Polluted,PM10,100,1
2026-08-28T11:00:00+05:30,28-08-2026 11:00:00,"JNU, Delhi - DPCC",101,Moderately Polluted,PM10,100,1
2026-08-28T11:00:00+05:30,28-08-2026 11:00:00,"DTU, Delhi - CPCB",100,Satisfactory,PM10,100,0
2026-08-28T11:00:00+05:30,28-08-2026 11:00:00,"NSIT Dwarka, Delhi - CPCB",99,Satisfactory,PM10,100,0
2026-08-28T11:00:00+05:30,28-08-2026 11:00:00,"Chandni Chowk, Delhi - IITM",95,Satisfactory,PM10,100,0
2026-08-28T11:00:00+05:30,28-08-2026 11:00:00,"IHBAS, Dilshad Garden, Delhi - CPCB",90,Satisfactory,PM10,100,0
2026-08-28T11:00:00+05:30,28-08-2026 11:00:00,"Shadipur, Delhi - CPCB",81,Satisfactory,PM10,100,0
2026-08-28T11:00:00+05:30,28-08-2026 11:00:00,"Alipur, Delhi - DPCC",77,Satisfactory,NO2,100,0
2026-08-28T11:00:00+05:30,28-08-2026 11:00:00,"Cantonment Area, Delhi - DPCC",59,Satisfactory,PM10,100,0
2026-08-28T12:00:00+05:30,28-08-2026 12:00:00,"Anand Vihar, Delhi - DPCC",233,Poor,PM2.5,100,1
2026-08-28T12:00:00+05:30,28-08-2026 12:00:00,"Wazirpur, Delhi - DPCC",217,Poor,PM10,100,1
2026-08-28T12:00:00+05:30,28-08-2026 12:00:00,"Dwarka-Sector 8, Delhi - DPCC",195,Moderately Polluted,PM10,100,1
2026-08-28T12:00:00+05:30,28-08-2026 12:00:00,"IIT Delhi, Delhi - IITM",179,Moderately Polluted,PM10,100,1
2026-08-28T12:00:00+05:30,28-08-2026 12:00:00,"North Campus, DU, Delhi - IITM",156,Moderately Polluted,NO2,100,1
2026-08-28T12:00:00+05:30,28-08-2026 12:00:00,"Jahangirpuri, Delhi - DPCC",154,Moderately Polluted,PM10,100,1
2026-08-28T12:00:00+05:30,28-08-2026 12:00:00,"Rohini, Delhi - DPCC",152,Moderately Polluted,PM10,100,1
2026-08-28T12:00:00+05:30,28-08-2026 12:00:00,"Nehru Nagar, Delhi - DPCC",152,Moderately Polluted,PM10,100,1
2026-08-28T12:00:00+05:30,28-08-2026 12:00:00,"Mundka, Delhi - DPCC",145,Moderately Polluted,PM10,100,1
2026-08-28T12:00:00+05:30,28-08-2026 12:00:00,"Punjabi Bagh, Delhi - DPCC",141,Moderately Polluted,PM10,100,1
2026-08-28T12:00:00+05:30,28-08-2026 12:00:00,"Sonia Vihar, Delhi - DPCC",137,Moderately Polluted,PM10,100,1
2026-08-28T12:00:00+05:30,28-08-2026 12:00:00,"Sirifort, Delhi - CPCB",136,Moderately Polluted,PM10,100,1
2026-08-28T12:00:00+05:30,28-08-2026 12:00:00,"R K Puram, Delhi - DPCC",131,Moderately Polluted,PM10,100,1
2026-08-28T12:00:00+05:30,28-08-2026 12:00:00,"CRRI Mathura Road, Delhi - IITM",131,Moderately Polluted,PM10,100,1
2026-08-28T12:00:00+05:30,28-08-2026 12:00:00,"Okhla Phase-2, Delhi - DPCC",130,Moderately Polluted,PM10,100,1
2026-08-28T12:00:00+05:30,28-08-2026 12:00:00,"Pusa, Delhi - DPCC",129,Moderately Polluted,PM10,100,1
2026-08-28T12:00:00+05:30,28-08-2026 12:00:00,"Jawaharlal Nehru Stadium, Delhi - DPCC",128,Moderately Polluted,PM10,100,1
2026-08-28T12:00:00+05:30,28-08-2026 12:00:00,"IGI Airport (T3), Delhi - IITM",126,Moderately Polluted,PM10,100,1
2026-08-28T12:00:00+05:30,28-08-2026 12:00:00,"Ashok Vihar, Delhi - DPCC",126,Moderately Polluted,PM10,100,1
2026-08-28T12:00:00+05:30,28-08-2026 12:00:00,"ITO, Delhi - CPCB",124,Moderately Polluted,PM10,100,1
2026-08-28T12:00:00+05:30,28-08-2026 12:00:00,"Bawana, Delhi - DPCC",124,Moderately Polluted,PM2.5,100,1
2026-08-28T12:00:00+05:30,28-08-2026 12:00:00,"IMD Lodhi Road, Delhi - IITM",124,Moderately Polluted,PM10,100,1
2026-08-28T12:00:00+05:30,28-08-2026 12:00:00,"Vivek Vihar, Delhi - DPCC",123,Moderately Polluted,PM10,100,1
2026-08-28T12:00:00+05:30,28-08-2026 12:00:00,"Aya Nagar, Delhi - IITM",123,Moderately Polluted,PM10,100,1
2026-08-28T12:00:00+05:30,28-08-2026 12:00:00,"Sri Aurobindo Marg, Delhi - DPCC",122,Moderately Polluted,PM10,100,1
2026-08-28T12:00:00+05:30,28-08-2026 12:00:00,"Narela, Delhi - DPCC",121,Moderately Polluted,PM10,100,1
2026-08-28T12:00:00+05:30,28-08-2026 12:00:00,"Najafgarh, Delhi - DPCC",120,Moderately Polluted,PM10,100,1
2026-08-28T12:00:00+05:30,28-08-2026 12:00:00,"Patparganj, Delhi - DPCC",118,Moderately Polluted,PM10,100,1
2026-08-28T12:00:00+05:30,28-08-2026 12:00:00,"Dr. Karni Singh Shooting Range, Delhi - DPCC",118,Moderately Polluted,PM10,100,1
2026-08-28T12:00:00+05:30,28-08-2026 12:00:00,"NSUT Jaffarpur, Delhi - DPCC",114,Moderately Polluted,PM10,100,1
2026-08-28T12:00:00+05:30,28-08-2026 12:00:00,"Burari Crossing, Delhi - IITM",113,Moderately Polluted,PM10,100,1
2026-08-28T12:00:00+05:30,28-08-2026 12:00:00,"Mandir Marg, Delhi - DPCC",113,Moderately Polluted,PM10,100,1
2026-08-28T12:00:00+05:30,28-08-2026 12:00:00,"Pusa, Delhi - IITM",112,Moderately Polluted,PM10,100,1
2026-08-28T12:00:00+05:30,28-08-2026 12:00:00,"Major Dhyan Chand National Stadium, Delhi - DPCC",111,Moderately Polluted,PM10,100,1
2026-08-28T12:00:00+05:30,28-08-2026 12:00:00,"Talkatora Garden, Delhi - DPCC",108,Moderately Polluted,PM10,100,1
2026-08-28T12:00:00+05:30,28-08-2026 12:00:00,"Commonwealth Sports Complex, Delhi - DPCC",106,Moderately Polluted,PM10,100,1
2026-08-28T12:00:00+05:30,28-08-2026 12:00:00,"IGNOU_Maidan Garhi, Delhi - DPCC",103,Moderately Polluted,PM10,100,1
2026-08-28T12:00:00+05:30,28-08-2026 12:00:00,"JNU, Delhi - DPCC",102,Moderately Polluted,PM10,100,1
2026-08-28T12:00:00+05:30,28-08-2026 12:00:00,"DTU, Delhi - CPCB",100,Satisfactory,PM10,100,0
2026-08-28T12:00:00+05:30,28-08-2026 12:00:00,"NSIT Dwarka, Delhi - CPCB",99,Satisfactory,PM10,100,0
2026-08-28T12:00:00+05:30,28-08-2026 12:00:00,"Chandni Chowk, Delhi - IITM",93,Satisfactory,PM10,100,0
2026-08-28T12:00:00+05:30,28-08-2026 12:00:00,"IHBAS, Dilshad Garden, Delhi - CPCB",90,Satisfactory,PM10,100,0
2026-08-28T12:00:00+05:30,28-08-2026 12:00:00,"Shadipur, Delhi - CPCB",81,Satisfactory,PM10,100,0
2026-08-28T12:00:00+05:30,28-08-2026 12:00:00,"Alipur, Delhi - DPCC",76,Satisfactory,NO2,100,0
2026-08-28T12:00:00+05:30,28-08-2026 12:00:00,"Cantonment Area, Delhi - DPCC",60,Satisfactory,PM10,100,0
2026-08-28T13:00:00+05:30,28-08-2026 13:00:00,"Anand Vihar, Delhi - DPCC",235,Poor,PM2.5,100,1
2026-08-28T13:00:00+05:30,28-08-2026 13:00:00,"Wazirpur, Delhi - DPCC",215,Poor,PM10,100,1
2026-08-28T13:00:00+05:30,28-08-2026 13:00:00,"Dwarka-Sector 8, Delhi - DPCC",191,Moderately Polluted,PM10,100,1
2026-08-28T13:00:00+05:30,28-08-2026 13:00:00,"IIT Delhi, Delhi - IITM",181,Moderately Polluted,PM10,100,1
2026-08-28T13:00:00+05:30,28-08-2026 13:00:00,"Jahangirpuri, Delhi - DPCC",155,Moderately Polluted,PM10,100,1
2026-08-28T13:00:00+05:30,28-08-2026 13:00:00,"North Campus, DU, Delhi - IITM",154,Moderately Polluted,NO2,100,1
2026-08-28T13:00:00+05:30,28-08-2026 13:00:00,"Rohini, Delhi - DPCC",153,Moderately Polluted,PM10,100,1
2026-08-28T13:00:00+05:30,28-08-2026 13:00:00,"Nehru Nagar, Delhi - DPCC",153,Moderately Polluted,PM10,100,1
2026-08-28T13:00:00+05:30,28-08-2026 13:00:00,"Mundka, Delhi - DPCC",146,Moderately Polluted,PM10,100,1
2026-08-28T13:00:00+05:30,28-08-2026 13:00:00,"Punjabi Bagh, Delhi - DPCC",141,Moderately Polluted,PM10,100,1
2026-08-28T13:00:00+05:30,28-08-2026 13:00:00,"Sonia Vihar, Delhi - DPCC",137,Moderately Polluted,PM10,100,1
2026-08-28T13:00:00+05:30,28-08-2026 13:00:00,"Sirifort, Delhi - CPCB",136,Moderately Polluted,PM10,100,1
2026-08-28T13:00:00+05:30,28-08-2026 13:00:00,"CRRI Mathura Road, Delhi - IITM",132,Moderately Polluted,PM10,100,1
2026-08-28T13:00:00+05:30,28-08-2026 13:00:00,"R K Puram, Delhi - DPCC",132,Moderately Polluted,PM10,100,1
2026-08-28T13:00:00+05:30,28-08-2026 13:00:00,"Okhla Phase-2, Delhi - DPCC",131,Moderately Polluted,PM10,100,1
2026-08-28T13:00:00+05:30,28-08-2026 13:00:00,"Jawaharlal Nehru Stadium, Delhi - DPCC",129,Moderately Polluted,PM10,100,1
2026-08-28T13:00:00+05:30,28-08-2026 13:00:00,"Pusa, Delhi - DPCC",129,Moderately Polluted,PM10,100,1
2026-08-28T13:00:00+05:30,28-08-2026 13:00:00,"IGI Airport (T3), Delhi - IITM",127,Moderately Polluted,PM10,100,1
2026-08-28T13:00:00+05:30,28-08-2026 13:00:00,"Ashok Vihar, Delhi - DPCC",126,Moderately Polluted,PM10,100,1
2026-08-28T13:00:00+05:30,28-08-2026 13:00:00,"IMD Lodhi Road, Delhi - IITM",124,Moderately Polluted,PM10,100,1
2026-08-28T13:00:00+05:30,28-08-2026 13:00:00,"ITO, Delhi - CPCB",124,Moderately Polluted,PM10,100,1
2026-08-28T13:00:00+05:30,28-08-2026 13:00:00,"Aya Nagar, Delhi - IITM",123,Moderately Polluted,PM10,100,1
2026-08-28T13:00:00+05:30,28-08-2026 13:00:00,"Narela, Delhi - DPCC",122,Moderately Polluted,PM10,100,1
2026-08-28T13:00:00+05:30,28-08-2026 13:00:00,"Vivek Vihar, Delhi - DPCC",122,Moderately Polluted,PM10,100,1
2026-08-28T13:00:00+05:30,28-08-2026 13:00:00,"Sri Aurobindo Marg, Delhi - DPCC",122,Moderately Polluted,PM10,100,1
2026-08-28T13:00:00+05:30,28-08-2026 13:00:00,"Bawana, Delhi - DPCC",120,Moderately Polluted,PM10,100,1
2026-08-28T13:00:00+05:30,28-08-2026 13:00:00,"Najafgarh, Delhi - DPCC",120,Moderately Polluted,PM10,100,1
2026-08-28T13:00:00+05:30,28-08-2026 13:00:00,"Dr. Karni Singh Shooting Range, Delhi - DPCC",119,Moderately Polluted,PM10,100,1
2026-08-28T13:00:00+05:30,28-08-2026 13:00:00,"Patparganj, Delhi - DPCC",117,Moderately Polluted,PM10,100,1
2026-08-28T13:00:00+05:30,28-08-2026 13:00:00,"NSUT Jaffarpur, Delhi - DPCC",114,Moderately Polluted,PM10,100,1
2026-08-28T13:00:00+05:30,28-08-2026 13:00:00,"Burari Crossing, Delhi - IITM",113,Moderately Polluted,PM10,100,1
2026-08-28T13:00:00+05:30,28-08-2026 13:00:00,"Major Dhyan Chand National Stadium, Delhi - DPCC",112,Moderately Polluted,PM10,100,1
2026-08-28T13:00:00+05:30,28-08-2026 13:00:00,"Mandir Marg, Delhi - DPCC",112,Moderately Polluted,PM10,100,1
2026-08-28T13:00:00+05:30,28-08-2026 13:00:00,"Pusa, Delhi - IITM",112,Moderately Polluted,PM10,100,1
2026-08-28T13:00:00+05:30,28-08-2026 13:00:00,"Talkatora Garden, Delhi - DPCC",109,Moderately Polluted,PM10,100,1
2026-08-28T13:00:00+05:30,28-08-2026 13:00:00,"Commonwealth Sports Complex, Delhi - DPCC",106,Moderately Polluted,PM10,100,1
2026-08-28T13:00:00+05:30,28-08-2026 13:00:00,"IGNOU_Maidan Garhi, Delhi - DPCC",104,Moderately Polluted,PM10,100,1
2026-08-28T13:00:00+05:30,28-08-2026 13:00:00,"JNU, Delhi - DPCC",104,Moderately Polluted,PM10,100,1
2026-08-28T13:00:00+05:30,28-08-2026 13:00:00,"DTU, Delhi - CPCB",101,Moderately Polluted,PM10,100,1
2026-08-28T13:00:00+05:30,28-08-2026 13:00:00,"NSIT Dwarka, Delhi - CPCB",99,Satisfactory,PM10,100,0
2026-08-28T13:00:00+05:30,28-08-2026 13:00:00,"Chandni Chowk, Delhi - IITM",92,Satisfactory,PM10,100,0
2026-08-28T13:00:00+05:30,28-08-2026 13:00:00,"IHBAS, Dilshad Garden, Delhi - CPCB",89,Satisfactory,PM10,100,0
2026-08-28T13:00:00+05:30,28-08-2026 13:00:00,"Shadipur, Delhi - CPCB",80,Satisfactory,PM10,100,0
2026-08-28T13:00:00+05:30,28-08-2026 13:00:00,"Alipur, Delhi - DPCC",75,Satisfactory,NO2,100,0
2026-08-28T13:00:00+05:30,28-08-2026 13:00:00,"Cantonment Area, Delhi - DPCC",62,Satisfactory,PM10,100,0
2026-08-28T14:00:00+05:30,28-08-2026 14:00:00,"Anand Vihar, Delhi - DPCC",235,Poor,PM2.5,100,1
2026-08-28T14:00:00+05:30,28-08-2026 14:00:00,"Wazirpur, Delhi - DPCC",214,Poor,PM10,100,1
2026-08-28T14:00:00+05:30,28-08-2026 14:00:00,"Dwarka-Sector 8, Delhi - DPCC",193,Moderately Polluted,PM10,100,1
2026-08-28T14:00:00+05:30,28-08-2026 14:00:00,"IIT Delhi, Delhi - IITM",184,Moderately Polluted,PM10,100,1
2026-08-28T14:00:00+05:30,28-08-2026 14:00:00,"Rohini, Delhi - DPCC",155,Moderately Polluted,PM10,100,1
2026-08-28T14:00:00+05:30,28-08-2026 14:00:00,"Jahangirpuri, Delhi - DPCC",155,Moderately Polluted,PM10,100,1
2026-08-28T14:00:00+05:30,28-08-2026 14:00:00,"Nehru Nagar, Delhi - DPCC",153,Moderately Polluted,PM10,100,1
2026-08-28T14:00:00+05:30,28-08-2026 14:00:00,"North Campus, DU, Delhi - IITM",150,Moderately Polluted,NO2,100,1
2026-08-28T14:00:00+05:30,28-08-2026 14:00:00,"Mundka, Delhi - DPCC",147,Moderately Polluted,PM10,100,1
2026-08-28T14:00:00+05:30,28-08-2026 14:00:00,"Punjabi Bagh, Delhi - DPCC",142,Moderately Polluted,PM10,100,1
2026-08-28T14:00:00+05:30,28-08-2026 14:00:00,"Sonia Vihar, Delhi - DPCC",137,Moderately Polluted,PM10,100,1
2026-08-28T14:00:00+05:30,28-08-2026 14:00:00,"Sirifort, Delhi - CPCB",136,Moderately Polluted,PM10,100,1
2026-08-28T14:00:00+05:30,28-08-2026 14:00:00,"CRRI Mathura Road, Delhi - IITM",133,Moderately Polluted,PM10,100,1
2026-08-28T14:00:00+05:30,28-08-2026 14:00:00,"R K Puram, Delhi - DPCC",132,Moderately Polluted,PM10,100,1
2026-08-28T14:00:00+05:30,28-08-2026 14:00:00,"Okhla Phase-2, Delhi - DPCC",132,Moderately Polluted,PM10,100,1
2026-08-28T14:00:00+05:30,28-08-2026 14:00:00,"Jawaharlal Nehru Stadium, Delhi - DPCC",130,Moderately Polluted,PM10,100,1
2026-08-28T14:00:00+05:30,28-08-2026 14:00:00,"Pusa, Delhi - DPCC",130,Moderately Polluted,PM10,100,1
2026-08-28T14:00:00+05:30,28-08-2026 14:00:00,"Ashok Vihar, Delhi - DPCC",127,Moderately Polluted,PM10,100,1
2026-08-28T14:00:00+05:30,28-08-2026 14:00:00,"IGI Airport (T3), Delhi - IITM",127,Moderately Polluted,PM10,100,1
2026-08-28T14:00:00+05:30,28-08-2026 14:00:00,"ITO, Delhi - CPCB",124,Moderately Polluted,PM10,100,1
2026-08-28T14:00:00+05:30,28-08-2026 14:00:00,"Sri Aurobindo Marg, Delhi - DPCC",124,Moderately Polluted,PM10,100,1
2026-08-28T14:00:00+05:30,28-08-2026 14:00:00,"Aya Nagar, Delhi - IITM",123,Moderately Polluted,PM10,100,1
2026-08-28T14:00:00+05:30,28-08-2026 14:00:00,"IMD Lodhi Road, Delhi - IITM",123,Moderately Polluted,PM10,100,1
2026-08-28T14:00:00+05:30,28-08-2026 14:00:00,"Narela, Delhi - DPCC",123,Moderately Polluted,PM10,100,1
2026-08-28T14:00:00+05:30,28-08-2026 14:00:00,"Najafgarh, Delhi - DPCC",121,Moderately Polluted,PM10,100,1
2026-08-28T14:00:00+05:30,28-08-2026 14:00:00,"Bawana, Delhi - DPCC",120,Moderately Polluted,PM10,100,1
2026-08-28T14:00:00+05:30,28-08-2026 14:00:00,"Dr. Karni Singh Shooting Range, Delhi - DPCC",120,Moderately Polluted,PM10,100,1
2026-08-28T14:00:00+05:30,28-08-2026 14:00:00,"Vivek Vihar, Delhi - DPCC",118,Moderately Polluted,PM10,100,1
2026-08-28T14:00:00+05:30,28-08-2026 14:00:00,"Patparganj, Delhi - DPCC",116,Moderately Polluted,PM10,100,1
2026-08-28T14:00:00+05:30,28-08-2026 14:00:00,"NSUT Jaffarpur, Delhi - DPCC",114,Moderately Polluted,PM10,100,1
2026-08-28T14:00:00+05:30,28-08-2026 14:00:00,"Burari Crossing, Delhi - IITM",113,Moderately Polluted,PM10,100,1
2026-08-28T14:00:00+05:30,28-08-2026 14:00:00,"Major Dhyan Chand National Stadium, Delhi - DPCC",112,Moderately Polluted,PM10,100,1
2026-08-28T14:00:00+05:30,28-08-2026 14:00:00,"Mandir Marg, Delhi - DPCC",112,Moderately Polluted,PM10,100,1
2026-08-28T14:00:00+05:30,28-08-2026 14:00:00,"Pusa, Delhi - IITM",112,Moderately Polluted,PM10,100,1
2026-08-28T14:00:00+05:30,28-08-2026 14:00:00,"Talkatora Garden, Delhi - DPCC",109,Moderately Polluted,PM10,100,1
2026-08-28T14:00:00+05:30,28-08-2026 14:00:00,"Commonwealth Sports Complex, Delhi - DPCC",105,Moderately Polluted,PM10,100,1
2026-08-28T14:00:00+05:30,28-08-2026 14:00:00,"JNU, Delhi - DPCC",105,Moderately Polluted,PM10,100,1
2026-08-28T14:00:00+05:30,28-08-2026 14:00:00,"IGNOU_Maidan Garhi, Delhi - DPCC",104,Moderately Polluted,PM10,100,1
2026-08-28T14:00:00+05:30,28-08-2026 14:00:00,"DTU, Delhi - CPCB",102,Moderately Polluted,PM10,100,1
2026-08-28T14:00:00+05:30,28-08-2026 14:00:00,"NSIT Dwarka, Delhi - CPCB",100,Satisfactory,PM10,100,0
2026-08-28T14:00:00+05:30,28-08-2026 14:00:00,"Chandni Chowk, Delhi - IITM",90,Satisfactory,PM10,100,0
2026-08-28T14:00:00+05:30,28-08-2026 14:00:00,"IHBAS, Dilshad Garden, Delhi - CPCB",88,Satisfactory,PM10,100,0
2026-08-28T14:00:00+05:30,28-08-2026 14:00:00,"Shadipur, Delhi - CPCB",81,Satisfactory,PM10,100,0
2026-08-28T14:00:00+05:30,28-08-2026 14:00:00,"Alipur, Delhi - DPCC",75,Satisfactory,NO2,100,0
2026-08-28T14:00:00+05:30,28-08-2026 14:00:00,"Cantonment Area, Delhi - DPCC",63,Satisfactory,PM10,100,0
2026-08-28T15:00:00+05:30,28-08-2026 15:00:00,"Anand Vihar, Delhi - DPCC",235,Poor,PM2.5,100,1
2026-08-28T15:00:00+05:30,28-08-2026 15:00:00,"Wazirpur, Delhi - DPCC",209,Poor,PM10,100,1
2026-08-28T15:00:00+05:30,28-08-2026 15:00:00,"Dwarka-Sector 8, Delhi - DPCC",188,Moderately Polluted,PM10,100,1
2026-08-28T15:00:00+05:30,28-08-2026 15:00:00,"IIT Delhi, Delhi - IITM",185,Moderately Polluted,PM10,100,1
2026-08-28T15:00:00+05:30,28-08-2026 15:00:00,"Rohini, Delhi - DPCC",156,Moderately Polluted,PM10,100,1
2026-08-28T15:00:00+05:30,28-08-2026 15:00:00,"Jahangirpuri, Delhi - DPCC",155,Moderately Polluted,PM10,100,1
2026-08-28T15:00:00+05:30,28-08-2026 15:00:00,"Nehru Nagar, Delhi - DPCC",152,Moderately Polluted,PM10,100,1
2026-08-28T15:00:00+05:30,28-08-2026 15:00:00,"Mundka, Delhi - DPCC",147,Moderately Polluted,PM10,100,1
2026-08-28T15:00:00+05:30,28-08-2026 15:00:00,"North Campus, DU, Delhi - IITM",146,Moderately Polluted,NO2,100,1
2026-08-28T15:00:00+05:30,28-08-2026 15:00:00,"Punjabi Bagh, Delhi - DPCC",142,Moderately Polluted,PM10,100,1
2026-08-28T15:00:00+05:30,28-08-2026 15:00:00,"Sonia Vihar, Delhi - DPCC",137,Moderately Polluted,PM10,100,1
2026-08-28T15:00:00+05:30,28-08-2026 15:00:00,"Sirifort, Delhi - CPCB",136,Moderately Polluted,PM10,100,1
2026-08-28T15:00:00+05:30,28-08-2026 15:00:00,"CRRI Mathura Road, Delhi - IITM",135,Moderately Polluted,PM10,100,1
2026-08-28T15:00:00+05:30,28-08-2026 15:00:00,"Pusa, Delhi - DPCC",133,Moderately Polluted,PM10,100,1
2026-08-28T15:00:00+05:30,28-08-2026 15:00:00,"R K Puram, Delhi - DPCC",133,Moderately Polluted,PM10,100,1
2026-08-28T15:00:00+05:30,28-08-2026 15:00:00,"Okhla Phase-2, Delhi - DPCC",133,Moderately Polluted,PM10,100,1
2026-08-28T15:00:00+05:30,28-08-2026 15:00:00,"Jawaharlal Nehru Stadium, Delhi - DPCC",131,Moderately Polluted,PM10,100,1
2026-08-28T15:00:00+05:30,28-08-2026 15:00:00,"IGI Airport (T3), Delhi - IITM",129,Moderately Polluted,PM10,100,1
2026-08-28T15:00:00+05:30,28-08-2026 15:00:00,"Ashok Vihar, Delhi - DPCC",126,Moderately Polluted,PM10,100,1
2026-08-28T15:00:00+05:30,28-08-2026 15:00:00,"ITO, Delhi - CPCB",124,Moderately Polluted,PM10,100,1
2026-08-28T15:00:00+05:30,28-08-2026 15:00:00,"Narela, Delhi - DPCC",124,Moderately Polluted,PM10,100,1
2026-08-28T15:00:00+05:30,28-08-2026 15:00:00,"Sri Aurobindo Marg, Delhi - DPCC",124,Moderately Polluted,PM10,100,1
2026-08-28T15:00:00+05:30,28-08-2026 15:00:00,"Aya Nagar, Delhi - IITM",122,Moderately Polluted,PM10,100,1
2026-08-28T15:00:00+05:30,28-08-2026 15:00:00,"Najafgarh, Delhi - DPCC",122,Moderately Polluted,PM10,100,1
2026-08-28T15:00:00+05:30,28-08-2026 15:00:00,"Dr. Karni Singh Shooting Range, Delhi - DPCC",120,Moderately Polluted,PM10,100,1
2026-08-28T15:00:00+05:30,28-08-2026 15:00:00,"IMD Lodhi Road, Delhi - IITM",120,Moderately Polluted,PM10,100,1
2026-08-28T15:00:00+05:30,28-08-2026 15:00:00,"Bawana, Delhi - DPCC",119,Moderately Polluted,PM10,100,1
2026-08-28T15:00:00+05:30,28-08-2026 15:00:00,"Vivek Vihar, Delhi - DPCC",116,Moderately Polluted,PM10,100,1
2026-08-28T15:00:00+05:30,28-08-2026 15:00:00,"NSUT Jaffarpur, Delhi - DPCC",114,Moderately Polluted,PM10,100,1
2026-08-28T15:00:00+05:30,28-08-2026 15:00:00,"Patparganj, Delhi - DPCC",114,Moderately Polluted,PM10,100,1
2026-08-28T15:00:00+05:30,28-08-2026 15:00:00,"Mandir Marg, Delhi - DPCC",113,Moderately Polluted,PM10,100,1
2026-08-28T15:00:00+05:30,28-08-2026 15:00:00,"Major Dhyan Chand National Stadium, Delhi - DPCC",112,Moderately Polluted,PM10,100,1
2026-08-28T15:00:00+05:30,28-08-2026 15:00:00,"Pusa, Delhi - IITM",112,Moderately Polluted,PM10,100,1
2026-08-28T15:00:00+05:30,28-08-2026 15:00:00,"Burari Crossing, Delhi - IITM",112,Moderately Polluted,PM10,100,1
2026-08-28T15:00:00+05:30,28-08-2026 15:00:00,"Talkatora Garden, Delhi - DPCC",109,Moderately Polluted,PM10,100,1
2026-08-28T15:00:00+05:30,28-08-2026 15:00:00,"IGNOU_Maidan Garhi, Delhi - DPCC",105,Moderately Polluted,PM10,100,1
2026-08-28T15:00:00+05:30,28-08-2026 15:00:00,"Commonwealth Sports Complex, Delhi - DPCC",105,Moderately Polluted,PM10,100,1
2026-08-28T15:00:00+05:30,28-08-2026 15:00:00,"JNU, Delhi - DPCC",105,Moderately Polluted,PM10,100,1
2026-08-28T15:00:00+05:30,28-08-2026 15:00:00,"DTU, Delhi - CPCB",102,Moderately Polluted,PM10,100,1
2026-08-28T15:00:00+05:30,28-08-2026 15:00:00,"NSIT Dwarka, Delhi - CPCB",100,Satisfactory,PM10,100,0
2026-08-28T15:00:00+05:30,28-08-2026 15:00:00,"Chandni Chowk, Delhi - IITM",88,Satisfactory,PM10,100,0
2026-08-28T15:00:00+05:30,28-08-2026 15:00:00,"IHBAS, Dilshad Garden, Delhi - CPCB",87,Satisfactory,PM10,100,0
2026-08-28T15:00:00+05:30,28-08-2026 15:00:00,"Shadipur, Delhi - CPCB",81,Satisfactory,PM10,100,0
2026-08-28T15:00:00+05:30,28-08-2026 15:00:00,"Alipur, Delhi - DPCC",74,Satisfactory,NO2,100,0
2026-08-28T15:00:00+05:30,28-08-2026 15:00:00,"Cantonment Area, Delhi - DPCC",64,Satisfactory,PM10,100,0
2026-08-28T16:00:00+05:30,28-08-2026 16:00:00,"Anand Vihar, Delhi - DPCC",239,Poor,PM2.5,100,1
2026-08-28T16:00:00+05:30,28-08-2026 16:00:00,"Wazirpur, Delhi - DPCC",204,Poor,PM10,100,1
2026-08-28T16:00:00+05:30,28-08-2026 16:00:00,"IIT Delhi, Delhi - IITM",188,Moderately Polluted,PM10,100,1
2026-08-28T16:00:00+05:30,28-08-2026 16:00:00,"Dwarka-Sector 8, Delhi - DPCC",185,Moderately Polluted,PM10,100,1
2026-08-28T16:00:00+05:30,28-08-2026 16:00:00,"Rohini, Delhi - DPCC",157,Moderately Polluted,PM10,100,1
2026-08-28T16:00:00+05:30,28-08-2026 16:00:00,"Jahangirpuri, Delhi - DPCC",155,Moderately Polluted,PM10,100,1
2026-08-28T16:00:00+05:30,28-08-2026 16:00:00,"Nehru Nagar, Delhi - DPCC",151,Moderately Polluted,PM10,100,1
2026-08-28T16:00:00+05:30,28-08-2026 16:00:00,"Mundka, Delhi - DPCC",146,Moderately Polluted,PM10,100,1
2026-08-28T16:00:00+05:30,28-08-2026 16:00:00,"North Campus, DU, Delhi - IITM",144,Moderately Polluted,NO2,100,1
2026-08-28T16:00:00+05:30,28-08-2026 16:00:00,"Punjabi Bagh, Delhi - DPCC",142,Moderately Polluted,PM10,100,1
2026-08-28T16:00:00+05:30,28-08-2026 16:00:00,"CRRI Mathura Road, Delhi - IITM",137,Moderately Polluted,PM10,100,1
2026-08-28T16:00:00+05:30,28-08-2026 16:00:00,"Sonia Vihar, Delhi - DPCC",136,Moderately Polluted,PM10,100,1
2026-08-28T16:00:00+05:30,28-08-2026 16:00:00,"Sirifort, Delhi - CPCB",136,Moderately Polluted,PM10,100,1
2026-08-28T16:00:00+05:30,28-08-2026 16:00:00,"R K Puram, Delhi - DPCC",134,Moderately Polluted,PM10,100,1
2026-08-28T16:00:00+05:30,28-08-2026 16:00:00,"Pusa, Delhi - DPCC",133,Moderately Polluted,PM10,100,1
2026-08-28T16:00:00+05:30,28-08-2026 16:00:00,"Okhla Phase-2, Delhi - DPCC",132,Moderately Polluted,PM10,100,1
2026-08-28T16:00:00+05:30,28-08-2026 16:00:00,"Jawaharlal Nehru Stadium, Delhi - DPCC",131,Moderately Polluted,PM10,100,1
2026-08-28T16:00:00+05:30,28-08-2026 16:00:00,"IGI Airport (T3), Delhi - IITM",129,Moderately Polluted,PM10,100,1
2026-08-28T16:00:00+05:30,28-08-2026 16:00:00,"Narela, Delhi - DPCC",126,Moderately Polluted,PM10,100,1
2026-08-28T16:00:00+05:30,28-08-2026 16:00:00,"Ashok Vihar, Delhi - DPCC",126,Moderately Polluted,PM10,100,1
2026-08-28T16:00:00+05:30,28-08-2026 16:00:00,"ITO, Delhi - CPCB",125,Moderately Polluted,PM10,100,1
2026-08-28T16:00:00+05:30,28-08-2026 16:00:00,"Sri Aurobindo Marg, Delhi - DPCC",125,Moderately Polluted,PM10,100,1
2026-08-28T16:00:00+05:30,28-08-2026 16:00:00,"Najafgarh, Delhi - DPCC",124,Moderately Polluted,PM10,100,1
2026-08-28T16:00:00+05:30,28-08-2026 16:00:00,"Aya Nagar, Delhi - IITM",122,Moderately Polluted,PM10,100,1
2026-08-28T16:00:00+05:30,28-08-2026 16:00:00,"Dr. Karni Singh Shooting Range, Delhi - DPCC",121,Moderately Polluted,PM10,100,1
2026-08-28T16:00:00+05:30,28-08-2026 16:00:00,"IMD Lodhi Road, Delhi - IITM",120,Moderately Polluted,PM10,100,1
2026-08-28T16:00:00+05:30,28-08-2026 16:00:00,"Bawana, Delhi - DPCC",119,Moderately Polluted,PM10,100,1
2026-08-28T16:00:00+05:30,28-08-2026 16:00:00,"Vivek Vihar, Delhi - DPCC",115,Moderately Polluted,PM10,100,1
2026-08-28T16:00:00+05:30,28-08-2026 16:00:00,"NSUT Jaffarpur, Delhi - DPCC",115,Moderately Polluted,PM10,100,1
2026-08-28T16:00:00+05:30,28-08-2026 16:00:00,"Pusa, Delhi - IITM",114,Moderately Polluted,PM10,100,1
2026-08-28T16:00:00+05:30,28-08-2026 16:00:00,"Patparganj, Delhi - DPCC",114,Moderately Polluted,PM10,100,1
2026-08-28T16:00:00+05:30,28-08-2026 16:00:00,"Major Dhyan Chand National Stadium, Delhi - DPCC",112,Moderately Polluted,PM10,100,1
2026-08-28T16:00:00+05:30,28-08-2026 16:00:00,"Burari Crossing, Delhi - IITM",112,Moderately Polluted,PM10,100,1
2026-08-28T16:00:00+05:30,28-08-2026 16:00:00,"Mandir Marg, Delhi - DPCC",112,Moderately Polluted,PM10,100,1
2026-08-28T16:00:00+05:30,28-08-2026 16:00:00,"Talkatora Garden, Delhi - DPCC",110,Moderately Polluted,PM10,100,1
2026-08-28T16:00:00+05:30,28-08-2026 16:00:00,"Commonwealth Sports Complex, Delhi - DPCC",106,Moderately Polluted,PM10,100,1
2026-08-28T16:00:00+05:30,28-08-2026 16:00:00,"IGNOU_Maidan Garhi, Delhi - DPCC",105,Moderately Polluted,PM10,100,1
2026-08-28T16:00:00+05:30,28-08-2026 16:00:00,"JNU, Delhi - DPCC",105,Moderately Polluted,PM10,100,1
2026-08-28T16:00:00+05:30,28-08-2026 16:00:00,"DTU, Delhi - CPCB",103,Moderately Polluted,PM10,100,1
2026-08-28T16:00:00+05:30,28-08-2026 16:00:00,"NSIT Dwarka, Delhi - CPCB",101,Moderately Polluted,PM10,100,1
2026-08-28T16:00:00+05:30,28-08-2026 16:00:00,"IHBAS, Dilshad Garden, Delhi - CPCB",87,Satisfactory,PM10,100,0
2026-08-28T16:00:00+05:30,28-08-2026 16:00:00,"Chandni Chowk, Delhi - IITM",85,Satisfactory,PM10,100,0
2026-08-28T16:00:00+05:30,28-08-2026 16:00:00,"Shadipur, Delhi - CPCB",81,Satisfactory,PM10,100,0
2026-08-28T16:00:00+05:30,28-08-2026 16:00:00,"Alipur, Delhi - DPCC",72,Satisfactory,NO2,100,0
2026-08-28T16:00:00+05:30,28-08-2026 16:00:00,"Cantonment Area, Delhi - DPCC",64,Satisfactory,PM10,100,0
2026-08-28T17:00:00+05:30,28-08-2026 17:00:00,"Anand Vihar, Delhi - DPCC",248,Poor,PM2.5,100,1
2026-08-28T17:00:00+05:30,28-08-2026 17:00:00,"Wazirpur, Delhi - DPCC",207,Poor,PM10,100,1
2026-08-28T17:00:00+05:30,28-08-2026 17:00:00,"IIT Delhi, Delhi - IITM",193,Moderately Polluted,PM10,100,1
2026-08-28T17:00:00+05:30,28-08-2026 17:00:00,"Dwarka-Sector 8, Delhi - DPCC",177,Moderately Polluted,PM10,100,1
2026-08-28T17:00:00+05:30,28-08-2026 17:00:00,"Rohini, Delhi - DPCC",159,Moderately Polluted,PM10,100,1
2026-08-28T17:00:00+05:30,28-08-2026 17:00:00,"Jahangirpuri, Delhi - DPCC",157,Moderately Polluted,PM10,100,1
2026-08-28T17:00:00+05:30,28-08-2026 17:00:00,"Nehru Nagar, Delhi - DPCC",153,Moderately Polluted,PM10,100,1
2026-08-28T17:00:00+05:30,28-08-2026 17:00:00,"Mundka, Delhi - DPCC",146,Moderately Polluted,PM10,100,1
2026-08-28T17:00:00+05:30,28-08-2026 17:00:00,"Punjabi Bagh, Delhi - DPCC",142,Moderately Polluted,PM10,100,1
2026-08-28T17:00:00+05:30,28-08-2026 17:00:00,"CRRI Mathura Road, Delhi - IITM",140,Moderately Polluted,PM10,100,1
2026-08-28T17:00:00+05:30,28-08-2026 17:00:00,"Sonia Vihar, Delhi - DPCC",139,Moderately Polluted,PM10,100,1
2026-08-28T17:00:00+05:30,28-08-2026 17:00:00,"North Campus, DU, Delhi - IITM",139,Moderately Polluted,NO2,100,1
2026-08-28T17:00:00+05:30,28-08-2026 17:00:00,"Sirifort, Delhi - CPCB",137,Moderately Polluted,PM10,100,1
2026-08-28T17:00:00+05:30,28-08-2026 17:00:00,"Pusa, Delhi - DPCC",136,Moderately Polluted,PM10,100,1
2026-08-28T17:00:00+05:30,28-08-2026 17:00:00,"R K Puram, Delhi - DPCC",135,Moderately Polluted,PM10,100,1
2026-08-28T17:00:00+05:30,28-08-2026 17:00:00,"Okhla Phase-2, Delhi - DPCC",133,Moderately Polluted,PM10,100,1
2026-08-28T17:00:00+05:30,28-08-2026 17:00:00,"Jawaharlal Nehru Stadium, Delhi - DPCC",132,Moderately Polluted,PM10,100,1
2026-08-28T17:00:00+05:30,28-08-2026 17:00:00,"IGI Airport (T3), Delhi - IITM",129,Moderately Polluted,PM10,100,1
2026-08-28T17:00:00+05:30,28-08-2026 17:00:00,"ITO, Delhi - CPCB",128,Moderately Polluted,PM10,100,1
2026-08-28T17:00:00+05:30,28-08-2026 17:00:00,"Narela, Delhi - DPCC",128,Moderately Polluted,PM10,100,1
2026-08-28T17:00:00+05:30,28-08-2026 17:00:00,"Ashok Vihar, Delhi - DPCC",128,Moderately Polluted,PM10,100,1
2026-08-28T17:00:00+05:30,28-08-2026 17:00:00,"Sri Aurobindo Marg, Delhi - DPCC",127,Moderately Polluted,PM10,100,1
2026-08-28T17:00:00+05:30,28-08-2026 17:00:00,"Najafgarh, Delhi - DPCC",125,Moderately Polluted,PM10,100,1
2026-08-28T17:00:00+05:30,28-08-2026 17:00:00,"Aya Nagar, Delhi - IITM",124,Moderately Polluted,PM10,100,1
2026-08-28T17:00:00+05:30,28-08-2026 17:00:00,"IMD Lodhi Road, Delhi - IITM",124,Moderately Polluted,PM10,100,1
2026-08-28T17:00:00+05:30,28-08-2026 17:00:00,"Dr. Karni Singh Shooting Range, Delhi - DPCC",123,Moderately Polluted,PM10,100,1
2026-08-28T17:00:00+05:30,28-08-2026 17:00:00,"Vivek Vihar, Delhi - DPCC",119,Moderately Polluted,PM10,100,1
2026-08-28T17:00:00+05:30,28-08-2026 17:00:00,"Bawana, Delhi - DPCC",118,Moderately Polluted,PM10,100,1
2026-08-28T17:00:00+05:30,28-08-2026 17:00:00,"Patparganj, Delhi - DPCC",117,Moderately Polluted,PM10,100,1
2026-08-28T17:00:00+05:30,28-08-2026 17:00:00,"Mandir Marg, Delhi - DPCC",117,Moderately Polluted,PM10,100,1
2026-08-28T17:00:00+05:30,28-08-2026 17:00:00,"NSUT Jaffarpur, Delhi - DPCC",116,Moderately Polluted,PM10,100,1
2026-08-28T17:00:00+05:30,28-08-2026 17:00:00,"Pusa, Delhi - IITM",116,Moderately Polluted,PM10,100,1
2026-08-28T17:00:00+05:30,28-08-2026 17:00:00,"Burari Crossing, Delhi - IITM",115,Moderately Polluted,PM10,100,1
2026-08-28T17:00:00+05:30,28-08-2026 17:00:00,"Major Dhyan Chand National Stadium, Delhi - DPCC",114,Moderately Polluted,PM10,100,1
2026-08-28T17:00:00+05:30,28-08-2026 17:00:00,"Talkatora Garden, Delhi - DPCC",110,Moderately Polluted,PM10,100,1
2026-08-28T17:00:00+05:30,28-08-2026 17:00:00,"JNU, Delhi - DPCC",107,Moderately Polluted,PM10,100,1
2026-08-28T17:00:00+05:30,28-08-2026 17:00:00,"IGNOU_Maidan Garhi, Delhi - DPCC",106,Moderately Polluted,PM10,100,1
2026-08-28T17:00:00+05:30,28-08-2026 17:00:00,"Commonwealth Sports Complex, Delhi - DPCC",106,Moderately Polluted,PM10,100,1
2026-08-28T17:00:00+05:30,28-08-2026 17:00:00,"DTU, Delhi - CPCB",105,Moderately Polluted,PM10,100,1
2026-08-28T17:00:00+05:30,28-08-2026 17:00:00,"NSIT Dwarka, Delhi - CPCB",101,Moderately Polluted,PM10,100,1
2026-08-28T17:00:00+05:30,28-08-2026 17:00:00,"IHBAS, Dilshad Garden, Delhi - CPCB",87,Satisfactory,PM10,100,0
2026-08-28T17:00:00+05:30,28-08-2026 17:00:00,"Chandni Chowk, Delhi - IITM",84,Satisfactory,PM10,100,0
2026-08-28T17:00:00+05:30,28-08-2026 17:00:00,"Shadipur, Delhi - CPCB",81,Satisfactory,PM10,100,0
2026-08-28T17:00:00+05:30,28-08-2026 17:00:00,"Alipur, Delhi - DPCC",70,Satisfactory,NO2,100,0
2026-08-28T17:00:00+05:30,28-08-2026 17:00:00,"Cantonment Area, Delhi - DPCC",67,Satisfactory,PM10,100,0
2026-08-28T18:00:00+05:30,28-08-2026 18:00:00,"Anand Vihar, Delhi - DPCC",258,Poor,PM2.5,100,1
2026-08-28T18:00:00+05:30,28-08-2026 18:00:00,"Wazirpur, Delhi - DPCC",210,Poor,PM10,100,1
2026-08-28T18:00:00+05:30,28-08-2026 18:00:00,"IIT Delhi, Delhi - IITM",198,Moderately Polluted,PM10,100,1
2026-08-28T18:00:00+05:30,28-08-2026 18:00:00,"Dwarka-Sector 8, Delhi - DPCC",178,Moderately Polluted,PM10,100,1
2026-08-28T18:00:00+05:30,28-08-2026 18:00:00,"Rohini, Delhi - DPCC",160,Moderately Polluted,PM10,100,1
2026-08-28T18:00:00+05:30,28-08-2026 18:00:00,"Jahangirpuri, Delhi - DPCC",159,Moderately Polluted,PM10,100,1
2026-08-28T18:00:00+05:30,28-08-2026 18:00:00,"Nehru Nagar, Delhi - DPCC",153,Moderately Polluted,PM10,100,1
2026-08-28T18:00:00+05:30,28-08-2026 18:00:00,"CRRI Mathura Road, Delhi - IITM",146,Moderately Polluted,PM10,100,1
2026-08-28T18:00:00+05:30,28-08-2026 18:00:00,"Mundka, Delhi - DPCC",145,Moderately Polluted,PM10,100,1
2026-08-28T18:00:00+05:30,28-08-2026 18:00:00,"Punjabi Bagh, Delhi - DPCC",145,Moderately Polluted,PM10,100,1
2026-08-28T18:00:00+05:30,28-08-2026 18:00:00,"Sonia Vihar, Delhi - DPCC",140,Moderately Polluted,PM10,100,1
2026-08-28T18:00:00+05:30,28-08-2026 18:00:00,"Pusa, Delhi - DPCC",140,Moderately Polluted,PM10,100,1
2026-08-28T18:00:00+05:30,28-08-2026 18:00:00,"R K Puram, Delhi - DPCC",139,Moderately Polluted,PM10,100,1
2026-08-28T18:00:00+05:30,28-08-2026 18:00:00,"Sirifort, Delhi - CPCB",139,Moderately Polluted,PM10,100,1
2026-08-28T18:00:00+05:30,28-08-2026 18:00:00,"Okhla Phase-2, Delhi - DPCC",137,Moderately Polluted,PM10,100,1
2026-08-28T18:00:00+05:30,28-08-2026 18:00:00,"Jawaharlal Nehru Stadium, Delhi - DPCC",132,Moderately Polluted,PM10,100,1
2026-08-28T18:00:00+05:30,28-08-2026 18:00:00,"Ashok Vihar, Delhi - DPCC",132,Moderately Polluted,PM10,100,1
2026-08-28T18:00:00+05:30,28-08-2026 18:00:00,"ITO, Delhi - CPCB",131,Moderately Polluted,PM10,100,1
2026-08-28T18:00:00+05:30,28-08-2026 18:00:00,"Narela, Delhi - DPCC",131,Moderately Polluted,PM10,100,1
2026-08-28T18:00:00+05:30,28-08-2026 18:00:00,"North Campus, DU, Delhi - IITM",131,Moderately Polluted,NO2,100,1
2026-08-28T18:00:00+05:30,28-08-2026 18:00:00,"IGI Airport (T3), Delhi - IITM",131,Moderately Polluted,PM10,100,1
2026-08-28T18:00:00+05:30,28-08-2026 18:00:00,"Sri Aurobindo Marg, Delhi - DPCC",129,Moderately Polluted,PM10,100,1
2026-08-28T18:00:00+05:30,28-08-2026 18:00:00,"IMD Lodhi Road, Delhi - IITM",128,Moderately Polluted,PM10,100,1
2026-08-28T18:00:00+05:30,28-08-2026 18:00:00,"Dr. Karni Singh Shooting Range, Delhi - DPCC",127,Moderately Polluted,PM10,100,1
2026-08-28T18:00:00+05:30,28-08-2026 18:00:00,"Aya Nagar, Delhi - IITM",127,Moderately Polluted,PM10,100,1
2026-08-28T18:00:00+05:30,28-08-2026 18:00:00,"Najafgarh, Delhi - DPCC",125,Moderately Polluted,PM10,100,1
2026-08-28T18:00:00+05:30,28-08-2026 18:00:00,"Vivek Vihar, Delhi - DPCC",121,Moderately Polluted,PM10,100,1
2026-08-28T18:00:00+05:30,28-08-2026 18:00:00,"Patparganj, Delhi - DPCC",121,Moderately Polluted,PM10,100,1
2026-08-28T18:00:00+05:30,28-08-2026 18:00:00,"Mandir Marg, Delhi - DPCC",121,Moderately Polluted,PM10,100,1
2026-08-28T18:00:00+05:30,28-08-2026 18:00:00,"Bawana, Delhi - DPCC",120,Moderately Polluted,PM10,100,1
2026-08-28T18:00:00+05:30,28-08-2026 18:00:00,"Pusa, Delhi - IITM",120,Moderately Polluted,PM10,100,1
2026-08-28T18:00:00+05:30,28-08-2026 18:00:00,"Burari Crossing, Delhi - IITM",118,Moderately Polluted,PM10,100,1
2026-08-28T18:00:00+05:30,28-08-2026 18:00:00,"Major Dhyan Chand National Stadium, Delhi - DPCC",117,Moderately Polluted,PM10,100,1
2026-08-28T18:00:00+05:30,28-08-2026 18:00:00,"NSUT Jaffarpur, Delhi - DPCC",117,Moderately Polluted,PM10,100,1
2026-08-28T18:00:00+05:30,28-08-2026 18:00:00,"Talkatora Garden, Delhi - DPCC",112,Moderately Polluted,PM10,100,1
2026-08-28T18:00:00+05:30,28-08-2026 18:00:00,"JNU, Delhi - DPCC",109,Moderately Polluted,PM10,100,1
2026-08-28T18:00:00+05:30,28-08-2026 18:00:00,"Commonwealth Sports Complex, Delhi - DPCC",108,Moderately Polluted,PM10,100,1
2026-08-28T18:00:00+05:30,28-08-2026 18:00:00,"DTU, Delhi - CPCB",107,Moderately Polluted,PM10,100,1
2026-08-28T18:00:00+05:30,28-08-2026 18:00:00,"IGNOU_Maidan Garhi, Delhi - DPCC",107,Moderately Polluted,PM10,100,1
2026-08-28T18:00:00+05:30,28-08-2026 18:00:00,"NSIT Dwarka, Delhi - CPCB",101,Moderately Polluted,PM10,100,1
2026-08-28T18:00:00+05:30,28-08-2026 18:00:00,"IHBAS, Dilshad Garden, Delhi - CPCB",89,Satisfactory,PM10,100,0
2026-08-28T18:00:00+05:30,28-08-2026 18:00:00,"Chandni Chowk, Delhi - IITM",83,Satisfactory,PM10,100,0
2026-08-28T18:00:00+05:30,28-08-2026 18:00:00,"Shadipur, Delhi - CPCB",83,Satisfactory,PM10,100,0
2026-08-28T18:00:00+05:30,28-08-2026 18:00:00,"Cantonment Area, Delhi - DPCC",71,Satisfactory,PM10,100,0
2026-08-28T18:00:00+05:30,28-08-2026 18:00:00,"Alipur, Delhi - DPCC",68,Satisfactory,NO2,100,0
2026-08-28T19:00:00+05:30,28-08-2026 19:00:00,"Anand Vihar, Delhi - DPCC",265,Poor,PM2.5,100,1
2026-08-28T19:00:00+05:30,28-08-2026 19:00:00,"Wazirpur, Delhi - DPCC",209,Poor,PM10,100,1
2026-08-28T19:00:00+05:30,28-08-2026 19:00:00,"IIT Delhi, Delhi - IITM",200,Moderately Polluted,PM10,100,1
2026-08-28T19:00:00+05:30,28-08-2026 19:00:00,"Dwarka-Sector 8, Delhi - DPCC",179,Moderately Polluted,PM10,100,1
2026-08-28T19:00:00+05:30,28-08-2026 19:00:00,"Rohini, Delhi - DPCC",161,Moderately Polluted,PM10,100,1
2026-08-28T19:00:00+05:30,28-08-2026 19:00:00,"Jahangirpuri, Delhi - DPCC",161,Moderately Polluted,PM10,100,1
2026-08-28T19:00:00+05:30,28-08-2026 19:00:00,"Nehru Nagar, Delhi - DPCC",153,Moderately Polluted,PM10,100,1
2026-08-28T19:00:00+05:30,28-08-2026 19:00:00,"CRRI Mathura Road, Delhi - IITM",151,Moderately Polluted,PM10,100,1
2026-08-28T19:00:00+05:30,28-08-2026 19:00:00,"Punjabi Bagh, Delhi - DPCC",147,Moderately Polluted,PM10,100,1
2026-08-28T19:00:00+05:30,28-08-2026 19:00:00,"Pusa, Delhi - DPCC",145,Moderately Polluted,PM10,100,1
2026-08-28T19:00:00+05:30,28-08-2026 19:00:00,"Mundka, Delhi - DPCC",144,Moderately Polluted,PM10,100,1
2026-08-28T19:00:00+05:30,28-08-2026 19:00:00,"R K Puram, Delhi - DPCC",141,Moderately Polluted,PM10,100,1
2026-08-28T19:00:00+05:30,28-08-2026 19:00:00,"Sonia Vihar, Delhi - DPCC",140,Moderately Polluted,PM10,100,1
2026-08-28T19:00:00+05:30,28-08-2026 19:00:00,"Sirifort, Delhi - CPCB",140,Moderately Polluted,PM10,100,1
2026-08-28T19:00:00+05:30,28-08-2026 19:00:00,"Okhla Phase-2, Delhi - DPCC",139,Moderately Polluted,PM10,100,1
2026-08-28T19:00:00+05:30,28-08-2026 19:00:00,"Ashok Vihar, Delhi - DPCC",134,Moderately Polluted,PM10,100,1
2026-08-28T19:00:00+05:30,28-08-2026 19:00:00,"ITO, Delhi - CPCB",133,Moderately Polluted,PM10,100,1
2026-08-28T19:00:00+05:30,28-08-2026 19:00:00,"Narela, Delhi - DPCC",133,Moderately Polluted,PM10,100,1
2026-08-28T19:00:00+05:30,28-08-2026 19:00:00,"Jawaharlal Nehru Stadium, Delhi - DPCC",133,Moderately Polluted,PM10,100,1
2026-08-28T19:00:00+05:30,28-08-2026 19:00:00,"IMD Lodhi Road, Delhi - IITM",132,Moderately Polluted,PM10,100,1
2026-08-28T19:00:00+05:30,28-08-2026 19:00:00,"Dr. Karni Singh Shooting Range, Delhi - DPCC",132,Moderately Polluted,PM10,100,1
2026-08-28T19:00:00+05:30,28-08-2026 19:00:00,"IGI Airport (T3), Delhi - IITM",131,Moderately Polluted,PM10,100,1
2026-08-28T19:00:00+05:30,28-08-2026 19:00:00,"Sri Aurobindo Marg, Delhi - DPCC",130,Moderately Polluted,PM10,100,1
2026-08-28T19:00:00+05:30,28-08-2026 19:00:00,"North Campus, DU, Delhi - IITM",129,Moderately Polluted,PM10,100,1
2026-08-28T19:00:00+05:30,28-08-2026 19:00:00,"Aya Nagar, Delhi - IITM",128,Moderately Polluted,PM10,100,1
2026-08-28T19:00:00+05:30,28-08-2026 19:00:00,"Najafgarh, Delhi - DPCC",127,Moderately Polluted,PM10,100,1
2026-08-28T19:00:00+05:30,28-08-2026 19:00:00,"Vivek Vihar, Delhi - DPCC",124,Moderately Polluted,PM10,100,1
2026-08-28T19:00:00+05:30,28-08-2026 19:00:00,"Patparganj, Delhi - DPCC",124,Moderately Polluted,PM10,100,1
2026-08-28T19:00:00+05:30,28-08-2026 19:00:00,"Burari Crossing, Delhi - IITM",122,Moderately Polluted,PM10,100,1
2026-08-28T19:00:00+05:30,28-08-2026 19:00:00,"Mandir Marg, Delhi - DPCC",122,Moderately Polluted,PM10,100,1
2026-08-28T19:00:00+05:30,28-08-2026 19:00:00,"Pusa, Delhi - IITM",122,Moderately Polluted,PM10,100,1
2026-08-28T19:00:00+05:30,28-08-2026 19:00:00,"Major Dhyan Chand National Stadium, Delhi - DPCC",120,Moderately Polluted,PM10,100,1
2026-08-28T19:00:00+05:30,28-08-2026 19:00:00,"Bawana, Delhi - DPCC",120,Moderately Polluted,PM10,100,1
2026-08-28T19:00:00+05:30,28-08-2026 19:00:00,"NSUT Jaffarpur, Delhi - DPCC",117,Moderately Polluted,PM10,100,1
2026-08-28T19:00:00+05:30,28-08-2026 19:00:00,"Talkatora Garden, Delhi - DPCC",113,Moderately Polluted,PM10,100,1
2026-08-28T19:00:00+05:30,28-08-2026 19:00:00,"JNU, Delhi - DPCC",111,Moderately Polluted,PM10,100,1
2026-08-28T19:00:00+05:30,28-08-2026 19:00:00,"Commonwealth Sports Complex, Delhi - DPCC",110,Moderately Polluted,PM10,100,1
2026-08-28T19:00:00+05:30,28-08-2026 19:00:00,"IGNOU_Maidan Garhi, Delhi - DPCC",110,Moderately Polluted,PM10,100,1
2026-08-28T19:00:00+05:30,28-08-2026 19:00:00,"DTU, Delhi - CPCB",108,Moderately Polluted,PM10,100,1
2026-08-28T19:00:00+05:30,28-08-2026 19:00:00,"NSIT Dwarka, Delhi - CPCB",102,Moderately Polluted,PM10,100,1
2026-08-28T19:00:00+05:30,28-08-2026 19:00:00,"IHBAS, Dilshad Garden, Delhi - CPCB",91,Satisfactory,PM10,100,0
2026-08-28T19:00:00+05:30,28-08-2026 19:00:00,"Shadipur, Delhi - CPCB",85,Satisfactory,PM10,100,0
2026-08-28T19:00:00+05:30,28-08-2026 19:00:00,"Chandni Chowk, Delhi - IITM",83,Satisfactory,PM10,100,0
2026-08-28T19:00:00+05:30,28-08-2026 19:00:00,"Cantonment Area, Delhi - DPCC",73,Satisfactory,PM10,100,0
2026-08-28T19:00:00+05:30,28-08-2026 19:00:00,"Alipur, Delhi - DPCC",67,Satisfactory,NO2,100,0
2026-08-28T20:00:00+05:30,28-08-2026 20:00:00,"Anand Vihar, Delhi - DPCC",274,Poor,PM2.5,100,1
2026-08-28T20:00:00+05:30,28-08-2026 20:00:00,"Wazirpur, Delhi - DPCC",208,Poor,PM10,100,1
2026-08-28T20:00:00+05:30,28-08-2026 20:00:00,"IIT Delhi, Delhi - IITM",201,Poor,PM10,100,1
2026-08-28T20:00:00+05:30,28-08-2026 20:00:00,"Dwarka-Sector 8, Delhi - DPCC",177,Moderately Polluted,PM10,100,1
2026-08-28T20:00:00+05:30,28-08-2026 20:00:00,"Jahangirpuri, Delhi - DPCC",163,Moderately Polluted,PM10,100,1
2026-08-28T20:00:00+05:30,28-08-2026 20:00:00,"Rohini, Delhi - DPCC",162,Moderately Polluted,PM10,100,1
2026-08-28T20:00:00+05:30,28-08-2026 20:00:00,"CRRI Mathura Road, Delhi - IITM",157,Moderately Polluted,PM10,100,1
2026-08-28T20:00:00+05:30,28-08-2026 20:00:00,"Nehru Nagar, Delhi - DPCC",153,Moderately Polluted,PM10,100,1
2026-08-28T20:00:00+05:30,28-08-2026 20:00:00,"Pusa, Delhi - DPCC",152,Moderately Polluted,PM10,100,1
2026-08-28T20:00:00+05:30,28-08-2026 20:00:00,"Punjabi Bagh, Delhi - DPCC",147,Moderately Polluted,PM10,100,1
2026-08-28T20:00:00+05:30,28-08-2026 20:00:00,"R K Puram, Delhi - DPCC",144,Moderately Polluted,PM10,100,1
2026-08-28T20:00:00+05:30,28-08-2026 20:00:00,"Mundka, Delhi - DPCC",142,Moderately Polluted,PM10,100,1
2026-08-28T20:00:00+05:30,28-08-2026 20:00:00,"Sonia Vihar, Delhi - DPCC",141,Moderately Polluted,PM10,100,1
2026-08-28T20:00:00+05:30,28-08-2026 20:00:00,"Okhla Phase-2, Delhi - DPCC",141,Moderately Polluted,PM10,100,1
2026-08-28T20:00:00+05:30,28-08-2026 20:00:00,"Sirifort, Delhi - CPCB",141,Moderately Polluted,PM10,100,1
2026-08-28T20:00:00+05:30,28-08-2026 20:00:00,"Ashok Vihar, Delhi - DPCC",137,Moderately Polluted,PM10,100,1
2026-08-28T20:00:00+05:30,28-08-2026 20:00:00,"Dr. Karni Singh Shooting Range, Delhi - DPCC",137,Moderately Polluted,PM10,100,1
2026-08-28T20:00:00+05:30,28-08-2026 20:00:00,"Narela, Delhi - DPCC",135,Moderately Polluted,PM10,100,1
2026-08-28T20:00:00+05:30,28-08-2026 20:00:00,"ITO, Delhi - CPCB",135,Moderately Polluted,PM10,100,1
2026-08-28T20:00:00+05:30,28-08-2026 20:00:00,"Jawaharlal Nehru Stadium, Delhi - DPCC",133,Moderately Polluted,PM10,100,1
2026-08-28T20:00:00+05:30,28-08-2026 20:00:00,"IMD Lodhi Road, Delhi - IITM",133,Moderately Polluted,PM10,100,1
2026-08-28T20:00:00+05:30,28-08-2026 20:00:00,"Sri Aurobindo Marg, Delhi - DPCC",132,Moderately Polluted,PM10,100,1
2026-08-28T20:00:00+05:30,28-08-2026 20:00:00,"IGI Airport (T3), Delhi - IITM",131,Moderately Polluted,PM10,100,1
2026-08-28T20:00:00+05:30,28-08-2026 20:00:00,"Aya Nagar, Delhi - IITM",131,Moderately Polluted,PM10,100,1
2026-08-28T20:00:00+05:30,28-08-2026 20:00:00,"North Campus, DU, Delhi - IITM",131,Moderately Polluted,PM10,100,1
2026-08-28T20:00:00+05:30,28-08-2026 20:00:00,"Najafgarh, Delhi - DPCC",127,Moderately Polluted,PM10,100,1
2026-08-28T20:00:00+05:30,28-08-2026 20:00:00,"Vivek Vihar, Delhi - DPCC",127,Moderately Polluted,PM10,100,1
2026-08-28T20:00:00+05:30,28-08-2026 20:00:00,"Patparganj, Delhi - DPCC",126,Moderately Polluted,PM10,100,1
2026-08-28T20:00:00+05:30,28-08-2026 20:00:00,"Burari Crossing, Delhi - IITM",125,Moderately Polluted,PM10,100,1
2026-08-28T20:00:00+05:30,28-08-2026 20:00:00,"Mandir Marg, Delhi - DPCC",124,Moderately Polluted,PM10,100,1
2026-08-28T20:00:00+05:30,28-08-2026 20:00:00,"Pusa, Delhi - IITM",124,Moderately Polluted,PM10,100,1
2026-08-28T20:00:00+05:30,28-08-2026 20:00:00,"Major Dhyan Chand National Stadium, Delhi - DPCC",122,Moderately Polluted,PM10,100,1
2026-08-28T20:00:00+05:30,28-08-2026 20:00:00,"Bawana, Delhi - DPCC",120,Moderately Polluted,PM10,100,1
2026-08-28T20:00:00+05:30,28-08-2026 20:00:00,"NSUT Jaffarpur, Delhi - DPCC",117,Moderately Polluted,PM10,100,1
2026-08-28T20:00:00+05:30,28-08-2026 20:00:00,"Talkatora Garden, Delhi - DPCC",115,Moderately Polluted,PM10,100,1
2026-08-28T20:00:00+05:30,28-08-2026 20:00:00,"IGNOU_Maidan Garhi, Delhi - DPCC",113,Moderately Polluted,PM10,100,1
2026-08-28T20:00:00+05:30,28-08-2026 20:00:00,"JNU, Delhi - DPCC",113,Moderately Polluted,PM10,100,1
2026-08-28T20:00:00+05:30,28-08-2026 20:00:00,"Commonwealth Sports Complex, Delhi - DPCC",112,Moderately Polluted,PM10,100,1
2026-08-28T20:00:00+05:30,28-08-2026 20:00:00,"DTU, Delhi - CPCB",109,Moderately Polluted,PM10,100,1
2026-08-28T20:00:00+05:30,28-08-2026 20:00:00,"NSIT Dwarka, Delhi - CPCB",102,Moderately Polluted,PM10,100,1
2026-08-28T20:00:00+05:30,28-08-2026 20:00:00,"IHBAS, Dilshad Garden, Delhi - CPCB",93,Satisfactory,PM10,100,0
2026-08-28T20:00:00+05:30,28-08-2026 20:00:00,"Shadipur, Delhi - CPCB",88,Satisfactory,PM10,100,0
2026-08-28T20:00:00+05:30,28-08-2026 20:00:00,"Chandni Chowk, Delhi - IITM",83,Satisfactory,PM10,100,0
2026-08-28T20:00:00+05:30,28-08-2026 20:00:00,"Cantonment Area, Delhi - DPCC",74,Satisfactory,PM10,100,0
2026-08-28T20:00:00+05:30,28-08-2026 20:00:00,"Alipur, Delhi - DPCC",65,Satisfactory,NO2,100,0
2026-08-28T21:00:00+05:30,28-08-2026 21:00:00,"Anand Vihar, Delhi - DPCC",282,Poor,PM2.5,100,1
2026-08-28T21:00:00+05:30,28-08-2026 21:00:00,"Wazirpur, Delhi - DPCC",206,Poor,PM10,100,1
2026-08-28T21:00:00+05:30,28-08-2026 21:00:00,"IIT Delhi, Delhi - IITM",200,Moderately Polluted,PM10,100,1
2026-08-28T21:00:00+05:30,28-08-2026 21:00:00,"Dwarka-Sector 8, Delhi - DPCC",177,Moderately Polluted,PM10,100,1
2026-08-28T21:00:00+05:30,28-08-2026 21:00:00,"Rohini, Delhi - DPCC",164,Moderately Polluted,PM10,100,1
2026-08-28T21:00:00+05:30,28-08-2026 21:00:00,"Jahangirpuri, Delhi - DPCC",163,Moderately Polluted,PM10,100,1
2026-08-28T21:00:00+05:30,28-08-2026 21:00:00,"CRRI Mathura Road, Delhi - IITM",163,Moderately Polluted,PM10,100,1
2026-08-28T21:00:00+05:30,28-08-2026 21:00:00,"Pusa, Delhi - DPCC",155,Moderately Polluted,PM10,100,1
2026-08-28T21:00:00+05:30,28-08-2026 21:00:00,"Nehru Nagar, Delhi - DPCC",154,Moderately Polluted,PM10,100,1
2026-08-28T21:00:00+05:30,28-08-2026 21:00:00,"Punjabi Bagh, Delhi - DPCC",148,Moderately Polluted,PM10,100,1
2026-08-28T21:00:00+05:30,28-08-2026 21:00:00,"R K Puram, Delhi - DPCC",144,Moderately Polluted,PM10,100,1
2026-08-28T21:00:00+05:30,28-08-2026 21:00:00,"Okhla Phase-2, Delhi - DPCC",143,Moderately Polluted,PM10,100,1
2026-08-28T21:00:00+05:30,28-08-2026 21:00:00,"Sirifort, Delhi - CPCB",143,Moderately Polluted,PM10,100,1
2026-08-28T21:00:00+05:30,28-08-2026 21:00:00,"Sonia Vihar, Delhi - DPCC",142,Moderately Polluted,PM10,100,1
2026-08-28T21:00:00+05:30,28-08-2026 21:00:00,"Mundka, Delhi - DPCC",140,Moderately Polluted,PM10,100,1
2026-08-28T21:00:00+05:30,28-08-2026 21:00:00,"Dr. Karni Singh Shooting Range, Delhi - DPCC",139,Moderately Polluted,PM10,100,1
2026-08-28T21:00:00+05:30,28-08-2026 21:00:00,"Ashok Vihar, Delhi - DPCC",138,Moderately Polluted,PM10,100,1
2026-08-28T21:00:00+05:30,28-08-2026 21:00:00,"Narela, Delhi - DPCC",137,Moderately Polluted,PM10,100,1
2026-08-28T21:00:00+05:30,28-08-2026 21:00:00,"ITO, Delhi - CPCB",137,Moderately Polluted,PM10,100,1
2026-08-28T21:00:00+05:30,28-08-2026 21:00:00,"IMD Lodhi Road, Delhi - IITM",134,Moderately Polluted,PM10,100,1
2026-08-28T21:00:00+05:30,28-08-2026 21:00:00,"Jawaharlal Nehru Stadium, Delhi - DPCC",134,Moderately Polluted,PM10,100,1
2026-08-28T21:00:00+05:30,28-08-2026 21:00:00,"Sri Aurobindo Marg, Delhi - DPCC",132,Moderately Polluted,PM10,100,1
2026-08-28T21:00:00+05:30,28-08-2026 21:00:00,"North Campus, DU, Delhi - IITM",132,Moderately Polluted,PM10,100,1
2026-08-28T21:00:00+05:30,28-08-2026 21:00:00,"IGI Airport (T3), Delhi - IITM",131,Moderately Polluted,PM10,100,1
2026-08-28T21:00:00+05:30,28-08-2026 21:00:00,"Aya Nagar, Delhi - IITM",131,Moderately Polluted,PM10,100,1
2026-08-28T21:00:00+05:30,28-08-2026 21:00:00,"Vivek Vihar, Delhi - DPCC",129,Moderately Polluted,PM10,100,1
2026-08-28T21:00:00+05:30,28-08-2026 21:00:00,"Patparganj, Delhi - DPCC",128,Moderately Polluted,PM10,100,1
2026-08-28T21:00:00+05:30,28-08-2026 21:00:00,"Burari Crossing, Delhi - IITM",127,Moderately Polluted,PM10,100,1
2026-08-28T21:00:00+05:30,28-08-2026 21:00:00,"Najafgarh, Delhi - DPCC",126,Moderately Polluted,PM10,100,1
2026-08-28T21:00:00+05:30,28-08-2026 21:00:00,"Mandir Marg, Delhi - DPCC",125,Moderately Polluted,PM10,100,1
2026-08-28T21:00:00+05:30,28-08-2026 21:00:00,"Pusa, Delhi - IITM",125,Moderately Polluted,PM10,100,1
2026-08-28T21:00:00+05:30,28-08-2026 21:00:00,"Major Dhyan Chand National Stadium, Delhi - DPCC",124,Moderately Polluted,PM10,100,1
2026-08-28T21:00:00+05:30,28-08-2026 21:00:00,"Bawana, Delhi - DPCC",119,Moderately Polluted,PM10,100,1
2026-08-28T21:00:00+05:30,28-08-2026 21:00:00,"NSUT Jaffarpur, Delhi - DPCC",116,Moderately Polluted,PM10,100,1
2026-08-28T21:00:00+05:30,28-08-2026 21:00:00,"IGNOU_Maidan Garhi, Delhi - DPCC",115,Moderately Polluted,PM10,100,1
2026-08-28T21:00:00+05:30,28-08-2026 21:00:00,"Talkatora Garden, Delhi - DPCC",115,Moderately Polluted,PM10,100,1
2026-08-28T21:00:00+05:30,28-08-2026 21:00:00,"JNU, Delhi - DPCC",114,Moderately Polluted,PM10,100,1
2026-08-28T21:00:00+05:30,28-08-2026 21:00:00,"Commonwealth Sports Complex, Delhi - DPCC",114,Moderately Polluted,PM10,100,1
2026-08-28T21:00:00+05:30,28-08-2026 21:00:00,"DTU, Delhi - CPCB",109,Moderately Polluted,PM10,100,1
2026-08-28T21:00:00+05:30,28-08-2026 21:00:00,"NSIT Dwarka, Delhi - CPCB",103,Moderately Polluted,PM10,100,1
2026-08-28T21:00:00+05:30,28-08-2026 21:00:00,"IHBAS, Dilshad Garden, Delhi - CPCB",95,Satisfactory,PM10,100,0
2026-08-28T21:00:00+05:30,28-08-2026 21:00:00,"Shadipur, Delhi - CPCB",92,Satisfactory,PM10,100,0
2026-08-28T21:00:00+05:30,28-08-2026 21:00:00,"Chandni Chowk, Delhi - IITM",84,Satisfactory,PM10,100,0
2026-08-28T21:00:00+05:30,28-08-2026 21:00:00,"Cantonment Area, Delhi - DPCC",76,Satisfactory,PM10,100,0
2026-08-28T21:00:00+05:30,28-08-2026 21:00:00,"Alipur, Delhi - DPCC",64,Satisfactory,NO2,100,0
2026-08-28T22:00:00+05:30,28-08-2026 22:00:00,"Anand Vihar, Delhi - DPCC",290,Poor,PM2.5,100,1
2026-08-28T22:00:00+05:30,28-08-2026 22:00:00,"Wazirpur, Delhi - DPCC",211,Poor,PM10,100,1
2026-08-28T22:00:00+05:30,28-08-2026 22:00:00,"IIT Delhi, Delhi - IITM",199,Moderately Polluted,PM10,100,1
2026-08-28T22:00:00+05:30,28-08-2026 22:00:00,"Dwarka-Sector 8, Delhi - DPCC",173,Moderately Polluted,PM10,100,1
2026-08-28T22:00:00+05:30,28-08-2026 22:00:00,"CRRI Mathura Road, Delhi - IITM",169,Moderately Polluted,PM10,100,1
2026-08-28T22:00:00+05:30,28-08-2026 22:00:00,"Rohini, Delhi - DPCC",165,Moderately Polluted,PM10,100,1
2026-08-28T22:00:00+05:30,28-08-2026 22:00:00,"Jahangirpuri, Delhi - DPCC",165,Moderately Polluted,PM10,100,1
2026-08-28T22:00:00+05:30,28-08-2026 22:00:00,"Pusa, Delhi - DPCC",158,Moderately Polluted,PM10,100,1
2026-08-28T22:00:00+05:30,28-08-2026 22:00:00,"Nehru Nagar, Delhi - DPCC",155,Moderately Polluted,PM10,100,1
2026-08-28T22:00:00+05:30,28-08-2026 22:00:00,"Okhla Phase-2, Delhi - DPCC",150,Moderately Polluted,PM10,100,1
2026-08-28T22:00:00+05:30,28-08-2026 22:00:00,"Punjabi Bagh, Delhi - DPCC",148,Moderately Polluted,PM10,100,1
2026-08-28T22:00:00+05:30,28-08-2026 22:00:00,"R K Puram, Delhi - DPCC",144,Moderately Polluted,PM10,100,1
2026-08-28T22:00:00+05:30,28-08-2026 22:00:00,"Sonia Vihar, Delhi - DPCC",143,Moderately Polluted,PM10,100,1
2026-08-28T22:00:00+05:30,28-08-2026 22:00:00,"Dr. Karni Singh Shooting Range, Delhi - DPCC",142,Moderately Polluted,PM10,100,1
2026-08-28T22:00:00+05:30,28-08-2026 22:00:00,"Mundka, Delhi - DPCC",141,Moderately Polluted,PM10,100,1
2026-08-28T22:00:00+05:30,28-08-2026 22:00:00,"Sirifort, Delhi - CPCB",141,Moderately Polluted,PM10,100,1
2026-08-28T22:00:00+05:30,28-08-2026 22:00:00,"Ashok Vihar, Delhi - DPCC",139,Moderately Polluted,PM10,100,1
2026-08-28T22:00:00+05:30,28-08-2026 22:00:00,"ITO, Delhi - CPCB",138,Moderately Polluted,PM10,100,1
2026-08-28T22:00:00+05:30,28-08-2026 22:00:00,"Narela, Delhi - DPCC",136,Moderately Polluted,PM10,100,1
2026-08-28T22:00:00+05:30,28-08-2026 22:00:00,"Jawaharlal Nehru Stadium, Delhi - DPCC",135,Moderately Polluted,PM10,100,1
2026-08-28T22:00:00+05:30,28-08-2026 22:00:00,"North Campus, DU, Delhi - IITM",133,Moderately Polluted,PM10,100,1
2026-08-28T22:00:00+05:30,28-08-2026 22:00:00,"Aya Nagar, Delhi - IITM",132,Moderately Polluted,PM10,100,1
2026-08-28T22:00:00+05:30,28-08-2026 22:00:00,"IMD Lodhi Road, Delhi - IITM",132,Moderately Polluted,PM10,100,1
2026-08-28T22:00:00+05:30,28-08-2026 22:00:00,"IGI Airport (T3), Delhi - IITM",132,Moderately Polluted,PM10,100,1
2026-08-28T22:00:00+05:30,28-08-2026 22:00:00,"Sri Aurobindo Marg, Delhi - DPCC",131,Moderately Polluted,PM10,100,1
2026-08-28T22:00:00+05:30,28-08-2026 22:00:00,"Vivek Vihar, Delhi - DPCC",131,Moderately Polluted,PM10,100,1
2026-08-28T22:00:00+05:30,28-08-2026 22:00:00,"Patparganj, Delhi - DPCC",130,Moderately Polluted,PM10,100,1
2026-08-28T22:00:00+05:30,28-08-2026 22:00:00,"Burari Crossing, Delhi - IITM",130,Moderately Polluted,PM10,100,1
2026-08-28T22:00:00+05:30,28-08-2026 22:00:00,"Major Dhyan Chand National Stadium, Delhi - DPCC",126,Moderately Polluted,PM10,100,1
2026-08-28T22:00:00+05:30,28-08-2026 22:00:00,"Najafgarh, Delhi - DPCC",125,Moderately Polluted,PM10,100,1
2026-08-28T22:00:00+05:30,28-08-2026 22:00:00,"Mandir Marg, Delhi - DPCC",125,Moderately Polluted,PM10,100,1
2026-08-28T22:00:00+05:30,28-08-2026 22:00:00,"Pusa, Delhi - IITM",125,Moderately Polluted,PM10,100,1
2026-08-28T22:00:00+05:30,28-08-2026 22:00:00,"Bawana, Delhi - DPCC",118,Moderately Polluted,PM10,100,1
2026-08-28T22:00:00+05:30,28-08-2026 22:00:00,"NSUT Jaffarpur, Delhi - DPCC",116,Moderately Polluted,PM10,100,1
2026-08-28T22:00:00+05:30,28-08-2026 22:00:00,"Talkatora Garden, Delhi - DPCC",116,Moderately Polluted,PM10,100,1
2026-08-28T22:00:00+05:30,28-08-2026 22:00:00,"IGNOU_Maidan Garhi, Delhi - DPCC",116,Moderately Polluted,PM10,100,1
2026-08-28T22:00:00+05:30,28-08-2026 22:00:00,"Commonwealth Sports Complex, Delhi - DPCC",115,Moderately Polluted,PM10,100,1
2026-08-28T22:00:00+05:30,28-08-2026 22:00:00,"JNU, Delhi - DPCC",114,Moderately Polluted,PM10,100,1
2026-08-28T22:00:00+05:30,28-08-2026 22:00:00,"DTU, Delhi - CPCB",109,Moderately Polluted,PM10,100,1
2026-08-28T22:00:00+05:30,28-08-2026 22:00:00,"NSIT Dwarka, Delhi - CPCB",103,Moderately Polluted,PM10,100,1
2026-08-28T22:00:00+05:30,28-08-2026 22:00:00,"IHBAS, Dilshad Garden, Delhi - CPCB",97,Satisfactory,PM10,100,0
2026-08-28T22:00:00+05:30,28-08-2026 22:00:00,"Shadipur, Delhi - CPCB",96,Satisfactory,PM10,100,0
2026-08-28T22:00:00+05:30,28-08-2026 22:00:00,"Chandni Chowk, Delhi - IITM",89,Satisfactory,CO,100,0
2026-08-28T22:00:00+05:30,28-08-2026 22:00:00,"Cantonment Area, Delhi - DPCC",78,Satisfactory,PM10,100,0
2026-08-28T22:00:00+05:30,28-08-2026 22:00:00,"Alipur, Delhi - DPCC",64,Satisfactory,NO2,100,0
2026-08-28T23:00:00+05:30,28-08-2026 23:00:00,"Anand Vihar, Delhi - DPCC",299,Poor,PM2.5,100,1
2026-08-28T23:00:00+05:30,28-08-2026 23:00:00,"Wazirpur, Delhi - DPCC",215,Poor,PM10,100,1
2026-08-28T23:00:00+05:30,28-08-2026 23:00:00,"IIT Delhi, Delhi - IITM",198,Moderately Polluted,PM10,100,1
2026-08-28T23:00:00+05:30,28-08-2026 23:00:00,"CRRI Mathura Road, Delhi - IITM",175,Moderately Polluted,PM10,100,1
2026-08-28T23:00:00+05:30,28-08-2026 23:00:00,"Dwarka-Sector 8, Delhi - DPCC",168,Moderately Polluted,PM10,100,1
2026-08-28T23:00:00+05:30,28-08-2026 23:00:00,"Rohini, Delhi - DPCC",167,Moderately Polluted,PM10,100,1
2026-08-28T23:00:00+05:30,28-08-2026 23:00:00,"Jahangirpuri, Delhi - DPCC",166,Moderately Polluted,PM10,100,1
2026-08-28T23:00:00+05:30,28-08-2026 23:00:00,"Pusa, Delhi - DPCC",156,Moderately Polluted,PM10,100,1
2026-08-28T23:00:00+05:30,28-08-2026 23:00:00,"Okhla Phase-2, Delhi - DPCC",153,Moderately Polluted,PM10,100,1
2026-08-28T23:00:00+05:30,28-08-2026 23:00:00,"Nehru Nagar, Delhi - DPCC",152,Moderately Polluted,PM10,100,1
2026-08-28T23:00:00+05:30,28-08-2026 23:00:00,"Punjabi Bagh, Delhi - DPCC",149,Moderately Polluted,PM10,100,1
2026-08-28T23:00:00+05:30,28-08-2026 23:00:00,"R K Puram, Delhi - DPCC",144,Moderately Polluted,PM10,100,1
2026-08-28T23:00:00+05:30,28-08-2026 23:00:00,"Sonia Vihar, Delhi - DPCC",143,Moderately Polluted,PM10,100,1
2026-08-28T23:00:00+05:30,28-08-2026 23:00:00,"Mundka, Delhi - DPCC",143,Moderately Polluted,PM10,100,1
2026-08-28T23:00:00+05:30,28-08-2026 23:00:00,"Sirifort, Delhi - CPCB",141,Moderately Polluted,PM10,100,1
2026-08-28T23:00:00+05:30,28-08-2026 23:00:00,"ITO, Delhi - CPCB",140,Moderately Polluted,PM10,100,1
2026-08-28T23:00:00+05:30,28-08-2026 23:00:00,"Ashok Vihar, Delhi - DPCC",140,Moderately Polluted,PM10,100,1
2026-08-28T23:00:00+05:30,28-08-2026 23:00:00,"Dr. Karni Singh Shooting Range, Delhi - DPCC",140,Moderately Polluted,PM10,100,1
2026-08-28T23:00:00+05:30,28-08-2026 23:00:00,"Narela, Delhi - DPCC",136,Moderately Polluted,PM10,100,1
2026-08-28T23:00:00+05:30,28-08-2026 23:00:00,"Aya Nagar, Delhi - IITM",135,Moderately Polluted,PM10,100,1
2026-08-28T23:00:00+05:30,28-08-2026 23:00:00,"North Campus, DU, Delhi - IITM",135,Moderately Polluted,PM10,100,1
2026-08-28T23:00:00+05:30,28-08-2026 23:00:00,"IGI Airport (T3), Delhi - IITM",134,Moderately Polluted,PM10,100,1
2026-08-28T23:00:00+05:30,28-08-2026 23:00:00,"Vivek Vihar, Delhi - DPCC",134,Moderately Polluted,PM10,100,1
2026-08-28T23:00:00+05:30,28-08-2026 23:00:00,"Jawaharlal Nehru Stadium, Delhi - DPCC",134,Moderately Polluted,PM10,100,1
2026-08-28T23:00:00+05:30,28-08-2026 23:00:00,"Burari Crossing, Delhi - IITM",133,Moderately Polluted,PM10,100,1
2026-08-28T23:00:00+05:30,28-08-2026 23:00:00,"Patparganj, Delhi - DPCC",133,Moderately Polluted,PM10,100,1
2026-08-28T23:00:00+05:30,28-08-2026 23:00:00,"Sri Aurobindo Marg, Delhi - DPCC",131,Moderately Polluted,PM10,100,1
2026-08-28T23:00:00+05:30,28-08-2026 23:00:00,"IMD Lodhi Road, Delhi - IITM",131,Moderately Polluted,PM10,100,1
2026-08-28T23:00:00+05:30,28-08-2026 23:00:00,"Major Dhyan Chand National Stadium, Delhi - DPCC",126,Moderately Polluted,PM10,100,1
2026-08-28T23:00:00+05:30,28-08-2026 23:00:00,"Pusa, Delhi - IITM",125,Moderately Polluted,PM10,100,1
2026-08-28T23:00:00+05:30,28-08-2026 23:00:00,"Najafgarh, Delhi - DPCC",125,Moderately Polluted,PM10,100,1
2026-08-28T23:00:00+05:30,28-08-2026 23:00:00,"Mandir Marg, Delhi - DPCC",124,Moderately Polluted,PM10,100,1
2026-08-28T23:00:00+05:30,28-08-2026 23:00:00,"IGNOU_Maidan Garhi, Delhi - DPCC",117,Moderately Polluted,PM10,100,1
2026-08-28T23:00:00+05:30,28-08-2026 23:00:00,"Commonwealth Sports Complex, Delhi - DPCC",116,Moderately Polluted,PM10,100,1
2026-08-28T23:00:00+05:30,28-08-2026 23:00:00,"Talkatora Garden, Delhi - DPCC",116,Moderately Polluted,PM10,100,1
2026-08-28T23:00:00+05:30,28-08-2026 23:00:00,"Bawana, Delhi - DPCC",115,Moderately Polluted,PM10,100,1
2026-08-28T23:00:00+05:30,28-08-2026 23:00:00,"NSUT Jaffarpur, Delhi - DPCC",115,Moderately Polluted,PM10,100,1
2026-08-28T23:00:00+05:30,28-08-2026 23:00:00,"JNU, Delhi - DPCC",114,Moderately Polluted,PM10,100,1
2026-08-28T23:00:00+05:30,28-08-2026 23:00:00,"DTU, Delhi - CPCB",110,Moderately Polluted,PM10,100,1
2026-08-28T23:00:00+05:30,28-08-2026 23:00:00,"NSIT Dwarka, Delhi - CPCB",104,Moderately Polluted,PM10,100,1
2026-08-28T23:00:00+05:30,28-08-2026 23:00:00,"IHBAS, Dilshad Garden, Delhi - CPCB",99,Satisfactory,PM10,100,0
2026-08-28T23:00:00+05:30,28-08-2026 23:00:00,"Shadipur, Delhi - CPCB",99,Satisfactory,PM10,100,0
2026-08-28T23:00:00+05:30,28-08-2026 23:00:00,"Chandni Chowk, Delhi - IITM",94,Satisfactory,CO,100,0
2026-08-28T23:00:00+05:30,28-08-2026 23:00:00,"Cantonment Area, Delhi - DPCC",78,Satisfactory,PM10,100,0
2026-08-28T23:00:00+05:30,28-08-2026 23:00:00,"Alipur, Delhi - DPCC",64,Satisfactory,NO2,100,0
2026-08-29T00:00:00+05:30,29-08-2026 00:00:00,"Anand Vihar, Delhi - DPCC",307,Very Poor,PM2.5,100,1
2026-08-29T00:00:00+05:30,29-08-2026 00:00:00,"Wazirpur, Delhi - DPCC",223,Poor,PM10,100,1
2026-08-29T00:00:00+05:30,29-08-2026 00:00:00,"IIT Delhi, Delhi - IITM",195,Moderately Polluted,PM10,100,1
2026-08-29T00:00:00+05:30,29-08-2026 00:00:00,"CRRI Mathura Road, Delhi - IITM",184,Moderately Polluted,PM10,100,1
2026-08-29T00:00:00+05:30,29-08-2026 00:00:00,"Dwarka-Sector 8, Delhi - DPCC",170,Moderately Polluted,PM10,100,1
2026-08-29T00:00:00+05:30,29-08-2026 00:00:00,"Jahangirpuri, Delhi - DPCC",168,Moderately Polluted,PM10,100,1
2026-08-29T00:00:00+05:30,29-08-2026 00:00:00,"Rohini, Delhi - DPCC",167,Moderately Polluted,PM10,100,1
2026-08-29T00:00:00+05:30,29-08-2026 00:00:00,"Pusa, Delhi - DPCC",155,Moderately Polluted,PM10,100,1
2026-08-29T00:00:00+05:30,29-08-2026 00:00:00,"Nehru Nagar, Delhi - DPCC",155,Moderately Polluted,PM10,100,1
2026-08-29T00:00:00+05:30,29-08-2026 00:00:00,"Okhla Phase-2, Delhi - DPCC",155,Moderately Polluted,PM10,100,1
2026-08-29T00:00:00+05:30,29-08-2026 00:00:00,"Punjabi Bagh, Delhi - DPCC",150,Moderately Polluted,PM10,100,1
2026-08-29T00:00:00+05:30,29-08-2026 00:00:00,"R K Puram, Delhi - DPCC",144,Moderately Polluted,PM10,100,1
2026-08-29T00:00:00+05:30,29-08-2026 00:00:00,"Sonia Vihar, Delhi - DPCC",143,Moderately Polluted,PM10,100,1
2026-08-29T00:00:00+05:30,29-08-2026 00:00:00,"Mundka, Delhi - DPCC",143,Moderately Polluted,PM10,100,1
2026-08-29T00:00:00+05:30,29-08-2026 00:00:00,"Ashok Vihar, Delhi - DPCC",142,Moderately Polluted,PM10,100,1
2026-08-29T00:00:00+05:30,29-08-2026 00:00:00,"ITO, Delhi - CPCB",141,Moderately Polluted,PM10,100,1
2026-08-29T00:00:00+05:30,29-08-2026 00:00:00,"Sirifort, Delhi - CPCB",140,Moderately Polluted,PM10,100,1
2026-08-29T00:00:00+05:30,29-08-2026 00:00:00,"Dr. Karni Singh Shooting Range, Delhi - DPCC",140,Moderately Polluted,PM10,100,1
2026-08-29T00:00:00+05:30,29-08-2026 00:00:00,"North Campus, DU, Delhi - IITM",139,Moderately Polluted,PM10,100,1
2026-08-29T00:00:00+05:30,29-08-2026 00:00:00,"Vivek Vihar, Delhi - DPCC",137,Moderately Polluted,PM10,100,1
2026-08-29T00:00:00+05:30,29-08-2026 00:00:00,"Aya Nagar, Delhi - IITM",136,Moderately Polluted,PM10,100,1
2026-08-29T00:00:00+05:30,29-08-2026 00:00:00,"Narela, Delhi - DPCC",135,Moderately Polluted,PM10,100,1
2026-08-29T00:00:00+05:30,29-08-2026 00:00:00,"Patparganj, Delhi - DPCC",135,Moderately Polluted,PM10,100,1
2026-08-29T00:00:00+05:30,29-08-2026 00:00:00,"Burari Crossing, Delhi - IITM",135,Moderately Polluted,PM10,100,1
2026-08-29T00:00:00+05:30,29-08-2026 00:00:00,"IGI Airport (T3), Delhi - IITM",135,Moderately Polluted,PM10,100,1
2026-08-29T00:00:00+05:30,29-08-2026 00:00:00,"Jawaharlal Nehru Stadium, Delhi - DPCC",134,Moderately Polluted,PM10,100,1
2026-08-29T00:00:00+05:30,29-08-2026 00:00:00,"IMD Lodhi Road, Delhi - IITM",130,Moderately Polluted,PM10,100,1
2026-08-29T00:00:00+05:30,29-08-2026 00:00:00,"Sri Aurobindo Marg, Delhi - DPCC",129,Moderately Polluted,PM10,100,1
2026-08-29T00:00:00+05:30,29-08-2026 00:00:00,"Major Dhyan Chand National Stadium, Delhi - DPCC",127,Moderately Polluted,PM10,100,1
2026-08-29T00:00:00+05:30,29-08-2026 00:00:00,"Pusa, Delhi - IITM",125,Moderately Polluted,PM10,100,1
2026-08-29T00:00:00+05:30,29-08-2026 00:00:00,"Mandir Marg, Delhi - DPCC",123,Moderately Polluted,PM10,100,1
2026-08-29T00:00:00+05:30,29-08-2026 00:00:00,"Najafgarh, Delhi - DPCC",123,Moderately Polluted,PM10,100,1
2026-08-29T00:00:00+05:30,29-08-2026 00:00:00,"IGNOU_Maidan Garhi, Delhi - DPCC",117,Moderately Polluted,PM10,100,1
2026-08-29T00:00:00+05:30,29-08-2026 00:00:00,"Commonwealth Sports Complex, Delhi - DPCC",117,Moderately Polluted,PM10,100,1
2026-08-29T00:00:00+05:30,29-08-2026 00:00:00,"Talkatora Garden, Delhi - DPCC",116,Moderately Polluted,PM10,100,1
2026-08-29T00:00:00+05:30,29-08-2026 00:00:00,"JNU, Delhi - DPCC",115,Moderately Polluted,PM10,100,1
2026-08-29T00:00:00+05:30,29-08-2026 00:00:00,"NSUT Jaffarpur, Delhi - DPCC",114,Moderately Polluted,PM10,100,1
2026-08-29T00:00:00+05:30,29-08-2026 00:00:00,"DTU, Delhi - CPCB",110,Moderately Polluted,PM10,100,1
2026-08-29T00:00:00+05:30,29-08-2026 00:00:00,"NSIT Dwarka, Delhi - CPCB",104,Moderately Polluted,PM10,100,1
2026-08-29T00:00:00+05:30,29-08-2026 00:00:00,"Shadipur, Delhi - CPCB",102,Moderately Polluted,PM10,100,1
2026-08-29T00:00:00+05:30,29-08-2026 00:00:00,"IHBAS, Dilshad Garden, Delhi - CPCB",100,Satisfactory,PM10,100,0
2026-08-29T00:00:00+05:30,29-08-2026 00:00:00,"Chandni Chowk, Delhi - IITM",96,Satisfactory,CO,100,0
2026-08-29T00:00:00+05:30,29-08-2026 00:00:00,"Cantonment Area, Delhi - DPCC",78,Satisfactory,PM10,100,0
2026-08-29T00:00:00+05:30,29-08-2026 00:00:00,"Alipur, Delhi - DPCC",63,Satisfactory,NO2,100,0
2026-08-29T01:00:00+05:30,29-08-2026 01:00:00,"Anand Vihar, Delhi - DPCC",316,Very Poor,PM2.5,100,1
2026-08-29T01:00:00+05:30,29-08-2026 01:00:00,"Wazirpur, Delhi - DPCC",230,Poor,PM10,100,1
2026-08-29T01:00:00+05:30,29-08-2026 01:00:00,"IIT Delhi, Delhi - IITM",194,Moderately Polluted,PM10,100,1
2026-08-29T01:00:00+05:30,29-08-2026 01:00:00,"CRRI Mathura Road, Delhi - IITM",187,Moderately Polluted,PM10,100,1
2026-08-29T01:00:00+05:30,29-08-2026 01:00:00,"Dwarka-Sector 8, Delhi - DPCC",170,Moderately Polluted,PM10,100,1
2026-08-29T01:00:00+05:30,29-08-2026 01:00:00,"Jahangirpuri, Delhi - DPCC",169,Moderately Polluted,PM10,100,1
2026-08-29T01:00:00+05:30,29-08-2026 01:00:00,"Rohini, Delhi - DPCC",168,Moderately Polluted,PM10,100,1
2026-08-29T01:00:00+05:30,29-08-2026 01:00:00,"Okhla Phase-2, Delhi - DPCC",156,Moderately Polluted,PM10,100,1
2026-08-29T01:00:00+05:30,29-08-2026 01:00:00,"Nehru Nagar, Delhi - DPCC",155,Moderately Polluted,PM10,100,1
2026-08-29T01:00:00+05:30,29-08-2026 01:00:00,"Pusa, Delhi - DPCC",153,Moderately Polluted,PM10,100,1
2026-08-29T01:00:00+05:30,29-08-2026 01:00:00,"Punjabi Bagh, Delhi - DPCC",148,Moderately Polluted,PM10,100,1
2026-08-29T01:00:00+05:30,29-08-2026 01:00:00,"Mundka, Delhi - DPCC",145,Moderately Polluted,PM10,100,1
2026-08-29T01:00:00+05:30,29-08-2026 01:00:00,"Ashok Vihar, Delhi - DPCC",145,Moderately Polluted,PM10,100,1
2026-08-29T01:00:00+05:30,29-08-2026 01:00:00,"R K Puram, Delhi - DPCC",144,Moderately Polluted,PM10,100,1
2026-08-29T01:00:00+05:30,29-08-2026 01:00:00,"Sonia Vihar, Delhi - DPCC",143,Moderately Polluted,PM10,100,1
2026-08-29T01:00:00+05:30,29-08-2026 01:00:00,"Sirifort, Delhi - CPCB",141,Moderately Polluted,PM10,100,1
2026-08-29T01:00:00+05:30,29-08-2026 01:00:00,"North Campus, DU, Delhi - IITM",141,Moderately Polluted,PM10,100,1
2026-08-29T01:00:00+05:30,29-08-2026 01:00:00,"ITO, Delhi - CPCB",141,Moderately Polluted,PM10,100,1
2026-08-29T01:00:00+05:30,29-08-2026 01:00:00,"Dr. Karni Singh Shooting Range, Delhi - DPCC",139,Moderately Polluted,PM10,100,1
2026-08-29T01:00:00+05:30,29-08-2026 01:00:00,"Vivek Vihar, Delhi - DPCC",139,Moderately Polluted,PM10,100,1
2026-08-29T01:00:00+05:30,29-08-2026 01:00:00,"Patparganj, Delhi - DPCC",137,Moderately Polluted,PM10,100,1
2026-08-29T01:00:00+05:30,29-08-2026 01:00:00,"Aya Nagar, Delhi - IITM",137,Moderately Polluted,PM10,100,1
2026-08-29T01:00:00+05:30,29-08-2026 01:00:00,"Burari Crossing, Delhi - IITM",137,Moderately Polluted,PM10,100,1
2026-08-29T01:00:00+05:30,29-08-2026 01:00:00,"Narela, Delhi - DPCC",135,Moderately Polluted,PM10,100,1
2026-08-29T01:00:00+05:30,29-08-2026 01:00:00,"IGI Airport (T3), Delhi - IITM",135,Moderately Polluted,PM10,100,1
2026-08-29T01:00:00+05:30,29-08-2026 01:00:00,"Jawaharlal Nehru Stadium, Delhi - DPCC",135,Moderately Polluted,PM10,100,1
2026-08-29T01:00:00+05:30,29-08-2026 01:00:00,"IMD Lodhi Road, Delhi - IITM",130,Moderately Polluted,PM10,100,1
2026-08-29T01:00:00+05:30,29-08-2026 01:00:00,"Major Dhyan Chand National Stadium, Delhi - DPCC",128,Moderately Polluted,PM10,100,1
2026-08-29T01:00:00+05:30,29-08-2026 01:00:00,"Sri Aurobindo Marg, Delhi - DPCC",128,Moderately Polluted,PM10,100,1
2026-08-29T01:00:00+05:30,29-08-2026 01:00:00,"Pusa, Delhi - IITM",126,Moderately Polluted,PM10,100,1
2026-08-29T01:00:00+05:30,29-08-2026 01:00:00,"Mandir Marg, Delhi - DPCC",123,Moderately Polluted,PM10,100,1
2026-08-29T01:00:00+05:30,29-08-2026 01:00:00,"Najafgarh, Delhi - DPCC",121,Moderately Polluted,PM10,100,1
2026-08-29T01:00:00+05:30,29-08-2026 01:00:00,"Commonwealth Sports Complex, Delhi - DPCC",118,Moderately Polluted,PM10,100,1
2026-08-29T01:00:00+05:30,29-08-2026 01:00:00,"IGNOU_Maidan Garhi, Delhi - DPCC",117,Moderately Polluted,PM10,100,1
2026-08-29T01:00:00+05:30,29-08-2026 01:00:00,"Talkatora Garden, Delhi - DPCC",116,Moderately Polluted,PM10,100,1
2026-08-29T01:00:00+05:30,29-08-2026 01:00:00,"JNU, Delhi - DPCC",116,Moderately Polluted,PM10,100,1
2026-08-29T01:00:00+05:30,29-08-2026 01:00:00,"NSUT Jaffarpur, Delhi - DPCC",114,Moderately Polluted,PM10,100,1
2026-08-29T01:00:00+05:30,29-08-2026 01:00:00,"DTU, Delhi - CPCB",110,Moderately Polluted,PM10,100,1
2026-08-29T01:00:00+05:30,29-08-2026 01:00:00,"NSIT Dwarka, Delhi - CPCB",105,Moderately Polluted,PM10,100,1
2026-08-29T01:00:00+05:30,29-08-2026 01:00:00,"Shadipur, Delhi - CPCB",104,Moderately Polluted,PM10,100,1
2026-08-29T01:00:00+05:30,29-08-2026 01:00:00,"IHBAS, Dilshad Garden, Delhi - CPCB",101,Moderately Polluted,PM10,100,1
2026-08-29T01:00:00+05:30,29-08-2026 01:00:00,"Chandni Chowk, Delhi - IITM",100,Satisfactory,CO,100,0
2026-08-29T01:00:00+05:30,29-08-2026 01:00:00,"Cantonment Area, Delhi - DPCC",77,Satisfactory,PM10,100,0
2026-08-29T01:00:00+05:30,29-08-2026 01:00:00,"Alipur, Delhi - DPCC",62,Satisfactory,NO2,100,0
2026-08-29T02:00:00+05:30,29-08-2026 02:00:00,"Anand Vihar, Delhi - DPCC",325,Very Poor,PM2.5,100,1
2026-08-29T02:00:00+05:30,29-08-2026 02:00:00,"Wazirpur, Delhi - DPCC",230,Poor,PM10,100,1
2026-08-29T02:00:00+05:30,29-08-2026 02:00:00,"IIT Delhi, Delhi - IITM",194,Moderately Polluted,PM10,100,1
2026-08-29T02:00:00+05:30,29-08-2026 02:00:00,"CRRI Mathura Road, Delhi - IITM",187,Moderately Polluted,PM10,100,1
2026-08-29T02:00:00+05:30,29-08-2026 02:00:00,"Dwarka-Sector 8, Delhi - DPCC",170,Moderately Polluted,PM10,100,1
2026-08-29T02:00:00+05:30,29-08-2026 02:00:00,"Rohini, Delhi - DPCC",168,Moderately Polluted,PM10,100,1
2026-08-29T02:00:00+05:30,29-08-2026 02:00:00,"Jahangirpuri, Delhi - DPCC",166,Moderately Polluted,PM10,100,1
2026-08-29T02:00:00+05:30,29-08-2026 02:00:00,"Nehru Nagar, Delhi - DPCC",156,Moderately Polluted,PM10,100,1
2026-08-29T02:00:00+05:30,29-08-2026 02:00:00,"Okhla Phase-2, Delhi - DPCC",155,Moderately Polluted,PM10,100,1
2026-08-29T02:00:00+05:30,29-08-2026 02:00:00,"Pusa, Delhi - DPCC",152,Moderately Polluted,PM10,100,1
2026-08-29T02:00:00+05:30,29-08-2026 02:00:00,"Mundka, Delhi - DPCC",146,Moderately Polluted,PM10,100,1
2026-08-29T02:00:00+05:30,29-08-2026 02:00:00,"Punjabi Bagh, Delhi - DPCC",146,Moderately Polluted,PM10,100,1
2026-08-29T02:00:00+05:30,29-08-2026 02:00:00,"R K Puram, Delhi - DPCC",145,Moderately Polluted,PM10,100,1
2026-08-29T02:00:00+05:30,29-08-2026 02:00:00,"Ashok Vihar, Delhi - DPCC",145,Moderately Polluted,PM10,100,1
2026-08-29T02:00:00+05:30,29-08-2026 02:00:00,"Sonia Vihar, Delhi - DPCC",144,Moderately Polluted,PM10,100,1
2026-08-29T02:00:00+05:30,29-08-2026 02:00:00,"North Campus, DU, Delhi - IITM",142,Moderately Polluted,PM10,100,1
2026-08-29T02:00:00+05:30,29-08-2026 02:00:00,"Sirifort, Delhi - CPCB",142,Moderately Polluted,PM10,100,1
2026-08-29T02:00:00+05:30,29-08-2026 02:00:00,"ITO, Delhi - CPCB",141,Moderately Polluted,PM10,100,1
2026-08-29T02:00:00+05:30,29-08-2026 02:00:00,"Vivek Vihar, Delhi - DPCC",141,Moderately Polluted,PM10,100,1
2026-08-29T02:00:00+05:30,29-08-2026 02:00:00,"Patparganj, Delhi - DPCC",139,Moderately Polluted,PM10,100,1
2026-08-29T02:00:00+05:30,29-08-2026 02:00:00,"Burari Crossing, Delhi - IITM",138,Moderately Polluted,PM10,100,1
2026-08-29T02:00:00+05:30,29-08-2026 02:00:00,"Dr. Karni Singh Shooting Range, Delhi - DPCC",138,Moderately Polluted,PM10,100,1
2026-08-29T02:00:00+05:30,29-08-2026 02:00:00,"Aya Nagar, Delhi - IITM",137,Moderately Polluted,PM10,100,1
2026-08-29T02:00:00+05:30,29-08-2026 02:00:00,"Jawaharlal Nehru Stadium, Delhi - DPCC",135,Moderately Polluted,PM10,100,1
2026-08-29T02:00:00+05:30,29-08-2026 02:00:00,"Narela, Delhi - DPCC",134,Moderately Polluted,PM10,100,1
2026-08-29T02:00:00+05:30,29-08-2026 02:00:00,"IGI Airport (T3), Delhi - IITM",134,Moderately Polluted,PM10,100,1
2026-08-29T02:00:00+05:30,29-08-2026 02:00:00,"IMD Lodhi Road, Delhi - IITM",131,Moderately Polluted,PM10,100,1
2026-08-29T02:00:00+05:30,29-08-2026 02:00:00,"Major Dhyan Chand National Stadium, Delhi - DPCC",128,Moderately Polluted,PM10,100,1
2026-08-29T02:00:00+05:30,29-08-2026 02:00:00,"Sri Aurobindo Marg, Delhi - DPCC",128,Moderately Polluted,PM10,100,1
2026-08-29T02:00:00+05:30,29-08-2026 02:00:00,"Pusa, Delhi - IITM",125,Moderately Polluted,PM10,100,1
2026-08-29T02:00:00+05:30,29-08-2026 02:00:00,"Mandir Marg, Delhi - DPCC",123,Moderately Polluted,PM10,100,1
2026-08-29T02:00:00+05:30,29-08-2026 02:00:00,"Najafgarh, Delhi - DPCC",120,Moderately Polluted,PM10,100,1
2026-08-29T02:00:00+05:30,29-08-2026 02:00:00,"Commonwealth Sports Complex, Delhi - DPCC",119,Moderately Polluted,PM10,100,1
2026-08-29T02:00:00+05:30,29-08-2026 02:00:00,"JNU, Delhi - DPCC",118,Moderately Polluted,PM10,100,1
2026-08-29T02:00:00+05:30,29-08-2026 02:00:00,"IGNOU_Maidan Garhi, Delhi - DPCC",117,Moderately Polluted,PM10,100,1
2026-08-29T02:00:00+05:30,29-08-2026 02:00:00,"Talkatora Garden, Delhi - DPCC",116,Moderately Polluted,PM10,100,1
2026-08-29T02:00:00+05:30,29-08-2026 02:00:00,"NSUT Jaffarpur, Delhi - DPCC",112,Moderately Polluted,PM10,100,1
2026-08-29T02:00:00+05:30,29-08-2026 02:00:00,"DTU, Delhi - CPCB",109,Moderately Polluted,PM10,100,1
2026-08-29T02:00:00+05:30,29-08-2026 02:00:00,"Shadipur, Delhi - CPCB",106,Moderately Polluted,PM10,100,1
2026-08-29T02:00:00+05:30,29-08-2026 02:00:00,"NSIT Dwarka, Delhi - CPCB",105,Moderately Polluted,PM10,100,1
2026-08-29T02:00:00+05:30,29-08-2026 02:00:00,"IHBAS, Dilshad Garden, Delhi - CPCB",103,Moderately Polluted,PM10,100,1
2026-08-29T02:00:00+05:30,29-08-2026 02:00:00,"Chandni Chowk, Delhi - IITM",102,Moderately Polluted,CO,100,1
2026-08-29T02:00:00+05:30,29-08-2026 02:00:00,"Cantonment Area, Delhi - DPCC",75,Satisfactory,PM10,100,0
2026-08-29T02:00:00+05:30,29-08-2026 02:00:00,"Alipur, Delhi - DPCC",60,Satisfactory,NO2,100,0
2026-08-29T03:00:00+05:30,29-08-2026 03:00:00,"Anand Vihar, Delhi - DPCC",332,Very Poor,PM2.5,100,1
2026-08-29T03:00:00+05:30,29-08-2026 03:00:00,"Wazirpur, Delhi - DPCC",229,Poor,PM10,100,1
2026-08-29T03:00:00+05:30,29-08-2026 03:00:00,"IIT Delhi, Delhi - IITM",193,Moderately Polluted,PM10,100,1
2026-08-29T03:00:00+05:30,29-08-2026 03:00:00,"CRRI Mathura Road, Delhi - IITM",187,Moderately Polluted,PM10,100,1
2026-08-29T03:00:00+05:30,29-08-2026 03:00:00,"Dwarka-Sector 8, Delhi - DPCC",172,Moderately Polluted,PM10,100,1
2026-08-29T03:00:00+05:30,29-08-2026 03:00:00,"Rohini, Delhi - DPCC",167,Moderately Polluted,PM10,100,1
2026-08-29T03:00:00+05:30,29-08-2026 03:00:00,"Jahangirpuri, Delhi - DPCC",164,Moderately Polluted,PM10,100,1
2026-08-29T03:00:00+05:30,29-08-2026 03:00:00,"Okhla Phase-2, Delhi - DPCC",155,Moderately Polluted,PM10,100,1
2026-08-29T03:00:00+05:30,29-08-2026 03:00:00,"Nehru Nagar, Delhi - DPCC",155,Moderately Polluted,PM10,100,1
2026-08-29T03:00:00+05:30,29-08-2026 03:00:00,"Pusa, Delhi - DPCC",153,Moderately Polluted,PM10,100,1
2026-08-29T03:00:00+05:30,29-08-2026 03:00:00,"Punjabi Bagh, Delhi - DPCC",145,Moderately Polluted,PM10,100,1
2026-08-29T03:00:00+05:30,29-08-2026 03:00:00,"R K Puram, Delhi - DPCC",144,Moderately Polluted,PM10,100,1
2026-08-29T03:00:00+05:30,29-08-2026 03:00:00,"Mundka, Delhi - DPCC",144,Moderately Polluted,PM10,100,1
2026-08-29T03:00:00+05:30,29-08-2026 03:00:00,"Ashok Vihar, Delhi - DPCC",144,Moderately Polluted,PM10,100,1
2026-08-29T03:00:00+05:30,29-08-2026 03:00:00,"Sonia Vihar, Delhi - DPCC",143,Moderately Polluted,PM10,100,1
2026-08-29T03:00:00+05:30,29-08-2026 03:00:00,"ITO, Delhi - CPCB",142,Moderately Polluted,PM10,100,1
2026-08-29T03:00:00+05:30,29-08-2026 03:00:00,"Sirifort, Delhi - CPCB",142,Moderately Polluted,PM10,100,1
2026-08-29T03:00:00+05:30,29-08-2026 03:00:00,"North Campus, DU, Delhi - IITM",141,Moderately Polluted,PM10,100,1
2026-08-29T03:00:00+05:30,29-08-2026 03:00:00,"Vivek Vihar, Delhi - DPCC",141,Moderately Polluted,PM10,100,1
2026-08-29T03:00:00+05:30,29-08-2026 03:00:00,"Patparganj, Delhi - DPCC",139,Moderately Polluted,PM10,100,1
2026-08-29T03:00:00+05:30,29-08-2026 03:00:00,"Dr. Karni Singh Shooting Range, Delhi - DPCC",138,Moderately Polluted,PM10,100,1
2026-08-29T03:00:00+05:30,29-08-2026 03:00:00,"Burari Crossing, Delhi - IITM",137,Moderately Polluted,PM10,100,1
2026-08-29T03:00:00+05:30,29-08-2026 03:00:00,"Aya Nagar, Delhi - IITM",136,Moderately Polluted,PM10,100,1
2026-08-29T03:00:00+05:30,29-08-2026 03:00:00,"Jawaharlal Nehru Stadium, Delhi - DPCC",135,Moderately Polluted,PM10,100,1
2026-08-29T03:00:00+05:30,29-08-2026 03:00:00,"IGI Airport (T3), Delhi - IITM",132,Moderately Polluted,PM10,100,1
2026-08-29T03:00:00+05:30,29-08-2026 03:00:00,"Narela, Delhi - DPCC",132,Moderately Polluted,PM10,100,1
2026-08-29T03:00:00+05:30,29-08-2026 03:00:00,"IMD Lodhi Road, Delhi - IITM",130,Moderately Polluted,PM10,100,1
2026-08-29T03:00:00+05:30,29-08-2026 03:00:00,"Major Dhyan Chand National Stadium, Delhi - DPCC",127,Moderately Polluted,PM10,100,1
2026-08-29T03:00:00+05:30,29-08-2026 03:00:00,"Sri Aurobindo Marg, Delhi - DPCC",127,Moderately Polluted,PM10,100,1
2026-08-29T03:00:00+05:30,29-08-2026 03:00:00,"Pusa, Delhi - IITM",124,Moderately Polluted,PM10,100,1
2026-08-29T03:00:00+05:30,29-08-2026 03:00:00,"Mandir Marg, Delhi - DPCC",123,Moderately Polluted,PM10,100,1
2026-08-29T03:00:00+05:30,29-08-2026 03:00:00,"Commonwealth Sports Complex, Delhi - DPCC",119,Moderately Polluted,PM10,100,1
2026-08-29T03:00:00+05:30,29-08-2026 03:00:00,"Najafgarh, Delhi - DPCC",119,Moderately Polluted,PM10,100,1
2026-08-29T03:00:00+05:30,29-08-2026 03:00:00,"JNU, Delhi - DPCC",118,Moderately Polluted,PM10,100,1
2026-08-29T03:00:00+05:30,29-08-2026 03:00:00,"IGNOU_Maidan Garhi, Delhi - DPCC",117,Moderately Polluted,PM10,100,1
2026-08-29T03:00:00+05:30,29-08-2026 03:00:00,"Talkatora Garden, Delhi - DPCC",115,Moderately Polluted,PM10,100,1
2026-08-29T03:00:00+05:30,29-08-2026 03:00:00,"NSUT Jaffarpur, Delhi - DPCC",112,Moderately Polluted,PM10,100,1
2026-08-29T03:00:00+05:30,29-08-2026 03:00:00,"DTU, Delhi - CPCB",109,Moderately Polluted,PM10,100,1
2026-08-29T03:00:00+05:30,29-08-2026 03:00:00,"Shadipur, Delhi - CPCB",106,Moderately Polluted,PM10,100,1
2026-08-29T03:00:00+05:30,29-08-2026 03:00:00,"NSIT Dwarka, Delhi - CPCB",104,Moderately Polluted,PM10,100,1
2026-08-29T03:00:00+05:30,29-08-2026 03:00:00,"IHBAS, Dilshad Garden, Delhi - CPCB",104,Moderately Polluted,PM10,100,1
2026-08-29T03:00:00+05:30,29-08-2026 03:00:00,"Chandni Chowk, Delhi - IITM",102,Moderately Polluted,CO,100,1
2026-08-29T03:00:00+05:30,29-08-2026 03:00:00,"Cantonment Area, Delhi - DPCC",73,Satisfactory,PM10,100,0
2026-08-29T03:00:00+05:30,29-08-2026 03:00:00,"Alipur, Delhi - DPCC",59,Satisfactory,NO2,100,0
2026-08-29T04:00:00+05:30,29-08-2026 04:00:00,"Anand Vihar, Delhi - DPCC",337,Very Poor,PM2.5,100,1
2026-08-29T04:00:00+05:30,29-08-2026 04:00:00,"Wazirpur, Delhi - DPCC",228,Poor,PM10,100,1
2026-08-29T04:00:00+05:30,29-08-2026 04:00:00,"IIT Delhi, Delhi - IITM",192,Moderately Polluted,PM10,100,1
2026-08-29T04:00:00+05:30,29-08-2026 04:00:00,"CRRI Mathura Road, Delhi - IITM",187,Moderately Polluted,PM10,100,1
2026-08-29T04:00:00+05:30,29-08-2026 04:00:00,"Dwarka-Sector 8, Delhi - DPCC",175,Moderately Polluted,PM10,100,1
2026-08-29T04:00:00+05:30,29-08-2026 04:00:00,"Rohini, Delhi - DPCC",166,Moderately Polluted,PM10,100,1
2026-08-29T04:00:00+05:30,29-08-2026 04:00:00,"Jahangirpuri, Delhi - DPCC",163,Moderately Polluted,PM10,100,1
2026-08-29T04:00:00+05:30,29-08-2026 04:00:00,"Okhla Phase-2, Delhi - DPCC",154,Moderately Polluted,PM10,100,1
2026-08-29T04:00:00+05:30,29-08-2026 04:00:00,"Nehru Nagar, Delhi - DPCC",154,Moderately Polluted,PM10,100,1
2026-08-29T04:00:00+05:30,29-08-2026 04:00:00,"Pusa, Delhi - DPCC",153,Moderately Polluted,PM10,100,1
2026-08-29T04:00:00+05:30,29-08-2026 04:00:00,"Punjabi Bagh, Delhi - DPCC",144,Moderately Polluted,PM10,100,1
2026-08-29T04:00:00+05:30,29-08-2026 04:00:00,"Ashok Vihar, Delhi - DPCC",144,Moderately Polluted,PM10,100,1
2026-08-29T04:00:00+05:30,29-08-2026 04:00:00,"ITO, Delhi - CPCB",143,Moderately Polluted,PM10,100,1
2026-08-29T04:00:00+05:30,29-08-2026 04:00:00,"Mundka, Delhi - DPCC",142,Moderately Polluted,PM10,100,1
2026-08-29T04:00:00+05:30,29-08-2026 04:00:00,"R K Puram, Delhi - DPCC",142,Moderately Polluted,PM10,100,1
2026-08-29T04:00:00+05:30,29-08-2026 04:00:00,"Sirifort, Delhi - CPCB",142,Moderately Polluted,PM10,100,1
2026-08-29T04:00:00+05:30,29-08-2026 04:00:00,"Sonia Vihar, Delhi - DPCC",141,Moderately Polluted,PM10,100,1
2026-08-29T04:00:00+05:30,29-08-2026 04:00:00,"North Campus, DU, Delhi - IITM",141,Moderately Polluted,PM10,100,1
2026-08-29T04:00:00+05:30,29-08-2026 04:00:00,"Vivek Vihar, Delhi - DPCC",140,Moderately Polluted,PM10,100,1
2026-08-29T04:00:00+05:30,29-08-2026 04:00:00,"Dr. Karni Singh Shooting Range, Delhi - DPCC",139,Moderately Polluted,PM10,100,1
2026-08-29T04:00:00+05:30,29-08-2026 04:00:00,"Patparganj, Delhi - DPCC",137,Moderately Polluted,PM10,100,1
2026-08-29T04:00:00+05:30,29-08-2026 04:00:00,"Burari Crossing, Delhi - IITM",137,Moderately Polluted,PM10,100,1
2026-08-29T04:00:00+05:30,29-08-2026 04:00:00,"Aya Nagar, Delhi - IITM",136,Moderately Polluted,PM10,100,1
2026-08-29T04:00:00+05:30,29-08-2026 04:00:00,"Jawaharlal Nehru Stadium, Delhi - DPCC",133,Moderately Polluted,PM10,100,1
2026-08-29T04:00:00+05:30,29-08-2026 04:00:00,"IGI Airport (T3), Delhi - IITM",131,Moderately Polluted,PM10,100,1
2026-08-29T04:00:00+05:30,29-08-2026 04:00:00,"Narela, Delhi - DPCC",129,Moderately Polluted,PM10,100,1
2026-08-29T04:00:00+05:30,29-08-2026 04:00:00,"IMD Lodhi Road, Delhi - IITM",128,Moderately Polluted,PM10,100,1
2026-08-29T04:00:00+05:30,29-08-2026 04:00:00,"Sri Aurobindo Marg, Delhi - DPCC",126,Moderately Polluted,PM10,100,1
2026-08-29T04:00:00+05:30,29-08-2026 04:00:00,"Major Dhyan Chand National Stadium, Delhi - DPCC",126,Moderately Polluted,PM10,100,1
2026-08-29T04:00:00+05:30,29-08-2026 04:00:00,"Pusa, Delhi - IITM",123,Moderately Polluted,PM10,100,1
2026-08-29T04:00:00+05:30,29-08-2026 04:00:00,"Mandir Marg, Delhi - DPCC",122,Moderately Polluted,PM10,100,1
2026-08-29T04:00:00+05:30,29-08-2026 04:00:00,"Commonwealth Sports Complex, Delhi - DPCC",118,Moderately Polluted,PM10,100,1
2026-08-29T04:00:00+05:30,29-08-2026 04:00:00,"IGNOU_Maidan Garhi, Delhi - DPCC",117,Moderately Polluted,PM10,100,1
2026-08-29T04:00:00+05:30,29-08-2026 04:00:00,"JNU, Delhi - DPCC",117,Moderately Polluted,PM10,100,1
2026-08-29T04:00:00+05:30,29-08-2026 04:00:00,"Najafgarh, Delhi - DPCC",117,Moderately Polluted,PM10,100,1
2026-08-29T04:00:00+05:30,29-08-2026 04:00:00,"Talkatora Garden, Delhi - DPCC",115,Moderately Polluted,PM10,100,1
2026-08-29T04:00:00+05:30,29-08-2026 04:00:00,"NSUT Jaffarpur, Delhi - DPCC",110,Moderately Polluted,PM10,100,1
2026-08-29T04:00:00+05:30,29-08-2026 04:00:00,"DTU, Delhi - CPCB",108,Moderately Polluted,PM10,100,1
2026-08-29T04:00:00+05:30,29-08-2026 04:00:00,"Shadipur, Delhi - CPCB",107,Moderately Polluted,PM10,100,1
2026-08-29T04:00:00+05:30,29-08-2026 04:00:00,"IHBAS, Dilshad Garden, Delhi - CPCB",104,Moderately Polluted,PM10,100,1
2026-08-29T04:00:00+05:30,29-08-2026 04:00:00,"NSIT Dwarka, Delhi - CPCB",103,Moderately Polluted,PM10,100,1
2026-08-29T04:00:00+05:30,29-08-2026 04:00:00,"Chandni Chowk, Delhi - IITM",99,Satisfactory,CO,100,0
2026-08-29T04:00:00+05:30,29-08-2026 04:00:00,"Cantonment Area, Delhi - DPCC",72,Satisfactory,PM10,100,0
2026-08-29T04:00:00+05:30,29-08-2026 04:00:00,"Alipur, Delhi - DPCC",58,Satisfactory,NO2,100,0
2026-08-29T05:00:00+05:30,29-08-2026 05:00:00,"Anand Vihar, Delhi - DPCC",342,Very Poor,PM2.5,100,1
2026-08-29T05:00:00+05:30,29-08-2026 05:00:00,"Wazirpur, Delhi - DPCC",225,Poor,PM10,100,1
2026-08-29T05:00:00+05:30,29-08-2026 05:00:00,"IIT Delhi, Delhi - IITM",191,Moderately Polluted,PM10,100,1
2026-08-29T05:00:00+05:30,29-08-2026 05:00:00,"CRRI Mathura Road, Delhi - IITM",187,Moderately Polluted,PM10,100,1
2026-08-29T05:00:00+05:30,29-08-2026 05:00:00,"Rohini, Delhi - DPCC",165,Moderately Polluted,PM10,100,1
2026-08-29T05:00:00+05:30,29-08-2026 05:00:00,"Jahangirpuri, Delhi - DPCC",160,Moderately Polluted,PM10,100,1
2026-08-29T05:00:00+05:30,29-08-2026 05:00:00,"Okhla Phase-2, Delhi - DPCC",153,Moderately Polluted,PM10,100,1
2026-08-29T05:00:00+05:30,29-08-2026 05:00:00,"Nehru Nagar, Delhi - DPCC",153,Moderately Polluted,PM10,100,1
2026-08-29T05:00:00+05:30,29-08-2026 05:00:00,"Pusa, Delhi - DPCC",153,Moderately Polluted,PM10,100,1
2026-08-29T05:00:00+05:30,29-08-2026 05:00:00,"Alipur, Delhi - DPCC",145,Moderately Polluted,PM10,100,1
2026-08-29T05:00:00+05:30,29-08-2026 05:00:00,"Ashok Vihar, Delhi - DPCC",145,Moderately Polluted,PM10,100,1
2026-08-29T05:00:00+05:30,29-08-2026 05:00:00,"ITO, Delhi - CPCB",145,Moderately Polluted,PM10,100,1
2026-08-29T05:00:00+05:30,29-08-2026 05:00:00,"Punjabi Bagh, Delhi - DPCC",142,Moderately Polluted,PM10,100,1
2026-08-29T05:00:00+05:30,29-08-2026 05:00:00,"Mundka, Delhi - DPCC",141,Moderately Polluted,PM10,100,1
2026-08-29T05:00:00+05:30,29-08-2026 05:00:00,"Sirifort, Delhi - CPCB",141,Moderately Polluted,PM10,100,1
2026-08-29T05:00:00+05:30,29-08-2026 05:00:00,"Sonia Vihar, Delhi - DPCC",140,Moderately Polluted,PM10,100,1
2026-08-29T05:00:00+05:30,29-08-2026 05:00:00,"North Campus, DU, Delhi - IITM",140,Moderately Polluted,PM10,100,1
2026-08-29T05:00:00+05:30,29-08-2026 05:00:00,"Vivek Vihar, Delhi - DPCC",139,Moderately Polluted,PM10,100,1
2026-08-29T05:00:00+05:30,29-08-2026 05:00:00,"R K Puram, Delhi - DPCC",139,Moderately Polluted,PM10,100,1
2026-08-29T05:00:00+05:30,29-08-2026 05:00:00,"Dr. Karni Singh Shooting Range, Delhi - DPCC",138,Moderately Polluted,PM10,100,1
2026-08-29T05:00:00+05:30,29-08-2026 05:00:00,"Burari Crossing, Delhi - IITM",137,Moderately Polluted,PM10,100,1
2026-08-29T05:00:00+05:30,29-08-2026 05:00:00,"Patparganj, Delhi - DPCC",135,Moderately Polluted,PM10,100,1
2026-08-29T05:00:00+05:30,29-08-2026 05:00:00,"Aya Nagar, Delhi - IITM",134,Moderately Polluted,PM10,100,1
2026-08-29T05:00:00+05:30,29-08-2026 05:00:00,"Jawaharlal Nehru Stadium, Delhi - DPCC",132,Moderately Polluted,PM10,100,1
2026-08-29T05:00:00+05:30,29-08-2026 05:00:00,"IGI Airport (T3), Delhi - IITM",129,Moderately Polluted,PM10,100,1
2026-08-29T05:00:00+05:30,29-08-2026 05:00:00,"IMD Lodhi Road, Delhi - IITM",127,Moderately Polluted,PM10,100,1
2026-08-29T05:00:00+05:30,29-08-2026 05:00:00,"Narela, Delhi - DPCC",127,Moderately Polluted,PM10,100,1
2026-08-29T05:00:00+05:30,29-08-2026 05:00:00,"Major Dhyan Chand National Stadium, Delhi - DPCC",126,Moderately Polluted,PM10,100,1
2026-08-29T05:00:00+05:30,29-08-2026 05:00:00,"Sri Aurobindo Marg, Delhi - DPCC",125,Moderately Polluted,PM10,100,1
2026-08-29T05:00:00+05:30,29-08-2026 05:00:00,"Mandir Marg, Delhi - DPCC",122,Moderately Polluted,PM10,100,1
2026-08-29T05:00:00+05:30,29-08-2026 05:00:00,"Pusa, Delhi - IITM",122,Moderately Polluted,PM10,100,1
2026-08-29T05:00:00+05:30,29-08-2026 05:00:00,"Commonwealth Sports Complex, Delhi - DPCC",117,Moderately Polluted,PM10,100,1
2026-08-29T05:00:00+05:30,29-08-2026 05:00:00,"IGNOU_Maidan Garhi, Delhi - DPCC",116,Moderately Polluted,PM10,100,1
2026-08-29T05:00:00+05:30,29-08-2026 05:00:00,"JNU, Delhi - DPCC",116,Moderately Polluted,PM10,100,1
2026-08-29T05:00:00+05:30,29-08-2026 05:00:00,"Najafgarh, Delhi - DPCC",116,Moderately Polluted,PM10,100,1
2026-08-29T05:00:00+05:30,29-08-2026 05:00:00,"Talkatora Garden, Delhi - DPCC",114,Moderately Polluted,PM10,100,1
2026-08-29T05:00:00+05:30,29-08-2026 05:00:00,"NSUT Jaffarpur, Delhi - DPCC",108,Moderately Polluted,PM10,100,1
2026-08-29T05:00:00+05:30,29-08-2026 05:00:00,"Shadipur, Delhi - CPCB",107,Moderately Polluted,PM10,100,1
2026-08-29T05:00:00+05:30,29-08-2026 05:00:00,"DTU, Delhi - CPCB",107,Moderately Polluted,PM10,100,1
2026-08-29T05:00:00+05:30,29-08-2026 05:00:00,"IHBAS, Dilshad Garden, Delhi - CPCB",104,Moderately Polluted,PM10,100,1
2026-08-29T05:00:00+05:30,29-08-2026 05:00:00,"NSIT Dwarka, Delhi - CPCB",101,Moderately Polluted,PM10,100,1
2026-08-29T05:00:00+05:30,29-08-2026 05:00:00,"Chandni Chowk, Delhi - IITM",95,Satisfactory,CO,100,0
2026-08-29T05:00:00+05:30,29-08-2026 05:00:00,"Cantonment Area, Delhi - DPCC",71,Satisfactory,PM10,100,0
2026-08-29T05:00:00+05:30,29-08-2026 05:00:00,"Dwarka-Sector 8, Delhi - DPCC",42,Good,PM2.5,100,0
2026-08-29T09:00:00+05:30,29-08-2026 09:00:00,"Anand Vihar, Delhi - DPCC",386,Very Poor,PM10,100,1
2026-08-29T09:00:00+05:30,29-08-2026 09:00:00,"Wazirpur, Delhi - DPCC",220,Poor,PM10,100,1
2026-08-29T09:00:00+05:30,29-08-2026 09:00:00,"IIT Delhi, Delhi - IITM",182,Moderately Polluted,PM10,100,1
2026-08-29T09:00:00+05:30,29-08-2026 09:00:00,"CRRI Mathura Road, Delhi - IITM",180,Moderately Polluted,PM10,100,1
2026-08-29T09:00:00+05:30,29-08-2026 09:00:00,"Rohini, Delhi - DPCC",161,Moderately Polluted,PM10,100,1
2026-08-29T09:00:00+05:30,29-08-2026 09:00:00,"Jahangirpuri, Delhi - DPCC",154,Moderately Polluted,PM10,100,1
2026-08-29T09:00:00+05:30,29-08-2026 09:00:00,"Okhla Phase-2, Delhi - DPCC",149,Moderately Polluted,PM10,100,1
2026-08-29T09:00:00+05:30,29-08-2026 09:00:00,"Nehru Nagar, Delhi - DPCC",148,Moderately Polluted,PM10,100,1
2026-08-29T09:00:00+05:30,29-08-2026 09:00:00,"Pusa, Delhi - DPCC",148,Moderately Polluted,PM10,100,1
2026-08-29T09:00:00+05:30,29-08-2026 09:00:00,"Ashok Vihar, Delhi - DPCC",142,Moderately Polluted,PM10,100,1
2026-08-29T09:00:00+05:30,29-08-2026 09:00:00,"Mundka, Delhi - DPCC",141,Moderately Polluted,PM10,100,1
2026-08-29T09:00:00+05:30,29-08-2026 09:00:00,"Alipur, Delhi - DPCC",139,Moderately Polluted,PM10,100,1
2026-08-29T09:00:00+05:30,29-08-2026 09:00:00,"Sirifort, Delhi - CPCB",138,Moderately Polluted,PM10,100,1
2026-08-29T09:00:00+05:30,29-08-2026 09:00:00,"Sonia Vihar, Delhi - DPCC",137,Moderately Polluted,PM10,100,1
2026-08-29T09:00:00+05:30,29-08-2026 09:00:00,"Punjabi Bagh, Delhi - DPCC",137,Moderately Polluted,PM10,100,1
2026-08-29T09:00:00+05:30,29-08-2026 09:00:00,"North Campus, DU, Delhi - IITM",137,Moderately Polluted,PM10,100,1
2026-08-29T09:00:00+05:30,29-08-2026 09:00:00,"Vivek Vihar, Delhi - DPCC",135,Moderately Polluted,PM10,100,1
2026-08-29T09:00:00+05:30,29-08-2026 09:00:00,"Dr. Karni Singh Shooting Range, Delhi - DPCC",135,Moderately Polluted,PM10,100,1
2026-08-29T09:00:00+05:30,29-08-2026 09:00:00,"Burari Crossing, Delhi - IITM",135,Moderately Polluted,PM10,100,1
2026-08-29T09:00:00+05:30,29-08-2026 09:00:00,"R K Puram, Delhi - DPCC",133,Moderately Polluted,PM10,100,1
2026-08-29T09:00:00+05:30,29-08-2026 09:00:00,"Patparganj, Delhi - DPCC",131,Moderately Polluted,PM10,100,1
2026-08-29T09:00:00+05:30,29-08-2026 09:00:00,"Jawaharlal Nehru Stadium, Delhi - DPCC",126,Moderately Polluted,PM10,100,1
2026-08-29T09:00:00+05:30,29-08-2026 09:00:00,"IGI Airport (T3), Delhi - IITM",125,Moderately Polluted,PM10,100,1
2026-08-29T09:00:00+05:30,29-08-2026 09:00:00,"Aya Nagar, Delhi - IITM",125,Moderately Polluted,PM10,100,1
2026-08-29T09:00:00+05:30,29-08-2026 09:00:00,"Major Dhyan Chand National Stadium, Delhi - DPCC",122,Moderately Polluted,PM10,100,1
2026-08-29T09:00:00+05:30,29-08-2026 09:00:00,"IMD Lodhi Road, Delhi - IITM",122,Moderately Polluted,PM10,100,1
2026-08-29T09:00:00+05:30,29-08-2026 09:00:00,"Sri Aurobindo Marg, Delhi - DPCC",121,Moderately Polluted,PM10,100,1
2026-08-29T09:00:00+05:30,29-08-2026 09:00:00,"Narela, Delhi - DPCC",120,Moderately Polluted,PM10,100,1
2026-08-29T09:00:00+05:30,29-08-2026 09:00:00,"Mandir Marg, Delhi - DPCC",118,Moderately Polluted,PM10,100,1
2026-08-29T09:00:00+05:30,29-08-2026 09:00:00,"Pusa, Delhi - IITM",116,Moderately Polluted,PM10,100,1
2026-08-29T09:00:00+05:30,29-08-2026 09:00:00,"Commonwealth Sports Complex, Delhi - DPCC",114,Moderately Polluted,PM10,100,1
2026-08-29T09:00:00+05:30,29-08-2026 09:00:00,"JNU, Delhi - DPCC",113,Moderately Polluted,PM10,100,1
2026-08-29T09:00:00+05:30,29-08-2026 09:00:00,"IGNOU_Maidan Garhi, Delhi - DPCC",111,Moderately Polluted,PM10,100,1
2026-08-29T09:00:00+05:30,29-08-2026 09:00:00,"Najafgarh, Delhi - DPCC",110,Moderately Polluted,PM10,100,1
2026-08-29T09:00:00+05:30,29-08-2026 09:00:00,"Talkatora Garden, Delhi - DPCC",108,Moderately Polluted,PM10,100,1
2026-08-29T09:00:00+05:30,29-08-2026 09:00:00,"NSUT Jaffarpur, Delhi - DPCC",105,Moderately Polluted,PM10,100,1
2026-08-29T09:00:00+05:30,29-08-2026 09:00:00,"Shadipur, Delhi - CPCB",105,Moderately Polluted,PM10,100,1
2026-08-29T09:00:00+05:30,29-08-2026 09:00:00,"DTU, Delhi - CPCB",105,Moderately Polluted,PM10,100,1
2026-08-29T09:00:00+05:30,29-08-2026 09:00:00,"IHBAS, Dilshad Garden, Delhi - CPCB",103,Moderately Polluted,PM10,100,1
2026-08-29T09:00:00+05:30,29-08-2026 09:00:00,"NSIT Dwarka, Delhi - CPCB",100,Satisfactory,OZONE,100,0
2026-08-29T09:00:00+05:30,29-08-2026 09:00:00,"Chandni Chowk, Delhi - IITM",82,Satisfactory,CO,100,0
2026-08-29T09:00:00+05:30,29-08-2026 09:00:00,"Cantonment Area, Delhi - DPCC",71,Satisfactory,PM10,100,0
2026-08-29T09:00:00+05:30,29-08-2026 09:00:00,"ITO, Delhi - CPCB",60,Satisfactory,NO2,100,0
2026-08-29T09:00:00+05:30,29-08-2026 09:00:00,"Dwarka-Sector 8, Delhi - DPCC",41,Good,PM2.5,100,0
2026-08-29T10:00:00+05:30,29-08-2026 10:00:00,"Anand Vihar, Delhi - DPCC",394,Very Poor,PM10,100,1
2026-08-29T10:00:00+05:30,29-08-2026 10:00:00,"Wazirpur, Delhi - DPCC",220,Poor,PM10,100,1
2026-08-29T10:00:00+05:30,29-08-2026 10:00:00,"CRRI Mathura Road, Delhi - IITM",179,Moderately Polluted,PM10,100,1
2026-08-29T10:00:00+05:30,29-08-2026 10:00:00,"IIT Delhi, Delhi - IITM",178,Moderately Polluted,PM10,100,1
2026-08-29T10:00:00+05:30,29-08-2026 10:00:00,"Rohini, Delhi - DPCC",161,Moderately Polluted,PM10,100,1
2026-08-29T10:00:00+05:30,29-08-2026 10:00:00,"Jahangirpuri, Delhi - DPCC",154,Moderately Polluted,PM10,100,1
2026-08-29T10:00:00+05:30,29-08-2026 10:00:00,"Okhla Phase-2, Delhi - DPCC",148,Moderately Polluted,PM10,100,1
2026-08-29T10:00:00+05:30,29-08-2026 10:00:00,"Nehru Nagar, Delhi - DPCC",147,Moderately Polluted,PM10,100,1
2026-08-29T10:00:00+05:30,29-08-2026 10:00:00,"Pusa, Delhi - DPCC",145,Moderately Polluted,PM10,100,1
2026-08-29T10:00:00+05:30,29-08-2026 10:00:00,"Mundka, Delhi - DPCC",141,Moderately Polluted,PM10,100,1
2026-08-29T10:00:00+05:30,29-08-2026 10:00:00,"Ashok Vihar, Delhi - DPCC",141,Moderately Polluted,PM10,100,1
2026-08-29T10:00:00+05:30,29-08-2026 10:00:00,"North Campus, DU, Delhi - IITM",137,Moderately Polluted,PM10,100,1
2026-08-29T10:00:00+05:30,29-08-2026 10:00:00,"Punjabi Bagh, Delhi - DPCC",137,Moderately Polluted,PM10,100,1
2026-08-29T10:00:00+05:30,29-08-2026 10:00:00,"Sirifort, Delhi - CPCB",137,Moderately Polluted,PM10,100,1
2026-08-29T10:00:00+05:30,29-08-2026 10:00:00,"Sonia Vihar, Delhi - DPCC",136,Moderately Polluted,PM10,100,1
2026-08-29T10:00:00+05:30,29-08-2026 10:00:00,"Dr. Karni Singh Shooting Range, Delhi - DPCC",134,Moderately Polluted,PM10,100,1
2026-08-29T10:00:00+05:30,29-08-2026 10:00:00,"Vivek Vihar, Delhi - DPCC",133,Moderately Polluted,PM10,100,1
2026-08-29T10:00:00+05:30,29-08-2026 10:00:00,"R K Puram, Delhi - DPCC",132,Moderately Polluted,PM10,100,1
2026-08-29T10:00:00+05:30,29-08-2026 10:00:00,"Burari Crossing, Delhi - IITM",131,Moderately Polluted,PM10,100,1
2026-08-29T10:00:00+05:30,29-08-2026 10:00:00,"Patparganj, Delhi - DPCC",130,Moderately Polluted,PM10,100,1
2026-08-29T10:00:00+05:30,29-08-2026 10:00:00,"Jawaharlal Nehru Stadium, Delhi - DPCC",125,Moderately Polluted,PM10,100,1
2026-08-29T10:00:00+05:30,29-08-2026 10:00:00,"IGI Airport (T3), Delhi - IITM",125,Moderately Polluted,PM10,100,1
2026-08-29T10:00:00+05:30,29-08-2026 10:00:00,"Aya Nagar, Delhi - IITM",123,Moderately Polluted,PM10,100,1
2026-08-29T10:00:00+05:30,29-08-2026 10:00:00,"IMD Lodhi Road, Delhi - IITM",121,Moderately Polluted,PM10,100,1
2026-08-29T10:00:00+05:30,29-08-2026 10:00:00,"Major Dhyan Chand National Stadium, Delhi - DPCC",121,Moderately Polluted,PM10,100,1
2026-08-29T10:00:00+05:30,29-08-2026 10:00:00,"Sri Aurobindo Marg, Delhi - DPCC",120,Moderately Polluted,PM10,100,1
2026-08-29T10:00:00+05:30,29-08-2026 10:00:00,"Narela, Delhi - DPCC",119,Moderately Polluted,PM10,100,1
2026-08-29T10:00:00+05:30,29-08-2026 10:00:00,"Mandir Marg, Delhi - DPCC",118,Moderately Polluted,PM10,100,1
2026-08-29T10:00:00+05:30,29-08-2026 10:00:00,"Pusa, Delhi - IITM",115,Moderately Polluted,PM10,100,1
2026-08-29T10:00:00+05:30,29-08-2026 10:00:00,"JNU, Delhi - DPCC",113,Moderately Polluted,PM10,100,1
2026-08-29T10:00:00+05:30,29-08-2026 10:00:00,"Commonwealth Sports Complex, Delhi - DPCC",113,Moderately Polluted,PM10,100,1
2026-08-29T10:00:00+05:30,29-08-2026 10:00:00,"NSIT Dwarka, Delhi - CPCB",111,Moderately Polluted,OZONE,100,1
2026-08-29T10:00:00+05:30,29-08-2026 10:00:00,"Najafgarh, Delhi - DPCC",110,Moderately Polluted,PM10,100,1
2026-08-29T10:00:00+05:30,29-08-2026 10:00:00,"IGNOU_Maidan Garhi, Delhi - DPCC",110,Moderately Polluted,PM10,100,1
2026-08-29T10:00:00+05:30,29-08-2026 10:00:00,"Talkatora Garden, Delhi - DPCC",107,Moderately Polluted,PM10,100,1
2026-08-29T10:00:00+05:30,29-08-2026 10:00:00,"DTU, Delhi - CPCB",105,Moderately Polluted,PM10,100,1
2026-08-29T10:00:00+05:30,29-08-2026 10:00:00,"NSUT Jaffarpur, Delhi - DPCC",104,Moderately Polluted,PM10,100,1
2026-08-29T10:00:00+05:30,29-08-2026 10:00:00,"Shadipur, Delhi - CPCB",104,Moderately Polluted,PM10,100,1
2026-08-29T10:00:00+05:30,29-08-2026 10:00:00,"IHBAS, Dilshad Garden, Delhi - CPCB",103,Moderately Polluted,PM10,100,1
2026-08-29T10:00:00+05:30,29-08-2026 10:00:00,"Chandni Chowk, Delhi - IITM",80,Satisfactory,CO,100,0
2026-08-29T10:00:00+05:30,29-08-2026 10:00:00,"Cantonment Area, Delhi - DPCC",70,Satisfactory,PM10,100,0
2026-08-29T10:00:00+05:30,29-08-2026 10:00:00,"ITO, Delhi - CPCB",61,Satisfactory,NO2,100,0
2026-08-29T10:00:00+05:30,29-08-2026 10:00:00,"Alipur, Delhi - DPCC",55,Satisfactory,NO2,100,0
2026-08-29T10:00:00+05:30,29-08-2026 10:00:00,"Dwarka-Sector 8, Delhi - DPCC",40,Good,PM2.5,100,0
2026-08-29T11:00:00+05:30,29-08-2026 11:00:00,"Anand Vihar, Delhi - DPCC",406,Severe,PM10,100,1
2026-08-29T11:00:00+05:30,29-08-2026 11:00:00,"Wazirpur, Delhi - DPCC",220,Poor,PM10,100,1
2026-08-29T11:00:00+05:30,29-08-2026 11:00:00,"CRRI Mathura Road, Delhi - IITM",177,Moderately Polluted,PM10,100,1
2026-08-29T11:00:00+05:30,29-08-2026 11:00:00,"IIT Delhi, Delhi - IITM",177,Moderately Polluted,PM10,100,1
2026-08-29T11:00:00+05:30,29-08-2026 11:00:00,"Rohini, Delhi - DPCC",162,Moderately Polluted,PM10,100,1
2026-08-29T11:00:00+05:30,29-08-2026 11:00:00,"Jahangirpuri, Delhi - DPCC",153,Moderately Polluted,PM10,100,1
2026-08-29T11:00:00+05:30,29-08-2026 11:00:00,"Okhla Phase-2, Delhi - DPCC",147,Moderately Polluted,PM10,100,1
2026-08-29T11:00:00+05:30,29-08-2026 11:00:00,"Nehru Nagar, Delhi - DPCC",146,Moderately Polluted,PM10,100,1
2026-08-29T11:00:00+05:30,29-08-2026 11:00:00,"Pusa, Delhi - DPCC",145,Moderately Polluted,PM10,100,1
2026-08-29T11:00:00+05:30,29-08-2026 11:00:00,"Mundka, Delhi - DPCC",142,Moderately Polluted,PM10,100,1
2026-08-29T11:00:00+05:30,29-08-2026 11:00:00,"Ashok Vihar, Delhi - DPCC",141,Moderately Polluted,PM10,100,1
2026-08-29T11:00:00+05:30,29-08-2026 11:00:00,"North Campus, DU, Delhi - IITM",137,Moderately Polluted,PM10,100,1
2026-08-29T11:00:00+05:30,29-08-2026 11:00:00,"Punjabi Bagh, Delhi - DPCC",137,Moderately Polluted,PM10,100,1
2026-08-29T11:00:00+05:30,29-08-2026 11:00:00,"Sonia Vihar, Delhi - DPCC",136,Moderately Polluted,PM10,100,1
2026-08-29T11:00:00+05:30,29-08-2026 11:00:00,"Sirifort, Delhi - CPCB",136,Moderately Polluted,PM10,100,1
2026-08-29T11:00:00+05:30,29-08-2026 11:00:00,"Vivek Vihar, Delhi - DPCC",134,Moderately Polluted,PM10,100,1
2026-08-29T11:00:00+05:30,29-08-2026 11:00:00,"NSIT Dwarka, Delhi - CPCB",133,Moderately Polluted,OZONE,100,1
2026-08-29T11:00:00+05:30,29-08-2026 11:00:00,"Dr. Karni Singh Shooting Range, Delhi - DPCC",133,Moderately Polluted,PM10,100,1
2026-08-29T11:00:00+05:30,29-08-2026 11:00:00,"R K Puram, Delhi - DPCC",131,Moderately Polluted,PM10,100,1
2026-08-29T11:00:00+05:30,29-08-2026 11:00:00,"Patparganj, Delhi - DPCC",130,Moderately Polluted,PM10,100,1
2026-08-29T11:00:00+05:30,29-08-2026 11:00:00,"Burari Crossing, Delhi - IITM",128,Moderately Polluted,PM10,100,1
2026-08-29T11:00:00+05:30,29-08-2026 11:00:00,"Jawaharlal Nehru Stadium, Delhi - DPCC",124,Moderately Polluted,PM10,100,1
2026-08-29T11:00:00+05:30,29-08-2026 11:00:00,"IGI Airport (T3), Delhi - IITM",124,Moderately Polluted,PM10,100,1
2026-08-29T11:00:00+05:30,29-08-2026 11:00:00,"Aya Nagar, Delhi - IITM",120,Moderately Polluted,PM10,100,1
2026-08-29T11:00:00+05:30,29-08-2026 11:00:00,"IMD Lodhi Road, Delhi - IITM",120,Moderately Polluted,PM10,100,1
2026-08-29T11:00:00+05:30,29-08-2026 11:00:00,"Major Dhyan Chand National Stadium, Delhi - DPCC",120,Moderately Polluted,PM10,100,1
2026-08-29T11:00:00+05:30,29-08-2026 11:00:00,"Sri Aurobindo Marg, Delhi - DPCC",119,Moderately Polluted,PM10,100,1
2026-08-29T11:00:00+05:30,29-08-2026 11:00:00,"Narela, Delhi - DPCC",119,Moderately Polluted,PM10,100,1
2026-08-29T11:00:00+05:30,29-08-2026 11:00:00,"Mandir Marg, Delhi - DPCC",118,Moderately Polluted,PM10,100,1
2026-08-29T11:00:00+05:30,29-08-2026 11:00:00,"Pusa, Delhi - IITM",114,Moderately Polluted,PM10,100,1
2026-08-29T11:00:00+05:30,29-08-2026 11:00:00,"Commonwealth Sports Complex, Delhi - DPCC",113,Moderately Polluted,PM10,100,1
2026-08-29T11:00:00+05:30,29-08-2026 11:00:00,"JNU, Delhi - DPCC",112,Moderately Polluted,PM10,100,1
2026-08-29T11:00:00+05:30,29-08-2026 11:00:00,"Najafgarh, Delhi - DPCC",110,Moderately Polluted,PM10,100,1
2026-08-29T11:00:00+05:30,29-08-2026 11:00:00,"IGNOU_Maidan Garhi, Delhi - DPCC",109,Moderately Polluted,PM10,100,1
2026-08-29T11:00:00+05:30,29-08-2026 11:00:00,"Talkatora Garden, Delhi - DPCC",106,Moderately Polluted,PM10,100,1
2026-08-29T11:00:00+05:30,29-08-2026 11:00:00,"DTU, Delhi - CPCB",105,Moderately Polluted,PM10,100,1
2026-08-29T11:00:00+05:30,29-08-2026 11:00:00,"Shadipur, Delhi - CPCB",104,Moderately Polluted,PM10,100,1
2026-08-29T11:00:00+05:30,29-08-2026 11:00:00,"NSUT Jaffarpur, Delhi - DPCC",103,Moderately Polluted,PM10,100,1
2026-08-29T11:00:00+05:30,29-08-2026 11:00:00,"IHBAS, Dilshad Garden, Delhi - CPCB",102,Moderately Polluted,PM10,100,1
2026-08-29T11:00:00+05:30,29-08-2026 11:00:00,"Chandni Chowk, Delhi - IITM",80,Satisfactory,CO,100,0
2026-08-29T11:00:00+05:30,29-08-2026 11:00:00,"Cantonment Area, Delhi - DPCC",69,Satisfactory,PM10,100,0
2026-08-29T11:00:00+05:30,29-08-2026 11:00:00,"ITO, Delhi - CPCB",60,Satisfactory,NO2,100,0
2026-08-29T11:00:00+05:30,29-08-2026 11:00:00,"Alipur, Delhi - DPCC",55,Satisfactory,NO2,100,0
2026-08-29T11:00:00+05:30,29-08-2026 11:00:00,"Dwarka-Sector 8, Delhi - DPCC",39,Good,PM2.5,100,0
2026-08-29T12:00:00+05:30,29-08-2026 12:00:00,"Anand Vihar, Delhi - DPCC",415,Severe,PM10,100,1
2026-08-29T12:00:00+05:30,29-08-2026 12:00:00,"Wazirpur, Delhi - DPCC",221,Poor,PM10,100,1
2026-08-29T12:00:00+05:30,29-08-2026 12:00:00,"CRRI Mathura Road, Delhi - IITM",176,Moderately Polluted,PM10,100,1
2026-08-29T12:00:00+05:30,29-08-2026 12:00:00,"IIT Delhi, Delhi - IITM",174,Moderately Polluted,PM10,100,1
2026-08-29T12:00:00+05:30,29-08-2026 12:00:00,"Rohini, Delhi - DPCC",161,Moderately Polluted,PM10,100,1
2026-08-29T12:00:00+05:30,29-08-2026 12:00:00,"Jahangirpuri, Delhi - DPCC",153,Moderately Polluted,PM10,100,1
2026-08-29T12:00:00+05:30,29-08-2026 12:00:00,"Okhla Phase-2, Delhi - DPCC",147,Moderately Polluted,PM10,100,1
2026-08-29T12:00:00+05:30,29-08-2026 12:00:00,"Nehru Nagar, Delhi - DPCC",146,Moderately Polluted,PM10,100,1
2026-08-29T12:00:00+05:30,29-08-2026 12:00:00,"Pusa, Delhi - DPCC",145,Moderately Polluted,PM10,100,1
2026-08-29T12:00:00+05:30,29-08-2026 12:00:00,"NSIT Dwarka, Delhi - CPCB",145,Moderately Polluted,OZONE,100,1
2026-08-29T12:00:00+05:30,29-08-2026 12:00:00,"Mundka, Delhi - DPCC",142,Moderately Polluted,PM10,100,1
2026-08-29T12:00:00+05:30,29-08-2026 12:00:00,"Ashok Vihar, Delhi - DPCC",141,Moderately Polluted,PM10,100,1
2026-08-29T12:00:00+05:30,29-08-2026 12:00:00,"North Campus, DU, Delhi - IITM",137,Moderately Polluted,PM10,100,1
2026-08-29T12:00:00+05:30,29-08-2026 12:00:00,"Punjabi Bagh, Delhi - DPCC",137,Moderately Polluted,PM10,100,1
2026-08-29T12:00:00+05:30,29-08-2026 12:00:00,"Sonia Vihar, Delhi - DPCC",135,Moderately Polluted,PM10,100,1
2026-08-29T12:00:00+05:30,29-08-2026 12:00:00,"Sirifort, Delhi - CPCB",135,Moderately Polluted,PM10,100,1
2026-08-29T12:00:00+05:30,29-08-2026 12:00:00,"Vivek Vihar, Delhi - DPCC",134,Moderately Polluted,PM10,100,1
2026-08-29T12:00:00+05:30,29-08-2026 12:00:00,"Dr. Karni Singh Shooting Range, Delhi - DPCC",132,Moderately Polluted,PM10,100,1
2026-08-29T12:00:00+05:30,29-08-2026 12:00:00,"R K Puram, Delhi - DPCC",130,Moderately Polluted,PM10,100,1
2026-08-29T12:00:00+05:30,29-08-2026 12:00:00,"Patparganj, Delhi - DPCC",129,Moderately Polluted,PM10,100,1
2026-08-29T12:00:00+05:30,29-08-2026 12:00:00,"Burari Crossing, Delhi - IITM",127,Moderately Polluted,PM10,100,1
2026-08-29T12:00:00+05:30,29-08-2026 12:00:00,"Jawaharlal Nehru Stadium, Delhi - DPCC",123,Moderately Polluted,PM10,100,1
2026-08-29T12:00:00+05:30,29-08-2026 12:00:00,"IGI Airport (T3), Delhi - IITM",123,Moderately Polluted,PM10,100,1
2026-08-29T12:00:00+05:30,29-08-2026 12:00:00,"Narela, Delhi - DPCC",119,Moderately Polluted,PM10,100,1
2026-08-29T12:00:00+05:30,29-08-2026 12:00:00,"Major Dhyan Chand National Stadium, Delhi - DPCC",119,Moderately Polluted,PM10,100,1
2026-08-29T12:00:00+05:30,29-08-2026 12:00:00,"IMD Lodhi Road, Delhi - IITM",119,Moderately Polluted,PM10,100,1
2026-08-29T12:00:00+05:30,29-08-2026 12:00:00,"Sri Aurobindo Marg, Delhi - DPCC",119,Moderately Polluted,PM10,100,1
2026-08-29T12:00:00+05:30,29-08-2026 12:00:00,"Aya Nagar, Delhi - IITM",118,Moderately Polluted,PM10,100,1
2026-08-29T12:00:00+05:30,29-08-2026 12:00:00,"Mandir Marg, Delhi - DPCC",117,Moderately Polluted,PM10,100,1
2026-08-29T12:00:00+05:30,29-08-2026 12:00:00,"Pusa, Delhi - IITM",114,Moderately Polluted,PM10,100,1
2026-08-29T12:00:00+05:30,29-08-2026 12:00:00,"JNU, Delhi - DPCC",112,Moderately Polluted,PM10,100,1
2026-08-29T12:00:00+05:30,29-08-2026 12:00:00,"Commonwealth Sports Complex, Delhi - DPCC",112,Moderately Polluted,PM10,100,1
2026-08-29T12:00:00+05:30,29-08-2026 12:00:00,"IGNOU_Maidan Garhi, Delhi - DPCC",109,Moderately Polluted,PM10,100,1
2026-08-29T12:00:00+05:30,29-08-2026 12:00:00,"Najafgarh, Delhi - DPCC",109,Moderately Polluted,PM10,100,1
2026-08-29T12:00:00+05:30,29-08-2026 12:00:00,"Talkatora Garden, Delhi - DPCC",105,Moderately Polluted,PM10,100,1
2026-08-29T12:00:00+05:30,29-08-2026 12:00:00,"DTU, Delhi - CPCB",105,Moderately Polluted,PM10,100,1
2026-08-29T12:00:00+05:30,29-08-2026 12:00:00,"Shadipur, Delhi - CPCB",103,Moderately Polluted,PM10,100,1
2026-08-29T12:00:00+05:30,29-08-2026 12:00:00,"NSUT Jaffarpur, Delhi - DPCC",103,Moderately Polluted,PM10,100,1
2026-08-29T12:00:00+05:30,29-08-2026 12:00:00,"IHBAS, Dilshad Garden, Delhi - CPCB",102,Moderately Polluted,PM10,100,1
2026-08-29T12:00:00+05:30,29-08-2026 12:00:00,"Chandni Chowk, Delhi - IITM",80,Satisfactory,CO,100,0
2026-08-29T12:00:00+05:30,29-08-2026 12:00:00,"Cantonment Area, Delhi - DPCC",69,Satisfactory,PM10,100,0
2026-08-29T12:00:00+05:30,29-08-2026 12:00:00,"ITO, Delhi - CPCB",59,Satisfactory,NO2,100,0
2026-08-29T12:00:00+05:30,29-08-2026 12:00:00,"Alipur, Delhi - DPCC",55,Satisfactory,NO2,100,0
2026-08-29T12:00:00+05:30,29-08-2026 12:00:00,"Dwarka-Sector 8, Delhi - DPCC",40,Good,PM2.5,100,0
2026-08-29T13:00:00+05:30,29-08-2026 13:00:00,"Anand Vihar, Delhi - DPCC",418,Severe,PM10,100,1
2026-08-29T13:00:00+05:30,29-08-2026 13:00:00,"Wazirpur, Delhi - DPCC",224,Poor,PM10,100,1
2026-08-29T13:00:00+05:30,29-08-2026 13:00:00,"CRRI Mathura Road, Delhi - IITM",175,Moderately Polluted,PM10,100,1
2026-08-29T13:00:00+05:30,29-08-2026 13:00:00,"IIT Delhi, Delhi - IITM",172,Moderately Polluted,PM10,100,1
2026-08-29T13:00:00+05:30,29-08-2026 13:00:00,"Rohini, Delhi - DPCC",160,Moderately Polluted,PM10,100,1
2026-08-29T13:00:00+05:30,29-08-2026 13:00:00,"NSIT Dwarka, Delhi - CPCB",153,Moderately Polluted,OZONE,100,1
2026-08-29T13:00:00+05:30,29-08-2026 13:00:00,"Jahangirpuri, Delhi - DPCC",151,Moderately Polluted,PM10,100,1
2026-08-29T13:00:00+05:30,29-08-2026 13:00:00,"Okhla Phase-2, Delhi - DPCC",146,Moderately Polluted,PM10,100,1
2026-08-29T13:00:00+05:30,29-08-2026 13:00:00,"Nehru Nagar, Delhi - DPCC",144,Moderately Polluted,PM10,100,1
2026-08-29T13:00:00+05:30,29-08-2026 13:00:00,"Pusa, Delhi - DPCC",143,Moderately Polluted,PM10,100,1
2026-08-29T13:00:00+05:30,29-08-2026 13:00:00,"Mundka, Delhi - DPCC",142,Moderately Polluted,PM10,100,1
2026-08-29T13:00:00+05:30,29-08-2026 13:00:00,"Ashok Vihar, Delhi - DPCC",140,Moderately Polluted,PM10,100,1
2026-08-29T13:00:00+05:30,29-08-2026 13:00:00,"North Campus, DU, Delhi - IITM",137,Moderately Polluted,PM10,100,1
2026-08-29T13:00:00+05:30,29-08-2026 13:00:00,"Punjabi Bagh, Delhi - DPCC",136,Moderately Polluted,PM10,100,1
2026-08-29T13:00:00+05:30,29-08-2026 13:00:00,"Sonia Vihar, Delhi - DPCC",135,Moderately Polluted,PM10,100,1
2026-08-29T13:00:00+05:30,29-08-2026 13:00:00,"Sirifort, Delhi - CPCB",134,Moderately Polluted,PM10,100,1
2026-08-29T13:00:00+05:30,29-08-2026 13:00:00,"Vivek Vihar, Delhi - DPCC",133,Moderately Polluted,PM10,100,1
2026-08-29T13:00:00+05:30,29-08-2026 13:00:00,"Dr. Karni Singh Shooting Range, Delhi - DPCC",131,Moderately Polluted,PM10,100,1
2026-08-29T13:00:00+05:30,29-08-2026 13:00:00,"R K Puram, Delhi - DPCC",130,Moderately Polluted,PM10,100,1
2026-08-29T13:00:00+05:30,29-08-2026 13:00:00,"Patparganj, Delhi - DPCC",129,Moderately Polluted,PM10,100,1
2026-08-29T13:00:00+05:30,29-08-2026 13:00:00,"Burari Crossing, Delhi - IITM",124,Moderately Polluted,PM10,100,1
2026-08-29T13:00:00+05:30,29-08-2026 13:00:00,"IGI Airport (T3), Delhi - IITM",123,Moderately Polluted,PM10,100,1
2026-08-29T13:00:00+05:30,29-08-2026 13:00:00,"Jawaharlal Nehru Stadium, Delhi - DPCC",122,Moderately Polluted,PM10,100,1
2026-08-29T13:00:00+05:30,29-08-2026 13:00:00,"IMD Lodhi Road, Delhi - IITM",119,Moderately Polluted,PM10,100,1
2026-08-29T13:00:00+05:30,29-08-2026 13:00:00,"Aya Nagar, Delhi - IITM",118,Moderately Polluted,PM10,100,1
2026-08-29T13:00:00+05:30,29-08-2026 13:00:00,"Narela, Delhi - DPCC",118,Moderately Polluted,PM10,100,1
2026-08-29T13:00:00+05:30,29-08-2026 13:00:00,"Major Dhyan Chand National Stadium, Delhi - DPCC",118,Moderately Polluted,PM10,100,1
2026-08-29T13:00:00+05:30,29-08-2026 13:00:00,"Sri Aurobindo Marg, Delhi - DPCC",118,Moderately Polluted,PM10,100,1
2026-08-29T13:00:00+05:30,29-08-2026 13:00:00,"Mandir Marg, Delhi - DPCC",116,Moderately Polluted,PM10,100,1
2026-08-29T13:00:00+05:30,29-08-2026 13:00:00,"Pusa, Delhi - IITM",113,Moderately Polluted,PM10,100,1
2026-08-29T13:00:00+05:30,29-08-2026 13:00:00,"Commonwealth Sports Complex, Delhi - DPCC",112,Moderately Polluted,PM10,100,1
2026-08-29T13:00:00+05:30,29-08-2026 13:00:00,"JNU, Delhi - DPCC",111,Moderately Polluted,PM10,100,1
2026-08-29T13:00:00+05:30,29-08-2026 13:00:00,"IGNOU_Maidan Garhi, Delhi - DPCC",108,Moderately Polluted,PM10,100,1
2026-08-29T13:00:00+05:30,29-08-2026 13:00:00,"Najafgarh, Delhi - DPCC",108,Moderately Polluted,PM10,100,1
2026-08-29T13:00:00+05:30,29-08-2026 13:00:00,"Talkatora Garden, Delhi - DPCC",104,Moderately Polluted,PM10,100,1
2026-08-29T13:00:00+05:30,29-08-2026 13:00:00,"DTU, Delhi - CPCB",104,Moderately Polluted,PM10,100,1
2026-08-29T13:00:00+05:30,29-08-2026 13:00:00,"Shadipur, Delhi - CPCB",103,Moderately Polluted,PM10,100,1
2026-08-29T13:00:00+05:30,29-08-2026 13:00:00,"NSUT Jaffarpur, Delhi - DPCC",102,Moderately Polluted,PM10,100,1
2026-08-29T13:00:00+05:30,29-08-2026 13:00:00,"IHBAS, Dilshad Garden, Delhi - CPCB",101,Moderately Polluted,PM10,100,1
2026-08-29T13:00:00+05:30,29-08-2026 13:00:00,"Chandni Chowk, Delhi - IITM",80,Satisfactory,CO,100,0
2026-08-29T13:00:00+05:30,29-08-2026 13:00:00,"Cantonment Area, Delhi - DPCC",69,Satisfactory,PM10,100,0
2026-08-29T13:00:00+05:30,29-08-2026 13:00:00,"ITO, Delhi - CPCB",56,Satisfactory,NO2,100,0
2026-08-29T13:00:00+05:30,29-08-2026 13:00:00,"Alipur, Delhi - DPCC",55,Satisfactory,NO2,100,0
2026-08-29T13:00:00+05:30,29-08-2026 13:00:00,"Dwarka-Sector 8, Delhi - DPCC",39,Good,PM2.5,100,0
2026-08-29T13:00:00+05:30,29-08-2026 13:00:00,"Bawana, Delhi - DPCC",28,Good,OZONE,100,0
2026-08-29T14:00:00+05:30,29-08-2026 14:00:00,"Anand Vihar, Delhi - DPCC",416,Severe,PM10,100,1
2026-08-29T14:00:00+05:30,29-08-2026 14:00:00,"Wazirpur, Delhi - DPCC",225,Poor,PM10,100,1
2026-08-29T14:00:00+05:30,29-08-2026 14:00:00,"CRRI Mathura Road, Delhi - IITM",173,Moderately Polluted,PM10,100,1
2026-08-29T14:00:00+05:30,29-08-2026 14:00:00,"IIT Delhi, Delhi - IITM",167,Moderately Polluted,PM10,100,1
2026-08-29T14:00:00+05:30,29-08-2026 14:00:00,"NSIT Dwarka, Delhi - CPCB",159,Moderately Polluted,OZONE,100,1
2026-08-29T14:00:00+05:30,29-08-2026 14:00:00,"Rohini, Delhi - DPCC",159,Moderately Polluted,PM10,100,1
2026-08-29T14:00:00+05:30,29-08-2026 14:00:00,"Jahangirpuri, Delhi - DPCC",150,Moderately Polluted,PM10,100,1
2026-08-29T14:00:00+05:30,29-08-2026 14:00:00,"Okhla Phase-2, Delhi - DPCC",144,Moderately Polluted,PM10,100,1
2026-08-29T14:00:00+05:30,29-08-2026 14:00:00,"Nehru Nagar, Delhi - DPCC",143,Moderately Polluted,PM10,100,1
2026-08-29T14:00:00+05:30,29-08-2026 14:00:00,"Pusa, Delhi - DPCC",142,Moderately Polluted,PM10,100,1
2026-08-29T14:00:00+05:30,29-08-2026 14:00:00,"Mundka, Delhi - DPCC",141,Moderately Polluted,PM10,100,1
2026-08-29T14:00:00+05:30,29-08-2026 14:00:00,"Ashok Vihar, Delhi - DPCC",139,Moderately Polluted,PM10,100,1
2026-08-29T14:00:00+05:30,29-08-2026 14:00:00,"North Campus, DU, Delhi - IITM",136,Moderately Polluted,PM10,100,1
2026-08-29T14:00:00+05:30,29-08-2026 14:00:00,"Punjabi Bagh, Delhi - DPCC",135,Moderately Polluted,PM10,100,1
2026-08-29T14:00:00+05:30,29-08-2026 14:00:00,"Sirifort, Delhi - CPCB",133,Moderately Polluted,PM10,100,1
2026-08-29T14:00:00+05:30,29-08-2026 14:00:00,"Sonia Vihar, Delhi - DPCC",133,Moderately Polluted,PM10,100,1
2026-08-29T14:00:00+05:30,29-08-2026 14:00:00,"Vivek Vihar, Delhi - DPCC",132,Moderately Polluted,PM10,100,1
2026-08-29T14:00:00+05:30,29-08-2026 14:00:00,"Dr. Karni Singh Shooting Range, Delhi - DPCC",130,Moderately Polluted,PM10,100,1
2026-08-29T14:00:00+05:30,29-08-2026 14:00:00,"R K Puram, Delhi - DPCC",129,Moderately Polluted,PM10,100,1
2026-08-29T14:00:00+05:30,29-08-2026 14:00:00,"Patparganj, Delhi - DPCC",128,Moderately Polluted,PM10,100,1
2026-08-29T14:00:00+05:30,29-08-2026 14:00:00,"IGI Airport (T3), Delhi - IITM",122,Moderately Polluted,PM10,100,1
2026-08-29T14:00:00+05:30,29-08-2026 14:00:00,"Burari Crossing, Delhi - IITM",122,Moderately Polluted,PM10,100,1
2026-08-29T14:00:00+05:30,29-08-2026 14:00:00,"Jawaharlal Nehru Stadium, Delhi - DPCC",121,Moderately Polluted,PM10,100,1
2026-08-29T14:00:00+05:30,29-08-2026 14:00:00,"IMD Lodhi Road, Delhi - IITM",118,Moderately Polluted,PM10,100,1
2026-08-29T14:00:00+05:30,29-08-2026 14:00:00,"Major Dhyan Chand National Stadium, Delhi - DPCC",117,Moderately Polluted,PM10,100,1
2026-08-29T14:00:00+05:30,29-08-2026 14:00:00,"Narela, Delhi - DPCC",117,Moderately Polluted,PM10,100,1
2026-08-29T14:00:00+05:30,29-08-2026 14:00:00,"Aya Nagar, Delhi - IITM",116,Moderately Polluted,PM10,100,1
2026-08-29T14:00:00+05:30,29-08-2026 14:00:00,"Sri Aurobindo Marg, Delhi - DPCC",116,Moderately Polluted,PM10,100,1
2026-08-29T14:00:00+05:30,29-08-2026 14:00:00,"Mandir Marg, Delhi - DPCC",115,Moderately Polluted,PM10,100,1
2026-08-29T14:00:00+05:30,29-08-2026 14:00:00,"Pusa, Delhi - IITM",112,Moderately Polluted,PM10,100,1
2026-08-29T14:00:00+05:30,29-08-2026 14:00:00,"Commonwealth Sports Complex, Delhi - DPCC",112,Moderately Polluted,PM10,100,1
2026-08-29T14:00:00+05:30,29-08-2026 14:00:00,"JNU, Delhi - DPCC",109,Moderately Polluted,PM10,100,1
2026-08-29T14:00:00+05:30,29-08-2026 14:00:00,"IGNOU_Maidan Garhi, Delhi - DPCC",107,Moderately Polluted,PM10,100,1
2026-08-29T14:00:00+05:30,29-08-2026 14:00:00,"Najafgarh, Delhi - DPCC",107,Moderately Polluted,PM10,100,1
2026-08-29T14:00:00+05:30,29-08-2026 14:00:00,"DTU, Delhi - CPCB",103,Moderately Polluted,PM10,100,1
2026-08-29T14:00:00+05:30,29-08-2026 14:00:00,"Talkatora Garden, Delhi - DPCC",103,Moderately Polluted,PM10,100,1
2026-08-29T14:00:00+05:30,29-08-2026 14:00:00,"Shadipur, Delhi - CPCB",102,Moderately Polluted,PM10,100,1
2026-08-29T14:00:00+05:30,29-08-2026 14:00:00,"NSUT Jaffarpur, Delhi - DPCC",102,Moderately Polluted,PM10,100,1
2026-08-29T14:00:00+05:30,29-08-2026 14:00:00,"IHBAS, Dilshad Garden, Delhi - CPCB",100,Satisfactory,PM10,100,0
2026-08-29T14:00:00+05:30,29-08-2026 14:00:00,"Chandni Chowk, Delhi - IITM",81,Satisfactory,CO,100,0
2026-08-29T14:00:00+05:30,29-08-2026 14:00:00,"Cantonment Area, Delhi - DPCC",69,Satisfactory,PM10,100,0
2026-08-29T14:00:00+05:30,29-08-2026 14:00:00,"ITO, Delhi - CPCB",56,Satisfactory,NO2,100,0
2026-08-29T14:00:00+05:30,29-08-2026 14:00:00,"Alipur, Delhi - DPCC",54,Satisfactory,NO2,100,0
2026-08-29T14:00:00+05:30,29-08-2026 14:00:00,"Dwarka-Sector 8, Delhi - DPCC",39,Good,PM2.5,100,0
2026-08-29T14:00:00+05:30,29-08-2026 14:00:00,"Bawana, Delhi - DPCC",27,Good,OZONE,100,0
2026-08-29T15:00:00+05:30,29-08-2026 15:00:00,"Anand Vihar, Delhi - DPCC",416,Severe,PM10,100,1
2026-08-29T15:00:00+05:30,29-08-2026 15:00:00,"Wazirpur, Delhi - DPCC",224,Poor,PM10,100,1
2026-08-29T15:00:00+05:30,29-08-2026 15:00:00,"CRRI Mathura Road, Delhi - IITM",171,Moderately Polluted,PM10,100,1
2026-08-29T15:00:00+05:30,29-08-2026 15:00:00,"NSIT Dwarka, Delhi - CPCB",162,Moderately Polluted,OZONE,100,1
2026-08-29T15:00:00+05:30,29-08-2026 15:00:00,"IIT Delhi, Delhi - IITM",162,Moderately Polluted,PM10,100,1
2026-08-29T15:00:00+05:30,29-08-2026 15:00:00,"Rohini, Delhi - DPCC",158,Moderately Polluted,PM10,100,1
2026-08-29T15:00:00+05:30,29-08-2026 15:00:00,"Jahangirpuri, Delhi - DPCC",148,Moderately Polluted,PM10,100,1
2026-08-29T15:00:00+05:30,29-08-2026 15:00:00,"Okhla Phase-2, Delhi - DPCC",143,Moderately Polluted,PM10,100,1
2026-08-29T15:00:00+05:30,29-08-2026 15:00:00,"Nehru Nagar, Delhi - DPCC",142,Moderately Polluted,PM10,100,1
2026-08-29T15:00:00+05:30,29-08-2026 15:00:00,"Mundka, Delhi - DPCC",141,Moderately Polluted,PM10,100,1
2026-08-29T15:00:00+05:30,29-08-2026 15:00:00,"Pusa, Delhi - DPCC",140,Moderately Polluted,PM10,100,1
2026-08-29T15:00:00+05:30,29-08-2026 15:00:00,"Ashok Vihar, Delhi - DPCC",138,Moderately Polluted,PM10,100,1
2026-08-29T15:00:00+05:30,29-08-2026 15:00:00,"North Campus, DU, Delhi - IITM",137,Moderately Polluted,PM10,100,1
2026-08-29T15:00:00+05:30,29-08-2026 15:00:00,"Punjabi Bagh, Delhi - DPCC",134,Moderately Polluted,PM10,100,1
2026-08-29T15:00:00+05:30,29-08-2026 15:00:00,"Sirifort, Delhi - CPCB",132,Moderately Polluted,PM10,100,1
2026-08-29T15:00:00+05:30,29-08-2026 15:00:00,"Sonia Vihar, Delhi - DPCC",132,Moderately Polluted,PM10,100,1
2026-08-29T15:00:00+05:30,29-08-2026 15:00:00,"Vivek Vihar, Delhi - DPCC",131,Moderately Polluted,PM10,100,1
2026-08-29T15:00:00+05:30,29-08-2026 15:00:00,"R K Puram, Delhi - DPCC",128,Moderately Polluted,PM10,100,1
2026-08-29T15:00:00+05:30,29-08-2026 15:00:00,"Dr. Karni Singh Shooting Range, Delhi - DPCC",128,Moderately Polluted,PM10,100,1
2026-08-29T15:00:00+05:30,29-08-2026 15:00:00,"Patparganj, Delhi - DPCC",127,Moderately Polluted,PM10,100,1
2026-08-29T15:00:00+05:30,29-08-2026 15:00:00,"IGI Airport (T3), Delhi - IITM",121,Moderately Polluted,PM10,100,1
2026-08-29T15:00:00+05:30,29-08-2026 15:00:00,"Jawaharlal Nehru Stadium, Delhi - DPCC",120,Moderately Polluted,PM10,100,1
2026-08-29T15:00:00+05:30,29-08-2026 15:00:00,"Burari Crossing, Delhi - IITM",120,Moderately Polluted,PM10,100,1
2026-08-29T15:00:00+05:30,29-08-2026 15:00:00,"IMD Lodhi Road, Delhi - IITM",118,Moderately Polluted,PM10,100,1
2026-08-29T15:00:00+05:30,29-08-2026 15:00:00,"Narela, Delhi - DPCC",117,Moderately Polluted,PM10,100,1
2026-08-29T15:00:00+05:30,29-08-2026 15:00:00,"Sri Aurobindo Marg, Delhi - DPCC",115,Moderately Polluted,PM10,100,1
2026-08-29T15:00:00+05:30,29-08-2026 15:00:00,"Major Dhyan Chand National Stadium, Delhi - DPCC",115,Moderately Polluted,PM10,100,1
2026-08-29T15:00:00+05:30,29-08-2026 15:00:00,"Aya Nagar, Delhi - IITM",114,Moderately Polluted,PM10,100,1
2026-08-29T15:00:00+05:30,29-08-2026 15:00:00,"Mandir Marg, Delhi - DPCC",114,Moderately Polluted,PM10,100,1
2026-08-29T15:00:00+05:30,29-08-2026 15:00:00,"Pusa, Delhi - IITM",112,Moderately Polluted,PM10,100,1
2026-08-29T15:00:00+05:30,29-08-2026 15:00:00,"Commonwealth Sports Complex, Delhi - DPCC",111,Moderately Polluted,PM10,100,1
2026-08-29T15:00:00+05:30,29-08-2026 15:00:00,"JNU, Delhi - DPCC",108,Moderately Polluted,PM10,100,1
2026-08-29T15:00:00+05:30,29-08-2026 15:00:00,"IGNOU_Maidan Garhi, Delhi - DPCC",106,Moderately Polluted,PM10,100,1
2026-08-29T15:00:00+05:30,29-08-2026 15:00:00,"Najafgarh, Delhi - DPCC",104,Moderately Polluted,PM10,100,1
2026-08-29T15:00:00+05:30,29-08-2026 15:00:00,"Talkatora Garden, Delhi - DPCC",103,Moderately Polluted,PM10,100,1
2026-08-29T15:00:00+05:30,29-08-2026 15:00:00,"DTU, Delhi - CPCB",102,Moderately Polluted,PM10,100,1
2026-08-29T15:00:00+05:30,29-08-2026 15:00:00,"Shadipur, Delhi - CPCB",102,Moderately Polluted,PM10,100,1
2026-08-29T15:00:00+05:30,29-08-2026 15:00:00,"NSUT Jaffarpur, Delhi - DPCC",101,Moderately Polluted,PM10,100,1
2026-08-29T15:00:00+05:30,29-08-2026 15:00:00,"IHBAS, Dilshad Garden, Delhi - CPCB",100,Satisfactory,PM10,100,0
2026-08-29T15:00:00+05:30,29-08-2026 15:00:00,"Cantonment Area, Delhi - DPCC",82,Satisfactory,CO,100,0
2026-08-29T15:00:00+05:30,29-08-2026 15:00:00,"Chandni Chowk, Delhi - IITM",80,Satisfactory,CO,100,0
2026-08-29T15:00:00+05:30,29-08-2026 15:00:00,"ITO, Delhi - CPCB",58,Satisfactory,NO2,100,0
2026-08-29T15:00:00+05:30,29-08-2026 15:00:00,"Alipur, Delhi - DPCC",55,Satisfactory,NO2,100,0
2026-08-29T15:00:00+05:30,29-08-2026 15:00:00,"Bawana, Delhi - DPCC",47,Good,CO,100,0
2026-08-29T15:00:00+05:30,29-08-2026 15:00:00,"Dwarka-Sector 8, Delhi - DPCC",37,Good,PM2.5,100,0
2026-08-29T16:00:00+05:30,29-08-2026 16:00:00,"Anand Vihar, Delhi - DPCC",417,Severe,PM10,100,1
2026-08-29T16:00:00+05:30,29-08-2026 16:00:00,"Wazirpur, Delhi - DPCC",225,Poor,PM10,100,1
2026-08-29T16:00:00+05:30,29-08-2026 16:00:00,"CRRI Mathura Road, Delhi - IITM",170,Moderately Polluted,PM10,100,1
2026-08-29T16:00:00+05:30,29-08-2026 16:00:00,"NSIT Dwarka, Delhi - CPCB",160,Moderately Polluted,OZONE,100,1
2026-08-29T16:00:00+05:30,29-08-2026 16:00:00,"IIT Delhi, Delhi - IITM",158,Moderately Polluted,PM10,100,1
2026-08-29T16:00:00+05:30,29-08-2026 16:00:00,"Rohini, Delhi - DPCC",157,Moderately Polluted,PM10,100,1
2026-08-29T16:00:00+05:30,29-08-2026 16:00:00,"Jahangirpuri, Delhi - DPCC",147,Moderately Polluted,PM10,100,1
2026-08-29T16:00:00+05:30,29-08-2026 16:00:00,"Okhla Phase-2, Delhi - DPCC",141,Moderately Polluted,PM10,100,1
2026-08-29T16:00:00+05:30,29-08-2026 16:00:00,"Nehru Nagar, Delhi - DPCC",141,Moderately Polluted,PM10,100,1
2026-08-29T16:00:00+05:30,29-08-2026 16:00:00,"Mundka, Delhi - DPCC",141,Moderately Polluted,PM10,100,1
2026-08-29T16:00:00+05:30,29-08-2026 16:00:00,"Pusa, Delhi - DPCC",138,Moderately Polluted,PM10,100,1
2026-08-29T16:00:00+05:30,29-08-2026 16:00:00,"Ashok Vihar, Delhi - DPCC",137,Moderately Polluted,PM10,100,1
2026-08-29T16:00:00+05:30,29-08-2026 16:00:00,"North Campus, DU, Delhi - IITM",136,Moderately Polluted,PM10,100,1
2026-08-29T16:00:00+05:30,29-08-2026 16:00:00,"Punjabi Bagh, Delhi - DPCC",133,Moderately Polluted,PM10,100,1
2026-08-29T16:00:00+05:30,29-08-2026 16:00:00,"Sonia Vihar, Delhi - DPCC",132,Moderately Polluted,PM10,100,1
2026-08-29T16:00:00+05:30,29-08-2026 16:00:00,"Sirifort, Delhi - CPCB",131,Moderately Polluted,PM10,100,1
2026-08-29T16:00:00+05:30,29-08-2026 16:00:00,"Vivek Vihar, Delhi - DPCC",130,Moderately Polluted,PM10,100,1
2026-08-29T16:00:00+05:30,29-08-2026 16:00:00,"R K Puram, Delhi - DPCC",127,Moderately Polluted,PM10,100,1
2026-08-29T16:00:00+05:30,29-08-2026 16:00:00,"Patparganj, Delhi - DPCC",126,Moderately Polluted,PM10,100,1
2026-08-29T16:00:00+05:30,29-08-2026 16:00:00,"Dr. Karni Singh Shooting Range, Delhi - DPCC",125,Moderately Polluted,PM10,100,1
2026-08-29T16:00:00+05:30,29-08-2026 16:00:00,"Jawaharlal Nehru Stadium, Delhi - DPCC",119,Moderately Polluted,PM10,100,1
2026-08-29T16:00:00+05:30,29-08-2026 16:00:00,"IGI Airport (T3), Delhi - IITM",119,Moderately Polluted,PM10,100,1
2026-08-29T16:00:00+05:30,29-08-2026 16:00:00,"Burari Crossing, Delhi - IITM",118,Moderately Polluted,PM10,100,1
2026-08-29T16:00:00+05:30,29-08-2026 16:00:00,"IMD Lodhi Road, Delhi - IITM",117,Moderately Polluted,PM10,100,1
2026-08-29T16:00:00+05:30,29-08-2026 16:00:00,"Narela, Delhi - DPCC",116,Moderately Polluted,PM10,100,1
2026-08-29T16:00:00+05:30,29-08-2026 16:00:00,"Mandir Marg, Delhi - DPCC",114,Moderately Polluted,PM10,100,1
2026-08-29T16:00:00+05:30,29-08-2026 16:00:00,"Sri Aurobindo Marg, Delhi - DPCC",113,Moderately Polluted,PM10,100,1
2026-08-29T16:00:00+05:30,29-08-2026 16:00:00,"Aya Nagar, Delhi - IITM",113,Moderately Polluted,PM10,100,1
2026-08-29T16:00:00+05:30,29-08-2026 16:00:00,"Major Dhyan Chand National Stadium, Delhi - DPCC",113,Moderately Polluted,PM10,100,1
2026-08-29T16:00:00+05:30,29-08-2026 16:00:00,"Pusa, Delhi - IITM",111,Moderately Polluted,PM10,100,1
2026-08-29T16:00:00+05:30,29-08-2026 16:00:00,"Commonwealth Sports Complex, Delhi - DPCC",110,Moderately Polluted,PM10,100,1
2026-08-29T16:00:00+05:30,29-08-2026 16:00:00,"JNU, Delhi - DPCC",106,Moderately Polluted,PM10,100,1
2026-08-29T16:00:00+05:30,29-08-2026 16:00:00,"IGNOU_Maidan Garhi, Delhi - DPCC",104,Moderately Polluted,PM10,100,1
2026-08-29T16:00:00+05:30,29-08-2026 16:00:00,"Talkatora Garden, Delhi - DPCC",102,Moderately Polluted,PM10,100,1
2026-08-29T16:00:00+05:30,29-08-2026 16:00:00,"Najafgarh, Delhi - DPCC",101,Moderately Polluted,PM10,100,1
2026-08-29T16:00:00+05:30,29-08-2026 16:00:00,"Shadipur, Delhi - CPCB",101,Moderately Polluted,PM10,100,1
2026-08-29T16:00:00+05:30,29-08-2026 16:00:00,"DTU, Delhi - CPCB",101,Moderately Polluted,PM10,100,1
2026-08-29T16:00:00+05:30,29-08-2026 16:00:00,"IHBAS, Dilshad Garden, Delhi - CPCB",99,Satisfactory,PM10,100,0
2026-08-29T16:00:00+05:30,29-08-2026 16:00:00,"NSUT Jaffarpur, Delhi - DPCC",99,Satisfactory,PM10,100,0
2026-08-29T16:00:00+05:30,29-08-2026 16:00:00,"Cantonment Area, Delhi - DPCC",80,Satisfactory,CO,100,0
2026-08-29T16:00:00+05:30,29-08-2026 16:00:00,"Chandni Chowk, Delhi - IITM",80,Satisfactory,CO,100,0
2026-08-29T16:00:00+05:30,29-08-2026 16:00:00,"ITO, Delhi - CPCB",59,Satisfactory,NO2,100,0
2026-08-29T16:00:00+05:30,29-08-2026 16:00:00,"Alipur, Delhi - DPCC",56,Satisfactory,NO2,100,0
2026-08-29T16:00:00+05:30,29-08-2026 16:00:00,"Bawana, Delhi - DPCC",49,Good,CO,100,0
2026-08-29T16:00:00+05:30,29-08-2026 16:00:00,"Dwarka-Sector 8, Delhi - DPCC",37,Good,PM2.5,100,0
2026-08-29T17:00:00+05:30,29-08-2026 17:00:00,"Anand Vihar, Delhi - DPCC",425,Severe,PM10,100,1
2026-08-29T17:00:00+05:30,29-08-2026 17:00:00,"Wazirpur, Delhi - DPCC",227,Poor,PM10,100,1
2026-08-29T17:00:00+05:30,29-08-2026 17:00:00,"CRRI Mathura Road, Delhi - IITM",168,Moderately Polluted,PM10,100,1
2026-08-29T17:00:00+05:30,29-08-2026 17:00:00,"NSIT Dwarka, Delhi - CPCB",166,Moderately Polluted,OZONE,100,1
2026-08-29T17:00:00+05:30,29-08-2026 17:00:00,"Rohini, Delhi - DPCC",157,Moderately Polluted,PM10,100,1
2026-08-29T17:00:00+05:30,29-08-2026 17:00:00,"IIT Delhi, Delhi - IITM",154,Moderately Polluted,PM10,100,1
2026-08-29T17:00:00+05:30,29-08-2026 17:00:00,"Jahangirpuri, Delhi - DPCC",146,Moderately Polluted,PM10,100,1
2026-08-29T17:00:00+05:30,29-08-2026 17:00:00,"Okhla Phase-2, Delhi - DPCC",140,Moderately Polluted,PM10,100,1
2026-08-29T17:00:00+05:30,29-08-2026 17:00:00,"Nehru Nagar, Delhi - DPCC",140,Moderately Polluted,PM10,100,1
2026-08-29T17:00:00+05:30,29-08-2026 17:00:00,"Mundka, Delhi - DPCC",140,Moderately Polluted,PM10,100,1
2026-08-29T17:00:00+05:30,29-08-2026 17:00:00,"Pusa, Delhi - DPCC",137,Moderately Polluted,PM10,100,1
2026-08-29T17:00:00+05:30,29-08-2026 17:00:00,"Ashok Vihar, Delhi - DPCC",136,Moderately Polluted,PM10,100,1
2026-08-29T17:00:00+05:30,29-08-2026 17:00:00,"North Campus, DU, Delhi - IITM",135,Moderately Polluted,PM10,100,1
2026-08-29T17:00:00+05:30,29-08-2026 17:00:00,"Punjabi Bagh, Delhi - DPCC",132,Moderately Polluted,PM10,100,1
2026-08-29T17:00:00+05:30,29-08-2026 17:00:00,"Sirifort, Delhi - CPCB",132,Moderately Polluted,PM10,100,1
2026-08-29T17:00:00+05:30,29-08-2026 17:00:00,"Sonia Vihar, Delhi - DPCC",131,Moderately Polluted,PM10,100,1
2026-08-29T17:00:00+05:30,29-08-2026 17:00:00,"Vivek Vihar, Delhi - DPCC",129,Moderately Polluted,PM10,100,1
2026-08-29T17:00:00+05:30,29-08-2026 17:00:00,"Patparganj, Delhi - DPCC",126,Moderately Polluted,PM10,100,1
2026-08-29T17:00:00+05:30,29-08-2026 17:00:00,"R K Puram, Delhi - DPCC",126,Moderately Polluted,PM10,100,1
2026-08-29T17:00:00+05:30,29-08-2026 17:00:00,"Dr. Karni Singh Shooting Range, Delhi - DPCC",124,Moderately Polluted,PM10,100,1
2026-08-29T17:00:00+05:30,29-08-2026 17:00:00,"Jawaharlal Nehru Stadium, Delhi - DPCC",118,Moderately Polluted,PM10,100,1
2026-08-29T17:00:00+05:30,29-08-2026 17:00:00,"IGI Airport (T3), Delhi - IITM",118,Moderately Polluted,PM10,100,1
2026-08-29T17:00:00+05:30,29-08-2026 17:00:00,"Burari Crossing, Delhi - IITM",116,Moderately Polluted,PM10,100,1
2026-08-29T17:00:00+05:30,29-08-2026 17:00:00,"IMD Lodhi Road, Delhi - IITM",115,Moderately Polluted,PM10,100,1
2026-08-29T17:00:00+05:30,29-08-2026 17:00:00,"Narela, Delhi - DPCC",115,Moderately Polluted,PM10,100,1
2026-08-29T17:00:00+05:30,29-08-2026 17:00:00,"Mandir Marg, Delhi - DPCC",112,Moderately Polluted,PM10,100,1
2026-08-29T17:00:00+05:30,29-08-2026 17:00:00,"Major Dhyan Chand National Stadium, Delhi - DPCC",111,Moderately Polluted,PM10,100,1
2026-08-29T17:00:00+05:30,29-08-2026 17:00:00,"Aya Nagar, Delhi - IITM",111,Moderately Polluted,PM10,100,1
2026-08-29T17:00:00+05:30,29-08-2026 17:00:00,"Sri Aurobindo Marg, Delhi - DPCC",111,Moderately Polluted,PM10,100,1
2026-08-29T17:00:00+05:30,29-08-2026 17:00:00,"Pusa, Delhi - IITM",110,Moderately Polluted,PM10,100,1
2026-08-29T17:00:00+05:30,29-08-2026 17:00:00,"Commonwealth Sports Complex, Delhi - DPCC",109,Moderately Polluted,PM10,100,1
2026-08-29T17:00:00+05:30,29-08-2026 17:00:00,"JNU, Delhi - DPCC",105,Moderately Polluted,PM10,100,1
2026-08-29T17:00:00+05:30,29-08-2026 17:00:00,"IGNOU_Maidan Garhi, Delhi - DPCC",103,Moderately Polluted,PM10,100,1
2026-08-29T17:00:00+05:30,29-08-2026 17:00:00,"Talkatora Garden, Delhi - DPCC",101,Moderately Polluted,PM10,100,1
2026-08-29T17:00:00+05:30,29-08-2026 17:00:00,"Shadipur, Delhi - CPCB",101,Moderately Polluted,PM10,100,1
2026-08-29T17:00:00+05:30,29-08-2026 17:00:00,"DTU, Delhi - CPCB",99,Satisfactory,PM10,100,0
2026-08-29T17:00:00+05:30,29-08-2026 17:00:00,"Najafgarh, Delhi - DPCC",99,Satisfactory,PM10,100,0
2026-08-29T17:00:00+05:30,29-08-2026 17:00:00,"IHBAS, Dilshad Garden, Delhi - CPCB",98,Satisfactory,PM10,100,0
2026-08-29T17:00:00+05:30,29-08-2026 17:00:00,"NSUT Jaffarpur, Delhi - DPCC",97,Satisfactory,PM10,100,0
2026-08-29T17:00:00+05:30,29-08-2026 17:00:00,"Chandni Chowk, Delhi - IITM",80,Satisfactory,CO,100,0
2026-08-29T17:00:00+05:30,29-08-2026 17:00:00,"Cantonment Area, Delhi - DPCC",78,Satisfactory,CO,100,0
2026-08-29T17:00:00+05:30,29-08-2026 17:00:00,"ITO, Delhi - CPCB",60,Satisfactory,NO2,100,0
2026-08-29T17:00:00+05:30,29-08-2026 17:00:00,"Alipur, Delhi - DPCC",57,Satisfactory,NO2,100,0
2026-08-29T17:00:00+05:30,29-08-2026 17:00:00,"Bawana, Delhi - DPCC",51,Satisfactory,CO,100,0
2026-08-29T17:00:00+05:30,29-08-2026 17:00:00,"Dwarka-Sector 8, Delhi - DPCC",36,Good,PM2.5,100,0
2026-08-29T18:00:00+05:30,29-08-2026 18:00:00,"Anand Vihar, Delhi - DPCC",430,Severe,PM10,100,1
2026-08-29T18:00:00+05:30,29-08-2026 18:00:00,"Wazirpur, Delhi - DPCC",228,Poor,PM10,100,1
2026-08-29T18:00:00+05:30,29-08-2026 18:00:00,"NSIT Dwarka, Delhi - CPCB",174,Moderately Polluted,OZONE,100,1
2026-08-29T18:00:00+05:30,29-08-2026 18:00:00,"CRRI Mathura Road, Delhi - IITM",166,Moderately Polluted,PM10,100,1
2026-08-29T18:00:00+05:30,29-08-2026 18:00:00,"Rohini, Delhi - DPCC",156,Moderately Polluted,PM10,100,1
2026-08-29T18:00:00+05:30,29-08-2026 18:00:00,"IIT Delhi, Delhi - IITM",152,Moderately Polluted,PM10,100,1
2026-08-29T18:00:00+05:30,29-08-2026 18:00:00,"Jahangirpuri, Delhi - DPCC",144,Moderately Polluted,PM10,100,1
2026-08-29T18:00:00+05:30,29-08-2026 18:00:00,"Mundka, Delhi - DPCC",144,Moderately Polluted,PM10,100,1
2026-08-29T18:00:00+05:30,29-08-2026 18:00:00,"Nehru Nagar, Delhi - DPCC",139,Moderately Polluted,PM10,100,1
2026-08-29T18:00:00+05:30,29-08-2026 18:00:00,"Alipur, Delhi - DPCC",138,Moderately Polluted,PM10,100,1
2026-08-29T18:00:00+05:30,29-08-2026 18:00:00,"Okhla Phase-2, Delhi - DPCC",138,Moderately Polluted,PM10,100,1
2026-08-29T18:00:00+05:30,29-08-2026 18:00:00,"Pusa, Delhi - DPCC",136,Moderately Polluted,PM10,100,1
2026-08-29T18:00:00+05:30,29-08-2026 18:00:00,"Ashok Vihar, Delhi - DPCC",136,Moderately Polluted,PM10,100,1
2026-08-29T18:00:00+05:30,29-08-2026 18:00:00,"North Campus, DU, Delhi - IITM",133,Moderately Polluted,PM10,100,1
2026-08-29T18:00:00+05:30,29-08-2026 18:00:00,"Punjabi Bagh, Delhi - DPCC",131,Moderately Polluted,PM10,100,1
2026-08-29T18:00:00+05:30,29-08-2026 18:00:00,"Sonia Vihar, Delhi - DPCC",130,Moderately Polluted,PM10,100,1
2026-08-29T18:00:00+05:30,29-08-2026 18:00:00,"Sirifort, Delhi - CPCB",130,Moderately Polluted,PM10,100,1
2026-08-29T18:00:00+05:30,29-08-2026 18:00:00,"Vivek Vihar, Delhi - DPCC",129,Moderately Polluted,PM10,100,1
2026-08-29T18:00:00+05:30,29-08-2026 18:00:00,"Patparganj, Delhi - DPCC",125,Moderately Polluted,PM10,100,1
2026-08-29T18:00:00+05:30,29-08-2026 18:00:00,"R K Puram, Delhi - DPCC",124,Moderately Polluted,PM10,100,1
2026-08-29T18:00:00+05:30,29-08-2026 18:00:00,"Dr. Karni Singh Shooting Range, Delhi - DPCC",122,Moderately Polluted,PM10,100,1
2026-08-29T18:00:00+05:30,29-08-2026 18:00:00,"Jawaharlal Nehru Stadium, Delhi - DPCC",117,Moderately Polluted,PM10,100,1
2026-08-29T18:00:00+05:30,29-08-2026 18:00:00,"IGI Airport (T3), Delhi - IITM",116,Moderately Polluted,PM10,100,1
2026-08-29T18:00:00+05:30,29-08-2026 18:00:00,"Narela, Delhi - DPCC",114,Moderately Polluted,PM10,100,1
2026-08-29T18:00:00+05:30,29-08-2026 18:00:00,"Burari Crossing, Delhi - IITM",113,Moderately Polluted,PM10,100,1
2026-08-29T18:00:00+05:30,29-08-2026 18:00:00,"IMD Lodhi Road, Delhi - IITM",113,Moderately Polluted,PM10,100,1
2026-08-29T18:00:00+05:30,29-08-2026 18:00:00,"Mandir Marg, Delhi - DPCC",111,Moderately Polluted,PM10,100,1
2026-08-29T18:00:00+05:30,29-08-2026 18:00:00,"Sri Aurobindo Marg, Delhi - DPCC",110,Moderately Polluted,PM10,100,1
2026-08-29T18:00:00+05:30,29-08-2026 18:00:00,"Pusa, Delhi - IITM",109,Moderately Polluted,PM10,100,1
2026-08-29T18:00:00+05:30,29-08-2026 18:00:00,"Major Dhyan Chand National Stadium, Delhi - DPCC",109,Moderately Polluted,PM10,100,1
2026-08-29T18:00:00+05:30,29-08-2026 18:00:00,"Aya Nagar, Delhi - IITM",108,Moderately Polluted,PM10,100,1
2026-08-29T18:00:00+05:30,29-08-2026 18:00:00,"Commonwealth Sports Complex, Delhi - DPCC",108,Moderately Polluted,PM10,100,1
2026-08-29T18:00:00+05:30,29-08-2026 18:00:00,"JNU, Delhi - DPCC",104,Moderately Polluted,PM10,100,1
2026-08-29T18:00:00+05:30,29-08-2026 18:00:00,"IGNOU_Maidan Garhi, Delhi - DPCC",102,Moderately Polluted,PM10,100,1
2026-08-29T18:00:00+05:30,29-08-2026 18:00:00,"Talkatora Garden, Delhi - DPCC",100,Satisfactory,PM10,100,0
2026-08-29T18:00:00+05:30,29-08-2026 18:00:00,"Shadipur, Delhi - CPCB",100,Satisfactory,PM10,100,0
2026-08-29T18:00:00+05:30,29-08-2026 18:00:00,"DTU, Delhi - CPCB",98,Satisfactory,PM10,100,0
2026-08-29T18:00:00+05:30,29-08-2026 18:00:00,"IHBAS, Dilshad Garden, Delhi - CPCB",98,Satisfactory,PM10,100,0
2026-08-29T18:00:00+05:30,29-08-2026 18:00:00,"Najafgarh, Delhi - DPCC",97,Satisfactory,PM10,100,0
2026-08-29T18:00:00+05:30,29-08-2026 18:00:00,"NSUT Jaffarpur, Delhi - DPCC",96,Satisfactory,PM10,100,0
2026-08-29T18:00:00+05:30,29-08-2026 18:00:00,"Chandni Chowk, Delhi - IITM",81,Satisfactory,CO,100,0
2026-08-29T18:00:00+05:30,29-08-2026 18:00:00,"Cantonment Area, Delhi - DPCC",80,Satisfactory,CO,100,0
2026-08-29T18:00:00+05:30,29-08-2026 18:00:00,"ITO, Delhi - CPCB",60,Satisfactory,NO2,100,0
2026-08-29T18:00:00+05:30,29-08-2026 18:00:00,"Bawana, Delhi - DPCC",52,Satisfactory,CO,100,0
2026-08-29T18:00:00+05:30,29-08-2026 18:00:00,"Dwarka-Sector 8, Delhi - DPCC",36,Good,PM2.5,100,0
2026-08-29T19:00:00+05:30,29-08-2026 19:00:00,"Anand Vihar, Delhi - DPCC",435,Severe,PM10,100,1
2026-08-29T19:00:00+05:30,29-08-2026 19:00:00,"Wazirpur, Delhi - DPCC",229,Poor,PM10,100,1
2026-08-29T19:00:00+05:30,29-08-2026 19:00:00,"NSIT Dwarka, Delhi - CPCB",171,Moderately Polluted,OZONE,100,1
2026-08-29T19:00:00+05:30,29-08-2026 19:00:00,"CRRI Mathura Road, Delhi - IITM",164,Moderately Polluted,PM10,100,1
2026-08-29T19:00:00+05:30,29-08-2026 19:00:00,"Rohini, Delhi - DPCC",155,Moderately Polluted,PM10,100,1
2026-08-29T19:00:00+05:30,29-08-2026 19:00:00,"IIT Delhi, Delhi - IITM",151,Moderately Polluted,PM10,100,1
2026-08-29T19:00:00+05:30,29-08-2026 19:00:00,"Mundka, Delhi - DPCC",144,Moderately Polluted,PM10,100,1
2026-08-29T19:00:00+05:30,29-08-2026 19:00:00,"Jahangirpuri, Delhi - DPCC",143,Moderately Polluted,PM10,100,1
2026-08-29T19:00:00+05:30,29-08-2026 19:00:00,"Nehru Nagar, Delhi - DPCC",138,Moderately Polluted,PM10,100,1
2026-08-29T19:00:00+05:30,29-08-2026 19:00:00,"Alipur, Delhi - DPCC",138,Moderately Polluted,PM10,100,1
2026-08-29T19:00:00+05:30,29-08-2026 19:00:00,"Okhla Phase-2, Delhi - DPCC",137,Moderately Polluted,PM10,100,1
2026-08-29T19:00:00+05:30,29-08-2026 19:00:00,"Pusa, Delhi - DPCC",135,Moderately Polluted,PM10,100,1
2026-08-29T19:00:00+05:30,29-08-2026 19:00:00,"Ashok Vihar, Delhi - DPCC",135,Moderately Polluted,PM10,100,1
2026-08-29T19:00:00+05:30,29-08-2026 19:00:00,"North Campus, DU, Delhi - IITM",131,Moderately Polluted,PM10,100,1
2026-08-29T19:00:00+05:30,29-08-2026 19:00:00,"Sirifort, Delhi - CPCB",130,Moderately Polluted,PM10,100,1
2026-08-29T19:00:00+05:30,29-08-2026 19:00:00,"Punjabi Bagh, Delhi - DPCC",130,Moderately Polluted,PM10,100,1
2026-08-29T19:00:00+05:30,29-08-2026 19:00:00,"Sonia Vihar, Delhi - DPCC",130,Moderately Polluted,PM10,100,1
2026-08-29T19:00:00+05:30,29-08-2026 19:00:00,"Vivek Vihar, Delhi - DPCC",128,Moderately Polluted,PM10,100,1
2026-08-29T19:00:00+05:30,29-08-2026 19:00:00,"Patparganj, Delhi - DPCC",125,Moderately Polluted,PM10,100,1
2026-08-29T19:00:00+05:30,29-08-2026 19:00:00,"R K Puram, Delhi - DPCC",123,Moderately Polluted,PM10,100,1
2026-08-29T19:00:00+05:30,29-08-2026 19:00:00,"Dr. Karni Singh Shooting Range, Delhi - DPCC",121,Moderately Polluted,PM10,100,1
2026-08-29T19:00:00+05:30,29-08-2026 19:00:00,"Jawaharlal Nehru Stadium, Delhi - DPCC",115,Moderately Polluted,PM10,100,1
2026-08-29T19:00:00+05:30,29-08-2026 19:00:00,"IGI Airport (T3), Delhi - IITM",115,Moderately Polluted,PM10,100,1
2026-08-29T19:00:00+05:30,29-08-2026 19:00:00,"Narela, Delhi - DPCC",114,Moderately Polluted,PM10,100,1
2026-08-29T19:00:00+05:30,29-08-2026 19:00:00,"IMD Lodhi Road, Delhi - IITM",112,Moderately Polluted,PM10,100,1
2026-08-29T19:00:00+05:30,29-08-2026 19:00:00,"Burari Crossing, Delhi - IITM",110,Moderately Polluted,PM10,100,1
2026-08-29T19:00:00+05:30,29-08-2026 19:00:00,"Mandir Marg, Delhi - DPCC",109,Moderately Polluted,PM10,100,1
2026-08-29T19:00:00+05:30,29-08-2026 19:00:00,"Sri Aurobindo Marg, Delhi - DPCC",109,Moderately Polluted,PM10,100,1
2026-08-29T19:00:00+05:30,29-08-2026 19:00:00,"Major Dhyan Chand National Stadium, Delhi - DPCC",107,Moderately Polluted,PM10,100,1
2026-08-29T19:00:00+05:30,29-08-2026 19:00:00,"Commonwealth Sports Complex, Delhi - DPCC",107,Moderately Polluted,PM10,100,1
2026-08-29T19:00:00+05:30,29-08-2026 19:00:00,"Pusa, Delhi - IITM",107,Moderately Polluted,PM10,100,1
2026-08-29T19:00:00+05:30,29-08-2026 19:00:00,"Aya Nagar, Delhi - IITM",103,Moderately Polluted,PM10,100,1
2026-08-29T19:00:00+05:30,29-08-2026 19:00:00,"JNU, Delhi - DPCC",103,Moderately Polluted,PM10,100,1
2026-08-29T19:00:00+05:30,29-08-2026 19:00:00,"IGNOU_Maidan Garhi, Delhi - DPCC",101,Moderately Polluted,PM10,100,1
2026-08-29T19:00:00+05:30,29-08-2026 19:00:00,"Shadipur, Delhi - CPCB",99,Satisfactory,PM10,100,0
2026-08-29T19:00:00+05:30,29-08-2026 19:00:00,"Talkatora Garden, Delhi - DPCC",99,Satisfactory,PM10,100,0
2026-08-29T19:00:00+05:30,29-08-2026 19:00:00,"IHBAS, Dilshad Garden, Delhi - CPCB",97,Satisfactory,PM10,100,0
2026-08-29T19:00:00+05:30,29-08-2026 19:00:00,"DTU, Delhi - CPCB",97,Satisfactory,PM10,100,0
2026-08-29T19:00:00+05:30,29-08-2026 19:00:00,"Najafgarh, Delhi - DPCC",96,Satisfactory,PM10,100,0
2026-08-29T19:00:00+05:30,29-08-2026 19:00:00,"NSUT Jaffarpur, Delhi - DPCC",94,Satisfactory,PM10,100,0
2026-08-29T19:00:00+05:30,29-08-2026 19:00:00,"Chandni Chowk, Delhi - IITM",82,Satisfactory,CO,100,0
2026-08-29T19:00:00+05:30,29-08-2026 19:00:00,"Cantonment Area, Delhi - DPCC",79,Satisfactory,CO,100,0
2026-08-29T19:00:00+05:30,29-08-2026 19:00:00,"ITO, Delhi - CPCB",59,Satisfactory,NO2,100,0
2026-08-29T19:00:00+05:30,29-08-2026 19:00:00,"Bawana, Delhi - DPCC",52,Satisfactory,CO,100,0
2026-08-29T19:00:00+05:30,29-08-2026 19:00:00,"Dwarka-Sector 8, Delhi - DPCC",35,Good,PM2.5,100,0
2026-08-29T20:00:00+05:30,29-08-2026 20:00:00,"Anand Vihar, Delhi - DPCC",437,Severe,PM10,100,1
2026-08-29T20:00:00+05:30,29-08-2026 20:00:00,"Wazirpur, Delhi - DPCC",231,Poor,PM10,100,1
2026-08-29T20:00:00+05:30,29-08-2026 20:00:00,"NSIT Dwarka, Delhi - CPCB",173,Moderately Polluted,OZONE,100,1
2026-08-29T20:00:00+05:30,29-08-2026 20:00:00,"CRRI Mathura Road, Delhi - IITM",161,Moderately Polluted,PM10,100,1
2026-08-29T20:00:00+05:30,29-08-2026 20:00:00,"Rohini, Delhi - DPCC",154,Moderately Polluted,PM10,100,1
2026-08-29T20:00:00+05:30,29-08-2026 20:00:00,"IIT Delhi, Delhi - IITM",149,Moderately Polluted,PM10,100,1
2026-08-29T20:00:00+05:30,29-08-2026 20:00:00,"Mundka, Delhi - DPCC",144,Moderately Polluted,PM10,100,1
2026-08-29T20:00:00+05:30,29-08-2026 20:00:00,"Jahangirpuri, Delhi - DPCC",142,Moderately Polluted,PM10,100,1
2026-08-29T20:00:00+05:30,29-08-2026 20:00:00,"Alipur, Delhi - DPCC",138,Moderately Polluted,PM10,100,1
2026-08-29T20:00:00+05:30,29-08-2026 20:00:00,"Nehru Nagar, Delhi - DPCC",138,Moderately Polluted,PM10,100,1
2026-08-29T20:00:00+05:30,29-08-2026 20:00:00,"Okhla Phase-2, Delhi - DPCC",136,Moderately Polluted,PM10,100,1
2026-08-29T20:00:00+05:30,29-08-2026 20:00:00,"Ashok Vihar, Delhi - DPCC",134,Moderately Polluted,PM10,100,1
2026-08-29T20:00:00+05:30,29-08-2026 20:00:00,"Sirifort, Delhi - CPCB",133,Moderately Polluted,PM10,100,1
2026-08-29T20:00:00+05:30,29-08-2026 20:00:00,"Pusa, Delhi - DPCC",132,Moderately Polluted,PM10,100,1
2026-08-29T20:00:00+05:30,29-08-2026 20:00:00,"North Campus, DU, Delhi - IITM",130,Moderately Polluted,PM10,100,1
2026-08-29T20:00:00+05:30,29-08-2026 20:00:00,"Punjabi Bagh, Delhi - DPCC",129,Moderately Polluted,PM10,100,1
2026-08-29T20:00:00+05:30,29-08-2026 20:00:00,"Sonia Vihar, Delhi - DPCC",128,Moderately Polluted,PM10,100,1
2026-08-29T20:00:00+05:30,29-08-2026 20:00:00,"Vivek Vihar, Delhi - DPCC",127,Moderately Polluted,PM10,100,1
2026-08-29T20:00:00+05:30,29-08-2026 20:00:00,"R K Puram, Delhi - DPCC",124,Moderately Polluted,PM10,100,1
2026-08-29T20:00:00+05:30,29-08-2026 20:00:00,"Patparganj, Delhi - DPCC",124,Moderately Polluted,PM10,100,1
2026-08-29T20:00:00+05:30,29-08-2026 20:00:00,"Dr. Karni Singh Shooting Range, Delhi - DPCC",118,Moderately Polluted,PM10,100,1
2026-08-29T20:00:00+05:30,29-08-2026 20:00:00,"Jawaharlal Nehru Stadium, Delhi - DPCC",114,Moderately Polluted,PM10,100,1
2026-08-29T20:00:00+05:30,29-08-2026 20:00:00,"IGI Airport (T3), Delhi - IITM",114,Moderately Polluted,PM10,100,1
2026-08-29T20:00:00+05:30,29-08-2026 20:00:00,"Narela, Delhi - DPCC",112,Moderately Polluted,PM10,100,1
2026-08-29T20:00:00+05:30,29-08-2026 20:00:00,"IMD Lodhi Road, Delhi - IITM",111,Moderately Polluted,PM10,100,1
2026-08-29T20:00:00+05:30,29-08-2026 20:00:00,"Sri Aurobindo Marg, Delhi - DPCC",109,Moderately Polluted,PM10,100,1
2026-08-29T20:00:00+05:30,29-08-2026 20:00:00,"Mandir Marg, Delhi - DPCC",108,Moderately Polluted,PM10,100,1
2026-08-29T20:00:00+05:30,29-08-2026 20:00:00,"Burari Crossing, Delhi - IITM",107,Moderately Polluted,PM10,100,1
2026-08-29T20:00:00+05:30,29-08-2026 20:00:00,"Pusa, Delhi - IITM",106,Moderately Polluted,PM10,100,1
2026-08-29T20:00:00+05:30,29-08-2026 20:00:00,"Commonwealth Sports Complex, Delhi - DPCC",106,Moderately Polluted,PM10,100,1
2026-08-29T20:00:00+05:30,29-08-2026 20:00:00,"Major Dhyan Chand National Stadium, Delhi - DPCC",106,Moderately Polluted,PM10,100,1
2026-08-29T20:00:00+05:30,29-08-2026 20:00:00,"JNU, Delhi - DPCC",102,Moderately Polluted,PM10,100,1
2026-08-29T20:00:00+05:30,29-08-2026 20:00:00,"IGNOU_Maidan Garhi, Delhi - DPCC",101,Moderately Polluted,PM10,100,1
2026-08-29T20:00:00+05:30,29-08-2026 20:00:00,"Shadipur, Delhi - CPCB",99,Satisfactory,PM10,100,0
2026-08-29T20:00:00+05:30,29-08-2026 20:00:00,"Talkatora Garden, Delhi - DPCC",98,Satisfactory,PM10,100,0
2026-08-29T20:00:00+05:30,29-08-2026 20:00:00,"Aya Nagar, Delhi - IITM",98,Satisfactory,PM10,100,0
2026-08-29T20:00:00+05:30,29-08-2026 20:00:00,"DTU, Delhi - CPCB",97,Satisfactory,PM10,100,0
2026-08-29T20:00:00+05:30,29-08-2026 20:00:00,"IHBAS, Dilshad Garden, Delhi - CPCB",96,Satisfactory,PM10,100,0
2026-08-29T20:00:00+05:30,29-08-2026 20:00:00,"Najafgarh, Delhi - DPCC",95,Satisfactory,PM10,100,0
2026-08-29T20:00:00+05:30,29-08-2026 20:00:00,"NSUT Jaffarpur, Delhi - DPCC",94,Satisfactory,PM10,100,0
2026-08-29T20:00:00+05:30,29-08-2026 20:00:00,"Chandni Chowk, Delhi - IITM",85,Satisfactory,CO,100,0
2026-08-29T20:00:00+05:30,29-08-2026 20:00:00,"Cantonment Area, Delhi - DPCC",79,Satisfactory,CO,100,0
2026-08-29T20:00:00+05:30,29-08-2026 20:00:00,"ITO, Delhi - CPCB",60,Satisfactory,NO2,100,0
2026-08-29T20:00:00+05:30,29-08-2026 20:00:00,"Bawana, Delhi - DPCC",53,Satisfactory,CO,100,0
2026-08-29T20:00:00+05:30,29-08-2026 20:00:00,"Dwarka-Sector 8, Delhi - DPCC",35,Good,PM2.5,100,0
2026-08-29T21:00:00+05:30,29-08-2026 21:00:00,"Anand Vihar, Delhi - DPCC",434,Severe,PM10,100,1
2026-08-29T21:00:00+05:30,29-08-2026 21:00:00,"Wazirpur, Delhi - DPCC",226,Poor,PM10,100,1
2026-08-29T21:00:00+05:30,29-08-2026 21:00:00,"NSIT Dwarka, Delhi - CPCB",173,Moderately Polluted,OZONE,100,1
2026-08-29T21:00:00+05:30,29-08-2026 21:00:00,"CRRI Mathura Road, Delhi - IITM",161,Moderately Polluted,PM10,100,1
2026-08-29T21:00:00+05:30,29-08-2026 21:00:00,"Rohini, Delhi - DPCC",152,Moderately Polluted,PM10,100,1
2026-08-29T21:00:00+05:30,29-08-2026 21:00:00,"IIT Delhi, Delhi - IITM",149,Moderately Polluted,PM10,100,1
2026-08-29T21:00:00+05:30,29-08-2026 21:00:00,"Mundka, Delhi - DPCC",147,Moderately Polluted,PM10,100,1
2026-08-29T21:00:00+05:30,29-08-2026 21:00:00,"Jahangirpuri, Delhi - DPCC",139,Moderately Polluted,PM10,100,1
2026-08-29T21:00:00+05:30,29-08-2026 21:00:00,"Nehru Nagar, Delhi - DPCC",138,Moderately Polluted,PM10,100,1
2026-08-29T21:00:00+05:30,29-08-2026 21:00:00,"Okhla Phase-2, Delhi - DPCC",137,Moderately Polluted,PM10,100,1
2026-08-29T21:00:00+05:30,29-08-2026 21:00:00,"Alipur, Delhi - DPCC",136,Moderately Polluted,PM10,100,1
2026-08-29T21:00:00+05:30,29-08-2026 21:00:00,"Ashok Vihar, Delhi - DPCC",134,Moderately Polluted,PM10,100,1
2026-08-29T21:00:00+05:30,29-08-2026 21:00:00,"Pusa, Delhi - DPCC",134,Moderately Polluted,PM10,100,1
2026-08-29T21:00:00+05:30,29-08-2026 21:00:00,"Sirifort, Delhi - CPCB",133,Moderately Polluted,PM10,100,1
2026-08-29T21:00:00+05:30,29-08-2026 21:00:00,"North Campus, DU, Delhi - IITM",129,Moderately Polluted,PM10,100,1
2026-08-29T21:00:00+05:30,29-08-2026 21:00:00,"Punjabi Bagh, Delhi - DPCC",128,Moderately Polluted,PM10,100,1
2026-08-29T21:00:00+05:30,29-08-2026 21:00:00,"Sonia Vihar, Delhi - DPCC",127,Moderately Polluted,PM10,100,1
2026-08-29T21:00:00+05:30,29-08-2026 21:00:00,"Vivek Vihar, Delhi - DPCC",126,Moderately Polluted,PM10,100,1
2026-08-29T21:00:00+05:30,29-08-2026 21:00:00,"R K Puram, Delhi - DPCC",125,Moderately Polluted,PM10,100,1
2026-08-29T21:00:00+05:30,29-08-2026 21:00:00,"Patparganj, Delhi - DPCC",123,Moderately Polluted,PM10,100,1
2026-08-29T21:00:00+05:30,29-08-2026 21:00:00,"Dr. Karni Singh Shooting Range, Delhi - DPCC",115,Moderately Polluted,PM10,100,1
2026-08-29T21:00:00+05:30,29-08-2026 21:00:00,"IGI Airport (T3), Delhi - IITM",114,Moderately Polluted,PM10,100,1
2026-08-29T21:00:00+05:30,29-08-2026 21:00:00,"Jawaharlal Nehru Stadium, Delhi - DPCC",113,Moderately Polluted,PM10,100,1
2026-08-29T21:00:00+05:30,29-08-2026 21:00:00,"Narela, Delhi - DPCC",112,Moderately Polluted,PM10,100,1
2026-08-29T21:00:00+05:30,29-08-2026 21:00:00,"Shadipur, Delhi - CPCB",111,Moderately Polluted,PM10,100,1
2026-08-29T21:00:00+05:30,29-08-2026 21:00:00,"IMD Lodhi Road, Delhi - IITM",110,Moderately Polluted,PM10,100,1
2026-08-29T21:00:00+05:30,29-08-2026 21:00:00,"Sri Aurobindo Marg, Delhi - DPCC",109,Moderately Polluted,PM10,100,1
2026-08-29T21:00:00+05:30,29-08-2026 21:00:00,"Mandir Marg, Delhi - DPCC",107,Moderately Polluted,PM10,100,1
2026-08-29T21:00:00+05:30,29-08-2026 21:00:00,"Pusa, Delhi - IITM",106,Moderately Polluted,PM10,100,1
2026-08-29T21:00:00+05:30,29-08-2026 21:00:00,"Burari Crossing, Delhi - IITM",106,Moderately Polluted,PM10,100,1
2026-08-29T21:00:00+05:30,29-08-2026 21:00:00,"Commonwealth Sports Complex, Delhi - DPCC",105,Moderately Polluted,PM10,100,1
2026-08-29T21:00:00+05:30,29-08-2026 21:00:00,"Major Dhyan Chand National Stadium, Delhi - DPCC",104,Moderately Polluted,PM10,100,1
2026-08-29T21:00:00+05:30,29-08-2026 21:00:00,"IGNOU_Maidan Garhi, Delhi - DPCC",102,Moderately Polluted,PM10,100,1
2026-08-29T21:00:00+05:30,29-08-2026 21:00:00,"JNU, Delhi - DPCC",101,Moderately Polluted,PM10,100,1
2026-08-29T21:00:00+05:30,29-08-2026 21:00:00,"Talkatora Garden, Delhi - DPCC",97,Satisfactory,PM10,100,0
2026-08-29T21:00:00+05:30,29-08-2026 21:00:00,"DTU, Delhi - CPCB",96,Satisfactory,PM10,100,0
2026-08-29T21:00:00+05:30,29-08-2026 21:00:00,"Najafgarh, Delhi - DPCC",95,Satisfactory,PM10,100,0
2026-08-29T21:00:00+05:30,29-08-2026 21:00:00,"Aya Nagar, Delhi - IITM",95,Satisfactory,PM10,100,0
2026-08-29T21:00:00+05:30,29-08-2026 21:00:00,"IHBAS, Dilshad Garden, Delhi - CPCB",95,Satisfactory,PM10,100,0
2026-08-29T21:00:00+05:30,29-08-2026 21:00:00,"NSUT Jaffarpur, Delhi - DPCC",93,Satisfactory,PM10,100,0
2026-08-29T21:00:00+05:30,29-08-2026 21:00:00,"Chandni Chowk, Delhi - IITM",89,Satisfactory,CO,100,0
2026-08-29T21:00:00+05:30,29-08-2026 21:00:00,"Cantonment Area, Delhi - DPCC",81,Satisfactory,CO,100,0
2026-08-29T21:00:00+05:30,29-08-2026 21:00:00,"ITO, Delhi - CPCB",60,Satisfactory,NO2,100,0
2026-08-29T21:00:00+05:30,29-08-2026 21:00:00,"Bawana, Delhi - DPCC",53,Satisfactory,CO,100,0
2026-08-29T21:00:00+05:30,29-08-2026 21:00:00,"Dwarka-Sector 8, Delhi - DPCC",38,Good,PM2.5,100,0
2026-08-29T22:00:00+05:30,29-08-2026 22:00:00,"Anand Vihar, Delhi - DPCC",432,Severe,PM10,100,1
2026-08-29T22:00:00+05:30,29-08-2026 22:00:00,"Wazirpur, Delhi - DPCC",217,Poor,PM10,100,1
2026-08-29T22:00:00+05:30,29-08-2026 22:00:00,"NSIT Dwarka, Delhi - CPCB",168,Moderately Polluted,OZONE,100,1
2026-08-29T22:00:00+05:30,29-08-2026 22:00:00,"CRRI Mathura Road, Delhi - IITM",159,Moderately Polluted,PM10,100,1
2026-08-29T22:00:00+05:30,29-08-2026 22:00:00,"IIT Delhi, Delhi - IITM",150,Moderately Polluted,PM10,100,1
2026-08-29T22:00:00+05:30,29-08-2026 22:00:00,"Rohini, Delhi - DPCC",150,Moderately Polluted,PM10,100,1
2026-08-29T22:00:00+05:30,29-08-2026 22:00:00,"Mundka, Delhi - DPCC",144,Moderately Polluted,PM10,100,1
2026-08-29T22:00:00+05:30,29-08-2026 22:00:00,"Sirifort, Delhi - CPCB",141,Moderately Polluted,PM10,100,1
2026-08-29T22:00:00+05:30,29-08-2026 22:00:00,"Nehru Nagar, Delhi - DPCC",140,Moderately Polluted,PM10,100,1
2026-08-29T22:00:00+05:30,29-08-2026 22:00:00,"Jahangirpuri, Delhi - DPCC",136,Moderately Polluted,PM10,100,1
2026-08-29T22:00:00+05:30,29-08-2026 22:00:00,"Okhla Phase-2, Delhi - DPCC",134,Moderately Polluted,PM10,100,1
2026-08-29T22:00:00+05:30,29-08-2026 22:00:00,"Alipur, Delhi - DPCC",134,Moderately Polluted,PM10,100,1
2026-08-29T22:00:00+05:30,29-08-2026 22:00:00,"Ashok Vihar, Delhi - DPCC",134,Moderately Polluted,PM10,100,1
2026-08-29T22:00:00+05:30,29-08-2026 22:00:00,"Pusa, Delhi - DPCC",132,Moderately Polluted,PM10,100,1
2026-08-29T22:00:00+05:30,29-08-2026 22:00:00,"North Campus, DU, Delhi - IITM",128,Moderately Polluted,PM10,100,1
2026-08-29T22:00:00+05:30,29-08-2026 22:00:00,"Punjabi Bagh, Delhi - DPCC",128,Moderately Polluted,PM10,100,1
2026-08-29T22:00:00+05:30,29-08-2026 22:00:00,"Vivek Vihar, Delhi - DPCC",127,Moderately Polluted,PM10,100,1
2026-08-29T22:00:00+05:30,29-08-2026 22:00:00,"Sonia Vihar, Delhi - DPCC",126,Moderately Polluted,PM10,100,1
2026-08-29T22:00:00+05:30,29-08-2026 22:00:00,"R K Puram, Delhi - DPCC",124,Moderately Polluted,PM10,100,1
2026-08-29T22:00:00+05:30,29-08-2026 22:00:00,"Shadipur, Delhi - CPCB",122,Moderately Polluted,PM10,100,1
2026-08-29T22:00:00+05:30,29-08-2026 22:00:00,"Patparganj, Delhi - DPCC",121,Moderately Polluted,PM10,100,1
2026-08-29T22:00:00+05:30,29-08-2026 22:00:00,"IGI Airport (T3), Delhi - IITM",114,Moderately Polluted,PM10,100,1
2026-08-29T22:00:00+05:30,29-08-2026 22:00:00,"Jawaharlal Nehru Stadium, Delhi - DPCC",113,Moderately Polluted,PM10,100,1
2026-08-29T22:00:00+05:30,29-08-2026 22:00:00,"Narela, Delhi - DPCC",111,Moderately Polluted,PM10,100,1
2026-08-29T22:00:00+05:30,29-08-2026 22:00:00,"Dr. Karni Singh Shooting Range, Delhi - DPCC",111,Moderately Polluted,PM10,100,1
2026-08-29T22:00:00+05:30,29-08-2026 22:00:00,"IMD Lodhi Road, Delhi - IITM",110,Moderately Polluted,PM10,100,1
2026-08-29T22:00:00+05:30,29-08-2026 22:00:00,"Sri Aurobindo Marg, Delhi - DPCC",109,Moderately Polluted,PM10,100,1
2026-08-29T22:00:00+05:30,29-08-2026 22:00:00,"Mandir Marg, Delhi - DPCC",106,Moderately Polluted,PM10,100,1
2026-08-29T22:00:00+05:30,29-08-2026 22:00:00,"Pusa, Delhi - IITM",105,Moderately Polluted,PM10,100,1
2026-08-29T22:00:00+05:30,29-08-2026 22:00:00,"Burari Crossing, Delhi - IITM",104,Moderately Polluted,PM10,100,1
2026-08-29T22:00:00+05:30,29-08-2026 22:00:00,"Commonwealth Sports Complex, Delhi - DPCC",104,Moderately Polluted,PM10,100,1
2026-08-29T22:00:00+05:30,29-08-2026 22:00:00,"Major Dhyan Chand National Stadium, Delhi - DPCC",103,Moderately Polluted,PM10,100,1
2026-08-29T22:00:00+05:30,29-08-2026 22:00:00,"IGNOU_Maidan Garhi, Delhi - DPCC",102,Moderately Polluted,PM10,100,1
2026-08-29T22:00:00+05:30,29-08-2026 22:00:00,"JNU, Delhi - DPCC",100,Satisfactory,PM10,100,0
2026-08-29T22:00:00+05:30,29-08-2026 22:00:00,"Talkatora Garden, Delhi - DPCC",96,Satisfactory,PM10,100,0
2026-08-29T22:00:00+05:30,29-08-2026 22:00:00,"DTU, Delhi - CPCB",95,Satisfactory,PM10,100,0
2026-08-29T22:00:00+05:30,29-08-2026 22:00:00,"IHBAS, Dilshad Garden, Delhi - CPCB",94,Satisfactory,PM10,100,0
2026-08-29T22:00:00+05:30,29-08-2026 22:00:00,"Najafgarh, Delhi - DPCC",94,Satisfactory,PM10,100,0
2026-08-29T22:00:00+05:30,29-08-2026 22:00:00,"Chandni Chowk, Delhi - IITM",93,Satisfactory,CO,100,0
2026-08-29T22:00:00+05:30,29-08-2026 22:00:00,"NSUT Jaffarpur, Delhi - DPCC",92,Satisfactory,PM10,100,0
2026-08-29T22:00:00+05:30,29-08-2026 22:00:00,"Aya Nagar, Delhi - IITM",92,Satisfactory,PM10,100,0
2026-08-29T22:00:00+05:30,29-08-2026 22:00:00,"Cantonment Area, Delhi - DPCC",85,Satisfactory,CO,100,0
2026-08-29T22:00:00+05:30,29-08-2026 22:00:00,"ITO, Delhi - CPCB",59,Satisfactory,NO2,100,0
2026-08-29T22:00:00+05:30,29-08-2026 22:00:00,"Dwarka-Sector 8, Delhi - DPCC",39,Good,PM2.5,100,0
2026-08-29T22:00:00+05:30,29-08-2026 22:00:00,"Bawana, Delhi - DPCC",19,Good,OZONE,100,0
2026-08-29T23:00:00+05:30,29-08-2026 23:00:00,"Anand Vihar, Delhi - DPCC",429,Severe,PM10,100,1
2026-08-29T23:00:00+05:30,29-08-2026 23:00:00,"Wazirpur, Delhi - DPCC",221,Poor,PM10,100,1
2026-08-29T23:00:00+05:30,29-08-2026 23:00:00,"NSIT Dwarka, Delhi - CPCB",167,Moderately Polluted,OZONE,100,1
2026-08-29T23:00:00+05:30,29-08-2026 23:00:00,"CRRI Mathura Road, Delhi - IITM",156,Moderately Polluted,PM10,100,1
2026-08-29T23:00:00+05:30,29-08-2026 23:00:00,"IIT Delhi, Delhi - IITM",150,Moderately Polluted,PM10,100,1
2026-08-29T23:00:00+05:30,29-08-2026 23:00:00,"Rohini, Delhi - DPCC",148,Moderately Polluted,PM10,100,1
2026-08-29T23:00:00+05:30,29-08-2026 23:00:00,"Mundka, Delhi - DPCC",144,Moderately Polluted,PM10,100,1
2026-08-29T23:00:00+05:30,29-08-2026 23:00:00,"Sirifort, Delhi - CPCB",142,Moderately Polluted,PM10,100,1
2026-08-29T23:00:00+05:30,29-08-2026 23:00:00,"Nehru Nagar, Delhi - DPCC",140,Moderately Polluted,PM10,100,1
2026-08-29T23:00:00+05:30,29-08-2026 23:00:00,"Jahangirpuri, Delhi - DPCC",135,Moderately Polluted,PM10,100,1
2026-08-29T23:00:00+05:30,29-08-2026 23:00:00,"Ashok Vihar, Delhi - DPCC",134,Moderately Polluted,PM10,100,1
2026-08-29T23:00:00+05:30,29-08-2026 23:00:00,"Pusa, Delhi - DPCC",134,Moderately Polluted,PM10,100,1
2026-08-29T23:00:00+05:30,29-08-2026 23:00:00,"Okhla Phase-2, Delhi - DPCC",132,Moderately Polluted,PM10,100,1
2026-08-29T23:00:00+05:30,29-08-2026 23:00:00,"Vivek Vihar, Delhi - DPCC",129,Moderately Polluted,PM10,100,1
2026-08-29T23:00:00+05:30,29-08-2026 23:00:00,"Punjabi Bagh, Delhi - DPCC",127,Moderately Polluted,PM10,100,1
2026-08-29T23:00:00+05:30,29-08-2026 23:00:00,"Sonia Vihar, Delhi - DPCC",125,Moderately Polluted,PM10,100,1
2026-08-29T23:00:00+05:30,29-08-2026 23:00:00,"North Campus, DU, Delhi - IITM",125,Moderately Polluted,PM10,100,1
2026-08-29T23:00:00+05:30,29-08-2026 23:00:00,"R K Puram, Delhi - DPCC",124,Moderately Polluted,PM10,100,1
2026-08-29T23:00:00+05:30,29-08-2026 23:00:00,"Patparganj, Delhi - DPCC",121,Moderately Polluted,PM10,100,1
2026-08-29T23:00:00+05:30,29-08-2026 23:00:00,"Shadipur, Delhi - CPCB",119,Moderately Polluted,PM10,100,1
2026-08-29T23:00:00+05:30,29-08-2026 23:00:00,"IGI Airport (T3), Delhi - IITM",114,Moderately Polluted,PM10,100,1
2026-08-29T23:00:00+05:30,29-08-2026 23:00:00,"Jawaharlal Nehru Stadium, Delhi - DPCC",113,Moderately Polluted,PM10,100,1
2026-08-29T23:00:00+05:30,29-08-2026 23:00:00,"Dr. Karni Singh Shooting Range, Delhi - DPCC",112,Moderately Polluted,PM10,100,1
2026-08-29T23:00:00+05:30,29-08-2026 23:00:00,"Narela, Delhi - DPCC",112,Moderately Polluted,PM10,100,1
2026-08-29T23:00:00+05:30,29-08-2026 23:00:00,"Sri Aurobindo Marg, Delhi - DPCC",110,Moderately Polluted,PM10,100,1
2026-08-29T23:00:00+05:30,29-08-2026 23:00:00,"IMD Lodhi Road, Delhi - IITM",110,Moderately Polluted,PM10,100,1
2026-08-29T23:00:00+05:30,29-08-2026 23:00:00,"Pusa, Delhi - IITM",105,Moderately Polluted,PM10,100,1
2026-08-29T23:00:00+05:30,29-08-2026 23:00:00,"Mandir Marg, Delhi - DPCC",105,Moderately Polluted,PM10,100,1
2026-08-29T23:00:00+05:30,29-08-2026 23:00:00,"Burari Crossing, Delhi - IITM",103,Moderately Polluted,PM10,100,1
2026-08-29T23:00:00+05:30,29-08-2026 23:00:00,"Major Dhyan Chand National Stadium, Delhi - DPCC",103,Moderately Polluted,PM10,100,1
2026-08-29T23:00:00+05:30,29-08-2026 23:00:00,"Commonwealth Sports Complex, Delhi - DPCC",103,Moderately Polluted,PM10,100,1
2026-08-29T23:00:00+05:30,29-08-2026 23:00:00,"IGNOU_Maidan Garhi, Delhi - DPCC",102,Moderately Polluted,PM10,100,1
2026-08-29T23:00:00+05:30,29-08-2026 23:00:00,"JNU, Delhi - DPCC",99,Satisfactory,PM10,100,0
2026-08-29T23:00:00+05:30,29-08-2026 23:00:00,"Talkatora Garden, Delhi - DPCC",96,Satisfactory,PM10,100,0
2026-08-29T23:00:00+05:30,29-08-2026 23:00:00,"Chandni Chowk, Delhi - IITM",96,Satisfactory,CO,100,0
2026-08-29T23:00:00+05:30,29-08-2026 23:00:00,"DTU, Delhi - CPCB",94,Satisfactory,PM10,100,0
2026-08-29T23:00:00+05:30,29-08-2026 23:00:00,"IHBAS, Dilshad Garden, Delhi - CPCB",94,Satisfactory,PM10,100,0
2026-08-29T23:00:00+05:30,29-08-2026 23:00:00,"Najafgarh, Delhi - DPCC",93,Satisfactory,PM10,100,0
2026-08-29T23:00:00+05:30,29-08-2026 23:00:00,"NSUT Jaffarpur, Delhi - DPCC",92,Satisfactory,PM10,100,0
2026-08-29T23:00:00+05:30,29-08-2026 23:00:00,"Aya Nagar, Delhi - IITM",88,Satisfactory,PM10,100,0
2026-08-29T23:00:00+05:30,29-08-2026 23:00:00,"Cantonment Area, Delhi - DPCC",87,Satisfactory,CO,100,0
2026-08-29T23:00:00+05:30,29-08-2026 23:00:00,"ITO, Delhi - CPCB",60,Satisfactory,CO,100,0
2026-08-29T23:00:00+05:30,29-08-2026 23:00:00,"Dwarka-Sector 8, Delhi - DPCC",39,Good,PM2.5,100,0
2026-08-29T23:00:00+05:30,29-08-2026 23:00:00,"Bawana, Delhi - DPCC",19,Good,OZONE,100,0
2026-08-29T23:00:00+05:30,29-08-2026 23:00:00,"Alipur, Delhi - DPCC",17,Good,OZONE,100,0
2026-08-30T00:00:00+05:30,30-08-2026 00:00:00,"Anand Vihar, Delhi - DPCC",427,Severe,PM10,100,1
2026-08-30T00:00:00+05:30,30-08-2026 00:00:00,"Wazirpur, Delhi - DPCC",217,Poor,PM10,100,1
2026-08-30T00:00:00+05:30,30-08-2026 00:00:00,"NSIT Dwarka, Delhi - CPCB",171,Moderately Polluted,OZONE,100,1
2026-08-30T00:00:00+05:30,30-08-2026 00:00:00,"Mundka, Delhi - DPCC",153,Moderately Polluted,PM10,100,1
2026-08-30T00:00:00+05:30,30-08-2026 00:00:00,"IIT Delhi, Delhi - IITM",151,Moderately Polluted,PM10,100,1
2026-08-30T00:00:00+05:30,30-08-2026 00:00:00,"CRRI Mathura Road, Delhi - IITM",149,Moderately Polluted,PM10,100,1
2026-08-30T00:00:00+05:30,30-08-2026 00:00:00,"Rohini, Delhi - DPCC",147,Moderately Polluted,PM10,100,1
2026-08-30T00:00:00+05:30,30-08-2026 00:00:00,"Sirifort, Delhi - CPCB",141,Moderately Polluted,PM10,100,1
2026-08-30T00:00:00+05:30,30-08-2026 00:00:00,"Nehru Nagar, Delhi - DPCC",137,Moderately Polluted,PM10,100,1
2026-08-30T00:00:00+05:30,30-08-2026 00:00:00,"Pusa, Delhi - DPCC",135,Moderately Polluted,PM10,100,1
2026-08-30T00:00:00+05:30,30-08-2026 00:00:00,"Jahangirpuri, Delhi - DPCC",135,Moderately Polluted,PM10,100,1
2026-08-30T00:00:00+05:30,30-08-2026 00:00:00,"Ashok Vihar, Delhi - DPCC",132,Moderately Polluted,PM10,100,1
2026-08-30T00:00:00+05:30,30-08-2026 00:00:00,"Okhla Phase-2, Delhi - DPCC",130,Moderately Polluted,PM10,100,1
2026-08-30T00:00:00+05:30,30-08-2026 00:00:00,"Vivek Vihar, Delhi - DPCC",129,Moderately Polluted,PM10,100,1
2026-08-30T00:00:00+05:30,30-08-2026 00:00:00,"Punjabi Bagh, Delhi - DPCC",126,Moderately Polluted,PM10,100,1
2026-08-30T00:00:00+05:30,30-08-2026 00:00:00,"Sonia Vihar, Delhi - DPCC",124,Moderately Polluted,PM10,100,1
2026-08-30T00:00:00+05:30,30-08-2026 00:00:00,"North Campus, DU, Delhi - IITM",124,Moderately Polluted,PM10,100,1
2026-08-30T00:00:00+05:30,30-08-2026 00:00:00,"R K Puram, Delhi - DPCC",123,Moderately Polluted,PM10,100,1
2026-08-30T00:00:00+05:30,30-08-2026 00:00:00,"Patparganj, Delhi - DPCC",121,Moderately Polluted,PM10,100,1
2026-08-30T00:00:00+05:30,30-08-2026 00:00:00,"Shadipur, Delhi - CPCB",118,Moderately Polluted,PM10,100,1
2026-08-30T00:00:00+05:30,30-08-2026 00:00:00,"IGI Airport (T3), Delhi - IITM",115,Moderately Polluted,PM10,100,1
2026-08-30T00:00:00+05:30,30-08-2026 00:00:00,"Narela, Delhi - DPCC",113,Moderately Polluted,PM10,100,1
2026-08-30T00:00:00+05:30,30-08-2026 00:00:00,"Jawaharlal Nehru Stadium, Delhi - DPCC",112,Moderately Polluted,PM10,100,1
2026-08-30T00:00:00+05:30,30-08-2026 00:00:00,"Dr. Karni Singh Shooting Range, Delhi - DPCC",111,Moderately Polluted,PM10,100,1
2026-08-30T00:00:00+05:30,30-08-2026 00:00:00,"IMD Lodhi Road, Delhi - IITM",110,Moderately Polluted,PM10,100,1
2026-08-30T00:00:00+05:30,30-08-2026 00:00:00,"Sri Aurobindo Marg, Delhi - DPCC",109,Moderately Polluted,PM10,100,1
2026-08-30T00:00:00+05:30,30-08-2026 00:00:00,"Mandir Marg, Delhi - DPCC",105,Moderately Polluted,PM10,100,1
2026-08-30T00:00:00+05:30,30-08-2026 00:00:00,"Pusa, Delhi - IITM",104,Moderately Polluted,PM10,100,1
2026-08-30T00:00:00+05:30,30-08-2026 00:00:00,"Commonwealth Sports Complex, Delhi - DPCC",103,Moderately Polluted,PM10,100,1
2026-08-30T00:00:00+05:30,30-08-2026 00:00:00,"Major Dhyan Chand National Stadium, Delhi - DPCC",102,Moderately Polluted,PM10,100,1
2026-08-30T00:00:00+05:30,30-08-2026 00:00:00,"IGNOU_Maidan Garhi, Delhi - DPCC",102,Moderately Polluted,PM10,100,1
2026-08-30T00:00:00+05:30,30-08-2026 00:00:00,"Burari Crossing, Delhi - IITM",101,Moderately Polluted,PM10,100,1
2026-08-30T00:00:00+05:30,30-08-2026 00:00:00,"Chandni Chowk, Delhi - IITM",99,Satisfactory,CO,100,0
2026-08-30T00:00:00+05:30,30-08-2026 00:00:00,"JNU, Delhi - DPCC",98,Satisfactory,PM10,100,0
2026-08-30T00:00:00+05:30,30-08-2026 00:00:00,"Talkatora Garden, Delhi - DPCC",95,Satisfactory,PM10,100,0
2026-08-30T00:00:00+05:30,30-08-2026 00:00:00,"IHBAS, Dilshad Garden, Delhi - CPCB",94,Satisfactory,PM10,100,0
2026-08-30T00:00:00+05:30,30-08-2026 00:00:00,"Najafgarh, Delhi - DPCC",93,Satisfactory,PM10,100,0
2026-08-30T00:00:00+05:30,30-08-2026 00:00:00,"DTU, Delhi - CPCB",93,Satisfactory,PM10,100,0
2026-08-30T00:00:00+05:30,30-08-2026 00:00:00,"NSUT Jaffarpur, Delhi - DPCC",92,Satisfactory,PM10,100,0
2026-08-30T00:00:00+05:30,30-08-2026 00:00:00,"Cantonment Area, Delhi - DPCC",91,Satisfactory,CO,100,0
2026-08-30T00:00:00+05:30,30-08-2026 00:00:00,"Aya Nagar, Delhi - IITM",84,Satisfactory,PM10,100,0
2026-08-30T00:00:00+05:30,30-08-2026 00:00:00,"ITO, Delhi - CPCB",66,Satisfactory,CO,100,0
2026-08-30T00:00:00+05:30,30-08-2026 00:00:00,"Dwarka-Sector 8, Delhi - DPCC",40,Good,PM2.5,100,0
2026-08-30T00:00:00+05:30,30-08-2026 00:00:00,"Bawana, Delhi - DPCC",19,Good,OZONE,100,0
2026-08-30T01:00:00+05:30,30-08-2026 01:00:00,"Anand Vihar, Delhi - DPCC",425,Severe,PM10,100,1
2026-08-30T01:00:00+05:30,30-08-2026 01:00:00,"Wazirpur, Delhi - DPCC",213,Poor,PM10,100,1
2026-08-30T01:00:00+05:30,30-08-2026 01:00:00,"NSIT Dwarka, Delhi - CPCB",170,Moderately Polluted,OZONE,100,1
2026-08-30T01:00:00+05:30,30-08-2026 01:00:00,"Mundka, Delhi - DPCC",154,Moderately Polluted,PM10,100,1
2026-08-30T01:00:00+05:30,30-08-2026 01:00:00,"IIT Delhi, Delhi - IITM",150,Moderately Polluted,PM10,100,1
2026-08-30T01:00:00+05:30,30-08-2026 01:00:00,"CRRI Mathura Road, Delhi - IITM",149,Moderately Polluted,PM10,100,1
2026-08-30T01:00:00+05:30,30-08-2026 01:00:00,"Rohini, Delhi - DPCC",147,Moderately Polluted,PM10,100,1
2026-08-30T01:00:00+05:30,30-08-2026 01:00:00,"Sirifort, Delhi - CPCB",141,Moderately Polluted,PM10,100,1
2026-08-30T01:00:00+05:30,30-08-2026 01:00:00,"Pusa, Delhi - DPCC",136,Moderately Polluted,PM10,100,1
2026-08-30T01:00:00+05:30,30-08-2026 01:00:00,"Nehru Nagar, Delhi - DPCC",136,Moderately Polluted,PM10,100,1
2026-08-30T01:00:00+05:30,30-08-2026 01:00:00,"Jahangirpuri, Delhi - DPCC",134,Moderately Polluted,PM10,100,1
2026-08-30T01:00:00+05:30,30-08-2026 01:00:00,"Ashok Vihar, Delhi - DPCC",131,Moderately Polluted,PM10,100,1
2026-08-30T01:00:00+05:30,30-08-2026 01:00:00,"Vivek Vihar, Delhi - DPCC",130,Moderately Polluted,PM10,100,1
2026-08-30T01:00:00+05:30,30-08-2026 01:00:00,"Okhla Phase-2, Delhi - DPCC",129,Moderately Polluted,PM10,100,1
2026-08-30T01:00:00+05:30,30-08-2026 01:00:00,"Punjabi Bagh, Delhi - DPCC",126,Moderately Polluted,PM10,100,1
2026-08-30T01:00:00+05:30,30-08-2026 01:00:00,"Sonia Vihar, Delhi - DPCC",123,Moderately Polluted,PM10,100,1
2026-08-30T01:00:00+05:30,30-08-2026 01:00:00,"North Campus, DU, Delhi - IITM",123,Moderately Polluted,PM10,100,1
2026-08-30T01:00:00+05:30,30-08-2026 01:00:00,"R K Puram, Delhi - DPCC",123,Moderately Polluted,PM10,100,1
2026-08-30T01:00:00+05:30,30-08-2026 01:00:00,"Patparganj, Delhi - DPCC",120,Moderately Polluted,PM10,100,1
2026-08-30T01:00:00+05:30,30-08-2026 01:00:00,"IGI Airport (T3), Delhi - IITM",117,Moderately Polluted,PM10,100,1
2026-08-30T01:00:00+05:30,30-08-2026 01:00:00,"Shadipur, Delhi - CPCB",115,Moderately Polluted,PM10,100,1
2026-08-30T01:00:00+05:30,30-08-2026 01:00:00,"Narela, Delhi - DPCC",114,Moderately Polluted,PM10,100,1
2026-08-30T01:00:00+05:30,30-08-2026 01:00:00,"Jawaharlal Nehru Stadium, Delhi - DPCC",111,Moderately Polluted,PM10,100,1
2026-08-30T01:00:00+05:30,30-08-2026 01:00:00,"Dr. Karni Singh Shooting Range, Delhi - DPCC",111,Moderately Polluted,PM10,100,1
2026-08-30T01:00:00+05:30,30-08-2026 01:00:00,"IMD Lodhi Road, Delhi - IITM",109,Moderately Polluted,PM10,100,1
2026-08-30T01:00:00+05:30,30-08-2026 01:00:00,"Sri Aurobindo Marg, Delhi - DPCC",109,Moderately Polluted,PM10,100,1
2026-08-30T01:00:00+05:30,30-08-2026 01:00:00,"Mandir Marg, Delhi - DPCC",105,Moderately Polluted,PM10,100,1
2026-08-30T01:00:00+05:30,30-08-2026 01:00:00,"Pusa, Delhi - IITM",105,Moderately Polluted,PM10,100,1
2026-08-30T01:00:00+05:30,30-08-2026 01:00:00,"Commonwealth Sports Complex, Delhi - DPCC",103,Moderately Polluted,PM10,100,1
2026-08-30T01:00:00+05:30,30-08-2026 01:00:00,"Major Dhyan Chand National Stadium, Delhi - DPCC",102,Moderately Polluted,PM10,100,1
2026-08-30T01:00:00+05:30,30-08-2026 01:00:00,"Chandni Chowk, Delhi - IITM",102,Moderately Polluted,CO,100,1
2026-08-30T01:00:00+05:30,30-08-2026 01:00:00,"IGNOU_Maidan Garhi, Delhi - DPCC",102,Moderately Polluted,PM10,100,1
2026-08-30T01:00:00+05:30,30-08-2026 01:00:00,"Burari Crossing, Delhi - IITM",99,Satisfactory,PM10,100,0
2026-08-30T01:00:00+05:30,30-08-2026 01:00:00,"JNU, Delhi - DPCC",98,Satisfactory,PM10,100,0
2026-08-30T01:00:00+05:30,30-08-2026 01:00:00,"Cantonment Area, Delhi - DPCC",95,Satisfactory,CO,100,0
2026-08-30T01:00:00+05:30,30-08-2026 01:00:00,"Talkatora Garden, Delhi - DPCC",95,Satisfactory,PM10,100,0
2026-08-30T01:00:00+05:30,30-08-2026 01:00:00,"IHBAS, Dilshad Garden, Delhi - CPCB",94,Satisfactory,PM10,100,0
2026-08-30T01:00:00+05:30,30-08-2026 01:00:00,"Najafgarh, Delhi - DPCC",93,Satisfactory,PM10,100,0
2026-08-30T01:00:00+05:30,30-08-2026 01:00:00,"DTU, Delhi - CPCB",93,Satisfactory,PM10,100,0
2026-08-30T01:00:00+05:30,30-08-2026 01:00:00,"NSUT Jaffarpur, Delhi - DPCC",91,Satisfactory,PM10,100,0
2026-08-30T01:00:00+05:30,30-08-2026 01:00:00,"Aya Nagar, Delhi - IITM",81,Satisfactory,PM10,100,0
2026-08-30T01:00:00+05:30,30-08-2026 01:00:00,"ITO, Delhi - CPCB",68,Satisfactory,CO,100,0
2026-08-30T01:00:00+05:30,30-08-2026 01:00:00,"Dwarka-Sector 8, Delhi - DPCC",42,Good,PM2.5,100,0
2026-08-30T01:00:00+05:30,30-08-2026 01:00:00,"Bawana, Delhi - DPCC",18,Good,OZONE,100,0
2026-08-30T02:00:00+05:30,30-08-2026 02:00:00,"Anand Vihar, Delhi - DPCC",428,Severe,PM10,100,1
2026-08-30T02:00:00+05:30,30-08-2026 02:00:00,"Wazirpur, Delhi - DPCC",213,Poor,PM10,100,1
2026-08-30T02:00:00+05:30,30-08-2026 02:00:00,"NSIT Dwarka, Delhi - CPCB",161,Moderately Polluted,OZONE,100,1
2026-08-30T02:00:00+05:30,30-08-2026 02:00:00,"Mundka, Delhi - DPCC",155,Moderately Polluted,PM10,100,1
2026-08-30T02:00:00+05:30,30-08-2026 02:00:00,"IIT Delhi, Delhi - IITM",151,Moderately Polluted,PM10,100,1
2026-08-30T02:00:00+05:30,30-08-2026 02:00:00,"CRRI Mathura Road, Delhi - IITM",149,Moderately Polluted,PM10,100,1
2026-08-30T02:00:00+05:30,30-08-2026 02:00:00,"Rohini, Delhi - DPCC",148,Moderately Polluted,PM10,100,1
2026-08-30T02:00:00+05:30,30-08-2026 02:00:00,"Sirifort, Delhi - CPCB",141,Moderately Polluted,PM10,100,1
2026-08-30T02:00:00+05:30,30-08-2026 02:00:00,"Pusa, Delhi - DPCC",136,Moderately Polluted,PM10,100,1
2026-08-30T02:00:00+05:30,30-08-2026 02:00:00,"Nehru Nagar, Delhi - DPCC",135,Moderately Polluted,PM10,100,1
2026-08-30T02:00:00+05:30,30-08-2026 02:00:00,"Jahangirpuri, Delhi - DPCC",135,Moderately Polluted,PM10,100,1
2026-08-30T02:00:00+05:30,30-08-2026 02:00:00,"Ashok Vihar, Delhi - DPCC",131,Moderately Polluted,PM10,100,1
2026-08-30T02:00:00+05:30,30-08-2026 02:00:00,"Vivek Vihar, Delhi - DPCC",130,Moderately Polluted,PM10,100,1
2026-08-30T02:00:00+05:30,30-08-2026 02:00:00,"Okhla Phase-2, Delhi - DPCC",129,Moderately Polluted,PM10,100,1
2026-08-30T02:00:00+05:30,30-08-2026 02:00:00,"Punjabi Bagh, Delhi - DPCC",126,Moderately Polluted,PM10,100,1
2026-08-30T02:00:00+05:30,30-08-2026 02:00:00,"Sonia Vihar, Delhi - DPCC",123,Moderately Polluted,PM10,100,1
2026-08-30T02:00:00+05:30,30-08-2026 02:00:00,"North Campus, DU, Delhi - IITM",123,Moderately Polluted,PM10,100,1
2026-08-30T02:00:00+05:30,30-08-2026 02:00:00,"R K Puram, Delhi - DPCC",123,Moderately Polluted,PM10,100,1
2026-08-30T02:00:00+05:30,30-08-2026 02:00:00,"Patparganj, Delhi - DPCC",119,Moderately Polluted,PM10,100,1
2026-08-30T02:00:00+05:30,30-08-2026 02:00:00,"IGI Airport (T3), Delhi - IITM",118,Moderately Polluted,PM10,100,1
2026-08-30T02:00:00+05:30,30-08-2026 02:00:00,"Narela, Delhi - DPCC",115,Moderately Polluted,PM10,100,1
2026-08-30T02:00:00+05:30,30-08-2026 02:00:00,"Shadipur, Delhi - CPCB",113,Moderately Polluted,PM10,100,1
2026-08-30T02:00:00+05:30,30-08-2026 02:00:00,"Jawaharlal Nehru Stadium, Delhi - DPCC",112,Moderately Polluted,PM10,100,1
2026-08-30T02:00:00+05:30,30-08-2026 02:00:00,"Dr. Karni Singh Shooting Range, Delhi - DPCC",112,Moderately Polluted,PM10,100,1
2026-08-30T02:00:00+05:30,30-08-2026 02:00:00,"Sri Aurobindo Marg, Delhi - DPCC",109,Moderately Polluted,PM10,100,1
2026-08-30T02:00:00+05:30,30-08-2026 02:00:00,"IMD Lodhi Road, Delhi - IITM",109,Moderately Polluted,PM10,100,1
2026-08-30T02:00:00+05:30,30-08-2026 02:00:00,"Mandir Marg, Delhi - DPCC",106,Moderately Polluted,PM10,100,1
2026-08-30T02:00:00+05:30,30-08-2026 02:00:00,"Pusa, Delhi - IITM",105,Moderately Polluted,PM10,100,1
2026-08-30T02:00:00+05:30,30-08-2026 02:00:00,"IGNOU_Maidan Garhi, Delhi - DPCC",103,Moderately Polluted,PM10,100,1
2026-08-30T02:00:00+05:30,30-08-2026 02:00:00,"Commonwealth Sports Complex, Delhi - DPCC",103,Moderately Polluted,PM10,100,1
2026-08-30T02:00:00+05:30,30-08-2026 02:00:00,"Chandni Chowk, Delhi - IITM",103,Moderately Polluted,CO,100,1
2026-08-30T02:00:00+05:30,30-08-2026 02:00:00,"Major Dhyan Chand National Stadium, Delhi - DPCC",102,Moderately Polluted,PM10,100,1
2026-08-30T02:00:00+05:30,30-08-2026 02:00:00,"Burari Crossing, Delhi - IITM",98,Satisfactory,PM10,100,0
2026-08-30T02:00:00+05:30,30-08-2026 02:00:00,"Cantonment Area, Delhi - DPCC",97,Satisfactory,CO,100,0
2026-08-30T02:00:00+05:30,30-08-2026 02:00:00,"JNU, Delhi - DPCC",97,Satisfactory,PM10,100,0
2026-08-30T02:00:00+05:30,30-08-2026 02:00:00,"Talkatora Garden, Delhi - DPCC",95,Satisfactory,PM10,100,0
2026-08-30T02:00:00+05:30,30-08-2026 02:00:00,"IHBAS, Dilshad Garden, Delhi - CPCB",94,Satisfactory,PM10,100,0
2026-08-30T02:00:00+05:30,30-08-2026 02:00:00,"DTU, Delhi - CPCB",94,Satisfactory,PM10,100,0
2026-08-30T02:00:00+05:30,30-08-2026 02:00:00,"Najafgarh, Delhi - DPCC",93,Satisfactory,PM10,100,0
2026-08-30T02:00:00+05:30,30-08-2026 02:00:00,"NSUT Jaffarpur, Delhi - DPCC",92,Satisfactory,PM10,100,0
2026-08-30T02:00:00+05:30,30-08-2026 02:00:00,"Aya Nagar, Delhi - IITM",79,Satisfactory,PM10,100,0
2026-08-30T02:00:00+05:30,30-08-2026 02:00:00,"ITO, Delhi - CPCB",69,Satisfactory,CO,100,0
2026-08-30T02:00:00+05:30,30-08-2026 02:00:00,"Dwarka-Sector 8, Delhi - DPCC",43,Good,PM2.5,100,0
2026-08-30T02:00:00+05:30,30-08-2026 02:00:00,"Bawana, Delhi - DPCC",18,Good,OZONE,100,0
2026-08-30T03:00:00+05:30,30-08-2026 03:00:00,"Anand Vihar, Delhi - DPCC",426,Severe,PM10,100,1
2026-08-30T03:00:00+05:30,30-08-2026 03:00:00,"Dwarka-Sector 8, Delhi - DPCC",225,Poor,PM10,100,1
2026-08-30T03:00:00+05:30,30-08-2026 03:00:00,"Wazirpur, Delhi - DPCC",214,Poor,PM10,100,1
2026-08-30T03:00:00+05:30,30-08-2026 03:00:00,"NSIT Dwarka, Delhi - CPCB",159,Moderately Polluted,OZONE,100,1
2026-08-30T03:00:00+05:30,30-08-2026 03:00:00,"Mundka, Delhi - DPCC",155,Moderately Polluted,PM10,100,1
2026-08-30T03:00:00+05:30,30-08-2026 03:00:00,"IIT Delhi, Delhi - IITM",150,Moderately Polluted,PM10,100,1
2026-08-30T03:00:00+05:30,30-08-2026 03:00:00,"CRRI Mathura Road, Delhi - IITM",149,Moderately Polluted,PM10,100,1
2026-08-30T03:00:00+05:30,30-08-2026 03:00:00,"Rohini, Delhi - DPCC",147,Moderately Polluted,PM10,100,1
2026-08-30T03:00:00+05:30,30-08-2026 03:00:00,"Sirifort, Delhi - CPCB",142,Moderately Polluted,PM10,100,1
2026-08-30T03:00:00+05:30,30-08-2026 03:00:00,"Nehru Nagar, Delhi - DPCC",136,Moderately Polluted,PM10,100,1
2026-08-30T03:00:00+05:30,30-08-2026 03:00:00,"Pusa, Delhi - DPCC",135,Moderately Polluted,PM10,100,1
2026-08-30T03:00:00+05:30,30-08-2026 03:00:00,"Jahangirpuri, Delhi - DPCC",134,Moderately Polluted,PM10,100,1
2026-08-30T03:00:00+05:30,30-08-2026 03:00:00,"Vivek Vihar, Delhi - DPCC",131,Moderately Polluted,PM10,100,1
2026-08-30T03:00:00+05:30,30-08-2026 03:00:00,"Ashok Vihar, Delhi - DPCC",131,Moderately Polluted,PM10,100,1
2026-08-30T03:00:00+05:30,30-08-2026 03:00:00,"Okhla Phase-2, Delhi - DPCC",128,Moderately Polluted,PM10,100,1
2026-08-30T03:00:00+05:30,30-08-2026 03:00:00,"Punjabi Bagh, Delhi - DPCC",126,Moderately Polluted,PM10,100,1
2026-08-30T03:00:00+05:30,30-08-2026 03:00:00,"R K Puram, Delhi - DPCC",125,Moderately Polluted,PM10,100,1
2026-08-30T03:00:00+05:30,30-08-2026 03:00:00,"North Campus, DU, Delhi - IITM",124,Moderately Polluted,PM10,100,1
2026-08-30T03:00:00+05:30,30-08-2026 03:00:00,"Sonia Vihar, Delhi - DPCC",123,Moderately Polluted,PM10,100,1
2026-08-30T03:00:00+05:30,30-08-2026 03:00:00,"Patparganj, Delhi - DPCC",120,Moderately Polluted,PM10,100,1
2026-08-30T03:00:00+05:30,30-08-2026 03:00:00,"IGI Airport (T3), Delhi - IITM",118,Moderately Polluted,PM10,100,1
2026-08-30T03:00:00+05:30,30-08-2026 03:00:00,"Narela, Delhi - DPCC",114,Moderately Polluted,PM10,100,1
2026-08-30T03:00:00+05:30,30-08-2026 03:00:00,"Jawaharlal Nehru Stadium, Delhi - DPCC",113,Moderately Polluted,PM10,100,1
2026-08-30T03:00:00+05:30,30-08-2026 03:00:00,"Shadipur, Delhi - CPCB",112,Moderately Polluted,PM10,100,1
2026-08-30T03:00:00+05:30,30-08-2026 03:00:00,"Dr. Karni Singh Shooting Range, Delhi - DPCC",111,Moderately Polluted,PM10,100,1
2026-08-30T03:00:00+05:30,30-08-2026 03:00:00,"IMD Lodhi Road, Delhi - IITM",110,Moderately Polluted,PM10,100,1
2026-08-30T03:00:00+05:30,30-08-2026 03:00:00,"Sri Aurobindo Marg, Delhi - DPCC",109,Moderately Polluted,PM10,100,1
2026-08-30T03:00:00+05:30,30-08-2026 03:00:00,"Pusa, Delhi - IITM",106,Moderately Polluted,PM10,100,1
2026-08-30T03:00:00+05:30,30-08-2026 03:00:00,"Mandir Marg, Delhi - DPCC",105,Moderately Polluted,PM10,100,1
2026-08-30T03:00:00+05:30,30-08-2026 03:00:00,"Major Dhyan Chand National Stadium, Delhi - DPCC",103,Moderately Polluted,PM10,100,1
2026-08-30T03:00:00+05:30,30-08-2026 03:00:00,"IGNOU_Maidan Garhi, Delhi - DPCC",103,Moderately Polluted,PM10,100,1
2026-08-30T03:00:00+05:30,30-08-2026 03:00:00,"Commonwealth Sports Complex, Delhi - DPCC",103,Moderately Polluted,PM10,100,1
2026-08-30T03:00:00+05:30,30-08-2026 03:00:00,"Chandni Chowk, Delhi - IITM",102,Moderately Polluted,CO,100,1
2026-08-30T03:00:00+05:30,30-08-2026 03:00:00,"Cantonment Area, Delhi - DPCC",100,Satisfactory,CO,100,0
2026-08-30T03:00:00+05:30,30-08-2026 03:00:00,"Burari Crossing, Delhi - IITM",98,Satisfactory,PM10,100,0
2026-08-30T03:00:00+05:30,30-08-2026 03:00:00,"JNU, Delhi - DPCC",97,Satisfactory,PM10,100,0
2026-08-30T03:00:00+05:30,30-08-2026 03:00:00,"Talkatora Garden, Delhi - DPCC",95,Satisfactory,PM10,100,0
2026-08-30T03:00:00+05:30,30-08-2026 03:00:00,"IHBAS, Dilshad Garden, Delhi - CPCB",94,Satisfactory,PM10,100,0
2026-08-30T03:00:00+05:30,30-08-2026 03:00:00,"DTU, Delhi - CPCB",93,Satisfactory,PM10,100,0
2026-08-30T03:00:00+05:30,30-08-2026 03:00:00,"Najafgarh, Delhi - DPCC",93,Satisfactory,PM10,100,0
2026-08-30T03:00:00+05:30,30-08-2026 03:00:00,"NSUT Jaffarpur, Delhi - DPCC",92,Satisfactory,PM10,100,0
2026-08-30T03:00:00+05:30,30-08-2026 03:00:00,"Aya Nagar, Delhi - IITM",77,Satisfactory,PM10,100,0
2026-08-30T03:00:00+05:30,30-08-2026 03:00:00,"ITO, Delhi - CPCB",68,Satisfactory,CO,100,0
2026-08-30T03:00:00+05:30,30-08-2026 03:00:00,"Bawana, Delhi - DPCC",17,Good,OZONE,100,0
2026-08-30T04:00:00+05:30,30-08-2026 04:00:00,"Anand Vihar, Delhi - DPCC",424,Severe,PM10,100,1
2026-08-30T04:00:00+05:30,30-08-2026 04:00:00,"Dwarka-Sector 8, Delhi - DPCC",217,Poor,PM10,100,1
2026-08-30T04:00:00+05:30,30-08-2026 04:00:00,"Wazirpur, Delhi - DPCC",215,Poor,PM10,100,1
2026-08-30T04:00:00+05:30,30-08-2026 04:00:00,"NSIT Dwarka, Delhi - CPCB",157,Moderately Polluted,OZONE,100,1
2026-08-30T04:00:00+05:30,30-08-2026 04:00:00,"Mundka, Delhi - DPCC",156,Moderately Polluted,PM10,100,1
2026-08-30T04:00:00+05:30,30-08-2026 04:00:00,"IIT Delhi, Delhi - IITM",150,Moderately Polluted,PM10,100,1
2026-08-30T04:00:00+05:30,30-08-2026 04:00:00,"CRRI Mathura Road, Delhi - IITM",149,Moderately Polluted,PM10,100,1
2026-08-30T04:00:00+05:30,30-08-2026 04:00:00,"Rohini, Delhi - DPCC",148,Moderately Polluted,PM10,100,1
2026-08-30T04:00:00+05:30,30-08-2026 04:00:00,"Sirifort, Delhi - CPCB",141,Moderately Polluted,PM10,100,1
2026-08-30T04:00:00+05:30,30-08-2026 04:00:00,"Nehru Nagar, Delhi - DPCC",136,Moderately Polluted,PM10,100,1
2026-08-30T04:00:00+05:30,30-08-2026 04:00:00,"Jahangirpuri, Delhi - DPCC",134,Moderately Polluted,PM10,100,1
2026-08-30T04:00:00+05:30,30-08-2026 04:00:00,"Pusa, Delhi - DPCC",134,Moderately Polluted,PM10,100,1
2026-08-30T04:00:00+05:30,30-08-2026 04:00:00,"Ashok Vihar, Delhi - DPCC",131,Moderately Polluted,PM10,100,1
2026-08-30T04:00:00+05:30,30-08-2026 04:00:00,"Vivek Vihar, Delhi - DPCC",131,Moderately Polluted,PM10,100,1
2026-08-30T04:00:00+05:30,30-08-2026 04:00:00,"Okhla Phase-2, Delhi - DPCC",129,Moderately Polluted,PM10,100,1
2026-08-30T04:00:00+05:30,30-08-2026 04:00:00,"R K Puram, Delhi - DPCC",126,Moderately Polluted,PM10,100,1
2026-08-30T04:00:00+05:30,30-08-2026 04:00:00,"Punjabi Bagh, Delhi - DPCC",126,Moderately Polluted,PM10,100,1
2026-08-30T04:00:00+05:30,30-08-2026 04:00:00,"North Campus, DU, Delhi - IITM",124,Moderately Polluted,PM10,100,1
2026-08-30T04:00:00+05:30,30-08-2026 04:00:00,"Sonia Vihar, Delhi - DPCC",122,Moderately Polluted,PM10,100,1
2026-08-30T04:00:00+05:30,30-08-2026 04:00:00,"Patparganj, Delhi - DPCC",121,Moderately Polluted,PM10,100,1
2026-08-30T04:00:00+05:30,30-08-2026 04:00:00,"IGI Airport (T3), Delhi - IITM",118,Moderately Polluted,PM10,100,1
2026-08-30T04:00:00+05:30,30-08-2026 04:00:00,"Jawaharlal Nehru Stadium, Delhi - DPCC",114,Moderately Polluted,PM10,100,1
2026-08-30T04:00:00+05:30,30-08-2026 04:00:00,"Narela, Delhi - DPCC",113,Moderately Polluted,PM10,100,1
2026-08-30T04:00:00+05:30,30-08-2026 04:00:00,"IMD Lodhi Road, Delhi - IITM",111,Moderately Polluted,PM10,100,1
2026-08-30T04:00:00+05:30,30-08-2026 04:00:00,"Dr. Karni Singh Shooting Range, Delhi - DPCC",111,Moderately Polluted,PM10,100,1
2026-08-30T04:00:00+05:30,30-08-2026 04:00:00,"Shadipur, Delhi - CPCB",111,Moderately Polluted,PM10,100,1
2026-08-30T04:00:00+05:30,30-08-2026 04:00:00,"Sri Aurobindo Marg, Delhi - DPCC",110,Moderately Polluted,PM10,100,1
2026-08-30T04:00:00+05:30,30-08-2026 04:00:00,"Pusa, Delhi - IITM",106,Moderately Polluted,PM10,100,1
2026-08-30T04:00:00+05:30,30-08-2026 04:00:00,"Mandir Marg, Delhi - DPCC",106,Moderately Polluted,PM10,100,1
2026-08-30T04:00:00+05:30,30-08-2026 04:00:00,"Commonwealth Sports Complex, Delhi - DPCC",104,Moderately Polluted,PM10,100,1
2026-08-30T04:00:00+05:30,30-08-2026 04:00:00,"Major Dhyan Chand National Stadium, Delhi - DPCC",103,Moderately Polluted,PM10,100,1
2026-08-30T04:00:00+05:30,30-08-2026 04:00:00,"IGNOU_Maidan Garhi, Delhi - DPCC",103,Moderately Polluted,PM10,100,1
2026-08-30T04:00:00+05:30,30-08-2026 04:00:00,"Cantonment Area, Delhi - DPCC",100,Satisfactory,CO,100,0
2026-08-30T04:00:00+05:30,30-08-2026 04:00:00,"Chandni Chowk, Delhi - IITM",98,Satisfactory,CO,100,0
2026-08-30T04:00:00+05:30,30-08-2026 04:00:00,"Burari Crossing, Delhi - IITM",97,Satisfactory,PM10,100,0
2026-08-30T04:00:00+05:30,30-08-2026 04:00:00,"JNU, Delhi - DPCC",97,Satisfactory,PM10,100,0
2026-08-30T04:00:00+05:30,30-08-2026 04:00:00,"Talkatora Garden, Delhi - DPCC",95,Satisfactory,PM10,100,0
2026-08-30T04:00:00+05:30,30-08-2026 04:00:00,"IHBAS, Dilshad Garden, Delhi - CPCB",94,Satisfactory,PM10,100,0
2026-08-30T04:00:00+05:30,30-08-2026 04:00:00,"NSUT Jaffarpur, Delhi - DPCC",92,Satisfactory,PM10,100,0
2026-08-30T04:00:00+05:30,30-08-2026 04:00:00,"DTU, Delhi - CPCB",92,Satisfactory,PM10,100,0
2026-08-30T04:00:00+05:30,30-08-2026 04:00:00,"Najafgarh, Delhi - DPCC",91,Satisfactory,PM10,100,0
2026-08-30T04:00:00+05:30,30-08-2026 04:00:00,"Aya Nagar, Delhi - IITM",75,Satisfactory,PM10,100,0
2026-08-30T04:00:00+05:30,30-08-2026 04:00:00,"ITO, Delhi - CPCB",64,Satisfactory,CO,100,0
2026-08-30T04:00:00+05:30,30-08-2026 04:00:00,"Bawana, Delhi - DPCC",17,Good,OZONE,100,0
2026-08-30T05:00:00+05:30,30-08-2026 05:00:00,"Anand Vihar, Delhi - DPCC",421,Severe,PM10,100,1
2026-08-30T05:00:00+05:30,30-08-2026 05:00:00,"Wazirpur, Delhi - DPCC",215,Poor,PM10,100,1
2026-08-30T05:00:00+05:30,30-08-2026 05:00:00,"Dwarka-Sector 8, Delhi - DPCC",209,Poor,PM10,100,1
2026-08-30T05:00:00+05:30,30-08-2026 05:00:00,"NSIT Dwarka, Delhi - CPCB",162,Moderately Polluted,OZONE,100,1
2026-08-30T05:00:00+05:30,30-08-2026 05:00:00,"Mundka, Delhi - DPCC",155,Moderately Polluted,PM10,100,1
2026-08-30T05:00:00+05:30,30-08-2026 05:00:00,"IIT Delhi, Delhi - IITM",150,Moderately Polluted,PM10,100,1
2026-08-30T05:00:00+05:30,30-08-2026 05:00:00,"CRRI Mathura Road, Delhi - IITM",149,Moderately Polluted,PM10,100,1
2026-08-30T05:00:00+05:30,30-08-2026 05:00:00,"Rohini, Delhi - DPCC",147,Moderately Polluted,PM10,100,1
2026-08-30T05:00:00+05:30,30-08-2026 05:00:00,"Sirifort, Delhi - CPCB",141,Moderately Polluted,PM10,100,1
2026-08-30T05:00:00+05:30,30-08-2026 05:00:00,"Nehru Nagar, Delhi - DPCC",136,Moderately Polluted,PM10,100,1
2026-08-30T05:00:00+05:30,30-08-2026 05:00:00,"Jahangirpuri, Delhi - DPCC",134,Moderately Polluted,PM10,100,1
2026-08-30T05:00:00+05:30,30-08-2026 05:00:00,"Pusa, Delhi - DPCC",133,Moderately Polluted,PM10,100,1
2026-08-30T05:00:00+05:30,30-08-2026 05:00:00,"Vivek Vihar, Delhi - DPCC",131,Moderately Polluted,PM10,100,1
2026-08-30T05:00:00+05:30,30-08-2026 05:00:00,"Ashok Vihar, Delhi - DPCC",130,Moderately Polluted,PM10,100,1
2026-08-30T05:00:00+05:30,30-08-2026 05:00:00,"Okhla Phase-2, Delhi - DPCC",129,Moderately Polluted,PM10,100,1
2026-08-30T05:00:00+05:30,30-08-2026 05:00:00,"R K Puram, Delhi - DPCC",126,Moderately Polluted,PM10,100,1
2026-08-30T05:00:00+05:30,30-08-2026 05:00:00,"Punjabi Bagh, Delhi - DPCC",125,Moderately Polluted,PM10,100,1
2026-08-30T05:00:00+05:30,30-08-2026 05:00:00,"North Campus, DU, Delhi - IITM",124,Moderately Polluted,PM10,100,1
2026-08-30T05:00:00+05:30,30-08-2026 05:00:00,"Sonia Vihar, Delhi - DPCC",122,Moderately Polluted,PM10,100,1
2026-08-30T05:00:00+05:30,30-08-2026 05:00:00,"Patparganj, Delhi - DPCC",121,Moderately Polluted,PM10,100,1
2026-08-30T05:00:00+05:30,30-08-2026 05:00:00,"IGI Airport (T3), Delhi - IITM",118,Moderately Polluted,PM10,100,1
2026-08-30T05:00:00+05:30,30-08-2026 05:00:00,"Jawaharlal Nehru Stadium, Delhi - DPCC",114,Moderately Polluted,PM10,100,1
2026-08-30T05:00:00+05:30,30-08-2026 05:00:00,"Narela, Delhi - DPCC",113,Moderately Polluted,PM10,100,1
2026-08-30T05:00:00+05:30,30-08-2026 05:00:00,"IMD Lodhi Road, Delhi - IITM",111,Moderately Polluted,PM10,100,1
2026-08-30T05:00:00+05:30,30-08-2026 05:00:00,"Sri Aurobindo Marg, Delhi - DPCC",110,Moderately Polluted,PM10,100,1
2026-08-30T05:00:00+05:30,30-08-2026 05:00:00,"Dr. Karni Singh Shooting Range, Delhi - DPCC",110,Moderately Polluted,PM10,100,1
2026-08-30T05:00:00+05:30,30-08-2026 05:00:00,"Shadipur, Delhi - CPCB",110,Moderately Polluted,PM10,100,1
2026-08-30T05:00:00+05:30,30-08-2026 05:00:00,"Bawana, Delhi - DPCC",109,Moderately Polluted,PM10,100,1
2026-08-30T05:00:00+05:30,30-08-2026 05:00:00,"Mandir Marg, Delhi - DPCC",106,Moderately Polluted,PM10,100,1
2026-08-30T05:00:00+05:30,30-08-2026 05:00:00,"Pusa, Delhi - IITM",106,Moderately Polluted,PM10,100,1
2026-08-30T05:00:00+05:30,30-08-2026 05:00:00,"Commonwealth Sports Complex, Delhi - DPCC",105,Moderately Polluted,PM10,100,1
2026-08-30T05:00:00+05:30,30-08-2026 05:00:00,"IGNOU_Maidan Garhi, Delhi - DPCC",103,Moderately Polluted,PM10,100,1
2026-08-30T05:00:00+05:30,30-08-2026 05:00:00,"Major Dhyan Chand National Stadium, Delhi - DPCC",101,Moderately Polluted,PM10,100,1
2026-08-30T05:00:00+05:30,30-08-2026 05:00:00,"Cantonment Area, Delhi - DPCC",98,Satisfactory,CO,100,0
2026-08-30T05:00:00+05:30,30-08-2026 05:00:00,"JNU, Delhi - DPCC",97,Satisfactory,PM10,100,0
2026-08-30T05:00:00+05:30,30-08-2026 05:00:00,"Burari Crossing, Delhi - IITM",96,Satisfactory,PM10,100,0
2026-08-30T05:00:00+05:30,30-08-2026 05:00:00,"Talkatora Garden, Delhi - DPCC",95,Satisfactory,PM10,100,0
2026-08-30T05:00:00+05:30,30-08-2026 05:00:00,"IHBAS, Dilshad Garden, Delhi - CPCB",95,Satisfactory,PM10,100,0
2026-08-30T05:00:00+05:30,30-08-2026 05:00:00,"Chandni Chowk, Delhi - IITM",93,Satisfactory,CO,100,0
2026-08-30T05:00:00+05:30,30-08-2026 05:00:00,"NSUT Jaffarpur, Delhi - DPCC",93,Satisfactory,PM10,100,0
2026-08-30T05:00:00+05:30,30-08-2026 05:00:00,"DTU, Delhi - CPCB",92,Satisfactory,PM10,100,0
2026-08-30T05:00:00+05:30,30-08-2026 05:00:00,"Najafgarh, Delhi - DPCC",90,Satisfactory,PM10,100,0
2026-08-30T05:00:00+05:30,30-08-2026 05:00:00,"Aya Nagar, Delhi - IITM",73,Satisfactory,PM10,100,0
2026-08-30T05:00:00+05:30,30-08-2026 05:00:00,"ITO, Delhi - CPCB",58,Satisfactory,NO2,100,0
2026-08-30T09:00:00+05:30,30-08-2026 09:00:00,"Anand Vihar, Delhi - DPCC",408,Severe,PM10,100,1
2026-08-30T09:00:00+05:30,30-08-2026 09:00:00,"Wazirpur, Delhi - DPCC",216,Poor,PM10,100,1
2026-08-30T09:00:00+05:30,30-08-2026 09:00:00,"Dwarka-Sector 8, Delhi - DPCC",193,Moderately Polluted,PM10,100,1
2026-08-30T09:00:00+05:30,30-08-2026 09:00:00,"Mundka, Delhi - DPCC",154,Moderately Polluted,PM10,100,1
2026-08-30T09:00:00+05:30,30-08-2026 09:00:00,"CRRI Mathura Road, Delhi - IITM",149,Moderately Polluted,PM10,100,1
2026-08-30T09:00:00+05:30,30-08-2026 09:00:00,"IIT Delhi, Delhi - IITM",149,Moderately Polluted,PM10,100,1
2026-08-30T09:00:00+05:30,30-08-2026 09:00:00,"Rohini, Delhi - DPCC",146,Moderately Polluted,PM10,100,1
2026-08-30T09:00:00+05:30,30-08-2026 09:00:00,"Sirifort, Delhi - CPCB",140,Moderately Polluted,PM10,100,1
2026-08-30T09:00:00+05:30,30-08-2026 09:00:00,"Nehru Nagar, Delhi - DPCC",137,Moderately Polluted,PM10,100,1
2026-08-30T09:00:00+05:30,30-08-2026 09:00:00,"Pusa, Delhi - DPCC",134,Moderately Polluted,PM10,100,1
2026-08-30T09:00:00+05:30,30-08-2026 09:00:00,"Jahangirpuri, Delhi - DPCC",133,Moderately Polluted,PM10,100,1
2026-08-30T09:00:00+05:30,30-08-2026 09:00:00,"NSIT Dwarka, Delhi - CPCB",133,Moderately Polluted,OZONE,100,1
2026-08-30T09:00:00+05:30,30-08-2026 09:00:00,"Vivek Vihar, Delhi - DPCC",130,Moderately Polluted,PM10,100,1
2026-08-30T09:00:00+05:30,30-08-2026 09:00:00,"Ashok Vihar, Delhi - DPCC",130,Moderately Polluted,PM10,100,1
2026-08-30T09:00:00+05:30,30-08-2026 09:00:00,"Okhla Phase-2, Delhi - DPCC",128,Moderately Polluted,PM10,100,1
2026-08-30T09:00:00+05:30,30-08-2026 09:00:00,"R K Puram, Delhi - DPCC",127,Moderately Polluted,PM10,100,1
2026-08-30T09:00:00+05:30,30-08-2026 09:00:00,"Punjabi Bagh, Delhi - DPCC",123,Moderately Polluted,PM10,100,1
2026-08-30T09:00:00+05:30,30-08-2026 09:00:00,"North Campus, DU, Delhi - IITM",123,Moderately Polluted,PM10,100,1
2026-08-30T09:00:00+05:30,30-08-2026 09:00:00,"Sonia Vihar, Delhi - DPCC",121,Moderately Polluted,PM10,100,1
2026-08-30T09:00:00+05:30,30-08-2026 09:00:00,"Patparganj, Delhi - DPCC",120,Moderately Polluted,PM10,100,1
2026-08-30T09:00:00+05:30,30-08-2026 09:00:00,"IGI Airport (T3), Delhi - IITM",118,Moderately Polluted,PM10,100,1
2026-08-30T09:00:00+05:30,30-08-2026 09:00:00,"Jawaharlal Nehru Stadium, Delhi - DPCC",114,Moderately Polluted,PM10,100,1
2026-08-30T09:00:00+05:30,30-08-2026 09:00:00,"Narela, Delhi - DPCC",112,Moderately Polluted,PM10,100,1
2026-08-30T09:00:00+05:30,30-08-2026 09:00:00,"Sri Aurobindo Marg, Delhi - DPCC",111,Moderately Polluted,PM10,100,1
2026-08-30T09:00:00+05:30,30-08-2026 09:00:00,"IMD Lodhi Road, Delhi - IITM",111,Moderately Polluted,PM10,100,1
2026-08-30T09:00:00+05:30,30-08-2026 09:00:00,"Dr. Karni Singh Shooting Range, Delhi - DPCC",110,Moderately Polluted,PM10,100,1
2026-08-30T09:00:00+05:30,30-08-2026 09:00:00,"Shadipur, Delhi - CPCB",110,Moderately Polluted,PM10,100,1
2026-08-30T09:00:00+05:30,30-08-2026 09:00:00,"Commonwealth Sports Complex, Delhi - DPCC",107,Moderately Polluted,PM10,100,1
2026-08-30T09:00:00+05:30,30-08-2026 09:00:00,"Pusa, Delhi - IITM",107,Moderately Polluted,PM10,100,1
2026-08-30T09:00:00+05:30,30-08-2026 09:00:00,"Mandir Marg, Delhi - DPCC",107,Moderately Polluted,PM10,100,1
2026-08-30T09:00:00+05:30,30-08-2026 09:00:00,"IGNOU_Maidan Garhi, Delhi - DPCC",104,Moderately Polluted,PM10,100,1
2026-08-30T09:00:00+05:30,30-08-2026 09:00:00,"Bawana, Delhi - DPCC",102,Moderately Polluted,PM10,100,1
2026-08-30T09:00:00+05:30,30-08-2026 09:00:00,"Major Dhyan Chand National Stadium, Delhi - DPCC",99,Satisfactory,PM10,100,0
2026-08-30T09:00:00+05:30,30-08-2026 09:00:00,"JNU, Delhi - DPCC",99,Satisfactory,PM10,100,0
2026-08-30T09:00:00+05:30,30-08-2026 09:00:00,"Talkatora Garden, Delhi - DPCC",95,Satisfactory,PM10,100,0
2026-08-30T09:00:00+05:30,30-08-2026 09:00:00,"Burari Crossing, Delhi - IITM",94,Satisfactory,PM10,100,0
2026-08-30T09:00:00+05:30,30-08-2026 09:00:00,"IHBAS, Dilshad Garden, Delhi - CPCB",94,Satisfactory,PM10,100,0
2026-08-30T09:00:00+05:30,30-08-2026 09:00:00,"NSUT Jaffarpur, Delhi - DPCC",92,Satisfactory,PM10,100,0
2026-08-30T09:00:00+05:30,30-08-2026 09:00:00,"Cantonment Area, Delhi - DPCC",92,Satisfactory,CO,100,0
2026-08-30T09:00:00+05:30,30-08-2026 09:00:00,"DTU, Delhi - CPCB",90,Satisfactory,PM10,100,0
2026-08-30T09:00:00+05:30,30-08-2026 09:00:00,"Chandni Chowk, Delhi - IITM",88,Satisfactory,PM10,100,0
2026-08-30T09:00:00+05:30,30-08-2026 09:00:00,"Najafgarh, Delhi - DPCC",86,Satisfactory,PM10,100,0
2026-08-30T09:00:00+05:30,30-08-2026 09:00:00,"Aya Nagar, Delhi - IITM",70,Satisfactory,PM10,100,0
2026-08-30T09:00:00+05:30,30-08-2026 09:00:00,"ITO, Delhi - CPCB",61,Satisfactory,NO2,100,0
2026-08-30T10:00:00+05:30,30-08-2026 10:00:00,"Anand Vihar, Delhi - DPCC",407,Severe,PM10,100,1
2026-08-30T10:00:00+05:30,30-08-2026 10:00:00,"Wazirpur, Delhi - DPCC",218,Poor,PM10,100,1
2026-08-30T10:00:00+05:30,30-08-2026 10:00:00,"Dwarka-Sector 8, Delhi - DPCC",190,Moderately Polluted,PM10,100,1
2026-08-30T10:00:00+05:30,30-08-2026 10:00:00,"Mundka, Delhi - DPCC",155,Moderately Polluted,PM10,100,1
2026-08-30T10:00:00+05:30,30-08-2026 10:00:00,"IIT Delhi, Delhi - IITM",149,Moderately Polluted,PM10,100,1
2026-08-30T10:00:00+05:30,30-08-2026 10:00:00,"CRRI Mathura Road, Delhi - IITM",149,Moderately Polluted,PM10,100,1
2026-08-30T10:00:00+05:30,30-08-2026 10:00:00,"Rohini, Delhi - DPCC",145,Moderately Polluted,PM10,100,1
2026-08-30T10:00:00+05:30,30-08-2026 10:00:00,"Sirifort, Delhi - CPCB",140,Moderately Polluted,PM10,100,1
2026-08-30T10:00:00+05:30,30-08-2026 10:00:00,"Nehru Nagar, Delhi - DPCC",137,Moderately Polluted,PM10,100,1
2026-08-30T10:00:00+05:30,30-08-2026 10:00:00,"Pusa, Delhi - DPCC",134,Moderately Polluted,PM10,100,1
2026-08-30T10:00:00+05:30,30-08-2026 10:00:00,"Jahangirpuri, Delhi - DPCC",133,Moderately Polluted,PM10,100,1
2026-08-30T10:00:00+05:30,30-08-2026 10:00:00,"Vivek Vihar, Delhi - DPCC",130,Moderately Polluted,PM10,100,1
2026-08-30T10:00:00+05:30,30-08-2026 10:00:00,"Ashok Vihar, Delhi - DPCC",130,Moderately Polluted,PM10,100,1
2026-08-30T10:00:00+05:30,30-08-2026 10:00:00,"NSIT Dwarka, Delhi - CPCB",129,Moderately Polluted,OZONE,100,1
2026-08-30T10:00:00+05:30,30-08-2026 10:00:00,"Okhla Phase-2, Delhi - DPCC",128,Moderately Polluted,PM10,100,1
2026-08-30T10:00:00+05:30,30-08-2026 10:00:00,"R K Puram, Delhi - DPCC",127,Moderately Polluted,PM10,100,1
2026-08-30T10:00:00+05:30,30-08-2026 10:00:00,"North Campus, DU, Delhi - IITM",124,Moderately Polluted,PM10,100,1
2026-08-30T10:00:00+05:30,30-08-2026 10:00:00,"Punjabi Bagh, Delhi - DPCC",123,Moderately Polluted,PM10,100,1
2026-08-30T10:00:00+05:30,30-08-2026 10:00:00,"Sonia Vihar, Delhi - DPCC",121,Moderately Polluted,PM10,100,1
2026-08-30T10:00:00+05:30,30-08-2026 10:00:00,"Patparganj, Delhi - DPCC",120,Moderately Polluted,PM10,100,1
2026-08-30T10:00:00+05:30,30-08-2026 10:00:00,"IGI Airport (T3), Delhi - IITM",118,Moderately Polluted,PM10,100,1
2026-08-30T10:00:00+05:30,30-08-2026 10:00:00,"Jawaharlal Nehru Stadium, Delhi - DPCC",114,Moderately Polluted,PM10,100,1
2026-08-30T10:00:00+05:30,30-08-2026 10:00:00,"Sri Aurobindo Marg, Delhi - DPCC",113,Moderately Polluted,PM10,100,1
2026-08-30T10:00:00+05:30,30-08-2026 10:00:00,"IMD Lodhi Road, Delhi - IITM",112,Moderately Polluted,PM10,100,1
2026-08-30T10:00:00+05:30,30-08-2026 10:00:00,"Dr. Karni Singh Shooting Range, Delhi - DPCC",111,Moderately Polluted,PM10,100,1
2026-08-30T10:00:00+05:30,30-08-2026 10:00:00,"Narela, Delhi - DPCC",111,Moderately Polluted,PM10,100,1
2026-08-30T10:00:00+05:30,30-08-2026 10:00:00,"Shadipur, Delhi - CPCB",110,Moderately Polluted,PM10,100,1
2026-08-30T10:00:00+05:30,30-08-2026 10:00:00,"Commonwealth Sports Complex, Delhi - DPCC",108,Moderately Polluted,PM10,100,1
2026-08-30T10:00:00+05:30,30-08-2026 10:00:00,"Pusa, Delhi - IITM",108,Moderately Polluted,PM10,100,1
2026-08-30T10:00:00+05:30,30-08-2026 10:00:00,"Mandir Marg, Delhi - DPCC",107,Moderately Polluted,PM10,100,1
2026-08-30T10:00:00+05:30,30-08-2026 10:00:00,"IGNOU_Maidan Garhi, Delhi - DPCC",104,Moderately Polluted,PM10,100,1
2026-08-30T10:00:00+05:30,30-08-2026 10:00:00,"Bawana, Delhi - DPCC",101,Moderately Polluted,PM10,100,1
2026-08-30T10:00:00+05:30,30-08-2026 10:00:00,"JNU, Delhi - DPCC",99,Satisfactory,PM10,100,0
2026-08-30T10:00:00+05:30,30-08-2026 10:00:00,"Major Dhyan Chand National Stadium, Delhi - DPCC",98,Satisfactory,PM10,100,0
2026-08-30T10:00:00+05:30,30-08-2026 10:00:00,"Burari Crossing, Delhi - IITM",97,Satisfactory,PM10,100,0
2026-08-30T10:00:00+05:30,30-08-2026 10:00:00,"Talkatora Garden, Delhi - DPCC",95,Satisfactory,PM10,100,0
2026-08-30T10:00:00+05:30,30-08-2026 10:00:00,"IHBAS, Dilshad Garden, Delhi - CPCB",94,Satisfactory,PM10,100,0
2026-08-30T10:00:00+05:30,30-08-2026 10:00:00,"NSUT Jaffarpur, Delhi - DPCC",92,Satisfactory,PM10,100,0
2026-08-30T10:00:00+05:30,30-08-2026 10:00:00,"Cantonment Area, Delhi - DPCC",91,Satisfactory,CO,100,0
2026-08-30T10:00:00+05:30,30-08-2026 10:00:00,"DTU, Delhi - CPCB",91,Satisfactory,PM10,100,0
2026-08-30T10:00:00+05:30,30-08-2026 10:00:00,"Chandni Chowk, Delhi - IITM",91,Satisfactory,PM10,100,0
2026-08-30T10:00:00+05:30,30-08-2026 10:00:00,"Najafgarh, Delhi - DPCC",86,Satisfactory,PM10,100,0
2026-08-30T10:00:00+05:30,30-08-2026 10:00:00,"Aya Nagar, Delhi - IITM",71,Satisfactory,PM10,100,0
2026-08-30T10:00:00+05:30,30-08-2026 10:00:00,"ITO, Delhi - CPCB",63,Satisfactory,NO2,100,0
2026-08-30T11:00:00+05:30,30-08-2026 11:00:00,"Anand Vihar, Delhi - DPCC",405,Severe,PM10,100,1
2026-08-30T11:00:00+05:30,30-08-2026 11:00:00,"Wazirpur, Delhi - DPCC",220,Poor,PM10,100,1
2026-08-30T11:00:00+05:30,30-08-2026 11:00:00,"Dwarka-Sector 8, Delhi - DPCC",190,Moderately Polluted,PM10,100,1
2026-08-30T11:00:00+05:30,30-08-2026 11:00:00,"Mundka, Delhi - DPCC",155,Moderately Polluted,PM10,100,1
2026-08-30T11:00:00+05:30,30-08-2026 11:00:00,"IIT Delhi, Delhi - IITM",149,Moderately Polluted,PM10,100,1
2026-08-30T11:00:00+05:30,30-08-2026 11:00:00,"CRRI Mathura Road, Delhi - IITM",149,Moderately Polluted,PM10,100,1
2026-08-30T11:00:00+05:30,30-08-2026 11:00:00,"Rohini, Delhi - DPCC",145,Moderately Polluted,PM10,100,1
2026-08-30T11:00:00+05:30,30-08-2026 11:00:00,"Sirifort, Delhi - CPCB",141,Moderately Polluted,PM10,100,1
2026-08-30T11:00:00+05:30,30-08-2026 11:00:00,"Nehru Nagar, Delhi - DPCC",139,Moderately Polluted,PM10,100,1
2026-08-30T11:00:00+05:30,30-08-2026 11:00:00,"Jahangirpuri, Delhi - DPCC",134,Moderately Polluted,PM10,100,1
2026-08-30T11:00:00+05:30,30-08-2026 11:00:00,"Pusa, Delhi - DPCC",133,Moderately Polluted,PM10,100,1
2026-08-30T11:00:00+05:30,30-08-2026 11:00:00,"Vivek Vihar, Delhi - DPCC",131,Moderately Polluted,PM10,100,1
2026-08-30T11:00:00+05:30,30-08-2026 11:00:00,"Ashok Vihar, Delhi - DPCC",131,Moderately Polluted,PM10,100,1
2026-08-30T11:00:00+05:30,30-08-2026 11:00:00,"Okhla Phase-2, Delhi - DPCC",128,Moderately Polluted,PM10,100,1
2026-08-30T11:00:00+05:30,30-08-2026 11:00:00,"R K Puram, Delhi - DPCC",128,Moderately Polluted,PM10,100,1
2026-08-30T11:00:00+05:30,30-08-2026 11:00:00,"North Campus, DU, Delhi - IITM",124,Moderately Polluted,PM10,100,1
2026-08-30T11:00:00+05:30,30-08-2026 11:00:00,"Punjabi Bagh, Delhi - DPCC",123,Moderately Polluted,PM10,100,1
2026-08-30T11:00:00+05:30,30-08-2026 11:00:00,"Sonia Vihar, Delhi - DPCC",121,Moderately Polluted,PM10,100,1
2026-08-30T11:00:00+05:30,30-08-2026 11:00:00,"Patparganj, Delhi - DPCC",120,Moderately Polluted,PM10,100,1
2026-08-30T11:00:00+05:30,30-08-2026 11:00:00,"IGI Airport (T3), Delhi - IITM",118,Moderately Polluted,PM10,100,1
2026-08-30T11:00:00+05:30,30-08-2026 11:00:00,"NSIT Dwarka, Delhi - CPCB",117,Moderately Polluted,CO,100,1
2026-08-30T11:00:00+05:30,30-08-2026 11:00:00,"Sri Aurobindo Marg, Delhi - DPCC",114,Moderately Polluted,PM10,100,1
2026-08-30T11:00:00+05:30,30-08-2026 11:00:00,"Jawaharlal Nehru Stadium, Delhi - DPCC",114,Moderately Polluted,PM10,100,1
2026-08-30T11:00:00+05:30,30-08-2026 11:00:00,"IMD Lodhi Road, Delhi - IITM",113,Moderately Polluted,PM10,100,1
2026-08-30T11:00:00+05:30,30-08-2026 11:00:00,"Narela, Delhi - DPCC",112,Moderately Polluted,PM10,100,1
2026-08-30T11:00:00+05:30,30-08-2026 11:00:00,"Dr. Karni Singh Shooting Range, Delhi - DPCC",111,Moderately Polluted,PM10,100,1
2026-08-30T11:00:00+05:30,30-08-2026 11:00:00,"Shadipur, Delhi - CPCB",111,Moderately Polluted,PM10,100,1
2026-08-30T11:00:00+05:30,30-08-2026 11:00:00,"Commonwealth Sports Complex, Delhi - DPCC",108,Moderately Polluted,PM10,100,1
2026-08-30T11:00:00+05:30,30-08-2026 11:00:00,"Pusa, Delhi - IITM",108,Moderately Polluted,PM10,100,1
2026-08-30T11:00:00+05:30,30-08-2026 11:00:00,"Mandir Marg, Delhi - DPCC",107,Moderately Polluted,PM10,100,1
2026-08-30T11:00:00+05:30,30-08-2026 11:00:00,"IGNOU_Maidan Garhi, Delhi - DPCC",105,Moderately Polluted,PM10,100,1
2026-08-30T11:00:00+05:30,30-08-2026 11:00:00,"Bawana, Delhi - DPCC",101,Moderately Polluted,PM10,100,1
2026-08-30T11:00:00+05:30,30-08-2026 11:00:00,"Burari Crossing, Delhi - IITM",101,Moderately Polluted,PM10,100,1
2026-08-30T11:00:00+05:30,30-08-2026 11:00:00,"JNU, Delhi - DPCC",100,Satisfactory,PM10,100,0
2026-08-30T11:00:00+05:30,30-08-2026 11:00:00,"Major Dhyan Chand National Stadium, Delhi - DPCC",98,Satisfactory,PM10,100,0
2026-08-30T11:00:00+05:30,30-08-2026 11:00:00,"Talkatora Garden, Delhi - DPCC",95,Satisfactory,PM10,100,0
2026-08-30T11:00:00+05:30,30-08-2026 11:00:00,"IHBAS, Dilshad Garden, Delhi - CPCB",93,Satisfactory,PM10,100,0
2026-08-30T11:00:00+05:30,30-08-2026 11:00:00,"Chandni Chowk, Delhi - IITM",93,Satisfactory,PM10,100,0
2026-08-30T11:00:00+05:30,30-08-2026 11:00:00,"NSUT Jaffarpur, Delhi - DPCC",92,Satisfactory,PM10,100,0
2026-08-30T11:00:00+05:30,30-08-2026 11:00:00,"DTU, Delhi - CPCB",91,Satisfactory,PM10,100,0
2026-08-30T11:00:00+05:30,30-08-2026 11:00:00,"Cantonment Area, Delhi - DPCC",89,Satisfactory,CO,100,0
2026-08-30T11:00:00+05:30,30-08-2026 11:00:00,"Najafgarh, Delhi - DPCC",86,Satisfactory,PM10,100,0
2026-08-30T11:00:00+05:30,30-08-2026 11:00:00,"Aya Nagar, Delhi - IITM",72,Satisfactory,PM10,100,0
2026-08-30T11:00:00+05:30,30-08-2026 11:00:00,"ITO, Delhi - CPCB",64,Satisfactory,NO2,100,0
2026-08-30T12:00:00+05:30,30-08-2026 12:00:00,"Anand Vihar, Delhi - DPCC",404,Severe,PM10,100,1
2026-08-30T12:00:00+05:30,30-08-2026 12:00:00,"Wazirpur, Delhi - DPCC",221,Poor,PM10,100,1
2026-08-30T12:00:00+05:30,30-08-2026 12:00:00,"Dwarka-Sector 8, Delhi - DPCC",190,Moderately Polluted,PM10,100,1
2026-08-30T12:00:00+05:30,30-08-2026 12:00:00,"Mundka, Delhi - DPCC",156,Moderately Polluted,PM10,100,1
2026-08-30T12:00:00+05:30,30-08-2026 12:00:00,"IIT Delhi, Delhi - IITM",149,Moderately Polluted,PM10,100,1
2026-08-30T12:00:00+05:30,30-08-2026 12:00:00,"CRRI Mathura Road, Delhi - IITM",149,Moderately Polluted,PM10,100,1
2026-08-30T12:00:00+05:30,30-08-2026 12:00:00,"Rohini, Delhi - DPCC",145,Moderately Polluted,PM10,100,1
2026-08-30T12:00:00+05:30,30-08-2026 12:00:00,"Sirifort, Delhi - CPCB",141,Moderately Polluted,PM10,100,1
2026-08-30T12:00:00+05:30,30-08-2026 12:00:00,"Nehru Nagar, Delhi - DPCC",139,Moderately Polluted,PM10,100,1
2026-08-30T12:00:00+05:30,30-08-2026 12:00:00,"Jahangirpuri, Delhi - DPCC",134,Moderately Polluted,PM10,100,1
2026-08-30T12:00:00+05:30,30-08-2026 12:00:00,"Pusa, Delhi - DPCC",133,Moderately Polluted,PM10,100,1
2026-08-30T12:00:00+05:30,30-08-2026 12:00:00,"Ashok Vihar, Delhi - DPCC",132,Moderately Polluted,PM10,100,1
2026-08-30T12:00:00+05:30,30-08-2026 12:00:00,"Vivek Vihar, Delhi - DPCC",131,Moderately Polluted,PM10,100,1
2026-08-30T12:00:00+05:30,30-08-2026 12:00:00,"Okhla Phase-2, Delhi - DPCC",128,Moderately Polluted,PM10,100,1
2026-08-30T12:00:00+05:30,30-08-2026 12:00:00,"R K Puram, Delhi - DPCC",128,Moderately Polluted,PM10,100,1
2026-08-30T12:00:00+05:30,30-08-2026 12:00:00,"North Campus, DU, Delhi - IITM",124,Moderately Polluted,PM10,100,1
2026-08-30T12:00:00+05:30,30-08-2026 12:00:00,"Punjabi Bagh, Delhi - DPCC",123,Moderately Polluted,PM10,100,1
2026-08-30T12:00:00+05:30,30-08-2026 12:00:00,"Sonia Vihar, Delhi - DPCC",121,Moderately Polluted,PM10,100,1
2026-08-30T12:00:00+05:30,30-08-2026 12:00:00,"NSIT Dwarka, Delhi - CPCB",120,Moderately Polluted,CO,100,1
2026-08-30T12:00:00+05:30,30-08-2026 12:00:00,"Patparganj, Delhi - DPCC",120,Moderately Polluted,PM10,100,1
2026-08-30T12:00:00+05:30,30-08-2026 12:00:00,"IGI Airport (T3), Delhi - IITM",119,Moderately Polluted,PM10,100,1
2026-08-30T12:00:00+05:30,30-08-2026 12:00:00,"Jawaharlal Nehru Stadium, Delhi - DPCC",115,Moderately Polluted,PM10,100,1
2026-08-30T12:00:00+05:30,30-08-2026 12:00:00,"Sri Aurobindo Marg, Delhi - DPCC",114,Moderately Polluted,PM10,100,1
2026-08-30T12:00:00+05:30,30-08-2026 12:00:00,"IMD Lodhi Road, Delhi - IITM",113,Moderately Polluted,PM10,100,1
2026-08-30T12:00:00+05:30,30-08-2026 12:00:00,"Narela, Delhi - DPCC",112,Moderately Polluted,PM10,100,1
2026-08-30T12:00:00+05:30,30-08-2026 12:00:00,"Dr. Karni Singh Shooting Range, Delhi - DPCC",112,Moderately Polluted,PM10,100,1
2026-08-30T12:00:00+05:30,30-08-2026 12:00:00,"Shadipur, Delhi - CPCB",111,Moderately Polluted,PM10,100,1
2026-08-30T12:00:00+05:30,30-08-2026 12:00:00,"Commonwealth Sports Complex, Delhi - DPCC",108,Moderately Polluted,PM10,100,1
2026-08-30T12:00:00+05:30,30-08-2026 12:00:00,"Pusa, Delhi - IITM",108,Moderately Polluted,PM10,100,1
2026-08-30T12:00:00+05:30,30-08-2026 12:00:00,"Mandir Marg, Delhi - DPCC",108,Moderately Polluted,PM10,100,1
2026-08-30T12:00:00+05:30,30-08-2026 12:00:00,"IGNOU_Maidan Garhi, Delhi - DPCC",105,Moderately Polluted,PM10,100,1
2026-08-30T12:00:00+05:30,30-08-2026 12:00:00,"Bawana, Delhi - DPCC",102,Moderately Polluted,PM10,100,1
2026-08-30T12:00:00+05:30,30-08-2026 12:00:00,"Burari Crossing, Delhi - IITM",101,Moderately Polluted,PM10,100,1
2026-08-30T12:00:00+05:30,30-08-2026 12:00:00,"JNU, Delhi - DPCC",100,Satisfactory,PM10,100,0
2026-08-30T12:00:00+05:30,30-08-2026 12:00:00,"Major Dhyan Chand National Stadium, Delhi - DPCC",98,Satisfactory,PM10,100,0
2026-08-30T12:00:00+05:30,30-08-2026 12:00:00,"Talkatora Garden, Delhi - DPCC",96,Satisfactory,PM10,100,0
2026-08-30T12:00:00+05:30,30-08-2026 12:00:00,"Chandni Chowk, Delhi - IITM",94,Satisfactory,PM10,100,0
2026-08-30T12:00:00+05:30,30-08-2026 12:00:00,"NSUT Jaffarpur, Delhi - DPCC",93,Satisfactory,PM10,100,0
2026-08-30T12:00:00+05:30,30-08-2026 12:00:00,"IHBAS, Dilshad Garden, Delhi - CPCB",93,Satisfactory,PM10,100,0
2026-08-30T12:00:00+05:30,30-08-2026 12:00:00,"DTU, Delhi - CPCB",92,Satisfactory,PM10,100,0
2026-08-30T12:00:00+05:30,30-08-2026 12:00:00,"Cantonment Area, Delhi - DPCC",88,Satisfactory,CO,100,0
2026-08-30T12:00:00+05:30,30-08-2026 12:00:00,"Najafgarh, Delhi - DPCC",86,Satisfactory,PM10,100,0
2026-08-30T12:00:00+05:30,30-08-2026 12:00:00,"Aya Nagar, Delhi - IITM",71,Satisfactory,PM10,100,0
2026-08-30T12:00:00+05:30,30-08-2026 12:00:00,"ITO, Delhi - CPCB",63,Satisfactory,NO2,100,0
2026-08-30T13:00:00+05:30,30-08-2026 13:00:00,"Anand Vihar, Delhi - DPCC",407,Severe,PM10,100,1
2026-08-30T13:00:00+05:30,30-08-2026 13:00:00,"Wazirpur, Delhi - DPCC",219,Poor,PM10,100,1
2026-08-30T13:00:00+05:30,30-08-2026 13:00:00,"Dwarka-Sector 8, Delhi - DPCC",189,Moderately Polluted,PM10,100,1
2026-08-30T13:00:00+05:30,30-08-2026 13:00:00,"Mundka, Delhi - DPCC",156,Moderately Polluted,PM10,100,1
2026-08-30T13:00:00+05:30,30-08-2026 13:00:00,"CRRI Mathura Road, Delhi - IITM",150,Moderately Polluted,PM10,100,1
2026-08-30T13:00:00+05:30,30-08-2026 13:00:00,"IIT Delhi, Delhi - IITM",149,Moderately Polluted,PM10,100,1
2026-08-30T13:00:00+05:30,30-08-2026 13:00:00,"Rohini, Delhi - DPCC",146,Moderately Polluted,PM10,100,1
2026-08-30T13:00:00+05:30,30-08-2026 13:00:00,"Sirifort, Delhi - CPCB",142,Moderately Polluted,PM10,100,1
2026-08-30T13:00:00+05:30,30-08-2026 13:00:00,"Nehru Nagar, Delhi - DPCC",140,Moderately Polluted,PM10,100,1
2026-08-30T13:00:00+05:30,30-08-2026 13:00:00,"Jahangirpuri, Delhi - DPCC",135,Moderately Polluted,PM10,100,1
2026-08-30T13:00:00+05:30,30-08-2026 13:00:00,"Pusa, Delhi - DPCC",133,Moderately Polluted,PM10,100,1
2026-08-30T13:00:00+05:30,30-08-2026 13:00:00,"Vivek Vihar, Delhi - DPCC",132,Moderately Polluted,PM10,100,1
2026-08-30T13:00:00+05:30,30-08-2026 13:00:00,"Ashok Vihar, Delhi - DPCC",132,Moderately Polluted,PM10,100,1
2026-08-30T13:00:00+05:30,30-08-2026 13:00:00,"Okhla Phase-2, Delhi - DPCC",128,Moderately Polluted,PM10,100,1
2026-08-30T13:00:00+05:30,30-08-2026 13:00:00,"R K Puram, Delhi - DPCC",128,Moderately Polluted,PM10,100,1
2026-08-30T13:00:00+05:30,30-08-2026 13:00:00,"NSIT Dwarka, Delhi - CPCB",125,Moderately Polluted,CO,100,1
2026-08-30T13:00:00+05:30,30-08-2026 13:00:00,"North Campus, DU, Delhi - IITM",124,Moderately Polluted,PM10,100,1
2026-08-30T13:00:00+05:30,30-08-2026 13:00:00,"Punjabi Bagh, Delhi - DPCC",124,Moderately Polluted,PM10,100,1
2026-08-30T13:00:00+05:30,30-08-2026 13:00:00,"Patparganj, Delhi - DPCC",122,Moderately Polluted,PM10,100,1
2026-08-30T13:00:00+05:30,30-08-2026 13:00:00,"Sonia Vihar, Delhi - DPCC",121,Moderately Polluted,PM10,100,1
2026-08-30T13:00:00+05:30,30-08-2026 13:00:00,"IGI Airport (T3), Delhi - IITM",119,Moderately Polluted,PM10,100,1
2026-08-30T13:00:00+05:30,30-08-2026 13:00:00,"Jawaharlal Nehru Stadium, Delhi - DPCC",116,Moderately Polluted,PM10,100,1
2026-08-30T13:00:00+05:30,30-08-2026 13:00:00,"Sri Aurobindo Marg, Delhi - DPCC",115,Moderately Polluted,PM10,100,1
2026-08-30T13:00:00+05:30,30-08-2026 13:00:00,"Narela, Delhi - DPCC",113,Moderately Polluted,PM10,100,1
2026-08-30T13:00:00+05:30,30-08-2026 13:00:00,"Dr. Karni Singh Shooting Range, Delhi - DPCC",113,Moderately Polluted,PM10,100,1
2026-08-30T13:00:00+05:30,30-08-2026 13:00:00,"IMD Lodhi Road, Delhi - IITM",113,Moderately Polluted,PM10,100,1
2026-08-30T13:00:00+05:30,30-08-2026 13:00:00,"Shadipur, Delhi - CPCB",113,Moderately Polluted,PM10,100,1
2026-08-30T13:00:00+05:30,30-08-2026 13:00:00,"Mandir Marg, Delhi - DPCC",108,Moderately Polluted,PM10,100,1
2026-08-30T13:00:00+05:30,30-08-2026 13:00:00,"Commonwealth Sports Complex, Delhi - DPCC",108,Moderately Polluted,PM10,100,1
2026-08-30T13:00:00+05:30,30-08-2026 13:00:00,"Pusa, Delhi - IITM",107,Moderately Polluted,PM10,100,1
2026-08-30T13:00:00+05:30,30-08-2026 13:00:00,"IGNOU_Maidan Garhi, Delhi - DPCC",106,Moderately Polluted,PM10,100,1
2026-08-30T13:00:00+05:30,30-08-2026 13:00:00,"Bawana, Delhi - DPCC",102,Moderately Polluted,PM10,100,1
2026-08-30T13:00:00+05:30,30-08-2026 13:00:00,"Burari Crossing, Delhi - IITM",102,Moderately Polluted,PM10,100,1
2026-08-30T13:00:00+05:30,30-08-2026 13:00:00,"JNU, Delhi - DPCC",101,Moderately Polluted,PM10,100,1
2026-08-30T13:00:00+05:30,30-08-2026 13:00:00,"Major Dhyan Chand National Stadium, Delhi - DPCC",99,Satisfactory,PM10,100,0
2026-08-30T13:00:00+05:30,30-08-2026 13:00:00,"Talkatora Garden, Delhi - DPCC",97,Satisfactory,PM10,100,0
2026-08-30T13:00:00+05:30,30-08-2026 13:00:00,"Chandni Chowk, Delhi - IITM",95,Satisfactory,PM10,100,0
2026-08-30T13:00:00+05:30,30-08-2026 13:00:00,"IHBAS, Dilshad Garden, Delhi - CPCB",94,Satisfactory,PM10,100,0
2026-08-30T13:00:00+05:30,30-08-2026 13:00:00,"NSUT Jaffarpur, Delhi - DPCC",94,Satisfactory,PM10,100,0
2026-08-30T13:00:00+05:30,30-08-2026 13:00:00,"DTU, Delhi - CPCB",93,Satisfactory,PM10,100,0
2026-08-30T13:00:00+05:30,30-08-2026 13:00:00,"Cantonment Area, Delhi - DPCC",89,Satisfactory,CO,100,0
2026-08-30T13:00:00+05:30,30-08-2026 13:00:00,"Najafgarh, Delhi - DPCC",87,Satisfactory,PM10,100,0
2026-08-30T13:00:00+05:30,30-08-2026 13:00:00,"Aya Nagar, Delhi - IITM",70,Satisfactory,PM10,100,0
2026-08-30T13:00:00+05:30,30-08-2026 13:00:00,"ITO, Delhi - CPCB",64,Satisfactory,NO2,100,0
2026-08-30T14:00:00+05:30,30-08-2026 14:00:00,"Anand Vihar, Delhi - DPCC",415,Severe,PM10,100,1
2026-08-30T14:00:00+05:30,30-08-2026 14:00:00,"Wazirpur, Delhi - DPCC",226,Poor,PM10,100,1
2026-08-30T14:00:00+05:30,30-08-2026 14:00:00,"Dwarka-Sector 8, Delhi - DPCC",191,Moderately Polluted,PM10,100,1
2026-08-30T14:00:00+05:30,30-08-2026 14:00:00,"Mundka, Delhi - DPCC",157,Moderately Polluted,PM10,100,1
2026-08-30T14:00:00+05:30,30-08-2026 14:00:00,"CRRI Mathura Road, Delhi - IITM",151,Moderately Polluted,PM10,100,1
2026-08-30T14:00:00+05:30,30-08-2026 14:00:00,"IIT Delhi, Delhi - IITM",150,Moderately Polluted,PM10,100,1
2026-08-30T14:00:00+05:30,30-08-2026 14:00:00,"Rohini, Delhi - DPCC",146,Moderately Polluted,PM10,100,1
2026-08-30T14:00:00+05:30,30-08-2026 14:00:00,"Sirifort, Delhi - CPCB",142,Moderately Polluted,PM10,100,1
2026-08-30T14:00:00+05:30,30-08-2026 14:00:00,"Nehru Nagar, Delhi - DPCC",141,Moderately Polluted,PM10,100,1
2026-08-30T14:00:00+05:30,30-08-2026 14:00:00,"Jahangirpuri, Delhi - DPCC",135,Moderately Polluted,PM10,100,1
2026-08-30T14:00:00+05:30,30-08-2026 14:00:00,"Pusa, Delhi - DPCC",134,Moderately Polluted,PM10,100,1
2026-08-30T14:00:00+05:30,30-08-2026 14:00:00,"Ashok Vihar, Delhi - DPCC",133,Moderately Polluted,PM10,100,1
2026-08-30T14:00:00+05:30,30-08-2026 14:00:00,"Vivek Vihar, Delhi - DPCC",133,Moderately Polluted,PM10,100,1
2026-08-30T14:00:00+05:30,30-08-2026 14:00:00,"R K Puram, Delhi - DPCC",131,Moderately Polluted,PM10,100,1
2026-08-30T14:00:00+05:30,30-08-2026 14:00:00,"Okhla Phase-2, Delhi - DPCC",129,Moderately Polluted,PM10,100,1
2026-08-30T14:00:00+05:30,30-08-2026 14:00:00,"NSIT Dwarka, Delhi - CPCB",129,Moderately Polluted,CO,100,1
2026-08-30T14:00:00+05:30,30-08-2026 14:00:00,"Punjabi Bagh, Delhi - DPCC",125,Moderately Polluted,PM10,100,1
2026-08-30T14:00:00+05:30,30-08-2026 14:00:00,"North Campus, DU, Delhi - IITM",124,Moderately Polluted,PM10,100,1
2026-08-30T14:00:00+05:30,30-08-2026 14:00:00,"Patparganj, Delhi - DPCC",123,Moderately Polluted,PM10,100,1
2026-08-30T14:00:00+05:30,30-08-2026 14:00:00,"Sonia Vihar, Delhi - DPCC",122,Moderately Polluted,PM10,100,1
2026-08-30T14:00:00+05:30,30-08-2026 14:00:00,"IGI Airport (T3), Delhi - IITM",119,Moderately Polluted,PM10,100,1
2026-08-30T14:00:00+05:30,30-08-2026 14:00:00,"Jawaharlal Nehru Stadium, Delhi - DPCC",117,Moderately Polluted,PM10,100,1
2026-08-30T14:00:00+05:30,30-08-2026 14:00:00,"Sri Aurobindo Marg, Delhi - DPCC",115,Moderately Polluted,PM10,100,1
2026-08-30T14:00:00+05:30,30-08-2026 14:00:00,"Shadipur, Delhi - CPCB",114,Moderately Polluted,PM10,100,1
2026-08-30T14:00:00+05:30,30-08-2026 14:00:00,"Dr. Karni Singh Shooting Range, Delhi - DPCC",113,Moderately Polluted,PM10,100,1
2026-08-30T14:00:00+05:30,30-08-2026 14:00:00,"Narela, Delhi - DPCC",113,Moderately Polluted,PM10,100,1
2026-08-30T14:00:00+05:30,30-08-2026 14:00:00,"IMD Lodhi Road, Delhi - IITM",113,Moderately Polluted,PM10,100,1
2026-08-30T14:00:00+05:30,30-08-2026 14:00:00,"Mandir Marg, Delhi - DPCC",109,Moderately Polluted,PM10,100,1
2026-08-30T14:00:00+05:30,30-08-2026 14:00:00,"Commonwealth Sports Complex, Delhi - DPCC",108,Moderately Polluted,PM10,100,1
2026-08-30T14:00:00+05:30,30-08-2026 14:00:00,"Pusa, Delhi - IITM",107,Moderately Polluted,PM10,100,1
2026-08-30T14:00:00+05:30,30-08-2026 14:00:00,"IGNOU_Maidan Garhi, Delhi - DPCC",106,Moderately Polluted,PM10,100,1
2026-08-30T14:00:00+05:30,30-08-2026 14:00:00,"Burari Crossing, Delhi - IITM",103,Moderately Polluted,PM10,100,1
2026-08-30T14:00:00+05:30,30-08-2026 14:00:00,"Bawana, Delhi - DPCC",102,Moderately Polluted,PM10,100,1
2026-08-30T14:00:00+05:30,30-08-2026 14:00:00,"JNU, Delhi - DPCC",101,Moderately Polluted,PM10,100,1
2026-08-30T14:00:00+05:30,30-08-2026 14:00:00,"Major Dhyan Chand National Stadium, Delhi - DPCC",100,Satisfactory,PM10,100,0
2026-08-30T14:00:00+05:30,30-08-2026 14:00:00,"Talkatora Garden, Delhi - DPCC",97,Satisfactory,PM10,100,0
2026-08-30T14:00:00+05:30,30-08-2026 14:00:00,"Chandni Chowk, Delhi - IITM",96,Satisfactory,PM10,100,0
2026-08-30T14:00:00+05:30,30-08-2026 14:00:00,"IHBAS, Dilshad Garden, Delhi - CPCB",94,Satisfactory,PM10,100,0
2026-08-30T14:00:00+05:30,30-08-2026 14:00:00,"NSUT Jaffarpur, Delhi - DPCC",94,Satisfactory,PM10,100,0
2026-08-30T14:00:00+05:30,30-08-2026 14:00:00,"DTU, Delhi - CPCB",93,Satisfactory,PM10,100,0
2026-08-30T14:00:00+05:30,30-08-2026 14:00:00,"Najafgarh, Delhi - DPCC",89,Satisfactory,PM10,100,0
2026-08-30T14:00:00+05:30,30-08-2026 14:00:00,"Cantonment Area, Delhi - DPCC",87,Satisfactory,CO,100,0
2026-08-30T14:00:00+05:30,30-08-2026 14:00:00,"Aya Nagar, Delhi - IITM",69,Satisfactory,PM10,100,0
2026-08-30T14:00:00+05:30,30-08-2026 14:00:00,"ITO, Delhi - CPCB",63,Satisfactory,NO2,100,0
2026-08-30T15:00:00+05:30,30-08-2026 15:00:00,"Anand Vihar, Delhi - DPCC",423,Severe,PM10,100,1
2026-08-30T15:00:00+05:30,30-08-2026 15:00:00,"Wazirpur, Delhi - DPCC",228,Poor,PM10,100,1
2026-08-30T15:00:00+05:30,30-08-2026 15:00:00,"Dwarka-Sector 8, Delhi - DPCC",191,Moderately Polluted,PM10,100,1
2026-08-30T15:00:00+05:30,30-08-2026 15:00:00,"Mundka, Delhi - DPCC",158,Moderately Polluted,PM10,100,1
2026-08-30T15:00:00+05:30,30-08-2026 15:00:00,"CRRI Mathura Road, Delhi - IITM",151,Moderately Polluted,PM10,100,1
2026-08-30T15:00:00+05:30,30-08-2026 15:00:00,"IIT Delhi, Delhi - IITM",150,Moderately Polluted,PM10,100,1
2026-08-30T15:00:00+05:30,30-08-2026 15:00:00,"Rohini, Delhi - DPCC",147,Moderately Polluted,PM10,100,1
2026-08-30T15:00:00+05:30,30-08-2026 15:00:00,"Sirifort, Delhi - CPCB",144,Moderately Polluted,PM10,100,1
2026-08-30T15:00:00+05:30,30-08-2026 15:00:00,"Nehru Nagar, Delhi - DPCC",141,Moderately Polluted,PM10,100,1
2026-08-30T15:00:00+05:30,30-08-2026 15:00:00,"Jahangirpuri, Delhi - DPCC",136,Moderately Polluted,PM10,100,1
2026-08-30T15:00:00+05:30,30-08-2026 15:00:00,"Pusa, Delhi - DPCC",135,Moderately Polluted,PM10,100,1
2026-08-30T15:00:00+05:30,30-08-2026 15:00:00,"Ashok Vihar, Delhi - DPCC",134,Moderately Polluted,PM10,100,1
2026-08-30T15:00:00+05:30,30-08-2026 15:00:00,"NSIT Dwarka, Delhi - CPCB",134,Moderately Polluted,CO,100,1
2026-08-30T15:00:00+05:30,30-08-2026 15:00:00,"Vivek Vihar, Delhi - DPCC",133,Moderately Polluted,PM10,100,1
2026-08-30T15:00:00+05:30,30-08-2026 15:00:00,"R K Puram, Delhi - DPCC",132,Moderately Polluted,PM10,100,1
2026-08-30T15:00:00+05:30,30-08-2026 15:00:00,"Okhla Phase-2, Delhi - DPCC",130,Moderately Polluted,PM10,100,1
2026-08-30T15:00:00+05:30,30-08-2026 15:00:00,"Punjabi Bagh, Delhi - DPCC",125,Moderately Polluted,PM10,100,1
2026-08-30T15:00:00+05:30,30-08-2026 15:00:00,"Patparganj, Delhi - DPCC",124,Moderately Polluted,PM10,100,1
2026-08-30T15:00:00+05:30,30-08-2026 15:00:00,"North Campus, DU, Delhi - IITM",123,Moderately Polluted,PM10,100,1
2026-08-30T15:00:00+05:30,30-08-2026 15:00:00,"Sonia Vihar, Delhi - DPCC",122,Moderately Polluted,PM10,100,1
2026-08-30T15:00:00+05:30,30-08-2026 15:00:00,"IGI Airport (T3), Delhi - IITM",120,Moderately Polluted,PM10,100,1
2026-08-30T15:00:00+05:30,30-08-2026 15:00:00,"Jawaharlal Nehru Stadium, Delhi - DPCC",117,Moderately Polluted,PM10,100,1
2026-08-30T15:00:00+05:30,30-08-2026 15:00:00,"Sri Aurobindo Marg, Delhi - DPCC",116,Moderately Polluted,PM10,100,1
2026-08-30T15:00:00+05:30,30-08-2026 15:00:00,"Shadipur, Delhi - CPCB",115,Moderately Polluted,PM10,100,1
2026-08-30T15:00:00+05:30,30-08-2026 15:00:00,"Narela, Delhi - DPCC",114,Moderately Polluted,PM10,100,1
2026-08-30T15:00:00+05:30,30-08-2026 15:00:00,"Dr. Karni Singh Shooting Range, Delhi - DPCC",114,Moderately Polluted,PM10,100,1
2026-08-30T15:00:00+05:30,30-08-2026 15:00:00,"IMD Lodhi Road, Delhi - IITM",113,Moderately Polluted,PM10,100,1
2026-08-30T15:00:00+05:30,30-08-2026 15:00:00,"Mandir Marg, Delhi - DPCC",109,Moderately Polluted,PM10,100,1
2026-08-30T15:00:00+05:30,30-08-2026 15:00:00,"Commonwealth Sports Complex, Delhi - DPCC",108,Moderately Polluted,PM10,100,1
2026-08-30T15:00:00+05:30,30-08-2026 15:00:00,"IGNOU_Maidan Garhi, Delhi - DPCC",106,Moderately Polluted,PM10,100,1
2026-08-30T15:00:00+05:30,30-08-2026 15:00:00,"Pusa, Delhi - IITM",105,Moderately Polluted,PM10,100,1
2026-08-30T15:00:00+05:30,30-08-2026 15:00:00,"Bawana, Delhi - DPCC",103,Moderately Polluted,PM10,100,1
2026-08-30T15:00:00+05:30,30-08-2026 15:00:00,"Burari Crossing, Delhi - IITM",103,Moderately Polluted,PM10,100,1
2026-08-30T15:00:00+05:30,30-08-2026 15:00:00,"JNU, Delhi - DPCC",102,Moderately Polluted,PM10,100,1
2026-08-30T15:00:00+05:30,30-08-2026 15:00:00,"Major Dhyan Chand National Stadium, Delhi - DPCC",101,Moderately Polluted,PM10,100,1
2026-08-30T15:00:00+05:30,30-08-2026 15:00:00,"Talkatora Garden, Delhi - DPCC",97,Satisfactory,PM10,100,0
2026-08-30T15:00:00+05:30,30-08-2026 15:00:00,"Chandni Chowk, Delhi - IITM",97,Satisfactory,PM10,100,0
2026-08-30T15:00:00+05:30,30-08-2026 15:00:00,"NSUT Jaffarpur, Delhi - DPCC",95,Satisfactory,PM10,100,0
2026-08-30T15:00:00+05:30,30-08-2026 15:00:00,"DTU, Delhi - CPCB",94,Satisfactory,PM10,100,0
2026-08-30T15:00:00+05:30,30-08-2026 15:00:00,"IHBAS, Dilshad Garden, Delhi - CPCB",94,Satisfactory,PM10,100,0
2026-08-30T15:00:00+05:30,30-08-2026 15:00:00,"Najafgarh, Delhi - DPCC",91,Satisfactory,PM10,100,0
2026-08-30T15:00:00+05:30,30-08-2026 15:00:00,"Cantonment Area, Delhi - DPCC",89,Satisfactory,CO,100,0
2026-08-30T15:00:00+05:30,30-08-2026 15:00:00,"Aya Nagar, Delhi - IITM",69,Satisfactory,PM10,100,0
2026-08-30T15:00:00+05:30,30-08-2026 15:00:00,"ITO, Delhi - CPCB",61,Satisfactory,NO2,100,0
2026-08-30T15:00:00+05:30,30-08-2026 15:00:00,"Alipur, Delhi - DPCC",20,Good,OZONE,100,0
2026-08-30T16:00:00+05:30,30-08-2026 16:00:00,"Anand Vihar, Delhi - DPCC",430,Severe,PM10,100,1
2026-08-30T16:00:00+05:30,30-08-2026 16:00:00,"Wazirpur, Delhi - DPCC",227,Poor,PM10,100,1
2026-08-30T16:00:00+05:30,30-08-2026 16:00:00,"Dwarka-Sector 8, Delhi - DPCC",193,Moderately Polluted,PM10,100,1
2026-08-30T16:00:00+05:30,30-08-2026 16:00:00,"Mundka, Delhi - DPCC",159,Moderately Polluted,PM10,100,1
2026-08-30T16:00:00+05:30,30-08-2026 16:00:00,"CRRI Mathura Road, Delhi - IITM",152,Moderately Polluted,PM10,100,1
2026-08-30T16:00:00+05:30,30-08-2026 16:00:00,"IIT Delhi, Delhi - IITM",151,Moderately Polluted,PM10,100,1
2026-08-30T16:00:00+05:30,30-08-2026 16:00:00,"Rohini, Delhi - DPCC",147,Moderately Polluted,PM10,100,1
2026-08-30T16:00:00+05:30,30-08-2026 16:00:00,"Sirifort, Delhi - CPCB",145,Moderately Polluted,PM10,100,1
2026-08-30T16:00:00+05:30,30-08-2026 16:00:00,"Nehru Nagar, Delhi - DPCC",142,Moderately Polluted,PM10,100,1
2026-08-30T16:00:00+05:30,30-08-2026 16:00:00,"NSIT Dwarka, Delhi - CPCB",138,Moderately Polluted,CO,100,1
2026-08-30T16:00:00+05:30,30-08-2026 16:00:00,"Pusa, Delhi - DPCC",136,Moderately Polluted,PM10,100,1
2026-08-30T16:00:00+05:30,30-08-2026 16:00:00,"Jahangirpuri, Delhi - DPCC",136,Moderately Polluted,PM10,100,1
2026-08-30T16:00:00+05:30,30-08-2026 16:00:00,"Ashok Vihar, Delhi - DPCC",134,Moderately Polluted,PM10,100,1
2026-08-30T16:00:00+05:30,30-08-2026 16:00:00,"Vivek Vihar, Delhi - DPCC",134,Moderately Polluted,PM10,100,1
2026-08-30T16:00:00+05:30,30-08-2026 16:00:00,"R K Puram, Delhi - DPCC",132,Moderately Polluted,PM10,100,1
2026-08-30T16:00:00+05:30,30-08-2026 16:00:00,"Okhla Phase-2, Delhi - DPCC",131,Moderately Polluted,PM10,100,1
2026-08-30T16:00:00+05:30,30-08-2026 16:00:00,"Punjabi Bagh, Delhi - DPCC",126,Moderately Polluted,PM10,100,1
2026-08-30T16:00:00+05:30,30-08-2026 16:00:00,"Patparganj, Delhi - DPCC",125,Moderately Polluted,PM10,100,1
2026-08-30T16:00:00+05:30,30-08-2026 16:00:00,"North Campus, DU, Delhi - IITM",124,Moderately Polluted,PM10,100,1
2026-08-30T16:00:00+05:30,30-08-2026 16:00:00,"Sonia Vihar, Delhi - DPCC",123,Moderately Polluted,PM10,100,1
2026-08-30T16:00:00+05:30,30-08-2026 16:00:00,"IGI Airport (T3), Delhi - IITM",121,Moderately Polluted,PM10,100,1
2026-08-30T16:00:00+05:30,30-08-2026 16:00:00,"Jawaharlal Nehru Stadium, Delhi - DPCC",118,Moderately Polluted,PM10,100,1
2026-08-30T16:00:00+05:30,30-08-2026 16:00:00,"Sri Aurobindo Marg, Delhi - DPCC",117,Moderately Polluted,PM10,100,1
2026-08-30T16:00:00+05:30,30-08-2026 16:00:00,"Shadipur, Delhi - CPCB",116,Moderately Polluted,PM10,100,1
2026-08-30T16:00:00+05:30,30-08-2026 16:00:00,"Dr. Karni Singh Shooting Range, Delhi - DPCC",116,Moderately Polluted,PM10,100,1
2026-08-30T16:00:00+05:30,30-08-2026 16:00:00,"IMD Lodhi Road, Delhi - IITM",114,Moderately Polluted,PM10,100,1
2026-08-30T16:00:00+05:30,30-08-2026 16:00:00,"Narela, Delhi - DPCC",114,Moderately Polluted,PM10,100,1
2026-08-30T16:00:00+05:30,30-08-2026 16:00:00,"Mandir Marg, Delhi - DPCC",110,Moderately Polluted,PM10,100,1
2026-08-30T16:00:00+05:30,30-08-2026 16:00:00,"Commonwealth Sports Complex, Delhi - DPCC",108,Moderately Polluted,PM10,100,1
2026-08-30T16:00:00+05:30,30-08-2026 16:00:00,"IGNOU_Maidan Garhi, Delhi - DPCC",107,Moderately Polluted,PM10,100,1
2026-08-30T16:00:00+05:30,30-08-2026 16:00:00,"Pusa, Delhi - IITM",104,Moderately Polluted,PM10,100,1
2026-08-30T16:00:00+05:30,30-08-2026 16:00:00,"Burari Crossing, Delhi - IITM",104,Moderately Polluted,PM10,100,1
2026-08-30T16:00:00+05:30,30-08-2026 16:00:00,"Bawana, Delhi - DPCC",103,Moderately Polluted,PM10,100,1
2026-08-30T16:00:00+05:30,30-08-2026 16:00:00,"JNU, Delhi - DPCC",103,Moderately Polluted,PM10,100,1
2026-08-30T16:00:00+05:30,30-08-2026 16:00:00,"Major Dhyan Chand National Stadium, Delhi - DPCC",102,Moderately Polluted,PM10,100,1
2026-08-30T16:00:00+05:30,30-08-2026 16:00:00,"Chandni Chowk, Delhi - IITM",97,Satisfactory,PM10,100,0
2026-08-30T16:00:00+05:30,30-08-2026 16:00:00,"Talkatora Garden, Delhi - DPCC",97,Satisfactory,PM10,100,0
2026-08-30T16:00:00+05:30,30-08-2026 16:00:00,"NSUT Jaffarpur, Delhi - DPCC",96,Satisfactory,PM10,100,0
2026-08-30T16:00:00+05:30,30-08-2026 16:00:00,"DTU, Delhi - CPCB",95,Satisfactory,PM10,100,0
2026-08-30T16:00:00+05:30,30-08-2026 16:00:00,"IHBAS, Dilshad Garden, Delhi - CPCB",94,Satisfactory,PM10,100,0
2026-08-30T16:00:00+05:30,30-08-2026 16:00:00,"Najafgarh, Delhi - DPCC",92,Satisfactory,PM10,100,0
2026-08-30T16:00:00+05:30,30-08-2026 16:00:00,"Cantonment Area, Delhi - DPCC",85,Satisfactory,CO,100,0
2026-08-30T16:00:00+05:30,30-08-2026 16:00:00,"Aya Nagar, Delhi - IITM",69,Satisfactory,PM10,100,0
2026-08-30T16:00:00+05:30,30-08-2026 16:00:00,"ITO, Delhi - CPCB",61,Satisfactory,NO2,100,0
2026-08-30T16:00:00+05:30,30-08-2026 16:00:00,"Alipur, Delhi - DPCC",19,Good,OZONE,100,0
2026-08-30T17:00:00+05:30,30-08-2026 17:00:00,"Anand Vihar, Delhi - DPCC",430,Severe,PM10,100,1
2026-08-30T17:00:00+05:30,30-08-2026 17:00:00,"Wazirpur, Delhi - DPCC",225,Poor,PM10,100,1
2026-08-30T17:00:00+05:30,30-08-2026 17:00:00,"Dwarka-Sector 8, Delhi - DPCC",192,Moderately Polluted,PM10,100,1
2026-08-30T17:00:00+05:30,30-08-2026 17:00:00,"Mundka, Delhi - DPCC",160,Moderately Polluted,PM10,100,1
2026-08-30T17:00:00+05:30,30-08-2026 17:00:00,"CRRI Mathura Road, Delhi - IITM",153,Moderately Polluted,PM10,100,1
2026-08-30T17:00:00+05:30,30-08-2026 17:00:00,"IIT Delhi, Delhi - IITM",152,Moderately Polluted,PM10,100,1
2026-08-30T17:00:00+05:30,30-08-2026 17:00:00,"Rohini, Delhi - DPCC",146,Moderately Polluted,PM10,100,1
2026-08-30T17:00:00+05:30,30-08-2026 17:00:00,"Sirifort, Delhi - CPCB",144,Moderately Polluted,PM10,100,1
2026-08-30T17:00:00+05:30,30-08-2026 17:00:00,"Nehru Nagar, Delhi - DPCC",143,Moderately Polluted,PM10,100,1
2026-08-30T17:00:00+05:30,30-08-2026 17:00:00,"NSIT Dwarka, Delhi - CPCB",138,Moderately Polluted,CO,100,1
2026-08-30T17:00:00+05:30,30-08-2026 17:00:00,"Jahangirpuri, Delhi - DPCC",137,Moderately Polluted,PM10,100,1
2026-08-30T17:00:00+05:30,30-08-2026 17:00:00,"Pusa, Delhi - DPCC",136,Moderately Polluted,PM10,100,1
2026-08-30T17:00:00+05:30,30-08-2026 17:00:00,"Ashok Vihar, Delhi - DPCC",135,Moderately Polluted,PM10,100,1
2026-08-30T17:00:00+05:30,30-08-2026 17:00:00,"R K Puram, Delhi - DPCC",134,Moderately Polluted,PM10,100,1
2026-08-30T17:00:00+05:30,30-08-2026 17:00:00,"Vivek Vihar, Delhi - DPCC",134,Moderately Polluted,PM10,100,1
2026-08-30T17:00:00+05:30,30-08-2026 17:00:00,"Okhla Phase-2, Delhi - DPCC",131,Moderately Polluted,PM10,100,1
2026-08-30T17:00:00+05:30,30-08-2026 17:00:00,"Punjabi Bagh, Delhi - DPCC",127,Moderately Polluted,PM10,100,1
2026-08-30T17:00:00+05:30,30-08-2026 17:00:00,"Patparganj, Delhi - DPCC",125,Moderately Polluted,PM10,100,1
2026-08-30T17:00:00+05:30,30-08-2026 17:00:00,"North Campus, DU, Delhi - IITM",124,Moderately Polluted,PM10,100,1
2026-08-30T17:00:00+05:30,30-08-2026 17:00:00,"Sonia Vihar, Delhi - DPCC",124,Moderately Polluted,PM10,100,1
2026-08-30T17:00:00+05:30,30-08-2026 17:00:00,"IGI Airport (T3), Delhi - IITM",121,Moderately Polluted,PM10,100,1
2026-08-30T17:00:00+05:30,30-08-2026 17:00:00,"Jawaharlal Nehru Stadium, Delhi - DPCC",119,Moderately Polluted,PM10,100,1
2026-08-30T17:00:00+05:30,30-08-2026 17:00:00,"Sri Aurobindo Marg, Delhi - DPCC",118,Moderately Polluted,PM10,100,1
2026-08-30T17:00:00+05:30,30-08-2026 17:00:00,"Shadipur, Delhi - CPCB",117,Moderately Polluted,PM10,100,1
2026-08-30T17:00:00+05:30,30-08-2026 17:00:00,"Dr. Karni Singh Shooting Range, Delhi - DPCC",116,Moderately Polluted,PM10,100,1
2026-08-30T17:00:00+05:30,30-08-2026 17:00:00,"IMD Lodhi Road, Delhi - IITM",115,Moderately Polluted,PM10,100,1
2026-08-30T17:00:00+05:30,30-08-2026 17:00:00,"Narela, Delhi - DPCC",114,Moderately Polluted,PM10,100,1
2026-08-30T17:00:00+05:30,30-08-2026 17:00:00,"Mandir Marg, Delhi - DPCC",111,Moderately Polluted,PM10,100,1
2026-08-30T17:00:00+05:30,30-08-2026 17:00:00,"Commonwealth Sports Complex, Delhi - DPCC",109,Moderately Polluted,PM10,100,1
2026-08-30T17:00:00+05:30,30-08-2026 17:00:00,"IGNOU_Maidan Garhi, Delhi - DPCC",108,Moderately Polluted,PM10,100,1
2026-08-30T17:00:00+05:30,30-08-2026 17:00:00,"Burari Crossing, Delhi - IITM",105,Moderately Polluted,PM10,100,1
2026-08-30T17:00:00+05:30,30-08-2026 17:00:00,"JNU, Delhi - DPCC",103,Moderately Polluted,PM10,100,1
2026-08-30T17:00:00+05:30,30-08-2026 17:00:00,"Major Dhyan Chand National Stadium, Delhi - DPCC",103,Moderately Polluted,PM10,100,1
2026-08-30T17:00:00+05:30,30-08-2026 17:00:00,"Bawana, Delhi - DPCC",103,Moderately Polluted,PM10,100,1
2026-08-30T17:00:00+05:30,30-08-2026 17:00:00,"Pusa, Delhi - IITM",102,Moderately Polluted,PM10,100,1
2026-08-30T17:00:00+05:30,30-08-2026 17:00:00,"Talkatora Garden, Delhi - DPCC",98,Satisfactory,PM10,100,0
2026-08-30T17:00:00+05:30,30-08-2026 17:00:00,"Chandni Chowk, Delhi - IITM",97,Satisfactory,PM10,100,0
2026-08-30T17:00:00+05:30,30-08-2026 17:00:00,"NSUT Jaffarpur, Delhi - DPCC",97,Satisfactory,PM10,100,0
2026-08-30T17:00:00+05:30,30-08-2026 17:00:00,"DTU, Delhi - CPCB",95,Satisfactory,PM10,100,0
2026-08-30T17:00:00+05:30,30-08-2026 17:00:00,"IHBAS, Dilshad Garden, Delhi - CPCB",94,Satisfactory,PM10,100,0
2026-08-30T17:00:00+05:30,30-08-2026 17:00:00,"Najafgarh, Delhi - DPCC",92,Satisfactory,PM10,100,0
2026-08-30T17:00:00+05:30,30-08-2026 17:00:00,"Cantonment Area, Delhi - DPCC",86,Satisfactory,CO,100,0
2026-08-30T17:00:00+05:30,30-08-2026 17:00:00,"Aya Nagar, Delhi - IITM",68,Satisfactory,PM10,100,0
2026-08-30T17:00:00+05:30,30-08-2026 17:00:00,"ITO, Delhi - CPCB",61,Satisfactory,NO2,100,0
2026-08-30T17:00:00+05:30,30-08-2026 17:00:00,"Alipur, Delhi - DPCC",18,Good,OZONE,100,0
2026-08-30T18:00:00+05:30,30-08-2026 18:00:00,"Anand Vihar, Delhi - DPCC",427,Severe,PM10,100,1
2026-08-30T18:00:00+05:30,30-08-2026 18:00:00,"Wazirpur, Delhi - DPCC",228,Poor,PM10,100,1
2026-08-30T18:00:00+05:30,30-08-2026 18:00:00,"Dwarka-Sector 8, Delhi - DPCC",192,Moderately Polluted,PM10,100,1
2026-08-30T18:00:00+05:30,30-08-2026 18:00:00,"Mundka, Delhi - DPCC",156,Moderately Polluted,PM10,100,1
2026-08-30T18:00:00+05:30,30-08-2026 18:00:00,"CRRI Mathura Road, Delhi - IITM",154,Moderately Polluted,PM10,100,1
2026-08-30T18:00:00+05:30,30-08-2026 18:00:00,"IIT Delhi, Delhi - IITM",151,Moderately Polluted,PM10,100,1
2026-08-30T18:00:00+05:30,30-08-2026 18:00:00,"Sirifort, Delhi - CPCB",150,Moderately Polluted,PM10,100,1
2026-08-30T18:00:00+05:30,30-08-2026 18:00:00,"Rohini, Delhi - DPCC",147,Moderately Polluted,PM10,100,1
2026-08-30T18:00:00+05:30,30-08-2026 18:00:00,"Nehru Nagar, Delhi - DPCC",143,Moderately Polluted,PM10,100,1
2026-08-30T18:00:00+05:30,30-08-2026 18:00:00,"NSIT Dwarka, Delhi - CPCB",139,Moderately Polluted,CO,100,1
2026-08-30T18:00:00+05:30,30-08-2026 18:00:00,"Jahangirpuri, Delhi - DPCC",138,Moderately Polluted,PM10,100,1
2026-08-30T18:00:00+05:30,30-08-2026 18:00:00,"Pusa, Delhi - DPCC",137,Moderately Polluted,PM10,100,1
2026-08-30T18:00:00+05:30,30-08-2026 18:00:00,"Vivek Vihar, Delhi - DPCC",135,Moderately Polluted,PM10,100,1
2026-08-30T18:00:00+05:30,30-08-2026 18:00:00,"R K Puram, Delhi - DPCC",135,Moderately Polluted,PM10,100,1
2026-08-30T18:00:00+05:30,30-08-2026 18:00:00,"Ashok Vihar, Delhi - DPCC",135,Moderately Polluted,PM10,100,1
2026-08-30T18:00:00+05:30,30-08-2026 18:00:00,"Okhla Phase-2, Delhi - DPCC",132,Moderately Polluted,PM10,100,1
2026-08-30T18:00:00+05:30,30-08-2026 18:00:00,"Punjabi Bagh, Delhi - DPCC",127,Moderately Polluted,PM10,100,1
2026-08-30T18:00:00+05:30,30-08-2026 18:00:00,"Patparganj, Delhi - DPCC",125,Moderately Polluted,PM10,100,1
2026-08-30T18:00:00+05:30,30-08-2026 18:00:00,"North Campus, DU, Delhi - IITM",125,Moderately Polluted,PM10,100,1
2026-08-30T18:00:00+05:30,30-08-2026 18:00:00,"Sonia Vihar, Delhi - DPCC",123,Moderately Polluted,PM10,100,1
2026-08-30T18:00:00+05:30,30-08-2026 18:00:00,"IGI Airport (T3), Delhi - IITM",122,Moderately Polluted,PM10,100,1
2026-08-30T18:00:00+05:30,30-08-2026 18:00:00,"Jawaharlal Nehru Stadium, Delhi - DPCC",119,Moderately Polluted,PM10,100,1
2026-08-30T18:00:00+05:30,30-08-2026 18:00:00,"Sri Aurobindo Marg, Delhi - DPCC",118,Moderately Polluted,PM10,100,1
2026-08-30T18:00:00+05:30,30-08-2026 18:00:00,"Shadipur, Delhi - CPCB",118,Moderately Polluted,PM10,100,1
2026-08-30T18:00:00+05:30,30-08-2026 18:00:00,"Dr. Karni Singh Shooting Range, Delhi - DPCC",116,Moderately Polluted,PM10,100,1
2026-08-30T18:00:00+05:30,30-08-2026 18:00:00,"Narela, Delhi - DPCC",116,Moderately Polluted,PM10,100,1
2026-08-30T18:00:00+05:30,30-08-2026 18:00:00,"IMD Lodhi Road, Delhi - IITM",115,Moderately Polluted,PM10,100,1
2026-08-30T18:00:00+05:30,30-08-2026 18:00:00,"Mandir Marg, Delhi - DPCC",111,Moderately Polluted,PM10,100,1
2026-08-30T18:00:00+05:30,30-08-2026 18:00:00,"Commonwealth Sports Complex, Delhi - DPCC",110,Moderately Polluted,PM10,100,1
2026-08-30T18:00:00+05:30,30-08-2026 18:00:00,"IGNOU_Maidan Garhi, Delhi - DPCC",109,Moderately Polluted,PM10,100,1
2026-08-30T18:00:00+05:30,30-08-2026 18:00:00,"Burari Crossing, Delhi - IITM",106,Moderately Polluted,PM10,100,1
2026-08-30T18:00:00+05:30,30-08-2026 18:00:00,"Major Dhyan Chand National Stadium, Delhi - DPCC",104,Moderately Polluted,PM10,100,1
2026-08-30T18:00:00+05:30,30-08-2026 18:00:00,"Bawana, Delhi - DPCC",104,Moderately Polluted,PM10,100,1
2026-08-30T18:00:00+05:30,30-08-2026 18:00:00,"JNU, Delhi - DPCC",104,Moderately Polluted,PM10,100,1
2026-08-30T18:00:00+05:30,30-08-2026 18:00:00,"Pusa, Delhi - IITM",103,Moderately Polluted,PM10,100,1
2026-08-30T18:00:00+05:30,30-08-2026 18:00:00,"Talkatora Garden, Delhi - DPCC",99,Satisfactory,PM10,100,0
2026-08-30T18:00:00+05:30,30-08-2026 18:00:00,"NSUT Jaffarpur, Delhi - DPCC",98,Satisfactory,PM10,100,0
2026-08-30T18:00:00+05:30,30-08-2026 18:00:00,"Chandni Chowk, Delhi - IITM",97,Satisfactory,PM10,100,0
2026-08-30T18:00:00+05:30,30-08-2026 18:00:00,"IHBAS, Dilshad Garden, Delhi - CPCB",95,Satisfactory,PM10,100,0
2026-08-30T18:00:00+05:30,30-08-2026 18:00:00,"DTU, Delhi - CPCB",95,Satisfactory,PM10,100,0
2026-08-30T18:00:00+05:30,30-08-2026 18:00:00,"Najafgarh, Delhi - DPCC",93,Satisfactory,PM10,100,0
2026-08-30T18:00:00+05:30,30-08-2026 18:00:00,"Cantonment Area, Delhi - DPCC",82,Satisfactory,CO,100,0
2026-08-30T18:00:00+05:30,30-08-2026 18:00:00,"Aya Nagar, Delhi - IITM",69,Satisfactory,PM10,100,0
2026-08-30T18:00:00+05:30,30-08-2026 18:00:00,"ITO, Delhi - CPCB",63,Satisfactory,NO2,100,0
2026-08-30T18:00:00+05:30,30-08-2026 18:00:00,"Alipur, Delhi - DPCC",18,Good,OZONE,100,0
2026-08-30T19:00:00+05:30,30-08-2026 19:00:00,"Anand Vihar, Delhi - DPCC",424,Severe,PM10,100,1
2026-08-30T19:00:00+05:30,30-08-2026 19:00:00,"Wazirpur, Delhi - DPCC",229,Poor,PM10,100,1
2026-08-30T19:00:00+05:30,30-08-2026 19:00:00,"Dwarka-Sector 8, Delhi - DPCC",195,Moderately Polluted,PM10,100,1
2026-08-30T19:00:00+05:30,30-08-2026 19:00:00,"Mundka, Delhi - DPCC",156,Moderately Polluted,PM10,100,1
2026-08-30T19:00:00+05:30,30-08-2026 19:00:00,"CRRI Mathura Road, Delhi - IITM",155,Moderately Polluted,PM10,100,1
2026-08-30T19:00:00+05:30,30-08-2026 19:00:00,"Sirifort, Delhi - CPCB",152,Moderately Polluted,PM10,100,1
2026-08-30T19:00:00+05:30,30-08-2026 19:00:00,"IIT Delhi, Delhi - IITM",152,Moderately Polluted,PM10,100,1
2026-08-30T19:00:00+05:30,30-08-2026 19:00:00,"Rohini, Delhi - DPCC",149,Moderately Polluted,PM10,100,1
2026-08-30T19:00:00+05:30,30-08-2026 19:00:00,"Nehru Nagar, Delhi - DPCC",144,Moderately Polluted,PM10,100,1
2026-08-30T19:00:00+05:30,30-08-2026 19:00:00,"NSIT Dwarka, Delhi - CPCB",139,Moderately Polluted,CO,100,1
2026-08-30T19:00:00+05:30,30-08-2026 19:00:00,"Jahangirpuri, Delhi - DPCC",138,Moderately Polluted,PM10,100,1
2026-08-30T19:00:00+05:30,30-08-2026 19:00:00,"Pusa, Delhi - DPCC",138,Moderately Polluted,PM10,100,1
2026-08-30T19:00:00+05:30,30-08-2026 19:00:00,"R K Puram, Delhi - DPCC",135,Moderately Polluted,PM10,100,1
2026-08-30T19:00:00+05:30,30-08-2026 19:00:00,"Vivek Vihar, Delhi - DPCC",135,Moderately Polluted,PM10,100,1
2026-08-30T19:00:00+05:30,30-08-2026 19:00:00,"Ashok Vihar, Delhi - DPCC",134,Moderately Polluted,PM10,100,1
2026-08-30T19:00:00+05:30,30-08-2026 19:00:00,"Okhla Phase-2, Delhi - DPCC",133,Moderately Polluted,PM10,100,1
2026-08-30T19:00:00+05:30,30-08-2026 19:00:00,"Punjabi Bagh, Delhi - DPCC",127,Moderately Polluted,PM10,100,1
2026-08-30T19:00:00+05:30,30-08-2026 19:00:00,"North Campus, DU, Delhi - IITM",126,Moderately Polluted,PM10,100,1
2026-08-30T19:00:00+05:30,30-08-2026 19:00:00,"Patparganj, Delhi - DPCC",125,Moderately Polluted,PM10,100,1
2026-08-30T19:00:00+05:30,30-08-2026 19:00:00,"Sonia Vihar, Delhi - DPCC",124,Moderately Polluted,PM10,100,1
2026-08-30T19:00:00+05:30,30-08-2026 19:00:00,"IGI Airport (T3), Delhi - IITM",123,Moderately Polluted,PM10,100,1
2026-08-30T19:00:00+05:30,30-08-2026 19:00:00,"Jawaharlal Nehru Stadium, Delhi - DPCC",121,Moderately Polluted,PM10,100,1
2026-08-30T19:00:00+05:30,30-08-2026 19:00:00,"Sri Aurobindo Marg, Delhi - DPCC",119,Moderately Polluted,PM10,100,1
2026-08-30T19:00:00+05:30,30-08-2026 19:00:00,"Shadipur, Delhi - CPCB",119,Moderately Polluted,PM10,100,1
2026-08-30T19:00:00+05:30,30-08-2026 19:00:00,"Narela, Delhi - DPCC",116,Moderately Polluted,PM10,100,1
2026-08-30T19:00:00+05:30,30-08-2026 19:00:00,"Dr. Karni Singh Shooting Range, Delhi - DPCC",116,Moderately Polluted,PM10,100,1
2026-08-30T19:00:00+05:30,30-08-2026 19:00:00,"IMD Lodhi Road, Delhi - IITM",116,Moderately Polluted,PM10,100,1
2026-08-30T19:00:00+05:30,30-08-2026 19:00:00,"Mandir Marg, Delhi - DPCC",112,Moderately Polluted,PM10,100,1
2026-08-30T19:00:00+05:30,30-08-2026 19:00:00,"IGNOU_Maidan Garhi, Delhi - DPCC",110,Moderately Polluted,PM10,100,1
2026-08-30T19:00:00+05:30,30-08-2026 19:00:00,"Commonwealth Sports Complex, Delhi - DPCC",110,Moderately Polluted,PM10,100,1
2026-08-30T19:00:00+05:30,30-08-2026 19:00:00,"Burari Crossing, Delhi - IITM",106,Moderately Polluted,PM10,100,1
2026-08-30T19:00:00+05:30,30-08-2026 19:00:00,"Major Dhyan Chand National Stadium, Delhi - DPCC",104,Moderately Polluted,PM10,100,1
2026-08-30T19:00:00+05:30,30-08-2026 19:00:00,"JNU, Delhi - DPCC",104,Moderately Polluted,PM10,100,1
2026-08-30T19:00:00+05:30,30-08-2026 19:00:00,"Bawana, Delhi - DPCC",103,Moderately Polluted,PM10,100,1
2026-08-30T19:00:00+05:30,30-08-2026 19:00:00,"Pusa, Delhi - IITM",103,Moderately Polluted,PM10,100,1
2026-08-30T19:00:00+05:30,30-08-2026 19:00:00,"Talkatora Garden, Delhi - DPCC",99,Satisfactory,PM10,100,0
2026-08-30T19:00:00+05:30,30-08-2026 19:00:00,"NSUT Jaffarpur, Delhi - DPCC",98,Satisfactory,PM10,100,0
2026-08-30T19:00:00+05:30,30-08-2026 19:00:00,"Chandni Chowk, Delhi - IITM",96,Satisfactory,PM10,100,0
2026-08-30T19:00:00+05:30,30-08-2026 19:00:00,"IHBAS, Dilshad Garden, Delhi - CPCB",95,Satisfactory,PM10,100,0
2026-08-30T19:00:00+05:30,30-08-2026 19:00:00,"DTU, Delhi - CPCB",95,Satisfactory,PM10,100,0
2026-08-30T19:00:00+05:30,30-08-2026 19:00:00,"Najafgarh, Delhi - DPCC",92,Satisfactory,PM10,100,0
2026-08-30T19:00:00+05:30,30-08-2026 19:00:00,"Cantonment Area, Delhi - DPCC",83,Satisfactory,CO,100,0
2026-08-30T19:00:00+05:30,30-08-2026 19:00:00,"Aya Nagar, Delhi - IITM",71,Satisfactory,PM10,100,0
2026-08-30T19:00:00+05:30,30-08-2026 19:00:00,"ITO, Delhi - CPCB",66,Satisfactory,NO2,100,0
2026-08-30T19:00:00+05:30,30-08-2026 19:00:00,"Alipur, Delhi - DPCC",18,Good,OZONE,100,0
2026-08-30T20:00:00+05:30,30-08-2026 20:00:00,"Anand Vihar, Delhi - DPCC",420,Severe,PM10,100,1
2026-08-30T20:00:00+05:30,30-08-2026 20:00:00,"Wazirpur, Delhi - DPCC",233,Poor,PM10,100,1
2026-08-30T20:00:00+05:30,30-08-2026 20:00:00,"Dwarka-Sector 8, Delhi - DPCC",201,Poor,PM10,100,1
2026-08-30T20:00:00+05:30,30-08-2026 20:00:00,"Mundka, Delhi - DPCC",156,Moderately Polluted,PM10,100,1
2026-08-30T20:00:00+05:30,30-08-2026 20:00:00,"CRRI Mathura Road, Delhi - IITM",155,Moderately Polluted,PM10,100,1
2026-08-30T20:00:00+05:30,30-08-2026 20:00:00,"IIT Delhi, Delhi - IITM",154,Moderately Polluted,PM10,100,1
2026-08-30T20:00:00+05:30,30-08-2026 20:00:00,"Rohini, Delhi - DPCC",150,Moderately Polluted,PM10,100,1
2026-08-30T20:00:00+05:30,30-08-2026 20:00:00,"Sirifort, Delhi - CPCB",150,Moderately Polluted,PM10,100,1
2026-08-30T20:00:00+05:30,30-08-2026 20:00:00,"Nehru Nagar, Delhi - DPCC",144,Moderately Polluted,PM10,100,1
2026-08-30T20:00:00+05:30,30-08-2026 20:00:00,"Pusa, Delhi - DPCC",139,Moderately Polluted,PM10,100,1
2026-08-30T20:00:00+05:30,30-08-2026 20:00:00,"NSIT Dwarka, Delhi - CPCB",139,Moderately Polluted,CO,100,1
2026-08-30T20:00:00+05:30,30-08-2026 20:00:00,"Jahangirpuri, Delhi - DPCC",137,Moderately Polluted,PM10,100,1
2026-08-30T20:00:00+05:30,30-08-2026 20:00:00,"Okhla Phase-2, Delhi - DPCC",136,Moderately Polluted,PM10,100,1
2026-08-30T20:00:00+05:30,30-08-2026 20:00:00,"R K Puram, Delhi - DPCC",136,Moderately Polluted,PM10,100,1
2026-08-30T20:00:00+05:30,30-08-2026 20:00:00,"Vivek Vihar, Delhi - DPCC",134,Moderately Polluted,PM10,100,1
2026-08-30T20:00:00+05:30,30-08-2026 20:00:00,"Ashok Vihar, Delhi - DPCC",134,Moderately Polluted,PM10,100,1
2026-08-30T20:00:00+05:30,30-08-2026 20:00:00,"Punjabi Bagh, Delhi - DPCC",128,Moderately Polluted,PM10,100,1
2026-08-30T20:00:00+05:30,30-08-2026 20:00:00,"North Campus, DU, Delhi - IITM",126,Moderately Polluted,PM10,100,1
2026-08-30T20:00:00+05:30,30-08-2026 20:00:00,"Patparganj, Delhi - DPCC",125,Moderately Polluted,PM10,100,1
2026-08-30T20:00:00+05:30,30-08-2026 20:00:00,"IGI Airport (T3), Delhi - IITM",125,Moderately Polluted,PM10,100,1
2026-08-30T20:00:00+05:30,30-08-2026 20:00:00,"Sonia Vihar, Delhi - DPCC",124,Moderately Polluted,PM10,100,1
2026-08-30T20:00:00+05:30,30-08-2026 20:00:00,"Shadipur, Delhi - CPCB",121,Moderately Polluted,PM10,100,1
2026-08-30T20:00:00+05:30,30-08-2026 20:00:00,"Jawaharlal Nehru Stadium, Delhi - DPCC",121,Moderately Polluted,PM10,100,1
2026-08-30T20:00:00+05:30,30-08-2026 20:00:00,"Sri Aurobindo Marg, Delhi - DPCC",120,Moderately Polluted,PM10,100,1
2026-08-30T20:00:00+05:30,30-08-2026 20:00:00,"IMD Lodhi Road, Delhi - IITM",117,Moderately Polluted,PM10,100,1
2026-08-30T20:00:00+05:30,30-08-2026 20:00:00,"Dr. Karni Singh Shooting Range, Delhi - DPCC",116,Moderately Polluted,PM10,100,1
2026-08-30T20:00:00+05:30,30-08-2026 20:00:00,"Narela, Delhi - DPCC",114,Moderately Polluted,PM10,100,1
2026-08-30T20:00:00+05:30,30-08-2026 20:00:00,"Mandir Marg, Delhi - DPCC",111,Moderately Polluted,PM10,100,1
2026-08-30T20:00:00+05:30,30-08-2026 20:00:00,"Commonwealth Sports Complex, Delhi - DPCC",111,Moderately Polluted,PM10,100,1
2026-08-30T20:00:00+05:30,30-08-2026 20:00:00,"IGNOU_Maidan Garhi, Delhi - DPCC",109,Moderately Polluted,PM10,100,1
2026-08-30T20:00:00+05:30,30-08-2026 20:00:00,"Burari Crossing, Delhi - IITM",106,Moderately Polluted,PM10,100,1
2026-08-30T20:00:00+05:30,30-08-2026 20:00:00,"Major Dhyan Chand National Stadium, Delhi - DPCC",104,Moderately Polluted,PM10,100,1
2026-08-30T20:00:00+05:30,30-08-2026 20:00:00,"JNU, Delhi - DPCC",104,Moderately Polluted,PM10,100,1
2026-08-30T20:00:00+05:30,30-08-2026 20:00:00,"Bawana, Delhi - DPCC",103,Moderately Polluted,PM10,100,1
2026-08-30T20:00:00+05:30,30-08-2026 20:00:00,"Pusa, Delhi - IITM",103,Moderately Polluted,PM10,100,1
2026-08-30T20:00:00+05:30,30-08-2026 20:00:00,"Talkatora Garden, Delhi - DPCC",99,Satisfactory,PM10,100,0
2026-08-30T20:00:00+05:30,30-08-2026 20:00:00,"NSUT Jaffarpur, Delhi - DPCC",98,Satisfactory,PM10,100,0
2026-08-30T20:00:00+05:30,30-08-2026 20:00:00,"Chandni Chowk, Delhi - IITM",95,Satisfactory,PM10,100,0
2026-08-30T20:00:00+05:30,30-08-2026 20:00:00,"DTU, Delhi - CPCB",95,Satisfactory,PM10,100,0
2026-08-30T20:00:00+05:30,30-08-2026 20:00:00,"IHBAS, Dilshad Garden, Delhi - CPCB",95,Satisfactory,PM10,100,0
2026-08-30T20:00:00+05:30,30-08-2026 20:00:00,"Najafgarh, Delhi - DPCC",92,Satisfactory,PM10,100,0
2026-08-30T20:00:00+05:30,30-08-2026 20:00:00,"Cantonment Area, Delhi - DPCC",83,Satisfactory,CO,100,0
2026-08-30T20:00:00+05:30,30-08-2026 20:00:00,"Aya Nagar, Delhi - IITM",72,Satisfactory,PM10,100,0
2026-08-30T20:00:00+05:30,30-08-2026 20:00:00,"ITO, Delhi - CPCB",66,Satisfactory,NO2,100,0
2026-08-30T20:00:00+05:30,30-08-2026 20:00:00,"Alipur, Delhi - DPCC",18,Good,OZONE,100,0
2026-08-30T21:00:00+05:30,30-08-2026 21:00:00,"Wazirpur, Delhi - DPCC",242,Poor,PM10,100,1
2026-08-30T21:00:00+05:30,30-08-2026 21:00:00,"Dwarka-Sector 8, Delhi - DPCC",197,Moderately Polluted,PM10,100,1
2026-08-30T21:00:00+05:30,30-08-2026 21:00:00,"Mundka, Delhi - DPCC",156,Moderately Polluted,PM10,100,1
2026-08-30T21:00:00+05:30,30-08-2026 21:00:00,"IIT Delhi, Delhi - IITM",155,Moderately Polluted,PM10,100,1
2026-08-30T21:00:00+05:30,30-08-2026 21:00:00,"CRRI Mathura Road, Delhi - IITM",153,Moderately Polluted,PM10,100,1
2026-08-30T21:00:00+05:30,30-08-2026 21:00:00,"Rohini, Delhi - DPCC",151,Moderately Polluted,PM10,100,1
2026-08-30T21:00:00+05:30,30-08-2026 21:00:00,"Sirifort, Delhi - CPCB",150,Moderately Polluted,PM10,100,1
2026-08-30T21:00:00+05:30,30-08-2026 21:00:00,"Nehru Nagar, Delhi - DPCC",143,Moderately Polluted,PM10,100,1
2026-08-30T21:00:00+05:30,30-08-2026 21:00:00,"Jahangirpuri, Delhi - DPCC",138,Moderately Polluted,PM10,100,1
2026-08-30T21:00:00+05:30,30-08-2026 21:00:00,"NSIT Dwarka, Delhi - CPCB",138,Moderately Polluted,CO,100,1
2026-08-30T21:00:00+05:30,30-08-2026 21:00:00,"Okhla Phase-2, Delhi - DPCC",137,Moderately Polluted,PM10,100,1
2026-08-30T21:00:00+05:30,30-08-2026 21:00:00,"R K Puram, Delhi - DPCC",136,Moderately Polluted,PM10,100,1
2026-08-30T21:00:00+05:30,30-08-2026 21:00:00,"Vivek Vihar, Delhi - DPCC",135,Moderately Polluted,PM10,100,1
2026-08-30T21:00:00+05:30,30-08-2026 21:00:00,"Ashok Vihar, Delhi - DPCC",134,Moderately Polluted,PM10,100,1
2026-08-30T21:00:00+05:30,30-08-2026 21:00:00,"Pusa, Delhi - DPCC",134,Moderately Polluted,PM10,100,1
2026-08-30T21:00:00+05:30,30-08-2026 21:00:00,"Punjabi Bagh, Delhi - DPCC",129,Moderately Polluted,PM10,100,1
2026-08-30T21:00:00+05:30,30-08-2026 21:00:00,"IGI Airport (T3), Delhi - IITM",127,Moderately Polluted,PM10,100,1
2026-08-30T21:00:00+05:30,30-08-2026 21:00:00,"North Campus, DU, Delhi - IITM",127,Moderately Polluted,PM10,100,1
2026-08-30T21:00:00+05:30,30-08-2026 21:00:00,"Patparganj, Delhi - DPCC",125,Moderately Polluted,PM10,100,1
2026-08-30T21:00:00+05:30,30-08-2026 21:00:00,"Sonia Vihar, Delhi - DPCC",124,Moderately Polluted,PM10,100,1
2026-08-30T21:00:00+05:30,30-08-2026 21:00:00,"Jawaharlal Nehru Stadium, Delhi - DPCC",123,Moderately Polluted,PM10,100,1
2026-08-30T21:00:00+05:30,30-08-2026 21:00:00,"Sri Aurobindo Marg, Delhi - DPCC",120,Moderately Polluted,PM10,100,1
2026-08-30T21:00:00+05:30,30-08-2026 21:00:00,"IMD Lodhi Road, Delhi - IITM",118,Moderately Polluted,PM10,100,1
2026-08-30T21:00:00+05:30,30-08-2026 21:00:00,"Dr. Karni Singh Shooting Range, Delhi - DPCC",117,Moderately Polluted,PM10,100,1
2026-08-30T21:00:00+05:30,30-08-2026 21:00:00,"Narela, Delhi - DPCC",115,Moderately Polluted,PM10,100,1
2026-08-30T21:00:00+05:30,30-08-2026 21:00:00,"Commonwealth Sports Complex, Delhi - DPCC",112,Moderately Polluted,PM10,100,1
2026-08-30T21:00:00+05:30,30-08-2026 21:00:00,"Mandir Marg, Delhi - DPCC",111,Moderately Polluted,PM10,100,1
2026-08-30T21:00:00+05:30,30-08-2026 21:00:00,"IGNOU_Maidan Garhi, Delhi - DPCC",108,Moderately Polluted,PM10,100,1
2026-08-30T21:00:00+05:30,30-08-2026 21:00:00,"Shadipur, Delhi - CPCB",108,Moderately Polluted,PM10,100,1
2026-08-30T21:00:00+05:30,30-08-2026 21:00:00,"Burari Crossing, Delhi - IITM",106,Moderately Polluted,PM10,100,1
2026-08-30T21:00:00+05:30,30-08-2026 21:00:00,"JNU, Delhi - DPCC",105,Moderately Polluted,PM10,100,1
2026-08-30T21:00:00+05:30,30-08-2026 21:00:00,"Major Dhyan Chand National Stadium, Delhi - DPCC",105,Moderately Polluted,PM10,100,1
2026-08-30T21:00:00+05:30,30-08-2026 21:00:00,"Bawana, Delhi - DPCC",104,Moderately Polluted,PM10,100,1
2026-08-30T21:00:00+05:30,30-08-2026 21:00:00,"NSUT Jaffarpur, Delhi - DPCC",99,Satisfactory,PM10,100,0
2026-08-30T21:00:00+05:30,30-08-2026 21:00:00,"Talkatora Garden, Delhi - DPCC",99,Satisfactory,PM10,100,0
2026-08-30T21:00:00+05:30,30-08-2026 21:00:00,"IHBAS, Dilshad Garden, Delhi - CPCB",96,Satisfactory,PM10,100,0
2026-08-30T21:00:00+05:30,30-08-2026 21:00:00,"DTU, Delhi - CPCB",96,Satisfactory,PM10,100,0
2026-08-30T21:00:00+05:30,30-08-2026 21:00:00,"Chandni Chowk, Delhi - IITM",93,Satisfactory,PM10,100,0
2026-08-30T21:00:00+05:30,30-08-2026 21:00:00,"Pusa, Delhi - IITM",92,Satisfactory,CO,100,0
2026-08-30T21:00:00+05:30,30-08-2026 21:00:00,"Najafgarh, Delhi - DPCC",91,Satisfactory,PM10,100,0
2026-08-30T21:00:00+05:30,30-08-2026 21:00:00,"Cantonment Area, Delhi - DPCC",85,Satisfactory,CO,100,0
2026-08-30T21:00:00+05:30,30-08-2026 21:00:00,"Aya Nagar, Delhi - IITM",73,Satisfactory,PM10,100,0
2026-08-30T21:00:00+05:30,30-08-2026 21:00:00,"ITO, Delhi - CPCB",63,Satisfactory,NO2,100,0
2026-08-30T21:00:00+05:30,30-08-2026 21:00:00,"Alipur, Delhi - DPCC",18,Good,OZONE,100,0
2026-08-30T22:00:00+05:30,30-08-2026 22:00:00,"Wazirpur, Delhi - DPCC",249,Poor,PM10,100,1
2026-08-30T22:00:00+05:30,30-08-2026 22:00:00,"Dwarka-Sector 8, Delhi - DPCC",193,Moderately Polluted,PM10,100,1
2026-08-30T22:00:00+05:30,30-08-2026 22:00:00,"Mundka, Delhi - DPCC",159,Moderately Polluted,PM10,100,1
2026-08-30T22:00:00+05:30,30-08-2026 22:00:00,"IIT Delhi, Delhi - IITM",155,Moderately Polluted,PM10,100,1
2026-08-30T22:00:00+05:30,30-08-2026 22:00:00,"Rohini, Delhi - DPCC",152,Moderately Polluted,PM10,100,1
2026-08-30T22:00:00+05:30,30-08-2026 22:00:00,"CRRI Mathura Road, Delhi - IITM",151,Moderately Polluted,PM10,100,1
2026-08-30T22:00:00+05:30,30-08-2026 22:00:00,"Sirifort, Delhi - CPCB",142,Moderately Polluted,PM10,100,1
2026-08-30T22:00:00+05:30,30-08-2026 22:00:00,"Jahangirpuri, Delhi - DPCC",140,Moderately Polluted,PM10,100,1
2026-08-30T22:00:00+05:30,30-08-2026 22:00:00,"Nehru Nagar, Delhi - DPCC",138,Moderately Polluted,PM10,100,1
2026-08-30T22:00:00+05:30,30-08-2026 22:00:00,"R K Puram, Delhi - DPCC",138,Moderately Polluted,PM10,100,1
2026-08-30T22:00:00+05:30,30-08-2026 22:00:00,"NSIT Dwarka, Delhi - CPCB",137,Moderately Polluted,CO,100,1
2026-08-30T22:00:00+05:30,30-08-2026 22:00:00,"Vivek Vihar, Delhi - DPCC",137,Moderately Polluted,PM10,100,1
2026-08-30T22:00:00+05:30,30-08-2026 22:00:00,"Okhla Phase-2, Delhi - DPCC",135,Moderately Polluted,PM10,100,1
2026-08-30T22:00:00+05:30,30-08-2026 22:00:00,"Pusa, Delhi - DPCC",135,Moderately Polluted,PM10,100,1
2026-08-30T22:00:00+05:30,30-08-2026 22:00:00,"Ashok Vihar, Delhi - DPCC",134,Moderately Polluted,PM10,100,1
2026-08-30T22:00:00+05:30,30-08-2026 22:00:00,"Punjabi Bagh, Delhi - DPCC",130,Moderately Polluted,PM10,100,1
2026-08-30T22:00:00+05:30,30-08-2026 22:00:00,"North Campus, DU, Delhi - IITM",129,Moderately Polluted,PM10,100,1
2026-08-30T22:00:00+05:30,30-08-2026 22:00:00,"Patparganj, Delhi - DPCC",127,Moderately Polluted,PM10,100,1
2026-08-30T22:00:00+05:30,30-08-2026 22:00:00,"Sonia Vihar, Delhi - DPCC",126,Moderately Polluted,PM10,100,1
2026-08-30T22:00:00+05:30,30-08-2026 22:00:00,"IGI Airport (T3), Delhi - IITM",126,Moderately Polluted,PM10,100,1
2026-08-30T22:00:00+05:30,30-08-2026 22:00:00,"Jawaharlal Nehru Stadium, Delhi - DPCC",124,Moderately Polluted,PM10,100,1
2026-08-30T22:00:00+05:30,30-08-2026 22:00:00,"Sri Aurobindo Marg, Delhi - DPCC",121,Moderately Polluted,PM10,100,1
2026-08-30T22:00:00+05:30,30-08-2026 22:00:00,"IMD Lodhi Road, Delhi - IITM",119,Moderately Polluted,PM10,100,1
2026-08-30T22:00:00+05:30,30-08-2026 22:00:00,"Dr. Karni Singh Shooting Range, Delhi - DPCC",118,Moderately Polluted,PM10,100,1
2026-08-30T22:00:00+05:30,30-08-2026 22:00:00,"Narela, Delhi - DPCC",115,Moderately Polluted,PM10,100,1
2026-08-30T22:00:00+05:30,30-08-2026 22:00:00,"Commonwealth Sports Complex, Delhi - DPCC",114,Moderately Polluted,PM10,100,1
2026-08-30T22:00:00+05:30,30-08-2026 22:00:00,"Mandir Marg, Delhi - DPCC",111,Moderately Polluted,PM10,100,1
2026-08-30T22:00:00+05:30,30-08-2026 22:00:00,"Burari Crossing, Delhi - IITM",108,Moderately Polluted,PM10,100,1
2026-08-30T22:00:00+05:30,30-08-2026 22:00:00,"IGNOU_Maidan Garhi, Delhi - DPCC",107,Moderately Polluted,PM10,100,1
2026-08-30T22:00:00+05:30,30-08-2026 22:00:00,"Major Dhyan Chand National Stadium, Delhi - DPCC",106,Moderately Polluted,PM10,100,1
2026-08-30T22:00:00+05:30,30-08-2026 22:00:00,"Bawana, Delhi - DPCC",105,Moderately Polluted,PM10,100,1
2026-08-30T22:00:00+05:30,30-08-2026 22:00:00,"JNU, Delhi - DPCC",105,Moderately Polluted,PM10,100,1
2026-08-30T22:00:00+05:30,30-08-2026 22:00:00,"NSUT Jaffarpur, Delhi - DPCC",100,Satisfactory,PM10,100,0
2026-08-30T22:00:00+05:30,30-08-2026 22:00:00,"Talkatora Garden, Delhi - DPCC",98,Satisfactory,PM10,100,0
2026-08-30T22:00:00+05:30,30-08-2026 22:00:00,"DTU, Delhi - CPCB",97,Satisfactory,PM10,100,0
2026-08-30T22:00:00+05:30,30-08-2026 22:00:00,"IHBAS, Dilshad Garden, Delhi - CPCB",96,Satisfactory,PM10,100,0
2026-08-30T22:00:00+05:30,30-08-2026 22:00:00,"Shadipur, Delhi - CPCB",95,Satisfactory,PM10,100,0
2026-08-30T22:00:00+05:30,30-08-2026 22:00:00,"Najafgarh, Delhi - DPCC",92,Satisfactory,PM10,100,0
2026-08-30T22:00:00+05:30,30-08-2026 22:00:00,"Chandni Chowk, Delhi - IITM",92,Satisfactory,PM10,100,0
2026-08-30T22:00:00+05:30,30-08-2026 22:00:00,"Pusa, Delhi - IITM",92,Satisfactory,CO,100,0
2026-08-30T22:00:00+05:30,30-08-2026 22:00:00,"Cantonment Area, Delhi - DPCC",87,Satisfactory,CO,100,0
2026-08-30T22:00:00+05:30,30-08-2026 22:00:00,"Aya Nagar, Delhi - IITM",73,Satisfactory,PM10,100,0
2026-08-30T22:00:00+05:30,30-08-2026 22:00:00,"ITO, Delhi - CPCB",63,Satisfactory,NO2,100,0
2026-08-30T22:00:00+05:30,30-08-2026 22:00:00,"Alipur, Delhi - DPCC",18,Good,OZONE,100,0
2026-08-30T23:00:00+05:30,30-08-2026 23:00:00,"Wazirpur, Delhi - DPCC",241,Poor,PM10,100,1
2026-08-30T23:00:00+05:30,30-08-2026 23:00:00,"Dwarka-Sector 8, Delhi - DPCC",186,Moderately Polluted,PM10,100,1
2026-08-30T23:00:00+05:30,30-08-2026 23:00:00,"Mundka, Delhi - DPCC",158,Moderately Polluted,PM10,100,1
2026-08-30T23:00:00+05:30,30-08-2026 23:00:00,"IIT Delhi, Delhi - IITM",155,Moderately Polluted,PM10,100,1
2026-08-30T23:00:00+05:30,30-08-2026 23:00:00,"Rohini, Delhi - DPCC",151,Moderately Polluted,PM10,100,1
2026-08-30T23:00:00+05:30,30-08-2026 23:00:00,"CRRI Mathura Road, Delhi - IITM",150,Moderately Polluted,PM10,100,1
2026-08-30T23:00:00+05:30,30-08-2026 23:00:00,"Sirifort, Delhi - CPCB",140,Moderately Polluted,PM10,100,1
2026-08-30T23:00:00+05:30,30-08-2026 23:00:00,"Jahangirpuri, Delhi - DPCC",140,Moderately Polluted,PM10,100,1
2026-08-30T23:00:00+05:30,30-08-2026 23:00:00,"Vivek Vihar, Delhi - DPCC",139,Moderately Polluted,PM10,100,1
2026-08-30T23:00:00+05:30,30-08-2026 23:00:00,"R K Puram, Delhi - DPCC",137,Moderately Polluted,PM10,100,1
2026-08-30T23:00:00+05:30,30-08-2026 23:00:00,"Okhla Phase-2, Delhi - DPCC",136,Moderately Polluted,PM10,100,1
2026-08-30T23:00:00+05:30,30-08-2026 23:00:00,"Pusa, Delhi - DPCC",135,Moderately Polluted,PM10,100,1
2026-08-30T23:00:00+05:30,30-08-2026 23:00:00,"Nehru Nagar, Delhi - DPCC",135,Moderately Polluted,PM10,100,1
2026-08-30T23:00:00+05:30,30-08-2026 23:00:00,"NSIT Dwarka, Delhi - CPCB",134,Moderately Polluted,CO,100,1
2026-08-30T23:00:00+05:30,30-08-2026 23:00:00,"Ashok Vihar, Delhi - DPCC",134,Moderately Polluted,PM10,100,1
2026-08-30T23:00:00+05:30,30-08-2026 23:00:00,"North Campus, DU, Delhi - IITM",130,Moderately Polluted,PM10,100,1
2026-08-30T23:00:00+05:30,30-08-2026 23:00:00,"Punjabi Bagh, Delhi - DPCC",130,Moderately Polluted,PM10,100,1
2026-08-30T23:00:00+05:30,30-08-2026 23:00:00,"Sonia Vihar, Delhi - DPCC",129,Moderately Polluted,PM10,100,1
2026-08-30T23:00:00+05:30,30-08-2026 23:00:00,"Patparganj, Delhi - DPCC",127,Moderately Polluted,PM10,100,1
2026-08-30T23:00:00+05:30,30-08-2026 23:00:00,"IGI Airport (T3), Delhi - IITM",125,Moderately Polluted,PM10,100,1
2026-08-30T23:00:00+05:30,30-08-2026 23:00:00,"Jawaharlal Nehru Stadium, Delhi - DPCC",123,Moderately Polluted,PM10,100,1
2026-08-30T23:00:00+05:30,30-08-2026 23:00:00,"Sri Aurobindo Marg, Delhi - DPCC",121,Moderately Polluted,PM10,100,1
2026-08-30T23:00:00+05:30,30-08-2026 23:00:00,"Dr. Karni Singh Shooting Range, Delhi - DPCC",118,Moderately Polluted,PM10,100,1
2026-08-30T23:00:00+05:30,30-08-2026 23:00:00,"IMD Lodhi Road, Delhi - IITM",118,Moderately Polluted,PM10,100,1
2026-08-30T23:00:00+05:30,30-08-2026 23:00:00,"Narela, Delhi - DPCC",115,Moderately Polluted,PM10,100,1
2026-08-30T23:00:00+05:30,30-08-2026 23:00:00,"Commonwealth Sports Complex, Delhi - DPCC",114,Moderately Polluted,PM10,100,1
2026-08-30T23:00:00+05:30,30-08-2026 23:00:00,"Mandir Marg, Delhi - DPCC",111,Moderately Polluted,PM10,100,1
2026-08-30T23:00:00+05:30,30-08-2026 23:00:00,"Burari Crossing, Delhi - IITM",108,Moderately Polluted,PM10,100,1
2026-08-30T23:00:00+05:30,30-08-2026 23:00:00,"Major Dhyan Chand National Stadium, Delhi - DPCC",107,Moderately Polluted,PM10,100,1
2026-08-30T23:00:00+05:30,30-08-2026 23:00:00,"IGNOU_Maidan Garhi, Delhi - DPCC",107,Moderately Polluted,PM10,100,1
2026-08-30T23:00:00+05:30,30-08-2026 23:00:00,"Bawana, Delhi - DPCC",105,Moderately Polluted,PM10,100,1
2026-08-30T23:00:00+05:30,30-08-2026 23:00:00,"JNU, Delhi - DPCC",105,Moderately Polluted,PM10,100,1
2026-08-30T23:00:00+05:30,30-08-2026 23:00:00,"NSUT Jaffarpur, Delhi - DPCC",100,Satisfactory,PM10,100,0
2026-08-30T23:00:00+05:30,30-08-2026 23:00:00,"DTU, Delhi - CPCB",98,Satisfactory,PM10,100,0
2026-08-30T23:00:00+05:30,30-08-2026 23:00:00,"Talkatora Garden, Delhi - DPCC",98,Satisfactory,PM10,100,0
2026-08-30T23:00:00+05:30,30-08-2026 23:00:00,"IHBAS, Dilshad Garden, Delhi - CPCB",97,Satisfactory,PM10,100,0
2026-08-30T23:00:00+05:30,30-08-2026 23:00:00,"Shadipur, Delhi - CPCB",96,Satisfactory,PM10,100,0
2026-08-30T23:00:00+05:30,30-08-2026 23:00:00,"Chandni Chowk, Delhi - IITM",92,Satisfactory,CO,100,0
2026-08-30T23:00:00+05:30,30-08-2026 23:00:00,"Pusa, Delhi - IITM",92,Satisfactory,CO,100,0
2026-08-30T23:00:00+05:30,30-08-2026 23:00:00,"Najafgarh, Delhi - DPCC",92,Satisfactory,PM10,100,0
2026-08-30T23:00:00+05:30,30-08-2026 23:00:00,"Cantonment Area, Delhi - DPCC",87,Satisfactory,CO,100,0
2026-08-30T23:00:00+05:30,30-08-2026 23:00:00,"Aya Nagar, Delhi - IITM",73,Satisfactory,PM10,100,0
2026-08-30T23:00:00+05:30,30-08-2026 23:00:00,"ITO, Delhi - CPCB",63,Satisfactory,NO2,100,0
2026-08-30T23:00:00+05:30,30-08-2026 23:00:00,"Alipur, Delhi - DPCC",18,Good,OZONE,100,0
2026-08-31T00:00:00+05:30,31-08-2026 00:00:00,"Wazirpur, Delhi - DPCC",234,Poor,PM10,100,1
2026-08-31T00:00:00+05:30,31-08-2026 00:00:00,"Dwarka-Sector 8, Delhi - DPCC",183,Moderately Polluted,PM10,100,1
2026-08-31T00:00:00+05:30,31-08-2026 00:00:00,"IIT Delhi, Delhi - IITM",154,Moderately Polluted,PM10,100,1
2026-08-31T00:00:00+05:30,31-08-2026 00:00:00,"Rohini, Delhi - DPCC",149,Moderately Polluted,PM10,100,1
2026-08-31T00:00:00+05:30,31-08-2026 00:00:00,"Mundka, Delhi - DPCC",147,Moderately Polluted,PM10,100,1
2026-08-31T00:00:00+05:30,31-08-2026 00:00:00,"CRRI Mathura Road, Delhi - IITM",147,Moderately Polluted,PM10,100,1
2026-08-31T00:00:00+05:30,31-08-2026 00:00:00,"Sirifort, Delhi - CPCB",139,Moderately Polluted,PM10,100,1
2026-08-31T00:00:00+05:30,31-08-2026 00:00:00,"R K Puram, Delhi - DPCC",137,Moderately Polluted,PM10,100,1
2026-08-31T00:00:00+05:30,31-08-2026 00:00:00,"Jahangirpuri, Delhi - DPCC",137,Moderately Polluted,PM10,100,1
2026-08-31T00:00:00+05:30,31-08-2026 00:00:00,"Vivek Vihar, Delhi - DPCC",137,Moderately Polluted,PM10,100,1
2026-08-31T00:00:00+05:30,31-08-2026 00:00:00,"Okhla Phase-2, Delhi - DPCC",135,Moderately Polluted,PM10,100,1
2026-08-31T00:00:00+05:30,31-08-2026 00:00:00,"Ashok Vihar, Delhi - DPCC",134,Moderately Polluted,PM10,100,1
2026-08-31T00:00:00+05:30,31-08-2026 00:00:00,"Pusa, Delhi - DPCC",134,Moderately Polluted,PM10,100,1
2026-08-31T00:00:00+05:30,31-08-2026 00:00:00,"Nehru Nagar, Delhi - DPCC",133,Moderately Polluted,PM10,100,1
2026-08-31T00:00:00+05:30,31-08-2026 00:00:00,"NSIT Dwarka, Delhi - CPCB",131,Moderately Polluted,CO,100,1
2026-08-31T00:00:00+05:30,31-08-2026 00:00:00,"Sonia Vihar, Delhi - DPCC",131,Moderately Polluted,PM10,100,1
2026-08-31T00:00:00+05:30,31-08-2026 00:00:00,"North Campus, DU, Delhi - IITM",129,Moderately Polluted,PM10,100,1
2026-08-31T00:00:00+05:30,31-08-2026 00:00:00,"Punjabi Bagh, Delhi - DPCC",128,Moderately Polluted,PM10,100,1
2026-08-31T00:00:00+05:30,31-08-2026 00:00:00,"Patparganj, Delhi - DPCC",127,Moderately Polluted,PM10,100,1
2026-08-31T00:00:00+05:30,31-08-2026 00:00:00,"Jawaharlal Nehru Stadium, Delhi - DPCC",123,Moderately Polluted,PM10,100,1
2026-08-31T00:00:00+05:30,31-08-2026 00:00:00,"IGI Airport (T3), Delhi - IITM",123,Moderately Polluted,PM10,100,1
2026-08-31T00:00:00+05:30,31-08-2026 00:00:00,"Sri Aurobindo Marg, Delhi - DPCC",121,Moderately Polluted,PM10,100,1
2026-08-31T00:00:00+05:30,31-08-2026 00:00:00,"Dr. Karni Singh Shooting Range, Delhi - DPCC",118,Moderately Polluted,PM10,100,1
2026-08-31T00:00:00+05:30,31-08-2026 00:00:00,"IMD Lodhi Road, Delhi - IITM",118,Moderately Polluted,PM10,100,1
2026-08-31T00:00:00+05:30,31-08-2026 00:00:00,"Narela, Delhi - DPCC",115,Moderately Polluted,PM10,100,1
2026-08-31T00:00:00+05:30,31-08-2026 00:00:00,"Commonwealth Sports Complex, Delhi - DPCC",114,Moderately Polluted,PM10,100,1
2026-08-31T00:00:00+05:30,31-08-2026 00:00:00,"Mandir Marg, Delhi - DPCC",111,Moderately Polluted,PM10,100,1
2026-08-31T00:00:00+05:30,31-08-2026 00:00:00,"Burari Crossing, Delhi - IITM",108,Moderately Polluted,PM10,100,1
2026-08-31T00:00:00+05:30,31-08-2026 00:00:00,"Major Dhyan Chand National Stadium, Delhi - DPCC",106,Moderately Polluted,PM10,100,1
2026-08-31T00:00:00+05:30,31-08-2026 00:00:00,"IGNOU_Maidan Garhi, Delhi - DPCC",106,Moderately Polluted,PM10,100,1
2026-08-31T00:00:00+05:30,31-08-2026 00:00:00,"JNU, Delhi - DPCC",105,Moderately Polluted,PM10,100,1
2026-08-31T00:00:00+05:30,31-08-2026 00:00:00,"Bawana, Delhi - DPCC",104,Moderately Polluted,PM10,100,1
2026-08-31T00:00:00+05:30,31-08-2026 00:00:00,"NSUT Jaffarpur, Delhi - DPCC",101,Moderately Polluted,PM10,100,1
2026-08-31T00:00:00+05:30,31-08-2026 00:00:00,"IHBAS, Dilshad Garden, Delhi - CPCB",98,Satisfactory,PM10,100,0
2026-08-31T00:00:00+05:30,31-08-2026 00:00:00,"DTU, Delhi - CPCB",98,Satisfactory,PM10,100,0
2026-08-31T00:00:00+05:30,31-08-2026 00:00:00,"Talkatora Garden, Delhi - DPCC",97,Satisfactory,PM10,100,0
2026-08-31T00:00:00+05:30,31-08-2026 00:00:00,"Shadipur, Delhi - CPCB",96,Satisfactory,PM10,100,0
2026-08-31T00:00:00+05:30,31-08-2026 00:00:00,"Najafgarh, Delhi - DPCC",94,Satisfactory,PM10,100,0
2026-08-31T00:00:00+05:30,31-08-2026 00:00:00,"Chandni Chowk, Delhi - IITM",94,Satisfactory,CO,100,0
2026-08-31T00:00:00+05:30,31-08-2026 00:00:00,"Pusa, Delhi - IITM",92,Satisfactory,CO,100,0
2026-08-31T00:00:00+05:30,31-08-2026 00:00:00,"Cantonment Area, Delhi - DPCC",89,Satisfactory,CO,100,0
2026-08-31T00:00:00+05:30,31-08-2026 00:00:00,"Aya Nagar, Delhi - IITM",72,Satisfactory,PM10,100,0
2026-08-31T00:00:00+05:30,31-08-2026 00:00:00,"ITO, Delhi - CPCB",63,Satisfactory,NO2,100,0
2026-08-31T00:00:00+05:30,31-08-2026 00:00:00,"Alipur, Delhi - DPCC",19,Good,OZONE,100,0
2026-08-31T01:00:00+05:30,31-08-2026 01:00:00,"Wazirpur, Delhi - DPCC",230,Poor,PM10,100,1
2026-08-31T01:00:00+05:30,31-08-2026 01:00:00,"Dwarka-Sector 8, Delhi - DPCC",182,Moderately Polluted,PM10,100,1
2026-08-31T01:00:00+05:30,31-08-2026 01:00:00,"IIT Delhi, Delhi - IITM",153,Moderately Polluted,PM10,100,1
2026-08-31T01:00:00+05:30,31-08-2026 01:00:00,"Rohini, Delhi - DPCC",147,Moderately Polluted,PM10,100,1
2026-08-31T01:00:00+05:30,31-08-2026 01:00:00,"Mundka, Delhi - DPCC",145,Moderately Polluted,PM10,100,1
2026-08-31T01:00:00+05:30,31-08-2026 01:00:00,"CRRI Mathura Road, Delhi - IITM",144,Moderately Polluted,PM10,100,1
2026-08-31T01:00:00+05:30,31-08-2026 01:00:00,"Sirifort, Delhi - CPCB",137,Moderately Polluted,PM10,100,1
2026-08-31T01:00:00+05:30,31-08-2026 01:00:00,"R K Puram, Delhi - DPCC",136,Moderately Polluted,PM10,100,1
2026-08-31T01:00:00+05:30,31-08-2026 01:00:00,"Jahangirpuri, Delhi - DPCC",136,Moderately Polluted,PM10,100,1
2026-08-31T01:00:00+05:30,31-08-2026 01:00:00,"Vivek Vihar, Delhi - DPCC",135,Moderately Polluted,PM10,100,1
2026-08-31T01:00:00+05:30,31-08-2026 01:00:00,"Pusa, Delhi - DPCC",135,Moderately Polluted,PM10,100,1
2026-08-31T01:00:00+05:30,31-08-2026 01:00:00,"Okhla Phase-2, Delhi - DPCC",134,Moderately Polluted,PM10,100,1
2026-08-31T01:00:00+05:30,31-08-2026 01:00:00,"Ashok Vihar, Delhi - DPCC",133,Moderately Polluted,PM10,100,1
2026-08-31T01:00:00+05:30,31-08-2026 01:00:00,"Nehru Nagar, Delhi - DPCC",132,Moderately Polluted,PM10,100,1
2026-08-31T01:00:00+05:30,31-08-2026 01:00:00,"Sonia Vihar, Delhi - DPCC",131,Moderately Polluted,PM10,100,1
2026-08-31T01:00:00+05:30,31-08-2026 01:00:00,"North Campus, DU, Delhi - IITM",128,Moderately Polluted,PM10,100,1
2026-08-31T01:00:00+05:30,31-08-2026 01:00:00,"Punjabi Bagh, Delhi - DPCC",128,Moderately Polluted,PM10,100,1
2026-08-31T01:00:00+05:30,31-08-2026 01:00:00,"Patparganj, Delhi - DPCC",126,Moderately Polluted,PM10,100,1
2026-08-31T01:00:00+05:30,31-08-2026 01:00:00,"NSIT Dwarka, Delhi - CPCB",125,Moderately Polluted,CO,100,1
2026-08-31T01:00:00+05:30,31-08-2026 01:00:00,"Jawaharlal Nehru Stadium, Delhi - DPCC",122,Moderately Polluted,PM10,100,1
2026-08-31T01:00:00+05:30,31-08-2026 01:00:00,"IGI Airport (T3), Delhi - IITM",121,Moderately Polluted,PM10,100,1
2026-08-31T01:00:00+05:30,31-08-2026 01:00:00,"Sri Aurobindo Marg, Delhi - DPCC",120,Moderately Polluted,PM10,100,1
2026-08-31T01:00:00+05:30,31-08-2026 01:00:00,"Dr. Karni Singh Shooting Range, Delhi - DPCC",118,Moderately Polluted,PM10,100,1
2026-08-31T01:00:00+05:30,31-08-2026 01:00:00,"IMD Lodhi Road, Delhi - IITM",117,Moderately Polluted,PM10,100,1
2026-08-31T01:00:00+05:30,31-08-2026 01:00:00,"Narela, Delhi - DPCC",114,Moderately Polluted,PM10,100,1
2026-08-31T01:00:00+05:30,31-08-2026 01:00:00,"Commonwealth Sports Complex, Delhi - DPCC",113,Moderately Polluted,PM10,100,1
2026-08-31T01:00:00+05:30,31-08-2026 01:00:00,"Mandir Marg, Delhi - DPCC",110,Moderately Polluted,PM10,100,1
2026-08-31T01:00:00+05:30,31-08-2026 01:00:00,"Burari Crossing, Delhi - IITM",107,Moderately Polluted,PM10,100,1
2026-08-31T01:00:00+05:30,31-08-2026 01:00:00,"IGNOU_Maidan Garhi, Delhi - DPCC",106,Moderately Polluted,PM10,100,1
2026-08-31T01:00:00+05:30,31-08-2026 01:00:00,"Major Dhyan Chand National Stadium, Delhi - DPCC",105,Moderately Polluted,PM10,100,1
2026-08-31T01:00:00+05:30,31-08-2026 01:00:00,"Bawana, Delhi - DPCC",104,Moderately Polluted,PM10,100,1
2026-08-31T01:00:00+05:30,31-08-2026 01:00:00,"JNU, Delhi - DPCC",104,Moderately Polluted,PM10,100,1
2026-08-31T01:00:00+05:30,31-08-2026 01:00:00,"NSUT Jaffarpur, Delhi - DPCC",102,Moderately Polluted,PM10,100,1
2026-08-31T01:00:00+05:30,31-08-2026 01:00:00,"IHBAS, Dilshad Garden, Delhi - CPCB",98,Satisfactory,PM10,100,0
2026-08-31T01:00:00+05:30,31-08-2026 01:00:00,"DTU, Delhi - CPCB",97,Satisfactory,PM10,100,0
2026-08-31T01:00:00+05:30,31-08-2026 01:00:00,"Talkatora Garden, Delhi - DPCC",96,Satisfactory,PM10,100,0
2026-08-31T01:00:00+05:30,31-08-2026 01:00:00,"Chandni Chowk, Delhi - IITM",96,Satisfactory,CO,100,0
2026-08-31T01:00:00+05:30,31-08-2026 01:00:00,"Shadipur, Delhi - CPCB",96,Satisfactory,PM10,100,0
2026-08-31T01:00:00+05:30,31-08-2026 01:00:00,"Najafgarh, Delhi - DPCC",94,Satisfactory,PM10,100,0
2026-08-31T01:00:00+05:30,31-08-2026 01:00:00,"Pusa, Delhi - IITM",92,Satisfactory,CO,100,0
2026-08-31T01:00:00+05:30,31-08-2026 01:00:00,"Cantonment Area, Delhi - DPCC",88,Satisfactory,CO,100,0
2026-08-31T01:00:00+05:30,31-08-2026 01:00:00,"Aya Nagar, Delhi - IITM",71,Satisfactory,PM10,100,0
2026-08-31T01:00:00+05:30,31-08-2026 01:00:00,"ITO, Delhi - CPCB",62,Satisfactory,NO2,100,0
2026-08-31T01:00:00+05:30,31-08-2026 01:00:00,"Alipur, Delhi - DPCC",19,Good,OZONE,100,0
2026-08-31T02:00:00+05:30,31-08-2026 02:00:00,"Wazirpur, Delhi - DPCC",230,Poor,PM10,100,1
2026-08-31T02:00:00+05:30,31-08-2026 02:00:00,"Dwarka-Sector 8, Delhi - DPCC",181,Moderately Polluted,PM10,100,1
2026-08-31T02:00:00+05:30,31-08-2026 02:00:00,"IIT Delhi, Delhi - IITM",152,Moderately Polluted,PM10,100,1
2026-08-31T02:00:00+05:30,31-08-2026 02:00:00,"Rohini, Delhi - DPCC",147,Moderately Polluted,PM10,100,1
2026-08-31T02:00:00+05:30,31-08-2026 02:00:00,"Mundka, Delhi - DPCC",143,Moderately Polluted,PM10,100,1
2026-08-31T02:00:00+05:30,31-08-2026 02:00:00,"CRRI Mathura Road, Delhi - IITM",142,Moderately Polluted,PM10,100,1
2026-08-31T02:00:00+05:30,31-08-2026 02:00:00,"Jahangirpuri, Delhi - DPCC",135,Moderately Polluted,PM10,100,1
2026-08-31T02:00:00+05:30,31-08-2026 02:00:00,"Sirifort, Delhi - CPCB",135,Moderately Polluted,PM10,100,1
2026-08-31T02:00:00+05:30,31-08-2026 02:00:00,"R K Puram, Delhi - DPCC",134,Moderately Polluted,PM10,100,1
2026-08-31T02:00:00+05:30,31-08-2026 02:00:00,"Okhla Phase-2, Delhi - DPCC",133,Moderately Polluted,PM10,100,1
2026-08-31T02:00:00+05:30,31-08-2026 02:00:00,"Vivek Vihar, Delhi - DPCC",133,Moderately Polluted,PM10,100,1
2026-08-31T02:00:00+05:30,31-08-2026 02:00:00,"Pusa, Delhi - DPCC",132,Moderately Polluted,PM10,100,1
2026-08-31T02:00:00+05:30,31-08-2026 02:00:00,"Ashok Vihar, Delhi - DPCC",132,Moderately Polluted,PM10,100,1
2026-08-31T02:00:00+05:30,31-08-2026 02:00:00,"Nehru Nagar, Delhi - DPCC",130,Moderately Polluted,PM10,100,1
2026-08-31T02:00:00+05:30,31-08-2026 02:00:00,"Sonia Vihar, Delhi - DPCC",130,Moderately Polluted,PM10,100,1
2026-08-31T02:00:00+05:30,31-08-2026 02:00:00,"Punjabi Bagh, Delhi - DPCC",128,Moderately Polluted,PM10,100,1
2026-08-31T02:00:00+05:30,31-08-2026 02:00:00,"North Campus, DU, Delhi - IITM",127,Moderately Polluted,PM10,100,1
2026-08-31T02:00:00+05:30,31-08-2026 02:00:00,"Patparganj, Delhi - DPCC",125,Moderately Polluted,PM10,100,1
2026-08-31T02:00:00+05:30,31-08-2026 02:00:00,"NSIT Dwarka, Delhi - CPCB",121,Moderately Polluted,CO,100,1
2026-08-31T02:00:00+05:30,31-08-2026 02:00:00,"Sri Aurobindo Marg, Delhi - DPCC",120,Moderately Polluted,PM10,100,1
2026-08-31T02:00:00+05:30,31-08-2026 02:00:00,"IGI Airport (T3), Delhi - IITM",120,Moderately Polluted,PM10,100,1
2026-08-31T02:00:00+05:30,31-08-2026 02:00:00,"Jawaharlal Nehru Stadium, Delhi - DPCC",119,Moderately Polluted,PM10,100,1
2026-08-31T02:00:00+05:30,31-08-2026 02:00:00,"Dr. Karni Singh Shooting Range, Delhi - DPCC",116,Moderately Polluted,PM10,100,1
2026-08-31T02:00:00+05:30,31-08-2026 02:00:00,"IMD Lodhi Road, Delhi - IITM",116,Moderately Polluted,PM10,100,1
2026-08-31T02:00:00+05:30,31-08-2026 02:00:00,"Narela, Delhi - DPCC",113,Moderately Polluted,PM10,100,1
2026-08-31T02:00:00+05:30,31-08-2026 02:00:00,"Commonwealth Sports Complex, Delhi - DPCC",113,Moderately Polluted,PM10,100,1
2026-08-31T02:00:00+05:30,31-08-2026 02:00:00,"Mandir Marg, Delhi - DPCC",109,Moderately Polluted,PM10,100,1
2026-08-31T02:00:00+05:30,31-08-2026 02:00:00,"Bawana, Delhi - DPCC",107,Moderately Polluted,PM10,100,1
2026-08-31T02:00:00+05:30,31-08-2026 02:00:00,"Burari Crossing, Delhi - IITM",107,Moderately Polluted,PM10,100,1
2026-08-31T02:00:00+05:30,31-08-2026 02:00:00,"IGNOU_Maidan Garhi, Delhi - DPCC",105,Moderately Polluted,PM10,100,1
2026-08-31T02:00:00+05:30,31-08-2026 02:00:00,"Major Dhyan Chand National Stadium, Delhi - DPCC",103,Moderately Polluted,PM10,100,1
2026-08-31T02:00:00+05:30,31-08-2026 02:00:00,"JNU, Delhi - DPCC",103,Moderately Polluted,PM10,100,1
2026-08-31T02:00:00+05:30,31-08-2026 02:00:00,"NSUT Jaffarpur, Delhi - DPCC",103,Moderately Polluted,PM10,100,1
2026-08-31T02:00:00+05:30,31-08-2026 02:00:00,"IHBAS, Dilshad Garden, Delhi - CPCB",98,Satisfactory,PM10,100,0
2026-08-31T02:00:00+05:30,31-08-2026 02:00:00,"Chandni Chowk, Delhi - IITM",97,Satisfactory,CO,100,0
2026-08-31T02:00:00+05:30,31-08-2026 02:00:00,"DTU, Delhi - CPCB",97,Satisfactory,PM10,100,0
2026-08-31T02:00:00+05:30,31-08-2026 02:00:00,"Shadipur, Delhi - CPCB",96,Satisfactory,PM10,100,0
2026-08-31T02:00:00+05:30,31-08-2026 02:00:00,"Talkatora Garden, Delhi - DPCC",95,Satisfactory,PM10,100,0
2026-08-31T02:00:00+05:30,31-08-2026 02:00:00,"Najafgarh, Delhi - DPCC",95,Satisfactory,PM10,100,0
2026-08-31T02:00:00+05:30,31-08-2026 02:00:00,"Pusa, Delhi - IITM",92,Satisfactory,CO,100,0
2026-08-31T02:00:00+05:30,31-08-2026 02:00:00,"Cantonment Area, Delhi - DPCC",90,Satisfactory,CO,100,0
2026-08-31T02:00:00+05:30,31-08-2026 02:00:00,"Aya Nagar, Delhi - IITM",70,Satisfactory,PM10,100,0
2026-08-31T02:00:00+05:30,31-08-2026 02:00:00,"ITO, Delhi - CPCB",62,Satisfactory,NO2,100,0
2026-08-31T02:00:00+05:30,31-08-2026 02:00:00,"Alipur, Delhi - DPCC",19,Good,OZONE,100,0
2026-08-31T03:00:00+05:30,31-08-2026 03:00:00,"Wazirpur, Delhi - DPCC",229,Poor,PM10,100,1
2026-08-31T03:00:00+05:30,31-08-2026 03:00:00,"Dwarka-Sector 8, Delhi - DPCC",180,Moderately Polluted,PM10,100,1
2026-08-31T03:00:00+05:30,31-08-2026 03:00:00,"IIT Delhi, Delhi - IITM",151,Moderately Polluted,PM10,100,1
2026-08-31T03:00:00+05:30,31-08-2026 03:00:00,"Rohini, Delhi - DPCC",148,Moderately Polluted,PM10,100,1
2026-08-31T03:00:00+05:30,31-08-2026 03:00:00,"Mundka, Delhi - DPCC",144,Moderately Polluted,PM10,100,1
2026-08-31T03:00:00+05:30,31-08-2026 03:00:00,"CRRI Mathura Road, Delhi - IITM",140,Moderately Polluted,PM10,100,1
2026-08-31T03:00:00+05:30,31-08-2026 03:00:00,"Jahangirpuri, Delhi - DPCC",136,Moderately Polluted,PM10,100,1
2026-08-31T03:00:00+05:30,31-08-2026 03:00:00,"Sirifort, Delhi - CPCB",135,Moderately Polluted,PM10,100,1
2026-08-31T03:00:00+05:30,31-08-2026 03:00:00,"Vivek Vihar, Delhi - DPCC",132,Moderately Polluted,PM10,100,1
2026-08-31T03:00:00+05:30,31-08-2026 03:00:00,"R K Puram, Delhi - DPCC",132,Moderately Polluted,PM10,100,1
2026-08-31T03:00:00+05:30,31-08-2026 03:00:00,"Ashok Vihar, Delhi - DPCC",132,Moderately Polluted,PM10,100,1
2026-08-31T03:00:00+05:30,31-08-2026 03:00:00,"Okhla Phase-2, Delhi - DPCC",132,Moderately Polluted,PM10,100,1
2026-08-31T03:00:00+05:30,31-08-2026 03:00:00,"Pusa, Delhi - DPCC",132,Moderately Polluted,PM10,100,1
2026-08-31T03:00:00+05:30,31-08-2026 03:00:00,"Sonia Vihar, Delhi - DPCC",130,Moderately Polluted,PM10,100,1
2026-08-31T03:00:00+05:30,31-08-2026 03:00:00,"Punjabi Bagh, Delhi - DPCC",128,Moderately Polluted,PM10,100,1
2026-08-31T03:00:00+05:30,31-08-2026 03:00:00,"North Campus, DU, Delhi - IITM",126,Moderately Polluted,PM10,100,1
2026-08-31T03:00:00+05:30,31-08-2026 03:00:00,"Patparganj, Delhi - DPCC",124,Moderately Polluted,PM10,100,1
2026-08-31T03:00:00+05:30,31-08-2026 03:00:00,"IGI Airport (T3), Delhi - IITM",120,Moderately Polluted,PM10,100,1
2026-08-31T03:00:00+05:30,31-08-2026 03:00:00,"Sri Aurobindo Marg, Delhi - DPCC",119,Moderately Polluted,PM10,100,1
2026-08-31T03:00:00+05:30,31-08-2026 03:00:00,"Jawaharlal Nehru Stadium, Delhi - DPCC",119,Moderately Polluted,PM10,100,1
2026-08-31T03:00:00+05:30,31-08-2026 03:00:00,"NSIT Dwarka, Delhi - CPCB",117,Moderately Polluted,CO,100,1
2026-08-31T03:00:00+05:30,31-08-2026 03:00:00,"IMD Lodhi Road, Delhi - IITM",116,Moderately Polluted,PM10,100,1
2026-08-31T03:00:00+05:30,31-08-2026 03:00:00,"Narela, Delhi - DPCC",115,Moderately Polluted,PM10,100,1
2026-08-31T03:00:00+05:30,31-08-2026 03:00:00,"Dr. Karni Singh Shooting Range, Delhi - DPCC",114,Moderately Polluted,PM10,100,1
2026-08-31T03:00:00+05:30,31-08-2026 03:00:00,"Commonwealth Sports Complex, Delhi - DPCC",113,Moderately Polluted,PM10,100,1
2026-08-31T03:00:00+05:30,31-08-2026 03:00:00,"Mandir Marg, Delhi - DPCC",109,Moderately Polluted,PM10,100,1
2026-08-31T03:00:00+05:30,31-08-2026 03:00:00,"Bawana, Delhi - DPCC",108,Moderately Polluted,PM10,100,1
2026-08-31T03:00:00+05:30,31-08-2026 03:00:00,"Burari Crossing, Delhi - IITM",107,Moderately Polluted,PM10,100,1
2026-08-31T03:00:00+05:30,31-08-2026 03:00:00,"IGNOU_Maidan Garhi, Delhi - DPCC",104,Moderately Polluted,PM10,100,1
2026-08-31T03:00:00+05:30,31-08-2026 03:00:00,"NSUT Jaffarpur, Delhi - DPCC",103,Moderately Polluted,PM10,100,1
2026-08-31T03:00:00+05:30,31-08-2026 03:00:00,"Major Dhyan Chand National Stadium, Delhi - DPCC",102,Moderately Polluted,PM10,100,1
2026-08-31T03:00:00+05:30,31-08-2026 03:00:00,"JNU, Delhi - DPCC",102,Moderately Polluted,PM10,100,1
2026-08-31T03:00:00+05:30,31-08-2026 03:00:00,"IHBAS, Dilshad Garden, Delhi - CPCB",98,Satisfactory,PM10,100,0
2026-08-31T03:00:00+05:30,31-08-2026 03:00:00,"DTU, Delhi - CPCB",98,Satisfactory,PM10,100,0
2026-08-31T03:00:00+05:30,31-08-2026 03:00:00,"Chandni Chowk, Delhi - IITM",96,Satisfactory,CO,100,0
2026-08-31T03:00:00+05:30,31-08-2026 03:00:00,"Shadipur, Delhi - CPCB",95,Satisfactory,PM10,100,0
2026-08-31T03:00:00+05:30,31-08-2026 03:00:00,"Talkatora Garden, Delhi - DPCC",94,Satisfactory,PM10,100,0
2026-08-31T03:00:00+05:30,31-08-2026 03:00:00,"Najafgarh, Delhi - DPCC",93,Satisfactory,PM10,100,0
2026-08-31T03:00:00+05:30,31-08-2026 03:00:00,"Cantonment Area, Delhi - DPCC",89,Satisfactory,CO,100,0
2026-08-31T03:00:00+05:30,31-08-2026 03:00:00,"Aya Nagar, Delhi - IITM",70,Satisfactory,PM10,100,0
2026-08-31T03:00:00+05:30,31-08-2026 03:00:00,"Nehru Nagar, Delhi - DPCC",64,Satisfactory,CO,100,0
2026-08-31T03:00:00+05:30,31-08-2026 03:00:00,"ITO, Delhi - CPCB",63,Satisfactory,NO2,100,0
2026-08-31T03:00:00+05:30,31-08-2026 03:00:00,"Alipur, Delhi - DPCC",19,Good,OZONE,100,0
2026-08-31T04:00:00+05:30,31-08-2026 04:00:00,"Wazirpur, Delhi - DPCC",229,Poor,PM10,100,1
2026-08-31T04:00:00+05:30,31-08-2026 04:00:00,"Dwarka-Sector 8, Delhi - DPCC",179,Moderately Polluted,PM10,100,1
2026-08-31T04:00:00+05:30,31-08-2026 04:00:00,"IIT Delhi, Delhi - IITM",150,Moderately Polluted,PM10,100,1
2026-08-31T04:00:00+05:30,31-08-2026 04:00:00,"Rohini, Delhi - DPCC",148,Moderately Polluted,PM10,100,1
2026-08-31T04:00:00+05:30,31-08-2026 04:00:00,"Mundka, Delhi - DPCC",144,Moderately Polluted,PM10,100,1
2026-08-31T04:00:00+05:30,31-08-2026 04:00:00,"CRRI Mathura Road, Delhi - IITM",139,Moderately Polluted,PM10,100,1
2026-08-31T04:00:00+05:30,31-08-2026 04:00:00,"Jahangirpuri, Delhi - DPCC",135,Moderately Polluted,PM10,100,1
2026-08-31T04:00:00+05:30,31-08-2026 04:00:00,"Sirifort, Delhi - CPCB",134,Moderately Polluted,PM10,100,1
2026-08-31T04:00:00+05:30,31-08-2026 04:00:00,"Vivek Vihar, Delhi - DPCC",132,Moderately Polluted,PM10,100,1
2026-08-31T04:00:00+05:30,31-08-2026 04:00:00,"Ashok Vihar, Delhi - DPCC",132,Moderately Polluted,PM10,100,1
2026-08-31T04:00:00+05:30,31-08-2026 04:00:00,"Pusa, Delhi - DPCC",131,Moderately Polluted,PM10,100,1
2026-08-31T04:00:00+05:30,31-08-2026 04:00:00,"R K Puram, Delhi - DPCC",131,Moderately Polluted,PM10,100,1
2026-08-31T04:00:00+05:30,31-08-2026 04:00:00,"Okhla Phase-2, Delhi - DPCC",130,Moderately Polluted,PM10,100,1
2026-08-31T04:00:00+05:30,31-08-2026 04:00:00,"Sonia Vihar, Delhi - DPCC",130,Moderately Polluted,PM10,100,1
2026-08-31T04:00:00+05:30,31-08-2026 04:00:00,"North Campus, DU, Delhi - IITM",127,Moderately Polluted,PM10,100,1
2026-08-31T04:00:00+05:30,31-08-2026 04:00:00,"Punjabi Bagh, Delhi - DPCC",127,Moderately Polluted,PM10,100,1
2026-08-31T04:00:00+05:30,31-08-2026 04:00:00,"Patparganj, Delhi - DPCC",123,Moderately Polluted,PM10,100,1
2026-08-31T04:00:00+05:30,31-08-2026 04:00:00,"IGI Airport (T3), Delhi - IITM",119,Moderately Polluted,PM10,100,1
2026-08-31T04:00:00+05:30,31-08-2026 04:00:00,"Sri Aurobindo Marg, Delhi - DPCC",119,Moderately Polluted,PM10,100,1
2026-08-31T04:00:00+05:30,31-08-2026 04:00:00,"Jawaharlal Nehru Stadium, Delhi - DPCC",118,Moderately Polluted,PM10,100,1
2026-08-31T04:00:00+05:30,31-08-2026 04:00:00,"IMD Lodhi Road, Delhi - IITM",116,Moderately Polluted,PM10,100,1
2026-08-31T04:00:00+05:30,31-08-2026 04:00:00,"Narela, Delhi - DPCC",115,Moderately Polluted,PM10,100,1
2026-08-31T04:00:00+05:30,31-08-2026 04:00:00,"Dr. Karni Singh Shooting Range, Delhi - DPCC",114,Moderately Polluted,PM10,100,1
2026-08-31T04:00:00+05:30,31-08-2026 04:00:00,"NSIT Dwarka, Delhi - CPCB",114,Moderately Polluted,CO,100,1
2026-08-31T04:00:00+05:30,31-08-2026 04:00:00,"Commonwealth Sports Complex, Delhi - DPCC",113,Moderately Polluted,PM10,100,1
2026-08-31T04:00:00+05:30,31-08-2026 04:00:00,"Mandir Marg, Delhi - DPCC",108,Moderately Polluted,PM10,100,1
2026-08-31T04:00:00+05:30,31-08-2026 04:00:00,"Bawana, Delhi - DPCC",108,Moderately Polluted,PM10,100,1
2026-08-31T04:00:00+05:30,31-08-2026 04:00:00,"Burari Crossing, Delhi - IITM",107,Moderately Polluted,PM10,100,1
2026-08-31T04:00:00+05:30,31-08-2026 04:00:00,"IGNOU_Maidan Garhi, Delhi - DPCC",103,Moderately Polluted,PM10,100,1
2026-08-31T04:00:00+05:30,31-08-2026 04:00:00,"NSUT Jaffarpur, Delhi - DPCC",103,Moderately Polluted,PM10,100,1
2026-08-31T04:00:00+05:30,31-08-2026 04:00:00,"JNU, Delhi - DPCC",102,Moderately Polluted,PM10,100,1
2026-08-31T04:00:00+05:30,31-08-2026 04:00:00,"Major Dhyan Chand National Stadium, Delhi - DPCC",102,Moderately Polluted,PM10,100,1
2026-08-31T04:00:00+05:30,31-08-2026 04:00:00,"DTU, Delhi - CPCB",98,Satisfactory,PM10,100,0
2026-08-31T04:00:00+05:30,31-08-2026 04:00:00,"IHBAS, Dilshad Garden, Delhi - CPCB",98,Satisfactory,PM10,100,0
2026-08-31T04:00:00+05:30,31-08-2026 04:00:00,"Shadipur, Delhi - CPCB",96,Satisfactory,PM10,100,0
2026-08-31T04:00:00+05:30,31-08-2026 04:00:00,"Talkatora Garden, Delhi - DPCC",94,Satisfactory,PM10,100,0
2026-08-31T04:00:00+05:30,31-08-2026 04:00:00,"Chandni Chowk, Delhi - IITM",93,Satisfactory,CO,100,0
2026-08-31T04:00:00+05:30,31-08-2026 04:00:00,"Najafgarh, Delhi - DPCC",93,Satisfactory,PM10,100,0
2026-08-31T04:00:00+05:30,31-08-2026 04:00:00,"Cantonment Area, Delhi - DPCC",90,Satisfactory,CO,100,0
2026-08-31T04:00:00+05:30,31-08-2026 04:00:00,"Aya Nagar, Delhi - IITM",70,Satisfactory,PM10,100,0
2026-08-31T04:00:00+05:30,31-08-2026 04:00:00,"Nehru Nagar, Delhi - DPCC",64,Satisfactory,CO,100,0
2026-08-31T04:00:00+05:30,31-08-2026 04:00:00,"ITO, Delhi - CPCB",63,Satisfactory,NO2,100,0
2026-08-31T04:00:00+05:30,31-08-2026 04:00:00,"Alipur, Delhi - DPCC",20,Good,OZONE,100,0
2026-08-31T05:00:00+05:30,31-08-2026 05:00:00,"Wazirpur, Delhi - DPCC",229,Poor,PM10,100,1
2026-08-31T05:00:00+05:30,31-08-2026 05:00:00,"Dwarka-Sector 8, Delhi - DPCC",178,Moderately Polluted,PM10,100,1
2026-08-31T05:00:00+05:30,31-08-2026 05:00:00,"IIT Delhi, Delhi - IITM",150,Moderately Polluted,PM10,100,1
2026-08-31T05:00:00+05:30,31-08-2026 05:00:00,"Rohini, Delhi - DPCC",148,Moderately Polluted,PM10,100,1
2026-08-31T05:00:00+05:30,31-08-2026 05:00:00,"Mundka, Delhi - DPCC",145,Moderately Polluted,PM10,100,1
2026-08-31T05:00:00+05:30,31-08-2026 05:00:00,"CRRI Mathura Road, Delhi - IITM",139,Moderately Polluted,PM10,100,1
2026-08-31T05:00:00+05:30,31-08-2026 05:00:00,"Jahangirpuri, Delhi - DPCC",135,Moderately Polluted,PM10,100,1
2026-08-31T05:00:00+05:30,31-08-2026 05:00:00,"Sirifort, Delhi - CPCB",135,Moderately Polluted,PM10,100,1
2026-08-31T05:00:00+05:30,31-08-2026 05:00:00,"Vivek Vihar, Delhi - DPCC",132,Moderately Polluted,PM10,100,1
2026-08-31T05:00:00+05:30,31-08-2026 05:00:00,"Ashok Vihar, Delhi - DPCC",132,Moderately Polluted,PM10,100,1
2026-08-31T05:00:00+05:30,31-08-2026 05:00:00,"Sonia Vihar, Delhi - DPCC",131,Moderately Polluted,PM10,100,1
2026-08-31T05:00:00+05:30,31-08-2026 05:00:00,"R K Puram, Delhi - DPCC",131,Moderately Polluted,PM10,100,1
2026-08-31T05:00:00+05:30,31-08-2026 05:00:00,"Okhla Phase-2, Delhi - DPCC",131,Moderately Polluted,PM10,100,1
2026-08-31T05:00:00+05:30,31-08-2026 05:00:00,"Pusa, Delhi - DPCC",130,Moderately Polluted,PM10,100,1
2026-08-31T05:00:00+05:30,31-08-2026 05:00:00,"Punjabi Bagh, Delhi - DPCC",127,Moderately Polluted,PM10,100,1
2026-08-31T05:00:00+05:30,31-08-2026 05:00:00,"North Campus, DU, Delhi - IITM",126,Moderately Polluted,PM10,100,1
2026-08-31T05:00:00+05:30,31-08-2026 05:00:00,"Patparganj, Delhi - DPCC",122,Moderately Polluted,PM10,100,1
2026-08-31T05:00:00+05:30,31-08-2026 05:00:00,"Sri Aurobindo Marg, Delhi - DPCC",118,Moderately Polluted,PM10,100,1
2026-08-31T05:00:00+05:30,31-08-2026 05:00:00,"IGI Airport (T3), Delhi - IITM",118,Moderately Polluted,PM10,100,1
2026-08-31T05:00:00+05:30,31-08-2026 05:00:00,"Jawaharlal Nehru Stadium, Delhi - DPCC",118,Moderately Polluted,PM10,100,1
2026-08-31T05:00:00+05:30,31-08-2026 05:00:00,"IMD Lodhi Road, Delhi - IITM",115,Moderately Polluted,PM10,100,1
2026-08-31T05:00:00+05:30,31-08-2026 05:00:00,"Dr. Karni Singh Shooting Range, Delhi - DPCC",114,Moderately Polluted,PM10,100,1
2026-08-31T05:00:00+05:30,31-08-2026 05:00:00,"Narela, Delhi - DPCC",113,Moderately Polluted,PM10,100,1
2026-08-31T05:00:00+05:30,31-08-2026 05:00:00,"Commonwealth Sports Complex, Delhi - DPCC",113,Moderately Polluted,PM10,100,1
2026-08-31T05:00:00+05:30,31-08-2026 05:00:00,"NSIT Dwarka, Delhi - CPCB",112,Moderately Polluted,CO,100,1
2026-08-31T05:00:00+05:30,31-08-2026 05:00:00,"Bawana, Delhi - DPCC",109,Moderately Polluted,PM10,100,1
2026-08-31T05:00:00+05:30,31-08-2026 05:00:00,"Mandir Marg, Delhi - DPCC",109,Moderately Polluted,PM10,100,1
2026-08-31T05:00:00+05:30,31-08-2026 05:00:00,"Burari Crossing, Delhi - IITM",107,Moderately Polluted,PM10,100,1
2026-08-31T05:00:00+05:30,31-08-2026 05:00:00,"NSUT Jaffarpur, Delhi - DPCC",104,Moderately Polluted,PM10,100,1
2026-08-31T05:00:00+05:30,31-08-2026 05:00:00,"Major Dhyan Chand National Stadium, Delhi - DPCC",103,Moderately Polluted,PM10,100,1
2026-08-31T05:00:00+05:30,31-08-2026 05:00:00,"IGNOU_Maidan Garhi, Delhi - DPCC",102,Moderately Polluted,PM10,100,1
2026-08-31T05:00:00+05:30,31-08-2026 05:00:00,"JNU, Delhi - DPCC",102,Moderately Polluted,PM10,100,1
2026-08-31T05:00:00+05:30,31-08-2026 05:00:00,"DTU, Delhi - CPCB",98,Satisfactory,PM10,100,0
2026-08-31T05:00:00+05:30,31-08-2026 05:00:00,"IHBAS, Dilshad Garden, Delhi - CPCB",97,Satisfactory,PM10,100,0
2026-08-31T05:00:00+05:30,31-08-2026 05:00:00,"Shadipur, Delhi - CPCB",96,Satisfactory,PM10,100,0
2026-08-31T05:00:00+05:30,31-08-2026 05:00:00,"Talkatora Garden, Delhi - DPCC",94,Satisfactory,PM10,100,0
2026-08-31T05:00:00+05:30,31-08-2026 05:00:00,"Chandni Chowk, Delhi - IITM",93,Satisfactory,CO,100,0
2026-08-31T05:00:00+05:30,31-08-2026 05:00:00,"Najafgarh, Delhi - DPCC",92,Satisfactory,PM10,100,0
2026-08-31T05:00:00+05:30,31-08-2026 05:00:00,"Cantonment Area, Delhi - DPCC",89,Satisfactory,CO,100,0
2026-08-31T05:00:00+05:30,31-08-2026 05:00:00,"Aya Nagar, Delhi - IITM",70,Satisfactory,PM10,100,0
2026-08-31T05:00:00+05:30,31-08-2026 05:00:00,"ITO, Delhi - CPCB",63,Satisfactory,NO2,100,0
2026-08-31T05:00:00+05:30,31-08-2026 05:00:00,"Nehru Nagar, Delhi - DPCC",62,Satisfactory,CO,100,0
2026-08-31T05:00:00+05:30,31-08-2026 05:00:00,"Alipur, Delhi - DPCC",42,Good,NO2,100,0
2026-08-31T10:00:00+05:30,31-08-2026 10:00:00,"Wazirpur, Delhi - DPCC",236,Poor,PM10,100,1
2026-08-31T10:00:00+05:30,31-08-2026 10:00:00,"Dwarka-Sector 8, Delhi - DPCC",179,Moderately Polluted,PM10,100,1
2026-08-31T10:00:00+05:30,31-08-2026 10:00:00,"IIT Delhi, Delhi - IITM",149,Moderately Polluted,PM10,100,1
2026-08-31T10:00:00+05:30,31-08-2026 10:00:00,"Rohini, Delhi - DPCC",147,Moderately Polluted,PM10,100,1
2026-08-31T10:00:00+05:30,31-08-2026 10:00:00,"Mundka, Delhi - DPCC",144,Moderately Polluted,PM10,100,1
2026-08-31T10:00:00+05:30,31-08-2026 10:00:00,"CRRI Mathura Road, Delhi - IITM",136,Moderately Polluted,PM10,100,1
2026-08-31T10:00:00+05:30,31-08-2026 10:00:00,"Jahangirpuri, Delhi - DPCC",134,Moderately Polluted,PM10,100,1
2026-08-31T10:00:00+05:30,31-08-2026 10:00:00,"Sirifort, Delhi - CPCB",134,Moderately Polluted,PM10,100,1
2026-08-31T10:00:00+05:30,31-08-2026 10:00:00,"Pusa, Delhi - DPCC",132,Moderately Polluted,PM10,100,1
2026-08-31T10:00:00+05:30,31-08-2026 10:00:00,"Vivek Vihar, Delhi - DPCC",131,Moderately Polluted,PM10,100,1
2026-08-31T10:00:00+05:30,31-08-2026 10:00:00,"Ashok Vihar, Delhi - DPCC",131,Moderately Polluted,PM10,100,1
2026-08-31T10:00:00+05:30,31-08-2026 10:00:00,"Sonia Vihar, Delhi - DPCC",130,Moderately Polluted,PM10,100,1
2026-08-31T10:00:00+05:30,31-08-2026 10:00:00,"Okhla Phase-2, Delhi - DPCC",130,Moderately Polluted,PM10,100,1
2026-08-31T10:00:00+05:30,31-08-2026 10:00:00,"R K Puram, Delhi - DPCC",129,Moderately Polluted,PM10,100,1
2026-08-31T10:00:00+05:30,31-08-2026 10:00:00,"Punjabi Bagh, Delhi - DPCC",127,Moderately Polluted,PM10,100,1
2026-08-31T10:00:00+05:30,31-08-2026 10:00:00,"North Campus, DU, Delhi - IITM",126,Moderately Polluted,PM10,100,1
2026-08-31T10:00:00+05:30,31-08-2026 10:00:00,"Patparganj, Delhi - DPCC",122,Moderately Polluted,PM10,100,1
2026-08-31T10:00:00+05:30,31-08-2026 10:00:00,"Jawaharlal Nehru Stadium, Delhi - DPCC",118,Moderately Polluted,PM10,100,1
2026-08-31T10:00:00+05:30,31-08-2026 10:00:00,"IGI Airport (T3), Delhi - IITM",117,Moderately Polluted,PM10,100,1
2026-08-31T10:00:00+05:30,31-08-2026 10:00:00,"Sri Aurobindo Marg, Delhi - DPCC",116,Moderately Polluted,PM10,100,1
2026-08-31T10:00:00+05:30,31-08-2026 10:00:00,"IMD Lodhi Road, Delhi - IITM",114,Moderately Polluted,PM10,100,1
2026-08-31T10:00:00+05:30,31-08-2026 10:00:00,"Dr. Karni Singh Shooting Range, Delhi - DPCC",113,Moderately Polluted,PM10,100,1
2026-08-31T10:00:00+05:30,31-08-2026 10:00:00,"Narela, Delhi - DPCC",112,Moderately Polluted,PM10,100,1
2026-08-31T10:00:00+05:30,31-08-2026 10:00:00,"Bawana, Delhi - DPCC",110,Moderately Polluted,PM10,100,1
2026-08-31T10:00:00+05:30,31-08-2026 10:00:00,"NSIT Dwarka, Delhi - CPCB",109,Moderately Polluted,CO,100,1
2026-08-31T10:00:00+05:30,31-08-2026 10:00:00,"Commonwealth Sports Complex, Delhi - DPCC",109,Moderately Polluted,PM10,100,1
2026-08-31T10:00:00+05:30,31-08-2026 10:00:00,"Burari Crossing, Delhi - IITM",108,Moderately Polluted,PM10,100,1
2026-08-31T10:00:00+05:30,31-08-2026 10:00:00,"Mandir Marg, Delhi - DPCC",107,Moderately Polluted,PM10,100,1
2026-08-31T10:00:00+05:30,31-08-2026 10:00:00,"Major Dhyan Chand National Stadium, Delhi - DPCC",102,Moderately Polluted,PM10,100,1
2026-08-31T10:00:00+05:30,31-08-2026 10:00:00,"NSUT Jaffarpur, Delhi - DPCC",102,Moderately Polluted,PM10,100,1
2026-08-31T10:00:00+05:30,31-08-2026 10:00:00,"IGNOU_Maidan Garhi, Delhi - DPCC",101,Moderately Polluted,PM10,100,1
2026-08-31T10:00:00+05:30,31-08-2026 10:00:00,"JNU, Delhi - DPCC",99,Satisfactory,PM10,100,0
2026-08-31T10:00:00+05:30,31-08-2026 10:00:00,"IHBAS, Dilshad Garden, Delhi - CPCB",97,Satisfactory,PM10,100,0
2026-08-31T10:00:00+05:30,31-08-2026 10:00:00,"DTU, Delhi - CPCB",96,Satisfactory,PM10,100,0
2026-08-31T10:00:00+05:30,31-08-2026 10:00:00,"Shadipur, Delhi - CPCB",95,Satisfactory,PM10,100,0
2026-08-31T10:00:00+05:30,31-08-2026 10:00:00,"Talkatora Garden, Delhi - DPCC",94,Satisfactory,PM10,100,0
2026-08-31T10:00:00+05:30,31-08-2026 10:00:00,"Najafgarh, Delhi - DPCC",91,Satisfactory,PM10,100,0
2026-08-31T10:00:00+05:30,31-08-2026 10:00:00,"Cantonment Area, Delhi - DPCC",88,Satisfactory,CO,100,0
2026-08-31T10:00:00+05:30,31-08-2026 10:00:00,"Chandni Chowk, Delhi - IITM",83,Satisfactory,CO,100,0
2026-08-31T10:00:00+05:30,31-08-2026 10:00:00,"Aya Nagar, Delhi - IITM",68,Satisfactory,PM10,100,0
2026-08-31T10:00:00+05:30,31-08-2026 10:00:00,"Nehru Nagar, Delhi - DPCC",63,Satisfactory,CO,100,0
2026-08-31T10:00:00+05:30,31-08-2026 10:00:00,"ITO, Delhi - CPCB",59,Satisfactory,NO2,100,0
2026-08-31T10:00:00+05:30,31-08-2026 10:00:00,"Pusa, Delhi - IITM",46,Good,OZONE,100,0
2026-08-31T10:00:00+05:30,31-08-2026 10:00:00,"Alipur, Delhi - DPCC",42,Good,NO2,100,0
2026-08-31T11:00:00+05:30,31-08-2026 11:00:00,"Wazirpur, Delhi - DPCC",234,Poor,PM10,100,1
2026-08-31T11:00:00+05:30,31-08-2026 11:00:00,"Dwarka-Sector 8, Delhi - DPCC",178,Moderately Polluted,PM10,100,1
2026-08-31T11:00:00+05:30,31-08-2026 11:00:00,"IIT Delhi, Delhi - IITM",149,Moderately Polluted,PM10,100,1
2026-08-31T11:00:00+05:30,31-08-2026 11:00:00,"Rohini, Delhi - DPCC",148,Moderately Polluted,PM10,100,1
2026-08-31T11:00:00+05:30,31-08-2026 11:00:00,"Mundka, Delhi - DPCC",144,Moderately Polluted,PM10,100,1
2026-08-31T11:00:00+05:30,31-08-2026 11:00:00,"CRRI Mathura Road, Delhi - IITM",136,Moderately Polluted,PM10,100,1
2026-08-31T11:00:00+05:30,31-08-2026 11:00:00,"Jahangirpuri, Delhi - DPCC",134,Moderately Polluted,PM10,100,1
2026-08-31T11:00:00+05:30,31-08-2026 11:00:00,"Sirifort, Delhi - CPCB",134,Moderately Polluted,PM10,100,1
2026-08-31T11:00:00+05:30,31-08-2026 11:00:00,"Pusa, Delhi - DPCC",132,Moderately Polluted,PM10,100,1
2026-08-31T11:00:00+05:30,31-08-2026 11:00:00,"Ashok Vihar, Delhi - DPCC",131,Moderately Polluted,PM10,100,1
2026-08-31T11:00:00+05:30,31-08-2026 11:00:00,"Sonia Vihar, Delhi - DPCC",130,Moderately Polluted,PM10,100,1
2026-08-31T11:00:00+05:30,31-08-2026 11:00:00,"Okhla Phase-2, Delhi - DPCC",130,Moderately Polluted,PM10,100,1
2026-08-31T11:00:00+05:30,31-08-2026 11:00:00,"R K Puram, Delhi - DPCC",130,Moderately Polluted,PM10,100,1
2026-08-31T11:00:00+05:30,31-08-2026 11:00:00,"Vivek Vihar, Delhi - DPCC",130,Moderately Polluted,PM10,100,1
2026-08-31T11:00:00+05:30,31-08-2026 11:00:00,"Punjabi Bagh, Delhi - DPCC",127,Moderately Polluted,PM10,100,1
2026-08-31T11:00:00+05:30,31-08-2026 11:00:00,"North Campus, DU, Delhi - IITM",126,Moderately Polluted,PM10,100,1
2026-08-31T11:00:00+05:30,31-08-2026 11:00:00,"Patparganj, Delhi - DPCC",122,Moderately Polluted,PM10,100,1
2026-08-31T11:00:00+05:30,31-08-2026 11:00:00,"Jawaharlal Nehru Stadium, Delhi - DPCC",117,Moderately Polluted,PM10,100,1
2026-08-31T11:00:00+05:30,31-08-2026 11:00:00,"IGI Airport (T3), Delhi - IITM",116,Moderately Polluted,PM10,100,1
2026-08-31T11:00:00+05:30,31-08-2026 11:00:00,"Sri Aurobindo Marg, Delhi - DPCC",115,Moderately Polluted,PM10,100,1
2026-08-31T11:00:00+05:30,31-08-2026 11:00:00,"IMD Lodhi Road, Delhi - IITM",115,Moderately Polluted,PM10,100,1
2026-08-31T11:00:00+05:30,31-08-2026 11:00:00,"Dr. Karni Singh Shooting Range, Delhi - DPCC",112,Moderately Polluted,PM10,100,1
2026-08-31T11:00:00+05:30,31-08-2026 11:00:00,"Narela, Delhi - DPCC",111,Moderately Polluted,PM10,100,1
2026-08-31T11:00:00+05:30,31-08-2026 11:00:00,"NSIT Dwarka, Delhi - CPCB",110,Moderately Polluted,CO,100,1
2026-08-31T11:00:00+05:30,31-08-2026 11:00:00,"Bawana, Delhi - DPCC",109,Moderately Polluted,PM10,100,1
2026-08-31T11:00:00+05:30,31-08-2026 11:00:00,"Commonwealth Sports Complex, Delhi - DPCC",108,Moderately Polluted,PM10,100,1
2026-08-31T11:00:00+05:30,31-08-2026 11:00:00,"Burari Crossing, Delhi - IITM",107,Moderately Polluted,PM10,100,1
2026-08-31T11:00:00+05:30,31-08-2026 11:00:00,"Mandir Marg, Delhi - DPCC",107,Moderately Polluted,PM10,100,1
2026-08-31T11:00:00+05:30,31-08-2026 11:00:00,"Major Dhyan Chand National Stadium, Delhi - DPCC",102,Moderately Polluted,PM10,100,1
2026-08-31T11:00:00+05:30,31-08-2026 11:00:00,"NSUT Jaffarpur, Delhi - DPCC",102,Moderately Polluted,PM10,100,1
2026-08-31T11:00:00+05:30,31-08-2026 11:00:00,"IGNOU_Maidan Garhi, Delhi - DPCC",100,Satisfactory,PM10,100,0
2026-08-31T11:00:00+05:30,31-08-2026 11:00:00,"JNU, Delhi - DPCC",98,Satisfactory,PM10,100,0
2026-08-31T11:00:00+05:30,31-08-2026 11:00:00,"IHBAS, Dilshad Garden, Delhi - CPCB",97,Satisfactory,PM10,100,0
2026-08-31T11:00:00+05:30,31-08-2026 11:00:00,"DTU, Delhi - CPCB",95,Satisfactory,PM10,100,0
2026-08-31T11:00:00+05:30,31-08-2026 11:00:00,"Shadipur, Delhi - CPCB",94,Satisfactory,PM10,100,0
2026-08-31T11:00:00+05:30,31-08-2026 11:00:00,"Talkatora Garden, Delhi - DPCC",94,Satisfactory,PM10,100,0
2026-08-31T11:00:00+05:30,31-08-2026 11:00:00,"Najafgarh, Delhi - DPCC",90,Satisfactory,PM10,100,0
2026-08-31T11:00:00+05:30,31-08-2026 11:00:00,"Cantonment Area, Delhi - DPCC",88,Satisfactory,CO,100,0
2026-08-31T11:00:00+05:30,31-08-2026 11:00:00,"Chandni Chowk, Delhi - IITM",84,Satisfactory,CO,100,0
2026-08-31T11:00:00+05:30,31-08-2026 11:00:00,"Aya Nagar, Delhi - IITM",67,Satisfactory,PM10,100,0
2026-08-31T11:00:00+05:30,31-08-2026 11:00:00,"ITO, Delhi - CPCB",59,Satisfactory,NO2,100,0
2026-08-31T11:00:00+05:30,31-08-2026 11:00:00,"Nehru Nagar, Delhi - DPCC",54,Satisfactory,CO,100,0
2026-08-31T11:00:00+05:30,31-08-2026 11:00:00,"Pusa, Delhi - IITM",50,Good,OZONE,100,0
2026-08-31T11:00:00+05:30,31-08-2026 11:00:00,"Alipur, Delhi - DPCC",42,Good,NO2,100,0
2026-08-31T12:00:00+05:30,31-08-2026 12:00:00,"Wazirpur, Delhi - DPCC",234,Poor,PM10,100,1
2026-08-31T12:00:00+05:30,31-08-2026 12:00:00,"Dwarka-Sector 8, Delhi - DPCC",179,Moderately Polluted,PM10,100,1
2026-08-31T12:00:00+05:30,31-08-2026 12:00:00,"IIT Delhi, Delhi - IITM",150,Moderately Polluted,PM10,100,1
2026-08-31T12:00:00+05:30,31-08-2026 12:00:00,"Rohini, Delhi - DPCC",148,Moderately Polluted,PM10,100,1
2026-08-31T12:00:00+05:30,31-08-2026 12:00:00,"Mundka, Delhi - DPCC",142,Moderately Polluted,PM10,100,1
2026-08-31T12:00:00+05:30,31-08-2026 12:00:00,"CRRI Mathura Road, Delhi - IITM",137,Moderately Polluted,PM10,100,1
2026-08-31T12:00:00+05:30,31-08-2026 12:00:00,"Jahangirpuri, Delhi - DPCC",134,Moderately Polluted,PM10,100,1
2026-08-31T12:00:00+05:30,31-08-2026 12:00:00,"Sirifort, Delhi - CPCB",134,Moderately Polluted,PM10,100,1
2026-08-31T12:00:00+05:30,31-08-2026 12:00:00,"Pusa, Delhi - DPCC",132,Moderately Polluted,PM10,100,1
2026-08-31T12:00:00+05:30,31-08-2026 12:00:00,"Okhla Phase-2, Delhi - DPCC",130,Moderately Polluted,PM10,100,1
2026-08-31T12:00:00+05:30,31-08-2026 12:00:00,"Vivek Vihar, Delhi - DPCC",130,Moderately Polluted,PM10,100,1
2026-08-31T12:00:00+05:30,31-08-2026 12:00:00,"Sonia Vihar, Delhi - DPCC",130,Moderately Polluted,PM10,100,1
2026-08-31T12:00:00+05:30,31-08-2026 12:00:00,"Ashok Vihar, Delhi - DPCC",130,Moderately Polluted,PM10,100,1
2026-08-31T12:00:00+05:30,31-08-2026 12:00:00,"R K Puram, Delhi - DPCC",129,Moderately Polluted,PM10,100,1
2026-08-31T12:00:00+05:30,31-08-2026 12:00:00,"Punjabi Bagh, Delhi - DPCC",126,Moderately Polluted,PM10,100,1
2026-08-31T12:00:00+05:30,31-08-2026 12:00:00,"North Campus, DU, Delhi - IITM",126,Moderately Polluted,PM10,100,1
2026-08-31T12:00:00+05:30,31-08-2026 12:00:00,"Patparganj, Delhi - DPCC",122,Moderately Polluted,PM10,100,1
2026-08-31T12:00:00+05:30,31-08-2026 12:00:00,"Jawaharlal Nehru Stadium, Delhi - DPCC",117,Moderately Polluted,PM10,100,1
2026-08-31T12:00:00+05:30,31-08-2026 12:00:00,"IGI Airport (T3), Delhi - IITM",116,Moderately Polluted,PM10,100,1
2026-08-31T12:00:00+05:30,31-08-2026 12:00:00,"IMD Lodhi Road, Delhi - IITM",115,Moderately Polluted,PM10,100,1
2026-08-31T12:00:00+05:30,31-08-2026 12:00:00,"Sri Aurobindo Marg, Delhi - DPCC",114,Moderately Polluted,PM10,100,1
2026-08-31T12:00:00+05:30,31-08-2026 12:00:00,"Narela, Delhi - DPCC",112,Moderately Polluted,PM10,100,1
2026-08-31T12:00:00+05:30,31-08-2026 12:00:00,"Dr. Karni Singh Shooting Range, Delhi - DPCC",111,Moderately Polluted,PM10,100,1
2026-08-31T12:00:00+05:30,31-08-2026 12:00:00,"NSIT Dwarka, Delhi - CPCB",110,Moderately Polluted,CO,100,1
2026-08-31T12:00:00+05:30,31-08-2026 12:00:00,"Bawana, Delhi - DPCC",108,Moderately Polluted,PM10,100,1
2026-08-31T12:00:00+05:30,31-08-2026 12:00:00,"Commonwealth Sports Complex, Delhi - DPCC",107,Moderately Polluted,PM10,100,1
2026-08-31T12:00:00+05:30,31-08-2026 12:00:00,"Burari Crossing, Delhi - IITM",107,Moderately Polluted,PM10,100,1
2026-08-31T12:00:00+05:30,31-08-2026 12:00:00,"Mandir Marg, Delhi - DPCC",106,Moderately Polluted,PM10,100,1
2026-08-31T12:00:00+05:30,31-08-2026 12:00:00,"Major Dhyan Chand National Stadium, Delhi - DPCC",102,Moderately Polluted,PM10,100,1
2026-08-31T12:00:00+05:30,31-08-2026 12:00:00,"NSUT Jaffarpur, Delhi - DPCC",102,Moderately Polluted,PM10,100,1
2026-08-31T12:00:00+05:30,31-08-2026 12:00:00,"IGNOU_Maidan Garhi, Delhi - DPCC",99,Satisfactory,PM10,100,0
2026-08-31T12:00:00+05:30,31-08-2026 12:00:00,"JNU, Delhi - DPCC",97,Satisfactory,PM10,100,0
2026-08-31T12:00:00+05:30,31-08-2026 12:00:00,"IHBAS, Dilshad Garden, Delhi - CPCB",97,Satisfactory,PM10,100,0
2026-08-31T12:00:00+05:30,31-08-2026 12:00:00,"DTU, Delhi - CPCB",95,Satisfactory,PM10,100,0
2026-08-31T12:00:00+05:30,31-08-2026 12:00:00,"Talkatora Garden, Delhi - DPCC",94,Satisfactory,PM10,100,0
2026-08-31T12:00:00+05:30,31-08-2026 12:00:00,"Shadipur, Delhi - CPCB",94,Satisfactory,PM10,100,0
2026-08-31T12:00:00+05:30,31-08-2026 12:00:00,"Najafgarh, Delhi - DPCC",89,Satisfactory,PM10,100,0
2026-08-31T12:00:00+05:30,31-08-2026 12:00:00,"Cantonment Area, Delhi - DPCC",88,Satisfactory,CO,100,0
2026-08-31T12:00:00+05:30,31-08-2026 12:00:00,"Chandni Chowk, Delhi - IITM",84,Satisfactory,CO,100,0
2026-08-31T12:00:00+05:30,31-08-2026 12:00:00,"Aya Nagar, Delhi - IITM",68,Satisfactory,PM10,100,0
2026-08-31T12:00:00+05:30,31-08-2026 12:00:00,"ITO, Delhi - CPCB",58,Satisfactory,NO2,100,0
2026-08-31T12:00:00+05:30,31-08-2026 12:00:00,"Pusa, Delhi - IITM",55,Satisfactory,OZONE,100,0
2026-08-31T12:00:00+05:30,31-08-2026 12:00:00,"Nehru Nagar, Delhi - DPCC",52,Satisfactory,CO,100,0
2026-08-31T12:00:00+05:30,31-08-2026 12:00:00,"Alipur, Delhi - DPCC",41,Good,NO2,100,0
2026-08-31T13:00:00+05:30,31-08-2026 13:00:00,"Wazirpur, Delhi - DPCC",234,Poor,PM10,100,1
2026-08-31T13:00:00+05:30,31-08-2026 13:00:00,"Dwarka-Sector 8, Delhi - DPCC",179,Moderately Polluted,PM10,100,1
2026-08-31T13:00:00+05:30,31-08-2026 13:00:00,"IIT Delhi, Delhi - IITM",150,Moderately Polluted,PM10,100,1
2026-08-31T13:00:00+05:30,31-08-2026 13:00:00,"Rohini, Delhi - DPCC",149,Moderately Polluted,PM10,100,1
2026-08-31T13:00:00+05:30,31-08-2026 13:00:00,"Mundka, Delhi - DPCC",142,Moderately Polluted,PM10,100,1
2026-08-31T13:00:00+05:30,31-08-2026 13:00:00,"CRRI Mathura Road, Delhi - IITM",137,Moderately Polluted,PM10,100,1
2026-08-31T13:00:00+05:30,31-08-2026 13:00:00,"Jahangirpuri, Delhi - DPCC",134,Moderately Polluted,PM10,100,1
2026-08-31T13:00:00+05:30,31-08-2026 13:00:00,"Sirifort, Delhi - CPCB",134,Moderately Polluted,PM10,100,1
2026-08-31T13:00:00+05:30,31-08-2026 13:00:00,"Okhla Phase-2, Delhi - DPCC",131,Moderately Polluted,PM10,100,1
2026-08-31T13:00:00+05:30,31-08-2026 13:00:00,"Pusa, Delhi - DPCC",131,Moderately Polluted,PM10,100,1
2026-08-31T13:00:00+05:30,31-08-2026 13:00:00,"R K Puram, Delhi - DPCC",130,Moderately Polluted,PM10,100,1
2026-08-31T13:00:00+05:30,31-08-2026 13:00:00,"Sonia Vihar, Delhi - DPCC",130,Moderately Polluted,PM10,100,1
2026-08-31T13:00:00+05:30,31-08-2026 13:00:00,"Vivek Vihar, Delhi - DPCC",130,Moderately Polluted,PM10,100,1
2026-08-31T13:00:00+05:30,31-08-2026 13:00:00,"Ashok Vihar, Delhi - DPCC",130,Moderately Polluted,PM10,100,1
2026-08-31T13:00:00+05:30,31-08-2026 13:00:00,"Punjabi Bagh, Delhi - DPCC",125,Moderately Polluted,PM10,100,1
2026-08-31T13:00:00+05:30,31-08-2026 13:00:00,"North Campus, DU, Delhi - IITM",125,Moderately Polluted,PM10,100,1
2026-08-31T13:00:00+05:30,31-08-2026 13:00:00,"Patparganj, Delhi - DPCC",122,Moderately Polluted,PM10,100,1
2026-08-31T13:00:00+05:30,31-08-2026 13:00:00,"Jawaharlal Nehru Stadium, Delhi - DPCC",117,Moderately Polluted,PM10,100,1
2026-08-31T13:00:00+05:30,31-08-2026 13:00:00,"IGI Airport (T3), Delhi - IITM",115,Moderately Polluted,PM10,100,1
2026-08-31T13:00:00+05:30,31-08-2026 13:00:00,"IMD Lodhi Road, Delhi - IITM",115,Moderately Polluted,PM10,100,1
2026-08-31T13:00:00+05:30,31-08-2026 13:00:00,"Sri Aurobindo Marg, Delhi - DPCC",114,Moderately Polluted,PM10,100,1
2026-08-31T13:00:00+05:30,31-08-2026 13:00:00,"Narela, Delhi - DPCC",112,Moderately Polluted,PM10,100,1
2026-08-31T13:00:00+05:30,31-08-2026 13:00:00,"Dr. Karni Singh Shooting Range, Delhi - DPCC",111,Moderately Polluted,PM10,100,1
2026-08-31T13:00:00+05:30,31-08-2026 13:00:00,"NSIT Dwarka, Delhi - CPCB",111,Moderately Polluted,CO,100,1
2026-08-31T13:00:00+05:30,31-08-2026 13:00:00,"Bawana, Delhi - DPCC",109,Moderately Polluted,PM10,100,1
2026-08-31T13:00:00+05:30,31-08-2026 13:00:00,"Burari Crossing, Delhi - IITM",107,Moderately Polluted,PM10,100,1
2026-08-31T13:00:00+05:30,31-08-2026 13:00:00,"Mandir Marg, Delhi - DPCC",107,Moderately Polluted,PM10,100,1
2026-08-31T13:00:00+05:30,31-08-2026 13:00:00,"Commonwealth Sports Complex, Delhi - DPCC",106,Moderately Polluted,PM10,100,1
2026-08-31T13:00:00+05:30,31-08-2026 13:00:00,"Major Dhyan Chand National Stadium, Delhi - DPCC",102,Moderately Polluted,PM10,100,1
2026-08-31T13:00:00+05:30,31-08-2026 13:00:00,"NSUT Jaffarpur, Delhi - DPCC",101,Moderately Polluted,PM10,100,1
2026-08-31T13:00:00+05:30,31-08-2026 13:00:00,"IGNOU_Maidan Garhi, Delhi - DPCC",99,Satisfactory,PM10,100,0
2026-08-31T13:00:00+05:30,31-08-2026 13:00:00,"IHBAS, Dilshad Garden, Delhi - CPCB",97,Satisfactory,PM10,100,0
2026-08-31T13:00:00+05:30,31-08-2026 13:00:00,"JNU, Delhi - DPCC",96,Satisfactory,PM10,100,0
2026-08-31T13:00:00+05:30,31-08-2026 13:00:00,"DTU, Delhi - CPCB",94,Satisfactory,PM10,100,0
2026-08-31T13:00:00+05:30,31-08-2026 13:00:00,"Shadipur, Delhi - CPCB",93,Satisfactory,PM10,100,0
2026-08-31T13:00:00+05:30,31-08-2026 13:00:00,"Talkatora Garden, Delhi - DPCC",93,Satisfactory,PM10,100,0
2026-08-31T13:00:00+05:30,31-08-2026 13:00:00,"Najafgarh, Delhi - DPCC",89,Satisfactory,PM10,100,0
2026-08-31T13:00:00+05:30,31-08-2026 13:00:00,"Cantonment Area, Delhi - DPCC",89,Satisfactory,CO,100,0
2026-08-31T13:00:00+05:30,31-08-2026 13:00:00,"Chandni Chowk, Delhi - IITM",85,Satisfactory,CO,100,0
2026-08-31T13:00:00+05:30,31-08-2026 13:00:00,"Aya Nagar, Delhi - IITM",67,Satisfactory,PM10,100,0
2026-08-31T13:00:00+05:30,31-08-2026 13:00:00,"Pusa, Delhi - IITM",60,Satisfactory,OZONE,100,0
2026-08-31T13:00:00+05:30,31-08-2026 13:00:00,"ITO, Delhi - CPCB",58,Satisfactory,NO2,100,0
2026-08-31T13:00:00+05:30,31-08-2026 13:00:00,"Nehru Nagar, Delhi - DPCC",52,Satisfactory,CO,100,0
2026-08-31T13:00:00+05:30,31-08-2026 13:00:00,"Alipur, Delhi - DPCC",41,Good,NO2,100,0
2026-08-31T14:00:00+05:30,31-08-2026 14:00:00,"Wazirpur, Delhi - DPCC",228,Poor,PM10,100,1
2026-08-31T14:00:00+05:30,31-08-2026 14:00:00,"Dwarka-Sector 8, Delhi - DPCC",178,Moderately Polluted,PM10,100,1
2026-08-31T14:00:00+05:30,31-08-2026 14:00:00,"IIT Delhi, Delhi - IITM",150,Moderately Polluted,PM10,100,1
2026-08-31T14:00:00+05:30,31-08-2026 14:00:00,"Rohini, Delhi - DPCC",149,Moderately Polluted,PM10,100,1
2026-08-31T14:00:00+05:30,31-08-2026 14:00:00,"Mundka, Delhi - DPCC",142,Moderately Polluted,PM10,100,1
2026-08-31T14:00:00+05:30,31-08-2026 14:00:00,"CRRI Mathura Road, Delhi - IITM",136,Moderately Polluted,PM10,100,1
2026-08-31T14:00:00+05:30,31-08-2026 14:00:00,"Jahangirpuri, Delhi - DPCC",134,Moderately Polluted,PM10,100,1
2026-08-31T14:00:00+05:30,31-08-2026 14:00:00,"Sirifort, Delhi - CPCB",133,Moderately Polluted,PM10,100,1
2026-08-31T14:00:00+05:30,31-08-2026 14:00:00,"Pusa, Delhi - DPCC",131,Moderately Polluted,PM10,100,1
2026-08-31T14:00:00+05:30,31-08-2026 14:00:00,"Sonia Vihar, Delhi - DPCC",130,Moderately Polluted,PM10,100,1
2026-08-31T14:00:00+05:30,31-08-2026 14:00:00,"Ashok Vihar, Delhi - DPCC",130,Moderately Polluted,PM10,100,1
2026-08-31T14:00:00+05:30,31-08-2026 14:00:00,"Okhla Phase-2, Delhi - DPCC",130,Moderately Polluted,PM10,100,1
2026-08-31T14:00:00+05:30,31-08-2026 14:00:00,"Vivek Vihar, Delhi - DPCC",130,Moderately Polluted,PM10,100,1
2026-08-31T14:00:00+05:30,31-08-2026 14:00:00,"North Campus, DU, Delhi - IITM",126,Moderately Polluted,PM10,100,1
2026-08-31T14:00:00+05:30,31-08-2026 14:00:00,"R K Puram, Delhi - DPCC",126,Moderately Polluted,PM10,100,1
2026-08-31T14:00:00+05:30,31-08-2026 14:00:00,"Punjabi Bagh, Delhi - DPCC",123,Moderately Polluted,PM10,100,1
2026-08-31T14:00:00+05:30,31-08-2026 14:00:00,"Patparganj, Delhi - DPCC",121,Moderately Polluted,PM10,100,1
2026-08-31T14:00:00+05:30,31-08-2026 14:00:00,"IMD Lodhi Road, Delhi - IITM",115,Moderately Polluted,PM10,100,1
2026-08-31T14:00:00+05:30,31-08-2026 14:00:00,"IGI Airport (T3), Delhi - IITM",115,Moderately Polluted,PM10,100,1
2026-08-31T14:00:00+05:30,31-08-2026 14:00:00,"Jawaharlal Nehru Stadium, Delhi - DPCC",115,Moderately Polluted,PM10,100,1
2026-08-31T14:00:00+05:30,31-08-2026 14:00:00,"Sri Aurobindo Marg, Delhi - DPCC",114,Moderately Polluted,PM10,100,1
2026-08-31T14:00:00+05:30,31-08-2026 14:00:00,"Narela, Delhi - DPCC",112,Moderately Polluted,PM10,100,1
2026-08-31T14:00:00+05:30,31-08-2026 14:00:00,"NSIT Dwarka, Delhi - CPCB",111,Moderately Polluted,CO,100,1
2026-08-31T14:00:00+05:30,31-08-2026 14:00:00,"Dr. Karni Singh Shooting Range, Delhi - DPCC",110,Moderately Polluted,PM10,100,1
2026-08-31T14:00:00+05:30,31-08-2026 14:00:00,"Bawana, Delhi - DPCC",108,Moderately Polluted,PM10,100,1
2026-08-31T14:00:00+05:30,31-08-2026 14:00:00,"Burari Crossing, Delhi - IITM",107,Moderately Polluted,PM10,100,1
2026-08-31T14:00:00+05:30,31-08-2026 14:00:00,"Mandir Marg, Delhi - DPCC",106,Moderately Polluted,PM10,100,1
2026-08-31T14:00:00+05:30,31-08-2026 14:00:00,"Commonwealth Sports Complex, Delhi - DPCC",106,Moderately Polluted,PM10,100,1
2026-08-31T14:00:00+05:30,31-08-2026 14:00:00,"Major Dhyan Chand National Stadium, Delhi - DPCC",102,Moderately Polluted,PM10,100,1
2026-08-31T14:00:00+05:30,31-08-2026 14:00:00,"NSUT Jaffarpur, Delhi - DPCC",101,Moderately Polluted,PM10,100,1
2026-08-31T14:00:00+05:30,31-08-2026 14:00:00,"IGNOU_Maidan Garhi, Delhi - DPCC",98,Satisfactory,PM10,100,0
2026-08-31T14:00:00+05:30,31-08-2026 14:00:00,"IHBAS, Dilshad Garden, Delhi - CPCB",97,Satisfactory,PM10,100,0
2026-08-31T14:00:00+05:30,31-08-2026 14:00:00,"JNU, Delhi - DPCC",96,Satisfactory,PM10,100,0
2026-08-31T14:00:00+05:30,31-08-2026 14:00:00,"DTU, Delhi - CPCB",95,Satisfactory,PM10,100,0
2026-08-31T14:00:00+05:30,31-08-2026 14:00:00,"Shadipur, Delhi - CPCB",93,Satisfactory,PM10,100,0
2026-08-31T14:00:00+05:30,31-08-2026 14:00:00,"Talkatora Garden, Delhi - DPCC",93,Satisfactory,PM10,100,0
2026-08-31T14:00:00+05:30,31-08-2026 14:00:00,"Najafgarh, Delhi - DPCC",88,Satisfactory,PM10,100,0
2026-08-31T14:00:00+05:30,31-08-2026 14:00:00,"Cantonment Area, Delhi - DPCC",88,Satisfactory,CO,100,0
2026-08-31T14:00:00+05:30,31-08-2026 14:00:00,"Chandni Chowk, Delhi - IITM",86,Satisfactory,CO,100,0
2026-08-31T14:00:00+05:30,31-08-2026 14:00:00,"Aya Nagar, Delhi - IITM",68,Satisfactory,PM10,100,0
2026-08-31T14:00:00+05:30,31-08-2026 14:00:00,"Pusa, Delhi - IITM",65,Satisfactory,OZONE,100,0
2026-08-31T14:00:00+05:30,31-08-2026 14:00:00,"ITO, Delhi - CPCB",59,Satisfactory,NO2,100,0
2026-08-31T14:00:00+05:30,31-08-2026 14:00:00,"Nehru Nagar, Delhi - DPCC",53,Satisfactory,CO,100,0
2026-08-31T14:00:00+05:30,31-08-2026 14:00:00,"Alipur, Delhi - DPCC",40,Good,NO2,100,0
2026-08-31T15:00:00+05:30,31-08-2026 15:00:00,"Wazirpur, Delhi - DPCC",236,Poor,PM10,100,1
2026-08-31T15:00:00+05:30,31-08-2026 15:00:00,"Dwarka-Sector 8, Delhi - DPCC",177,Moderately Polluted,PM10,100,1
2026-08-31T15:00:00+05:30,31-08-2026 15:00:00,"IIT Delhi, Delhi - IITM",150,Moderately Polluted,PM10,100,1
2026-08-31T15:00:00+05:30,31-08-2026 15:00:00,"Rohini, Delhi - DPCC",149,Moderately Polluted,PM10,100,1
2026-08-31T15:00:00+05:30,31-08-2026 15:00:00,"Mundka, Delhi - DPCC",140,Moderately Polluted,PM10,100,1
2026-08-31T15:00:00+05:30,31-08-2026 15:00:00,"CRRI Mathura Road, Delhi - IITM",136,Moderately Polluted,PM10,100,1
2026-08-31T15:00:00+05:30,31-08-2026 15:00:00,"Jahangirpuri, Delhi - DPCC",135,Moderately Polluted,PM10,100,1
2026-08-31T15:00:00+05:30,31-08-2026 15:00:00,"Sirifort, Delhi - CPCB",132,Moderately Polluted,PM10,100,1
2026-08-31T15:00:00+05:30,31-08-2026 15:00:00,"Vivek Vihar, Delhi - DPCC",131,Moderately Polluted,PM10,100,1
2026-08-31T15:00:00+05:30,31-08-2026 15:00:00,"Sonia Vihar, Delhi - DPCC",130,Moderately Polluted,PM10,100,1
2026-08-31T15:00:00+05:30,31-08-2026 15:00:00,"Pusa, Delhi - DPCC",130,Moderately Polluted,PM10,100,1
2026-08-31T15:00:00+05:30,31-08-2026 15:00:00,"Ashok Vihar, Delhi - DPCC",130,Moderately Polluted,PM10,100,1
2026-08-31T15:00:00+05:30,31-08-2026 15:00:00,"Okhla Phase-2, Delhi - DPCC",130,Moderately Polluted,PM10,100,1
2026-08-31T15:00:00+05:30,31-08-2026 15:00:00,"R K Puram, Delhi - DPCC",126,Moderately Polluted,PM10,100,1
2026-08-31T15:00:00+05:30,31-08-2026 15:00:00,"North Campus, DU, Delhi - IITM",126,Moderately Polluted,PM10,100,1
2026-08-31T15:00:00+05:30,31-08-2026 15:00:00,"Punjabi Bagh, Delhi - DPCC",124,Moderately Polluted,PM10,100,1
2026-08-31T15:00:00+05:30,31-08-2026 15:00:00,"Patparganj, Delhi - DPCC",120,Moderately Polluted,PM10,100,1
2026-08-31T15:00:00+05:30,31-08-2026 15:00:00,"IMD Lodhi Road, Delhi - IITM",115,Moderately Polluted,PM10,100,1
2026-08-31T15:00:00+05:30,31-08-2026 15:00:00,"IGI Airport (T3), Delhi - IITM",114,Moderately Polluted,PM10,100,1
2026-08-31T15:00:00+05:30,31-08-2026 15:00:00,"Jawaharlal Nehru Stadium, Delhi - DPCC",114,Moderately Polluted,PM10,100,1
2026-08-31T15:00:00+05:30,31-08-2026 15:00:00,"Sri Aurobindo Marg, Delhi - DPCC",113,Moderately Polluted,PM10,100,1
2026-08-31T15:00:00+05:30,31-08-2026 15:00:00,"Narela, Delhi - DPCC",112,Moderately Polluted,PM10,100,1
2026-08-31T15:00:00+05:30,31-08-2026 15:00:00,"NSIT Dwarka, Delhi - CPCB",111,Moderately Polluted,CO,100,1
2026-08-31T15:00:00+05:30,31-08-2026 15:00:00,"Dr. Karni Singh Shooting Range, Delhi - DPCC",110,Moderately Polluted,PM10,100,1
2026-08-31T15:00:00+05:30,31-08-2026 15:00:00,"Bawana, Delhi - DPCC",108,Moderately Polluted,PM10,100,1
2026-08-31T15:00:00+05:30,31-08-2026 15:00:00,"Burari Crossing, Delhi - IITM",108,Moderately Polluted,PM10,100,1
2026-08-31T15:00:00+05:30,31-08-2026 15:00:00,"Commonwealth Sports Complex, Delhi - DPCC",106,Moderately Polluted,PM10,100,1
2026-08-31T15:00:00+05:30,31-08-2026 15:00:00,"Mandir Marg, Delhi - DPCC",106,Moderately Polluted,PM10,100,1
2026-08-31T15:00:00+05:30,31-08-2026 15:00:00,"Major Dhyan Chand National Stadium, Delhi - DPCC",101,Moderately Polluted,PM10,100,1
2026-08-31T15:00:00+05:30,31-08-2026 15:00:00,"NSUT Jaffarpur, Delhi - DPCC",101,Moderately Polluted,PM10,100,1
2026-08-31T15:00:00+05:30,31-08-2026 15:00:00,"IGNOU_Maidan Garhi, Delhi - DPCC",98,Satisfactory,PM10,100,0
2026-08-31T15:00:00+05:30,31-08-2026 15:00:00,"IHBAS, Dilshad Garden, Delhi - CPCB",97,Satisfactory,PM10,100,0
2026-08-31T15:00:00+05:30,31-08-2026 15:00:00,"JNU, Delhi - DPCC",96,Satisfactory,PM10,100,0
2026-08-31T15:00:00+05:30,31-08-2026 15:00:00,"DTU, Delhi - CPCB",95,Satisfactory,PM10,100,0
2026-08-31T15:00:00+05:30,31-08-2026 15:00:00,"Talkatora Garden, Delhi - DPCC",93,Satisfactory,PM10,100,0
2026-08-31T15:00:00+05:30,31-08-2026 15:00:00,"Shadipur, Delhi - CPCB",92,Satisfactory,PM10,100,0
2026-08-31T15:00:00+05:30,31-08-2026 15:00:00,"Cantonment Area, Delhi - DPCC",88,Satisfactory,CO,100,0
2026-08-31T15:00:00+05:30,31-08-2026 15:00:00,"Najafgarh, Delhi - DPCC",88,Satisfactory,PM10,100,0
2026-08-31T15:00:00+05:30,31-08-2026 15:00:00,"Chandni Chowk, Delhi - IITM",87,Satisfactory,CO,100,0
2026-08-31T15:00:00+05:30,31-08-2026 15:00:00,"Pusa, Delhi - IITM",74,Satisfactory,OZONE,100,0
2026-08-31T15:00:00+05:30,31-08-2026 15:00:00,"Aya Nagar, Delhi - IITM",68,Satisfactory,PM10,100,0
2026-08-31T15:00:00+05:30,31-08-2026 15:00:00,"ITO, Delhi - CPCB",62,Satisfactory,NO2,100,0
2026-08-31T15:00:00+05:30,31-08-2026 15:00:00,"Nehru Nagar, Delhi - DPCC",53,Satisfactory,CO,100,0
2026-08-31T15:00:00+05:30,31-08-2026 15:00:00,"Alipur, Delhi - DPCC",39,Good,NO2,100,0
2026-08-31T16:00:00+05:30,31-08-2026 16:00:00,"Wazirpur, Delhi - DPCC",236,Poor,PM10,100,1
2026-08-31T16:00:00+05:30,31-08-2026 16:00:00,"Dwarka-Sector 8, Delhi - DPCC",177,Moderately Polluted,PM10,100,1
2026-08-31T16:00:00+05:30,31-08-2026 16:00:00,"IIT Delhi, Delhi - IITM",149,Moderately Polluted,PM10,100,1
2026-08-31T16:00:00+05:30,31-08-2026 16:00:00,"Rohini, Delhi - DPCC",149,Moderately Polluted,PM10,100,1
2026-08-31T16:00:00+05:30,31-08-2026 16:00:00,"Mundka, Delhi - DPCC",140,Moderately Polluted,PM10,100,1
2026-08-31T16:00:00+05:30,31-08-2026 16:00:00,"CRRI Mathura Road, Delhi - IITM",136,Moderately Polluted,PM10,100,1
2026-08-31T16:00:00+05:30,31-08-2026 16:00:00,"Jahangirpuri, Delhi - DPCC",135,Moderately Polluted,PM10,100,1
2026-08-31T16:00:00+05:30,31-08-2026 16:00:00,"Sirifort, Delhi - CPCB",132,Moderately Polluted,PM10,100,1
2026-08-31T16:00:00+05:30,31-08-2026 16:00:00,"Vivek Vihar, Delhi - DPCC",131,Moderately Polluted,PM10,100,1
2026-08-31T16:00:00+05:30,31-08-2026 16:00:00,"Sonia Vihar, Delhi - DPCC",130,Moderately Polluted,PM10,100,1
2026-08-31T16:00:00+05:30,31-08-2026 16:00:00,"Okhla Phase-2, Delhi - DPCC",130,Moderately Polluted,PM10,100,1
2026-08-31T16:00:00+05:30,31-08-2026 16:00:00,"Ashok Vihar, Delhi - DPCC",130,Moderately Polluted,PM10,100,1
2026-08-31T16:00:00+05:30,31-08-2026 16:00:00,"Pusa, Delhi - DPCC",130,Moderately Polluted,PM10,100,1
2026-08-31T16:00:00+05:30,31-08-2026 16:00:00,"R K Puram, Delhi - DPCC",127,Moderately Polluted,PM10,100,1
2026-08-31T16:00:00+05:30,31-08-2026 16:00:00,"North Campus, DU, Delhi - IITM",126,Moderately Polluted,PM10,100,1
2026-08-31T16:00:00+05:30,31-08-2026 16:00:00,"Punjabi Bagh, Delhi - DPCC",123,Moderately Polluted,PM10,100,1
2026-08-31T16:00:00+05:30,31-08-2026 16:00:00,"Patparganj, Delhi - DPCC",120,Moderately Polluted,PM10,100,1
2026-08-31T16:00:00+05:30,31-08-2026 16:00:00,"IMD Lodhi Road, Delhi - IITM",114,Moderately Polluted,PM10,100,1
2026-08-31T16:00:00+05:30,31-08-2026 16:00:00,"Sri Aurobindo Marg, Delhi - DPCC",113,Moderately Polluted,PM10,100,1
2026-08-31T16:00:00+05:30,31-08-2026 16:00:00,"IGI Airport (T3), Delhi - IITM",113,Moderately Polluted,PM10,100,1
2026-08-31T16:00:00+05:30,31-08-2026 16:00:00,"Jawaharlal Nehru Stadium, Delhi - DPCC",113,Moderately Polluted,PM10,100,1
2026-08-31T16:00:00+05:30,31-08-2026 16:00:00,"Narela, Delhi - DPCC",111,Moderately Polluted,PM10,100,1
2026-08-31T16:00:00+05:30,31-08-2026 16:00:00,"Burari Crossing, Delhi - IITM",109,Moderately Polluted,PM10,100,1
2026-08-31T16:00:00+05:30,31-08-2026 16:00:00,"Dr. Karni Singh Shooting Range, Delhi - DPCC",109,Moderately Polluted,PM10,100,1
2026-08-31T16:00:00+05:30,31-08-2026 16:00:00,"NSIT Dwarka, Delhi - CPCB",109,Moderately Polluted,CO,100,1
2026-08-31T16:00:00+05:30,31-08-2026 16:00:00,"Bawana, Delhi - DPCC",108,Moderately Polluted,PM10,100,1
2026-08-31T16:00:00+05:30,31-08-2026 16:00:00,"Commonwealth Sports Complex, Delhi - DPCC",106,Moderately Polluted,PM10,100,1
2026-08-31T16:00:00+05:30,31-08-2026 16:00:00,"Mandir Marg, Delhi - DPCC",105,Moderately Polluted,PM10,100,1
2026-08-31T16:00:00+05:30,31-08-2026 16:00:00,"Major Dhyan Chand National Stadium, Delhi - DPCC",101,Moderately Polluted,PM10,100,1
2026-08-31T16:00:00+05:30,31-08-2026 16:00:00,"NSUT Jaffarpur, Delhi - DPCC",100,Satisfactory,PM10,100,0
2026-08-31T16:00:00+05:30,31-08-2026 16:00:00,"IHBAS, Dilshad Garden, Delhi - CPCB",98,Satisfactory,PM10,100,0
2026-08-31T16:00:00+05:30,31-08-2026 16:00:00,"IGNOU_Maidan Garhi, Delhi - DPCC",98,Satisfactory,PM10,100,0
2026-08-31T16:00:00+05:30,31-08-2026 16:00:00,"DTU, Delhi - CPCB",96,Satisfactory,PM10,100,0
2026-08-31T16:00:00+05:30,31-08-2026 16:00:00,"JNU, Delhi - DPCC",95,Satisfactory,PM10,100,0
2026-08-31T16:00:00+05:30,31-08-2026 16:00:00,"Talkatora Garden, Delhi - DPCC",93,Satisfactory,PM10,100,0
2026-08-31T16:00:00+05:30,31-08-2026 16:00:00,"Shadipur, Delhi - CPCB",91,Satisfactory,PM10,100,0
2026-08-31T16:00:00+05:30,31-08-2026 16:00:00,"Najafgarh, Delhi - DPCC",87,Satisfactory,PM10,100,0
2026-08-31T16:00:00+05:30,31-08-2026 16:00:00,"Chandni Chowk, Delhi - IITM",87,Satisfactory,CO,100,0
2026-08-31T16:00:00+05:30,31-08-2026 16:00:00,"Cantonment Area, Delhi - DPCC",86,Satisfactory,CO,100,0
2026-08-31T16:00:00+05:30,31-08-2026 16:00:00,"Pusa, Delhi - IITM",85,Satisfactory,OZONE,100,0
2026-08-31T16:00:00+05:30,31-08-2026 16:00:00,"Aya Nagar, Delhi - IITM",66,Satisfactory,PM10,100,0
2026-08-31T16:00:00+05:30,31-08-2026 16:00:00,"ITO, Delhi - CPCB",62,Satisfactory,NO2,100,0
2026-08-31T16:00:00+05:30,31-08-2026 16:00:00,"Nehru Nagar, Delhi - DPCC",53,Satisfactory,CO,100,0
2026-08-31T16:00:00+05:30,31-08-2026 16:00:00,"Alipur, Delhi - DPCC",39,Good,NO2,100,0
2026-08-31T17:00:00+05:30,31-08-2026 17:00:00,"Wazirpur, Delhi - DPCC",237,Poor,PM10,100,1
2026-08-31T17:00:00+05:30,31-08-2026 17:00:00,"Dwarka-Sector 8, Delhi - DPCC",179,Moderately Polluted,PM10,100,1
2026-08-31T17:00:00+05:30,31-08-2026 17:00:00,"Rohini, Delhi - DPCC",150,Moderately Polluted,PM10,100,1
2026-08-31T17:00:00+05:30,31-08-2026 17:00:00,"IIT Delhi, Delhi - IITM",149,Moderately Polluted,PM10,100,1
2026-08-31T17:00:00+05:30,31-08-2026 17:00:00,"Mundka, Delhi - DPCC",139,Moderately Polluted,PM10,100,1
2026-08-31T17:00:00+05:30,31-08-2026 17:00:00,"CRRI Mathura Road, Delhi - IITM",136,Moderately Polluted,PM10,100,1
2026-08-31T17:00:00+05:30,31-08-2026 17:00:00,"Jahangirpuri, Delhi - DPCC",135,Moderately Polluted,PM10,100,1
2026-08-31T17:00:00+05:30,31-08-2026 17:00:00,"Vivek Vihar, Delhi - DPCC",132,Moderately Polluted,PM10,100,1
2026-08-31T17:00:00+05:30,31-08-2026 17:00:00,"Sirifort, Delhi - CPCB",132,Moderately Polluted,PM10,100,1
2026-08-31T17:00:00+05:30,31-08-2026 17:00:00,"Okhla Phase-2, Delhi - DPCC",130,Moderately Polluted,PM10,100,1
2026-08-31T17:00:00+05:30,31-08-2026 17:00:00,"Ashok Vihar, Delhi - DPCC",130,Moderately Polluted,PM10,100,1
2026-08-31T17:00:00+05:30,31-08-2026 17:00:00,"Pusa, Delhi - DPCC",130,Moderately Polluted,PM10,100,1
2026-08-31T17:00:00+05:30,31-08-2026 17:00:00,"Sonia Vihar, Delhi - DPCC",129,Moderately Polluted,PM10,100,1
2026-08-31T17:00:00+05:30,31-08-2026 17:00:00,"R K Puram, Delhi - DPCC",126,Moderately Polluted,PM10,100,1
2026-08-31T17:00:00+05:30,31-08-2026 17:00:00,"North Campus, DU, Delhi - IITM",126,Moderately Polluted,PM10,100,1
2026-08-31T17:00:00+05:30,31-08-2026 17:00:00,"Punjabi Bagh, Delhi - DPCC",122,Moderately Polluted,PM10,100,1
2026-08-31T17:00:00+05:30,31-08-2026 17:00:00,"Patparganj, Delhi - DPCC",120,Moderately Polluted,PM10,100,1
2026-08-31T17:00:00+05:30,31-08-2026 17:00:00,"IMD Lodhi Road, Delhi - IITM",114,Moderately Polluted,PM10,100,1
2026-08-31T17:00:00+05:30,31-08-2026 17:00:00,"IGI Airport (T3), Delhi - IITM",113,Moderately Polluted,PM10,100,1
2026-08-31T17:00:00+05:30,31-08-2026 17:00:00,"Sri Aurobindo Marg, Delhi - DPCC",113,Moderately Polluted,PM10,100,1
2026-08-31T17:00:00+05:30,31-08-2026 17:00:00,"Jawaharlal Nehru Stadium, Delhi - DPCC",112,Moderately Polluted,PM10,100,1
2026-08-31T17:00:00+05:30,31-08-2026 17:00:00,"Narela, Delhi - DPCC",111,Moderately Polluted,PM10,100,1
2026-08-31T17:00:00+05:30,31-08-2026 17:00:00,"Dr. Karni Singh Shooting Range, Delhi - DPCC",109,Moderately Polluted,PM10,100,1
2026-08-31T17:00:00+05:30,31-08-2026 17:00:00,"Burari Crossing, Delhi - IITM",109,Moderately Polluted,PM10,100,1
2026-08-31T17:00:00+05:30,31-08-2026 17:00:00,"NSIT Dwarka, Delhi - CPCB",108,Moderately Polluted,CO,100,1
2026-08-31T17:00:00+05:30,31-08-2026 17:00:00,"Bawana, Delhi - DPCC",107,Moderately Polluted,PM10,100,1
2026-08-31T17:00:00+05:30,31-08-2026 17:00:00,"Commonwealth Sports Complex, Delhi - DPCC",106,Moderately Polluted,PM10,100,1
2026-08-31T17:00:00+05:30,31-08-2026 17:00:00,"Mandir Marg, Delhi - DPCC",104,Moderately Polluted,PM10,100,1
2026-08-31T17:00:00+05:30,31-08-2026 17:00:00,"Major Dhyan Chand National Stadium, Delhi - DPCC",101,Moderately Polluted,PM10,100,1
2026-08-31T17:00:00+05:30,31-08-2026 17:00:00,"NSUT Jaffarpur, Delhi - DPCC",99,Satisfactory,PM10,100,0
2026-08-31T17:00:00+05:30,31-08-2026 17:00:00,"IGNOU_Maidan Garhi, Delhi - DPCC",97,Satisfactory,PM10,100,0
2026-08-31T17:00:00+05:30,31-08-2026 17:00:00,"IHBAS, Dilshad Garden, Delhi - CPCB",97,Satisfactory,PM10,100,0
2026-08-31T17:00:00+05:30,31-08-2026 17:00:00,"DTU, Delhi - CPCB",96,Satisfactory,PM10,100,0
2026-08-31T17:00:00+05:30,31-08-2026 17:00:00,"JNU, Delhi - DPCC",95,Satisfactory,PM10,100,0
2026-08-31T17:00:00+05:30,31-08-2026 17:00:00,"Talkatora Garden, Delhi - DPCC",93,Satisfactory,PM10,100,0
2026-08-31T17:00:00+05:30,31-08-2026 17:00:00,"Pusa, Delhi - IITM",92,Satisfactory,OZONE,100,0
2026-08-31T17:00:00+05:30,31-08-2026 17:00:00,"Shadipur, Delhi - CPCB",91,Satisfactory,PM10,100,0
2026-08-31T17:00:00+05:30,31-08-2026 17:00:00,"Cantonment Area, Delhi - DPCC",87,Satisfactory,CO,100,0
2026-08-31T17:00:00+05:30,31-08-2026 17:00:00,"Chandni Chowk, Delhi - IITM",87,Satisfactory,CO,100,0
2026-08-31T17:00:00+05:30,31-08-2026 17:00:00,"Najafgarh, Delhi - DPCC",86,Satisfactory,PM10,100,0
2026-08-31T17:00:00+05:30,31-08-2026 17:00:00,"Aya Nagar, Delhi - IITM",67,Satisfactory,PM10,100,0
2026-08-31T17:00:00+05:30,31-08-2026 17:00:00,"ITO, Delhi - CPCB",62,Satisfactory,NO2,100,0
2026-08-31T17:00:00+05:30,31-08-2026 17:00:00,"Nehru Nagar, Delhi - DPCC",53,Satisfactory,CO,100,0
2026-08-31T17:00:00+05:30,31-08-2026 17:00:00,"Alipur, Delhi - DPCC",38,Good,NO2,100,0
2026-08-31T18:00:00+05:30,31-08-2026 18:00:00,"Wazirpur, Delhi - DPCC",235,Poor,PM10,100,1
2026-08-31T18:00:00+05:30,31-08-2026 18:00:00,"Dwarka-Sector 8, Delhi - DPCC",179,Moderately Polluted,PM10,100,1
2026-08-31T18:00:00+05:30,31-08-2026 18:00:00,"IIT Delhi, Delhi - IITM",149,Moderately Polluted,PM10,100,1
2026-08-31T18:00:00+05:30,31-08-2026 18:00:00,"Rohini, Delhi - DPCC",149,Moderately Polluted,PM10,100,1
2026-08-31T18:00:00+05:30,31-08-2026 18:00:00,"Mundka, Delhi - DPCC",139,Moderately Polluted,PM10,100,1
2026-08-31T18:00:00+05:30,31-08-2026 18:00:00,"Jahangirpuri, Delhi - DPCC",135,Moderately Polluted,PM10,100,1
2026-08-31T18:00:00+05:30,31-08-2026 18:00:00,"CRRI Mathura Road, Delhi - IITM",135,Moderately Polluted,PM10,100,1
2026-08-31T18:00:00+05:30,31-08-2026 18:00:00,"Vivek Vihar, Delhi - DPCC",132,Moderately Polluted,PM10,100,1
2026-08-31T18:00:00+05:30,31-08-2026 18:00:00,"Ashok Vihar, Delhi - DPCC",130,Moderately Polluted,PM10,100,1
2026-08-31T18:00:00+05:30,31-08-2026 18:00:00,"Pusa, Delhi - DPCC",130,Moderately Polluted,PM10,100,1
2026-08-31T18:00:00+05:30,31-08-2026 18:00:00,"Sonia Vihar, Delhi - DPCC",130,Moderately Polluted,PM10,100,1
2026-08-31T18:00:00+05:30,31-08-2026 18:00:00,"Okhla Phase-2, Delhi - DPCC",129,Moderately Polluted,PM10,100,1
2026-08-31T18:00:00+05:30,31-08-2026 18:00:00,"R K Puram, Delhi - DPCC",126,Moderately Polluted,PM10,100,1
2026-08-31T18:00:00+05:30,31-08-2026 18:00:00,"Sirifort, Delhi - CPCB",126,Moderately Polluted,PM10,100,1
2026-08-31T18:00:00+05:30,31-08-2026 18:00:00,"North Campus, DU, Delhi - IITM",125,Moderately Polluted,PM10,100,1
2026-08-31T18:00:00+05:30,31-08-2026 18:00:00,"Punjabi Bagh, Delhi - DPCC",121,Moderately Polluted,PM10,100,1
2026-08-31T18:00:00+05:30,31-08-2026 18:00:00,"Patparganj, Delhi - DPCC",120,Moderately Polluted,PM10,100,1
2026-08-31T18:00:00+05:30,31-08-2026 18:00:00,"IMD Lodhi Road, Delhi - IITM",114,Moderately Polluted,PM10,100,1
2026-08-31T18:00:00+05:30,31-08-2026 18:00:00,"IGI Airport (T3), Delhi - IITM",112,Moderately Polluted,PM10,100,1
2026-08-31T18:00:00+05:30,31-08-2026 18:00:00,"Sri Aurobindo Marg, Delhi - DPCC",112,Moderately Polluted,PM10,100,1
2026-08-31T18:00:00+05:30,31-08-2026 18:00:00,"Narela, Delhi - DPCC",111,Moderately Polluted,PM10,100,1
2026-08-31T18:00:00+05:30,31-08-2026 18:00:00,"Jawaharlal Nehru Stadium, Delhi - DPCC",111,Moderately Polluted,PM10,100,1
2026-08-31T18:00:00+05:30,31-08-2026 18:00:00,"Dr. Karni Singh Shooting Range, Delhi - DPCC",109,Moderately Polluted,PM10,100,1
2026-08-31T18:00:00+05:30,31-08-2026 18:00:00,"Burari Crossing, Delhi - IITM",109,Moderately Polluted,PM10,100,1
2026-08-31T18:00:00+05:30,31-08-2026 18:00:00,"NSIT Dwarka, Delhi - CPCB",107,Moderately Polluted,CO,100,1
2026-08-31T18:00:00+05:30,31-08-2026 18:00:00,"Bawana, Delhi - DPCC",105,Moderately Polluted,PM10,100,1
2026-08-31T18:00:00+05:30,31-08-2026 18:00:00,"Commonwealth Sports Complex, Delhi - DPCC",105,Moderately Polluted,PM10,100,1
2026-08-31T18:00:00+05:30,31-08-2026 18:00:00,"Mandir Marg, Delhi - DPCC",104,Moderately Polluted,PM10,100,1
2026-08-31T18:00:00+05:30,31-08-2026 18:00:00,"Major Dhyan Chand National Stadium, Delhi - DPCC",100,Satisfactory,PM10,100,0
2026-08-31T18:00:00+05:30,31-08-2026 18:00:00,"NSUT Jaffarpur, Delhi - DPCC",98,Satisfactory,PM10,100,0
2026-08-31T18:00:00+05:30,31-08-2026 18:00:00,"DTU, Delhi - CPCB",97,Satisfactory,PM10,100,0
2026-08-31T18:00:00+05:30,31-08-2026 18:00:00,"IHBAS, Dilshad Garden, Delhi - CPCB",97,Satisfactory,PM10,100,0
2026-08-31T18:00:00+05:30,31-08-2026 18:00:00,"Pusa, Delhi - IITM",96,Satisfactory,OZONE,100,0
2026-08-31T18:00:00+05:30,31-08-2026 18:00:00,"IGNOU_Maidan Garhi, Delhi - DPCC",96,Satisfactory,PM10,100,0
2026-08-31T18:00:00+05:30,31-08-2026 18:00:00,"JNU, Delhi - DPCC",94,Satisfactory,PM10,100,0
2026-08-31T18:00:00+05:30,31-08-2026 18:00:00,"Talkatora Garden, Delhi - DPCC",92,Satisfactory,PM10,100,0
2026-08-31T18:00:00+05:30,31-08-2026 18:00:00,"Shadipur, Delhi - CPCB",90,Satisfactory,PM10,100,0
2026-08-31T18:00:00+05:30,31-08-2026 18:00:00,"Chandni Chowk, Delhi - IITM",88,Satisfactory,CO,100,0
2026-08-31T18:00:00+05:30,31-08-2026 18:00:00,"Cantonment Area, Delhi - DPCC",86,Satisfactory,CO,100,0
2026-08-31T18:00:00+05:30,31-08-2026 18:00:00,"Najafgarh, Delhi - DPCC",85,Satisfactory,PM10,100,0
2026-08-31T18:00:00+05:30,31-08-2026 18:00:00,"Aya Nagar, Delhi - IITM",67,Satisfactory,PM10,100,0
2026-08-31T18:00:00+05:30,31-08-2026 18:00:00,"ITO, Delhi - CPCB",60,Satisfactory,NO2,100,0
2026-08-31T18:00:00+05:30,31-08-2026 18:00:00,"Nehru Nagar, Delhi - DPCC",53,Satisfactory,CO,100,0
2026-08-31T18:00:00+05:30,31-08-2026 18:00:00,"Alipur, Delhi - DPCC",39,Good,NO2,100,0
2026-08-31T19:00:00+05:30,31-08-2026 19:00:00,"Wazirpur, Delhi - DPCC",233,Poor,PM10,100,1
2026-08-31T19:00:00+05:30,31-08-2026 19:00:00,"Dwarka-Sector 8, Delhi - DPCC",175,Moderately Polluted,PM10,100,1
2026-08-31T19:00:00+05:30,31-08-2026 19:00:00,"IIT Delhi, Delhi - IITM",148,Moderately Polluted,PM10,100,1
2026-08-31T19:00:00+05:30,31-08-2026 19:00:00,"Rohini, Delhi - DPCC",148,Moderately Polluted,PM10,100,1
2026-08-31T19:00:00+05:30,31-08-2026 19:00:00,"Mundka, Delhi - DPCC",139,Moderately Polluted,PM10,100,1
2026-08-31T19:00:00+05:30,31-08-2026 19:00:00,"CRRI Mathura Road, Delhi - IITM",135,Moderately Polluted,PM10,100,1
2026-08-31T19:00:00+05:30,31-08-2026 19:00:00,"Jahangirpuri, Delhi - DPCC",135,Moderately Polluted,PM10,100,1
2026-08-31T19:00:00+05:30,31-08-2026 19:00:00,"Vivek Vihar, Delhi - DPCC",131,Moderately Polluted,PM10,100,1
2026-08-31T19:00:00+05:30,31-08-2026 19:00:00,"Ashok Vihar, Delhi - DPCC",130,Moderately Polluted,PM10,100,1
2026-08-31T19:00:00+05:30,31-08-2026 19:00:00,"Pusa, Delhi - DPCC",129,Moderately Polluted,PM10,100,1
2026-08-31T19:00:00+05:30,31-08-2026 19:00:00,"Sonia Vihar, Delhi - DPCC",129,Moderately Polluted,PM10,100,1
2026-08-31T19:00:00+05:30,31-08-2026 19:00:00,"Okhla Phase-2, Delhi - DPCC",128,Moderately Polluted,PM10,100,1
2026-08-31T19:00:00+05:30,31-08-2026 19:00:00,"North Campus, DU, Delhi - IITM",125,Moderately Polluted,PM10,100,1
2026-08-31T19:00:00+05:30,31-08-2026 19:00:00,"R K Puram, Delhi - DPCC",125,Moderately Polluted,PM10,100,1
2026-08-31T19:00:00+05:30,31-08-2026 19:00:00,"Sirifort, Delhi - CPCB",123,Moderately Polluted,PM10,100,1
2026-08-31T19:00:00+05:30,31-08-2026 19:00:00,"Punjabi Bagh, Delhi - DPCC",121,Moderately Polluted,PM10,100,1
2026-08-31T19:00:00+05:30,31-08-2026 19:00:00,"Patparganj, Delhi - DPCC",119,Moderately Polluted,PM10,100,1
2026-08-31T19:00:00+05:30,31-08-2026 19:00:00,"IMD Lodhi Road, Delhi - IITM",114,Moderately Polluted,PM10,100,1
2026-08-31T19:00:00+05:30,31-08-2026 19:00:00,"Narela, Delhi - DPCC",112,Moderately Polluted,PM10,100,1
2026-08-31T19:00:00+05:30,31-08-2026 19:00:00,"Sri Aurobindo Marg, Delhi - DPCC",111,Moderately Polluted,PM10,100,1
2026-08-31T19:00:00+05:30,31-08-2026 19:00:00,"Burari Crossing, Delhi - IITM",110,Moderately Polluted,PM10,100,1
2026-08-31T19:00:00+05:30,31-08-2026 19:00:00,"IGI Airport (T3), Delhi - IITM",110,Moderately Polluted,PM10,100,1
2026-08-31T19:00:00+05:30,31-08-2026 19:00:00,"Jawaharlal Nehru Stadium, Delhi - DPCC",110,Moderately Polluted,PM10,100,1
2026-08-31T19:00:00+05:30,31-08-2026 19:00:00,"Dr. Karni Singh Shooting Range, Delhi - DPCC",108,Moderately Polluted,PM10,100,1
2026-08-31T19:00:00+05:30,31-08-2026 19:00:00,"NSIT Dwarka, Delhi - CPCB",106,Moderately Polluted,CO,100,1
2026-08-31T19:00:00+05:30,31-08-2026 19:00:00,"Bawana, Delhi - DPCC",105,Moderately Polluted,PM10,100,1
2026-08-31T19:00:00+05:30,31-08-2026 19:00:00,"Commonwealth Sports Complex, Delhi - DPCC",105,Moderately Polluted,PM10,100,1
2026-08-31T19:00:00+05:30,31-08-2026 19:00:00,"Mandir Marg, Delhi - DPCC",104,Moderately Polluted,PM10,100,1
2026-08-31T19:00:00+05:30,31-08-2026 19:00:00,"Major Dhyan Chand National Stadium, Delhi - DPCC",100,Satisfactory,PM10,100,0
2026-08-31T19:00:00+05:30,31-08-2026 19:00:00,"DTU, Delhi - CPCB",97,Satisfactory,PM10,100,0
2026-08-31T19:00:00+05:30,31-08-2026 19:00:00,"NSUT Jaffarpur, Delhi - DPCC",97,Satisfactory,PM10,100,0
2026-08-31T19:00:00+05:30,31-08-2026 19:00:00,"IHBAS, Dilshad Garden, Delhi - CPCB",96,Satisfactory,PM10,100,0
2026-08-31T19:00:00+05:30,31-08-2026 19:00:00,"Pusa, Delhi - IITM",95,Satisfactory,OZONE,100,0
2026-08-31T19:00:00+05:30,31-08-2026 19:00:00,"IGNOU_Maidan Garhi, Delhi - DPCC",95,Satisfactory,PM10,100,0
2026-08-31T19:00:00+05:30,31-08-2026 19:00:00,"JNU, Delhi - DPCC",94,Satisfactory,PM10,100,0
2026-08-31T19:00:00+05:30,31-08-2026 19:00:00,"Talkatora Garden, Delhi - DPCC",92,Satisfactory,PM10,100,0
2026-08-31T19:00:00+05:30,31-08-2026 19:00:00,"Shadipur, Delhi - CPCB",89,Satisfactory,PM10,100,0
2026-08-31T19:00:00+05:30,31-08-2026 19:00:00,"Chandni Chowk, Delhi - IITM",88,Satisfactory,CO,100,0
2026-08-31T19:00:00+05:30,31-08-2026 19:00:00,"Cantonment Area, Delhi - DPCC",87,Satisfactory,CO,100,0
2026-08-31T19:00:00+05:30,31-08-2026 19:00:00,"Najafgarh, Delhi - DPCC",85,Satisfactory,PM10,100,0
2026-08-31T19:00:00+05:30,31-08-2026 19:00:00,"Aya Nagar, Delhi - IITM",67,Satisfactory,PM10,100,0
2026-08-31T19:00:00+05:30,31-08-2026 19:00:00,"ITO, Delhi - CPCB",58,Satisfactory,NO2,100,0
2026-08-31T19:00:00+05:30,31-08-2026 19:00:00,"Nehru Nagar, Delhi - DPCC",54,Satisfactory,PM2.5,100,0
2026-08-31T19:00:00+05:30,31-08-2026 19:00:00,"Alipur, Delhi - DPCC",39,Good,NO2,100,0
2026-08-31T20:00:00+05:30,31-08-2026 20:00:00,"Wazirpur, Delhi - DPCC",227,Poor,PM10,100,1
2026-08-31T20:00:00+05:30,31-08-2026 20:00:00,"Dwarka-Sector 8, Delhi - DPCC",168,Moderately Polluted,PM10,100,1
2026-08-31T20:00:00+05:30,31-08-2026 20:00:00,"Rohini, Delhi - DPCC",147,Moderately Polluted,PM10,100,1
2026-08-31T20:00:00+05:30,31-08-2026 20:00:00,"IIT Delhi, Delhi - IITM",145,Moderately Polluted,PM10,100,1
2026-08-31T20:00:00+05:30,31-08-2026 20:00:00,"Mundka, Delhi - DPCC",139,Moderately Polluted,PM10,100,1
2026-08-31T20:00:00+05:30,31-08-2026 20:00:00,"Jahangirpuri, Delhi - DPCC",135,Moderately Polluted,PM10,100,1
2026-08-31T20:00:00+05:30,31-08-2026 20:00:00,"CRRI Mathura Road, Delhi - IITM",134,Moderately Polluted,PM10,100,1
2026-08-31T20:00:00+05:30,31-08-2026 20:00:00,"Vivek Vihar, Delhi - DPCC",131,Moderately Polluted,PM10,100,1
2026-08-31T20:00:00+05:30,31-08-2026 20:00:00,"Ashok Vihar, Delhi - DPCC",131,Moderately Polluted,PM10,100,1
2026-08-31T20:00:00+05:30,31-08-2026 20:00:00,"Sonia Vihar, Delhi - DPCC",130,Moderately Polluted,PM10,100,1
2026-08-31T20:00:00+05:30,31-08-2026 20:00:00,"Pusa, Delhi - DPCC",127,Moderately Polluted,PM10,100,1
2026-08-31T20:00:00+05:30,31-08-2026 20:00:00,"North Campus, DU, Delhi - IITM",125,Moderately Polluted,PM10,100,1
2026-08-31T20:00:00+05:30,31-08-2026 20:00:00,"Okhla Phase-2, Delhi - DPCC",125,Moderately Polluted,PM10,100,1
2026-08-31T20:00:00+05:30,31-08-2026 20:00:00,"Sirifort, Delhi - CPCB",124,Moderately Polluted,PM10,100,1
2026-08-31T20:00:00+05:30,31-08-2026 20:00:00,"R K Puram, Delhi - DPCC",123,Moderately Polluted,PM10,100,1
2026-08-31T20:00:00+05:30,31-08-2026 20:00:00,"Punjabi Bagh, Delhi - DPCC",120,Moderately Polluted,PM10,100,1
2026-08-31T20:00:00+05:30,31-08-2026 20:00:00,"Patparganj, Delhi - DPCC",120,Moderately Polluted,PM10,100,1
2026-08-31T20:00:00+05:30,31-08-2026 20:00:00,"Narela, Delhi - DPCC",116,Moderately Polluted,PM10,100,1
2026-08-31T20:00:00+05:30,31-08-2026 20:00:00,"IMD Lodhi Road, Delhi - IITM",113,Moderately Polluted,PM10,100,1
2026-08-31T20:00:00+05:30,31-08-2026 20:00:00,"Burari Crossing, Delhi - IITM",110,Moderately Polluted,PM10,100,1
2026-08-31T20:00:00+05:30,31-08-2026 20:00:00,"Jawaharlal Nehru Stadium, Delhi - DPCC",109,Moderately Polluted,PM10,100,1
2026-08-31T20:00:00+05:30,31-08-2026 20:00:00,"Sri Aurobindo Marg, Delhi - DPCC",109,Moderately Polluted,PM10,100,1
2026-08-31T20:00:00+05:30,31-08-2026 20:00:00,"Dr. Karni Singh Shooting Range, Delhi - DPCC",108,Moderately Polluted,PM10,100,1
2026-08-31T20:00:00+05:30,31-08-2026 20:00:00,"IGI Airport (T3), Delhi - IITM",108,Moderately Polluted,PM10,100,1
2026-08-31T20:00:00+05:30,31-08-2026 20:00:00,"Bawana, Delhi - DPCC",106,Moderately Polluted,PM10,100,1
2026-08-31T20:00:00+05:30,31-08-2026 20:00:00,"NSIT Dwarka, Delhi - CPCB",105,Moderately Polluted,CO,100,1
2026-08-31T20:00:00+05:30,31-08-2026 20:00:00,"Mandir Marg, Delhi - DPCC",104,Moderately Polluted,PM10,100,1
2026-08-31T20:00:00+05:30,31-08-2026 20:00:00,"Commonwealth Sports Complex, Delhi - DPCC",104,Moderately Polluted,PM10,100,1
2026-08-31T20:00:00+05:30,31-08-2026 20:00:00,"Major Dhyan Chand National Stadium, Delhi - DPCC",100,Satisfactory,PM10,100,0
2026-08-31T20:00:00+05:30,31-08-2026 20:00:00,"NSUT Jaffarpur, Delhi - DPCC",96,Satisfactory,PM10,100,0
2026-08-31T20:00:00+05:30,31-08-2026 20:00:00,"DTU, Delhi - CPCB",96,Satisfactory,PM10,100,0
2026-08-31T20:00:00+05:30,31-08-2026 20:00:00,"IHBAS, Dilshad Garden, Delhi - CPCB",95,Satisfactory,PM10,100,0
2026-08-31T20:00:00+05:30,31-08-2026 20:00:00,"IGNOU_Maidan Garhi, Delhi - DPCC",95,Satisfactory,PM10,100,0
2026-08-31T20:00:00+05:30,31-08-2026 20:00:00,"JNU, Delhi - DPCC",93,Satisfactory,PM10,100,0
2026-08-31T20:00:00+05:30,31-08-2026 20:00:00,"Pusa, Delhi - IITM",92,Satisfactory,OZONE,100,0
2026-08-31T20:00:00+05:30,31-08-2026 20:00:00,"Talkatora Garden, Delhi - DPCC",91,Satisfactory,PM10,100,0
2026-08-31T20:00:00+05:30,31-08-2026 20:00:00,"Cantonment Area, Delhi - DPCC",89,Satisfactory,CO,100,0
2026-08-31T20:00:00+05:30,31-08-2026 20:00:00,"Chandni Chowk, Delhi - IITM",88,Satisfactory,CO,100,0
2026-08-31T20:00:00+05:30,31-08-2026 20:00:00,"Shadipur, Delhi - CPCB",87,Satisfactory,PM10,100,0
2026-08-31T20:00:00+05:30,31-08-2026 20:00:00,"Najafgarh, Delhi - DPCC",84,Satisfactory,PM10,100,0
2026-08-31T20:00:00+05:30,31-08-2026 20:00:00,"Aya Nagar, Delhi - IITM",65,Satisfactory,PM10,100,0
2026-08-31T20:00:00+05:30,31-08-2026 20:00:00,"ITO, Delhi - CPCB",58,Satisfactory,NO2,100,0
2026-08-31T20:00:00+05:30,31-08-2026 20:00:00,"Nehru Nagar, Delhi - DPCC",55,Satisfactory,CO,100,0
2026-08-31T20:00:00+05:30,31-08-2026 20:00:00,"Alipur, Delhi - DPCC",39,Good,NO2,100,0
2026-08-31T21:00:00+05:30,31-08-2026 21:00:00,"Wazirpur, Delhi - DPCC",219,Poor,PM10,100,1
2026-08-31T21:00:00+05:30,31-08-2026 21:00:00,"Dwarka-Sector 8, Delhi - DPCC",166,Moderately Polluted,PM10,100,1
2026-08-31T21:00:00+05:30,31-08-2026 21:00:00,"Rohini, Delhi - DPCC",147,Moderately Polluted,PM10,100,1
2026-08-31T21:00:00+05:30,31-08-2026 21:00:00,"IIT Delhi, Delhi - IITM",143,Moderately Polluted,PM10,100,1
2026-08-31T21:00:00+05:30,31-08-2026 21:00:00,"Mundka, Delhi - DPCC",137,Moderately Polluted,PM10,100,1
2026-08-31T21:00:00+05:30,31-08-2026 21:00:00,"Jahangirpuri, Delhi - DPCC",137,Moderately Polluted,PM10,100,1
2026-08-31T21:00:00+05:30,31-08-2026 21:00:00,"CRRI Mathura Road, Delhi - IITM",134,Moderately Polluted,PM10,100,1
2026-08-31T21:00:00+05:30,31-08-2026 21:00:00,"Vivek Vihar, Delhi - DPCC",132,Moderately Polluted,PM10,100,1
2026-08-31T21:00:00+05:30,31-08-2026 21:00:00,"Pusa, Delhi - DPCC",131,Moderately Polluted,PM10,100,1
2026-08-31T21:00:00+05:30,31-08-2026 21:00:00,"Ashok Vihar, Delhi - DPCC",130,Moderately Polluted,PM10,100,1
2026-08-31T21:00:00+05:30,31-08-2026 21:00:00,"Sonia Vihar, Delhi - DPCC",130,Moderately Polluted,PM10,100,1
2026-08-31T21:00:00+05:30,31-08-2026 21:00:00,"Sirifort, Delhi - CPCB",126,Moderately Polluted,PM10,100,1
2026-08-31T21:00:00+05:30,31-08-2026 21:00:00,"R K Puram, Delhi - DPCC",124,Moderately Polluted,PM10,100,1
2026-08-31T21:00:00+05:30,31-08-2026 21:00:00,"North Campus, DU, Delhi - IITM",124,Moderately Polluted,PM10,100,1
2026-08-31T21:00:00+05:30,31-08-2026 21:00:00,"Okhla Phase-2, Delhi - DPCC",122,Moderately Polluted,PM10,100,1
2026-08-31T21:00:00+05:30,31-08-2026 21:00:00,"Punjabi Bagh, Delhi - DPCC",119,Moderately Polluted,PM10,100,1
2026-08-31T21:00:00+05:30,31-08-2026 21:00:00,"Patparganj, Delhi - DPCC",119,Moderately Polluted,PM10,100,1
2026-08-31T21:00:00+05:30,31-08-2026 21:00:00,"Narela, Delhi - DPCC",116,Moderately Polluted,PM10,100,1
2026-08-31T21:00:00+05:30,31-08-2026 21:00:00,"IMD Lodhi Road, Delhi - IITM",111,Moderately Polluted,PM10,100,1
2026-08-31T21:00:00+05:30,31-08-2026 21:00:00,"Burari Crossing, Delhi - IITM",110,Moderately Polluted,PM10,100,1
2026-08-31T21:00:00+05:30,31-08-2026 21:00:00,"Sri Aurobindo Marg, Delhi - DPCC",108,Moderately Polluted,PM10,100,1
2026-08-31T21:00:00+05:30,31-08-2026 21:00:00,"Dr. Karni Singh Shooting Range, Delhi - DPCC",106,Moderately Polluted,PM10,100,1
2026-08-31T21:00:00+05:30,31-08-2026 21:00:00,"Jawaharlal Nehru Stadium, Delhi - DPCC",106,Moderately Polluted,PM10,100,1
2026-08-31T21:00:00+05:30,31-08-2026 21:00:00,"Bawana, Delhi - DPCC",105,Moderately Polluted,PM10,100,1
2026-08-31T21:00:00+05:30,31-08-2026 21:00:00,"IGI Airport (T3), Delhi - IITM",105,Moderately Polluted,PM10,100,1
2026-08-31T21:00:00+05:30,31-08-2026 21:00:00,"NSIT Dwarka, Delhi - CPCB",105,Moderately Polluted,CO,100,1
2026-08-31T21:00:00+05:30,31-08-2026 21:00:00,"Mandir Marg, Delhi - DPCC",104,Moderately Polluted,PM10,100,1
2026-08-31T21:00:00+05:30,31-08-2026 21:00:00,"Commonwealth Sports Complex, Delhi - DPCC",104,Moderately Polluted,PM10,100,1
2026-08-31T21:00:00+05:30,31-08-2026 21:00:00,"Major Dhyan Chand National Stadium, Delhi - DPCC",99,Satisfactory,PM10,100,0
2026-08-31T21:00:00+05:30,31-08-2026 21:00:00,"DTU, Delhi - CPCB",97,Satisfactory,PM10,100,0
2026-08-31T21:00:00+05:30,31-08-2026 21:00:00,"Shadipur, Delhi - CPCB",96,Satisfactory,PM10,100,0
2026-08-31T21:00:00+05:30,31-08-2026 21:00:00,"IHBAS, Dilshad Garden, Delhi - CPCB",95,Satisfactory,PM10,100,0
2026-08-31T21:00:00+05:30,31-08-2026 21:00:00,"NSUT Jaffarpur, Delhi - DPCC",95,Satisfactory,PM10,100,0
2026-08-31T21:00:00+05:30,31-08-2026 21:00:00,"IGNOU_Maidan Garhi, Delhi - DPCC",95,Satisfactory,PM10,100,0
2026-08-31T21:00:00+05:30,31-08-2026 21:00:00,"JNU, Delhi - DPCC",92,Satisfactory,PM10,100,0
2026-08-31T21:00:00+05:30,31-08-2026 21:00:00,"Talkatora Garden, Delhi - DPCC",91,Satisfactory,PM10,100,0
2026-08-31T21:00:00+05:30,31-08-2026 21:00:00,"Chandni Chowk, Delhi - IITM",88,Satisfactory,CO,100,0
2026-08-31T21:00:00+05:30,31-08-2026 21:00:00,"Najafgarh, Delhi - DPCC",82,Satisfactory,PM10,100,0
2026-08-31T21:00:00+05:30,31-08-2026 21:00:00,"Pusa, Delhi - IITM",81,Satisfactory,OZONE,100,0
2026-08-31T21:00:00+05:30,31-08-2026 21:00:00,"Aya Nagar, Delhi - IITM",64,Satisfactory,PM10,100,0
2026-08-31T21:00:00+05:30,31-08-2026 21:00:00,"Nehru Nagar, Delhi - DPCC",60,Satisfactory,PM2.5,100,0
2026-08-31T21:00:00+05:30,31-08-2026 21:00:00,"ITO, Delhi - CPCB",60,Satisfactory,NO2,100,0
2026-08-31T21:00:00+05:30,31-08-2026 21:00:00,"Cantonment Area, Delhi - DPCC",28,Good,PM2.5,100,0
2026-08-31T22:00:00+05:30,31-08-2026 22:00:00,"Wazirpur, Delhi - DPCC",212,Poor,PM10,100,1
2026-08-31T22:00:00+05:30,31-08-2026 22:00:00,"Dwarka-Sector 8, Delhi - DPCC",169,Moderately Polluted,PM10,100,1
2026-08-31T22:00:00+05:30,31-08-2026 22:00:00,"Rohini, Delhi - DPCC",147,Moderately Polluted,PM10,100,1
2026-08-31T22:00:00+05:30,31-08-2026 22:00:00,"IIT Delhi, Delhi - IITM",142,Moderately Polluted,PM10,100,1
2026-08-31T22:00:00+05:30,31-08-2026 22:00:00,"Jahangirpuri, Delhi - DPCC",136,Moderately Polluted,PM10,100,1
2026-08-31T22:00:00+05:30,31-08-2026 22:00:00,"CRRI Mathura Road, Delhi - IITM",135,Moderately Polluted,PM10,100,1
2026-08-31T22:00:00+05:30,31-08-2026 22:00:00,"Mundka, Delhi - DPCC",134,Moderately Polluted,PM10,100,1
2026-08-31T22:00:00+05:30,31-08-2026 22:00:00,"Pusa, Delhi - DPCC",130,Moderately Polluted,PM10,100,1
2026-08-31T22:00:00+05:30,31-08-2026 22:00:00,"Sirifort, Delhi - CPCB",129,Moderately Polluted,PM10,100,1
2026-08-31T22:00:00+05:30,31-08-2026 22:00:00,"Ashok Vihar, Delhi - DPCC",129,Moderately Polluted,PM10,100,1
2026-08-31T22:00:00+05:30,31-08-2026 22:00:00,"Sonia Vihar, Delhi - DPCC",128,Moderately Polluted,PM10,100,1
2026-08-31T22:00:00+05:30,31-08-2026 22:00:00,"Vivek Vihar, Delhi - DPCC",128,Moderately Polluted,PM10,100,1
2026-08-31T22:00:00+05:30,31-08-2026 22:00:00,"North Campus, DU, Delhi - IITM",124,Moderately Polluted,PM10,100,1
2026-08-31T22:00:00+05:30,31-08-2026 22:00:00,"R K Puram, Delhi - DPCC",124,Moderately Polluted,PM10,100,1
2026-08-31T22:00:00+05:30,31-08-2026 22:00:00,"Okhla Phase-2, Delhi - DPCC",123,Moderately Polluted,PM10,100,1
2026-08-31T22:00:00+05:30,31-08-2026 22:00:00,"Patparganj, Delhi - DPCC",118,Moderately Polluted,PM10,100,1
2026-08-31T22:00:00+05:30,31-08-2026 22:00:00,"Punjabi Bagh, Delhi - DPCC",117,Moderately Polluted,PM10,100,1
2026-08-31T22:00:00+05:30,31-08-2026 22:00:00,"Narela, Delhi - DPCC",115,Moderately Polluted,PM10,100,1
2026-08-31T22:00:00+05:30,31-08-2026 22:00:00,"IMD Lodhi Road, Delhi - IITM",110,Moderately Polluted,PM10,100,1
2026-08-31T22:00:00+05:30,31-08-2026 22:00:00,"Burari Crossing, Delhi - IITM",110,Moderately Polluted,PM10,100,1
2026-08-31T22:00:00+05:30,31-08-2026 22:00:00,"Sri Aurobindo Marg, Delhi - DPCC",107,Moderately Polluted,PM10,100,1
2026-08-31T22:00:00+05:30,31-08-2026 22:00:00,"Pusa, Delhi - IITM",107,Moderately Polluted,PM10,100,1
2026-08-31T22:00:00+05:30,31-08-2026 22:00:00,"Bawana, Delhi - DPCC",105,Moderately Polluted,PM10,100,1
2026-08-31T22:00:00+05:30,31-08-2026 22:00:00,"Shadipur, Delhi - CPCB",105,Moderately Polluted,PM10,100,1
2026-08-31T22:00:00+05:30,31-08-2026 22:00:00,"Jawaharlal Nehru Stadium, Delhi - DPCC",104,Moderately Polluted,PM10,100,1
2026-08-31T22:00:00+05:30,31-08-2026 22:00:00,"NSIT Dwarka, Delhi - CPCB",104,Moderately Polluted,CO,100,1
2026-08-31T22:00:00+05:30,31-08-2026 22:00:00,"Dr. Karni Singh Shooting Range, Delhi - DPCC",104,Moderately Polluted,PM10,100,1
2026-08-31T22:00:00+05:30,31-08-2026 22:00:00,"IGI Airport (T3), Delhi - IITM",104,Moderately Polluted,PM10,100,1
2026-08-31T22:00:00+05:30,31-08-2026 22:00:00,"Commonwealth Sports Complex, Delhi - DPCC",103,Moderately Polluted,PM10,100,1
2026-08-31T22:00:00+05:30,31-08-2026 22:00:00,"Mandir Marg, Delhi - DPCC",103,Moderately Polluted,PM10,100,1
2026-08-31T22:00:00+05:30,31-08-2026 22:00:00,"Major Dhyan Chand National Stadium, Delhi - DPCC",98,Satisfactory,PM10,100,0
2026-08-31T22:00:00+05:30,31-08-2026 22:00:00,"DTU, Delhi - CPCB",96,Satisfactory,PM10,100,0
2026-08-31T22:00:00+05:30,31-08-2026 22:00:00,"NSUT Jaffarpur, Delhi - DPCC",94,Satisfactory,PM10,100,0
2026-08-31T22:00:00+05:30,31-08-2026 22:00:00,"IGNOU_Maidan Garhi, Delhi - DPCC",94,Satisfactory,PM10,100,0
2026-08-31T22:00:00+05:30,31-08-2026 22:00:00,"IHBAS, Dilshad Garden, Delhi - CPCB",93,Satisfactory,PM10,100,0
2026-08-31T22:00:00+05:30,31-08-2026 22:00:00,"JNU, Delhi - DPCC",91,Satisfactory,PM10,100,0
2026-08-31T22:00:00+05:30,31-08-2026 22:00:00,"Talkatora Garden, Delhi - DPCC",90,Satisfactory,PM10,100,0
2026-08-31T22:00:00+05:30,31-08-2026 22:00:00,"Najafgarh, Delhi - DPCC",80,Satisfactory,PM10,100,0
2026-08-31T22:00:00+05:30,31-08-2026 22:00:00,"Nehru Nagar, Delhi - DPCC",70,Satisfactory,PM2.5,100,0
2026-08-31T22:00:00+05:30,31-08-2026 22:00:00,"Aya Nagar, Delhi - IITM",64,Satisfactory,PM10,100,0
2026-08-31T22:00:00+05:30,31-08-2026 22:00:00,"ITO, Delhi - CPCB",60,Satisfactory,NO2,100,0
2026-08-31T22:00:00+05:30,31-08-2026 22:00:00,"Chandni Chowk, Delhi - IITM",45,Good,OZONE,100,0
2026-08-31T22:00:00+05:30,31-08-2026 22:00:00,"Cantonment Area, Delhi - DPCC",27,Good,PM2.5,100,0
2026-08-31T23:00:00+05:30,31-08-2026 23:00:00,"Wazirpur, Delhi - DPCC",212,Poor,PM10,100,1
2026-08-31T23:00:00+05:30,31-08-2026 23:00:00,"Dwarka-Sector 8, Delhi - DPCC",179,Moderately Polluted,PM10,100,1
2026-08-31T23:00:00+05:30,31-08-2026 23:00:00,"Rohini, Delhi - DPCC",146,Moderately Polluted,PM10,100,1
2026-08-31T23:00:00+05:30,31-08-2026 23:00:00,"IIT Delhi, Delhi - IITM",141,Moderately Polluted,PM10,100,1
2026-08-31T23:00:00+05:30,31-08-2026 23:00:00,"Mundka, Delhi - DPCC",139,Moderately Polluted,PM10,100,1
2026-08-31T23:00:00+05:30,31-08-2026 23:00:00,"CRRI Mathura Road, Delhi - IITM",138,Moderately Polluted,PM10,100,1
2026-08-31T23:00:00+05:30,31-08-2026 23:00:00,"Jahangirpuri, Delhi - DPCC",135,Moderately Polluted,PM10,100,1
2026-08-31T23:00:00+05:30,31-08-2026 23:00:00,"Sirifort, Delhi - CPCB",130,Moderately Polluted,PM10,100,1
2026-08-31T23:00:00+05:30,31-08-2026 23:00:00,"Ashok Vihar, Delhi - DPCC",130,Moderately Polluted,PM10,100,1
2026-08-31T23:00:00+05:30,31-08-2026 23:00:00,"Pusa, Delhi - DPCC",129,Moderately Polluted,PM10,100,1
2026-08-31T23:00:00+05:30,31-08-2026 23:00:00,"Sonia Vihar, Delhi - DPCC",125,Moderately Polluted,PM10,100,1
2026-08-31T23:00:00+05:30,31-08-2026 23:00:00,"Okhla Phase-2, Delhi - DPCC",125,Moderately Polluted,PM10,100,1
2026-08-31T23:00:00+05:30,31-08-2026 23:00:00,"North Campus, DU, Delhi - IITM",125,Moderately Polluted,PM10,100,1
2026-08-31T23:00:00+05:30,31-08-2026 23:00:00,"R K Puram, Delhi - DPCC",124,Moderately Polluted,PM10,100,1
2026-08-31T23:00:00+05:30,31-08-2026 23:00:00,"Vivek Vihar, Delhi - DPCC",124,Moderately Polluted,PM10,100,1
2026-08-31T23:00:00+05:30,31-08-2026 23:00:00,"Patparganj, Delhi - DPCC",116,Moderately Polluted,PM10,100,1
2026-08-31T23:00:00+05:30,31-08-2026 23:00:00,"Punjabi Bagh, Delhi - DPCC",116,Moderately Polluted,PM10,100,1
2026-08-31T23:00:00+05:30,31-08-2026 23:00:00,"Narela, Delhi - DPCC",115,Moderately Polluted,PM10,100,1
2026-08-31T23:00:00+05:30,31-08-2026 23:00:00,"Shadipur, Delhi - CPCB",111,Moderately Polluted,PM10,100,1
2026-08-31T23:00:00+05:30,31-08-2026 23:00:00,"Burari Crossing, Delhi - IITM",110,Moderately Polluted,PM10,100,1
2026-08-31T23:00:00+05:30,31-08-2026 23:00:00,"IMD Lodhi Road, Delhi - IITM",109,Moderately Polluted,PM10,100,1
2026-08-31T23:00:00+05:30,31-08-2026 23:00:00,"Pusa, Delhi - IITM",107,Moderately Polluted,PM10,100,1
2026-08-31T23:00:00+05:30,31-08-2026 23:00:00,"Sri Aurobindo Marg, Delhi - DPCC",106,Moderately Polluted,PM10,100,1
2026-08-31T23:00:00+05:30,31-08-2026 23:00:00,"NSIT Dwarka, Delhi - CPCB",104,Moderately Polluted,CO,100,1
2026-08-31T23:00:00+05:30,31-08-2026 23:00:00,"Dr. Karni Singh Shooting Range, Delhi - DPCC",103,Moderately Polluted,PM10,100,1
2026-08-31T23:00:00+05:30,31-08-2026 23:00:00,"Bawana, Delhi - DPCC",103,Moderately Polluted,PM10,100,1
2026-08-31T23:00:00+05:30,31-08-2026 23:00:00,"IGI Airport (T3), Delhi - IITM",103,Moderately Polluted,PM10,100,1
2026-08-31T23:00:00+05:30,31-08-2026 23:00:00,"Jawaharlal Nehru Stadium, Delhi - DPCC",103,Moderately Polluted,PM10,100,1
2026-08-31T23:00:00+05:30,31-08-2026 23:00:00,"Mandir Marg, Delhi - DPCC",103,Moderately Polluted,PM10,100,1
2026-08-31T23:00:00+05:30,31-08-2026 23:00:00,"Commonwealth Sports Complex, Delhi - DPCC",103,Moderately Polluted,PM10,100,1
2026-08-31T23:00:00+05:30,31-08-2026 23:00:00,"Chandni Chowk, Delhi - IITM",101,Moderately Polluted,CO,100,1
2026-08-31T23:00:00+05:30,31-08-2026 23:00:00,"Major Dhyan Chand National Stadium, Delhi - DPCC",97,Satisfactory,PM10,100,0
2026-08-31T23:00:00+05:30,31-08-2026 23:00:00,"DTU, Delhi - CPCB",95,Satisfactory,PM10,100,0
2026-08-31T23:00:00+05:30,31-08-2026 23:00:00,"IGNOU_Maidan Garhi, Delhi - DPCC",95,Satisfactory,PM10,100,0
2026-08-31T23:00:00+05:30,31-08-2026 23:00:00,"NSUT Jaffarpur, Delhi - DPCC",93,Satisfactory,PM10,100,0
2026-08-31T23:00:00+05:30,31-08-2026 23:00:00,"IHBAS, Dilshad Garden, Delhi - CPCB",92,Satisfactory,PM10,100,0
2026-08-31T23:00:00+05:30,31-08-2026 23:00:00,"JNU, Delhi - DPCC",91,Satisfactory,PM10,100,0
2026-08-31T23:00:00+05:30,31-08-2026 23:00:00,"Talkatora Garden, Delhi - DPCC",89,Satisfactory,PM10,100,0
2026-08-31T23:00:00+05:30,31-08-2026 23:00:00,"Najafgarh, Delhi - DPCC",78,Satisfactory,PM10,100,0
2026-08-31T23:00:00+05:30,31-08-2026 23:00:00,"Nehru Nagar, Delhi - DPCC",74,Satisfactory,PM2.5,100,0
2026-08-31T23:00:00+05:30,31-08-2026 23:00:00,"Aya Nagar, Delhi - IITM",66,Satisfactory,PM10,100,0
2026-08-31T23:00:00+05:30,31-08-2026 23:00:00,"ITO, Delhi - CPCB",60,Satisfactory,NO2,100,0
2026-08-31T23:00:00+05:30,31-08-2026 23:00:00,"Cantonment Area, Delhi - DPCC",26,Good,PM2.5,100,0
